seconds,command,active_command,phase,gate_steps,rotating,estimated_floor,actual_floor,wheel_gap,tilt,angular_speed,impact,gate_quality,reward,clear_0,error_0,clear_1,error_1,clear_2,error_2,clear_3,error_3,action_0,q_0,reference_0,applied_0,action_1,q_1,reference_1,applied_1,action_2,q_2,reference_2,applied_2,action_3,q_3,reference_3,applied_3,action_4,q_4,reference_4,applied_4,action_5,q_5,reference_5,applied_5,action_6,q_6,reference_6,applied_6,action_7,q_7,reference_7,applied_7
0.07692307692307693,0,0,0,0,False,-0.00012546777725219727,-0.0009376471862196922,0.04401325434446335,0.000845727976411581,0.03010464832186699,0.0007529463618993759,0.3127409815788269,0.1249421164393425,-0.0009376471862196922,-1.145003318786621,-0.000941734469961375,1.0330485105514526,-0.0008342352230101824,-0.4001239538192749,-0.000812230515293777,2.9113614559173584,-0.10717803984880447,1.0123565196990967,1.0077522993087769,1.0057183504104614,0.010864661075174809,0.02584412693977356,0.02252085506916046,0.021509017795324326,-0.4541372060775757,-1.0136767625808716,-1.0077515840530396,-1.0150260925292969,0.6453563570976257,-0.023492630571126938,-0.022518077865242958,-0.00563439354300499,-0.1799711287021637,1.0105445384979248,1.0062804222106934,1.0052638053894043,-0.16483664512634277,0.020175019279122353,0.018484482541680336,0.016750728711485863,-0.21723251044750214,-1.0120794773101807,-1.0062777996063232,-1.0108567476272583,-0.4063073992729187,-0.021264035254716873,-0.01848566345870495,-0.029370849952101707
0.15384615384615385,0,0,0,0,False,-0.00013935565948486328,-0.000916308956220746,0.04390392452478409,0.0005980199784971774,0.0830877497792244,0.0012571201659739017,0.3139413595199585,0.1247788816690445,-0.000916308956220746,-1.1462242603302002,-0.0009512085234746337,1.0310426950454712,-0.0009184396476484835,-0.400456964969635,-0.000778145098593086,2.9122533798217773,-0.019077803939580917,1.0144962072372437,1.007741093635559,1.0030218362808228,-0.056497782468795776,0.03220478445291519,0.022488318383693695,0.020723143592476845,-0.28770506381988525,-1.0230343341827393,-1.0077403783798218,-1.0280243158340454,0.5939984917640686,-0.018204402178525925,-0.02248554676771164,0.02476116642355919,-0.3474680185317993,1.012081503868103,1.0062713623046875,0.9990220665931702,-0.23098203539848328,0.019645212218165398,0.018457777798175812,0.009113386273384094,-0.14661435782909393,-1.0218132734298706,-1.0062687397003174,-1.0175026655197144,-0.3553171753883362,-0.027627622708678246,-0.018458956852555275,-0.04851153492927551
0.23076923076923078,0,0,0,0,False,-0.00020900368690490723,-0.0008647998329252005,0.043776802718639374,0.0003452669770922512,0.11207596957683563,0.0011724000796675682,0.316849946975708,0.1243339329957962,-0.0008647998329252005,-1.1474709510803223,-0.0009495645062997937,1.0279027223587036,-0.001010829582810402,-0.40143486857414246,-0.0006563844508491457,2.9143948554992676,-0.08820302039384842,1.0118205547332764,1.0077152252197266,1.0015615224838257,-0.08635451644659042,0.03914817050099373,0.022413304075598717,0.01805339753627777,-0.23407098650932312,-1.0327006578445435,-1.0077145099639893,-1.0379770994186401,0.6188846230506897,-0.008114717900753021,-0.022410539910197258,0.05501045659184456,-0.4549212157726288,1.0079814195632935,1.0062505006790161,0.9874109625816345,-0.2901255786418915,0.015839360654354095,0.018396206200122833,-0.0027524062898010015,-0.13164086639881134,-1.03127121925354,-1.006247878074646,-1.0225533246994019,-0.3212437033653259,-0.039421211928129196,-0.018397383391857147,-0.066303551197052
0.3076923076923077,0,0,0,0,False,-0.00022280216217041016,-0.0007441395428031683,0.043757520616054535,0.0,0.12475302070379257,0.0026605557650327682,0.3237224221229553,0.12360269576311111,-0.0007441395428031683,-1.1478660106658936,-0.0010063635418191552,1.024011492729187,-0.001083939685486257,-0.4031949043273926,-0.0005234939162619412,2.9172298908233643,-0.16611428558826447,1.0055932998657227,1.0076700448989868,0.9987965822219849,-0.1078556478023529,0.04389471933245659,0.022281961515545845,0.0136963976547122,-0.21527071297168732,-1.041099190711975,-1.0076693296432495,-1.0440430641174316,0.657307505607605,0.0045748259872198105,-0.02227921411395073,0.08221688866615295,-0.5440216660499573,0.9991081357002258,1.006213903427124,0.9723225831985474,-0.30719152092933655,0.009739039465785027,0.018288403749465942,-0.016715502366423607,-0.12655557692050934,-1.0378376245498657,-1.006211280822754,-1.0259138345718384,-0.29190701246261597,-0.054222509264945984,-0.01828957349061966,-0.07968541979789734
0.38461538461538464,0,0,0,0,False,-0.00027139484882354736,-0.0006151746492832899,0.04390334337949753,0.0006905339541845024,0.12751157581806183,0.002322341315448284,0.33115875720977783,0.12302856892347336,-0.0006151746492832899,-1.1472289562225342,-0.0011901685502380133,1.0197604894638062,-0.0011158516863361,-0.40597155690193176,-0.000344997679349035,2.920409679412842,-0.2075575590133667,0.9971738457679749,1.0076016187667847,0.9940463304519653,-0.09183753281831741,0.04498127102851868,0.02208336442708969,0.008931527845561504,-0.20407609641551971,-1.0471909046173096,-1.0076009035110474,-1.0473335981369019,0.6846415996551514,0.019145378842949867,-0.022080641239881516,0.10594597458839417,-0.6055974960327148,0.9871156811714172,1.006158471107483,0.9557120203971863,-0.26717689633369446,0.0034181815572082996,0.018125401809811592,-0.029558319598436356,-0.11944781988859177,-1.0417832136154175,-1.0061558485031128,-1.0278739929199219,-0.25913968682289124,-0.06815657019615173,-0.018126560375094414,-0.08830952644348145
0.46153846153846156,0,0,0,0,False,-0.0003106147050857544,-0.0004661041311919689,0.04419312626123428,0.001423572306521237,0.12320198863744736,0.002013728953897953,0.33986973762512207,0.12265118956565857,-0.0004661041311919689,-1.1455636024475098,-0.0013505626702681184,1.0153802633285522,-0.0011288917157799006,-0.40955719351768494,-0.0001578765659360215,2.9233248233795166,-0.21152915060520172,0.9875752925872803,1.00750732421875,0.9883044958114624,-0.06719067692756653,0.04390668496489525,0.021809326484799385,0.005271626636385918,-0.17997892200946808,-1.0513297319412231,-1.0075066089630127,-1.0486164093017578,0.6992626190185547,0.035817865282297134,-0.021806638687849045,0.12604878842830658,-0.6128458380699158,0.9731348752975464,1.0060820579528809,0.9394398331642151,-0.20675741136074066,-0.0019232816994190216,0.017900479957461357,-0.03853687271475792,-0.13190029561519623,-1.0429515838623047,-1.0060795545578003,-1.0290011167526245,-0.2608596384525299,-0.07942815124988556,-0.017901625484228134,-0.09281424432992935
0.5384615384615385,0,0,0,0,False,-0.000365525484085083,-0.000354624236933887,0.04458550363779068,0.0020716022700071335,0.10778491199016571,0.001735929399728775,0.34581589698791504,0.12252482771873474,-0.000354624236933887,-1.1432430744171143,-0.0014881090028211474,1.0111206769943237,-0.0011919044191017747,-0.4137670397758484,9.598589713277761e-06,2.9254150390625,-0.18817660212516785,0.9787085652351379,1.0073851346969604,0.9830195903778076,-0.0217413492500782,0.041856613010168076,0.021454226225614548,0.0037605927791446447,-0.17356842756271362,-1.054236650466919,-1.0073844194412231,-1.048365831375122,0.7025653719902039,0.05299251526594162,-0.02145158126950264,0.14249995350837708,-0.5794625878334045,0.9594475626945496,1.0059829950332642,0.9255532026290894,-0.13315019011497498,-0.0052352831698954105,0.017609022557735443,-0.04215847700834274,-0.16315576434135437,-1.0417871475219727,-1.0059804916381836,-1.0301129817962646,-0.291031152009964,-0.08724764734506607,-0.017610149458050728,-0.09531892091035843
0.6153846153846154,0,0,0,0,False,-0.00032489001750946045,-0.0002631457755342126,0.04502006620168686,0.0027404725551605225,0.10274703055620193,0.001546209678053856,0.348233699798584,0.12243425101041794,-0.0002631457755342126,-1.1410152912139893,-0.0016192311886698008,1.0080574750900269,-0.0012392866192385554,-0.41857051849365234,6.045218469807878e-05,2.9239702224731445,-0.16927829384803772,0.973233699798584,1.0072338581085205,0.9792980551719666,-0.020402314141392708,0.04000033438205719,0.021014820784330368,0.0030758397188037634,-0.12217574566602707,-1.0592604875564575,-1.0072331428527832,-1.0454776287078857,0.7155751585960388,0.07043781876564026,-0.021012229844927788,0.15618881583213806,-0.5055082440376282,0.9490049481391907,1.005860447883606,0.9159021377563477,-0.07215235382318497,-0.006739656440913677,0.017248371616005898,-0.03866692632436752,-0.18466925621032715,-1.0323315858840942,-1.005858063697815,-1.0320515632629395,-0.43031546473503113,-0.09314165264368057,-0.01724947616457939,-0.09915996342897415
0.6923076923076923,0,0,0,0,False,-0.0003432929515838623,-0.00019899934704881161,0.04546969383955002,0.003797939047217369,0.07014644145965576,0.0010051997378468513,0.34713760018348694,0.12263966351747513,-0.00019899934704881161,-1.1392669677734375,-0.00170640938449651,1.0065642595291138,-0.0012489832006394863,-0.4236268997192383,0.0001390145771438256,2.9226787090301514,-0.16245177388191223,0.9705184102058411,1.007053256034851,0.9769819974899292,0.07323245704174042,0.0377882644534111,0.020490070804953575,0.005319699179381132,-0.29544126987457275,-1.063477635383606,-1.0070525407791138,-1.0436971187591553,0.7045790553092957,0.08645737171173096,-0.020487545058131218,0.16669011116027832,-0.5078772306442261,0.9420749545097351,1.0057141780853271,0.9105096459388733,-0.12253864854574203,-0.004566855728626251,0.016817672178149223,-0.033083476126194,-0.26029378175735474,-1.0323035717010498,-1.0057117938995361,-1.034938931465149,-0.4104897677898407,-0.09918540716171265,-0.01681874878704548,-0.1066553145647049
0.7692307692307693,0,0,0,0,False,-0.0005629807710647583,-0.0002287684619659558,0.045874156057834625,0.004256740678101778,0.05669767037034035,0.00099115539342165,0.3341948091983795,0.12291485071182251,-0.0002287684619659558,-1.1376917362213135,-0.0017649014480412006,1.0051807165145874,-0.0012327063595876098,-0.42820316553115845,0.0003230654401704669,2.9215328693389893,-0.12500129640102386,0.9688639640808105,1.0068435668945312,0.9759783148765564,0.10552499443292618,0.0374390073120594,0.019880961626768112,0.011547143571078777,-0.3574518859386444,-1.0663456916809082,-1.006842851638794,-1.046393871307373,0.697646975517273,0.10022386908531189,-0.019878510385751724,0.1740836352109909,-0.4790972173213959,0.9366936087608337,1.0055443048477173,0.9076740145683289,-0.10726122558116913,-0.0004823608906008303,0.016317730769515038,-0.028902430087327957,-0.297573059797287,-1.035539984703064,-1.0055419206619263,-1.0394060611724854,-0.40037450194358826,-0.10657470673322678,-0.016318775713443756,-0.11408016085624695
0.8461538461538463,0,0,0,0,False,-0.0009270310401916504,-0.0003327371960040182,0.04620031267404556,0.004367323592305183,0.05046118423342705,0.001552974572405219,0.31333786249160767,0.12305324524641037,-0.0003327371960040182,-1.1362714767456055,-0.001801213133148849,1.0034135580062866,-0.0012132799020037055,-0.4320957064628601,0.000580956693738699,2.92051100730896,-0.08475510030984879,0.9687396287918091,1.0066057443618774,0.97663414478302,0.1338132619857788,0.039747774600982666,0.019190315157175064,0.01974625512957573,-0.40194055438041687,-1.0701897144317627,-1.0066051483154297,-1.0521018505096436,0.6911098957061768,0.11155940592288971,-0.01918794959783554,0.17904485762119293,-0.4123278558254242,0.9329729676246643,1.0053516626358032,0.9072654843330383,-0.08182155340909958,0.0032464368268847466,0.015750868245959282,-0.025220241397619247,-0.33289772272109985,-1.0403553247451782,-1.0053493976593018,-1.0448979139328003,-0.4195902347564697,-0.11334338039159775,-0.015751875936985016,-0.1202634647488594
0.9230769230769231,0,0,0,0,False,-0.001225292682647705,-0.0004181133699603379,0.0464576855301857,0.004488474689424038,0.044961441308259964,0.0008484418503940105,0.2968163788318634,0.12314202636480331,-0.0004181133699603379,-1.1351537704467773,-0.0018181049963459373,1.0014206171035767,-0.001215337309986353,-0.4352545738220215,0.0007974458858370781,2.9195973873138428,-0.056751787662506104,0.9707138538360596,1.006341576576233,0.9788475036621094,0.16309073567390442,0.043374210596084595,0.018422622233629227,0.028686288744211197,-0.43788227438926697,-1.0761393308639526,-1.0063409805297852,-1.059368371963501,0.6828230023384094,0.12078320235013962,-0.018420349806547165,0.1821661740541458,-0.3699054419994354,0.9316594004631042,1.00513756275177,0.9095171689987183,-0.06767968088388443,0.006398630328476429,0.01512076798826456,-0.021362869068980217,-0.3782172203063965,-1.046019434928894,-1.005135416984558,-1.0510449409484863,-0.4470030963420868,-0.11924465745687485,-0.015121734701097012,-0.1258847713470459
1.0,0,0,0,0,False,-0.0013659894466400146,-0.0004422676283866167,0.046647585928440094,0.0046961428597569466,0.04205656424164772,0.00044560525566339493,0.28920406103134155,0.12313363701105118,-0.0004422676283866167,-1.1346044540405273,-0.0018210713751614094,0.999609112739563,-0.0012421407736837864,-0.4377697706222534,0.0009173070429824293,2.9187827110290527,-0.03775632381439209,0.9749183058738708,1.006052851676941,0.9820619821548462,0.18408527970314026,0.04784682020545006,0.017583856359124184,0.03770287334918976,-0.46158379316329956,-1.0846244096755981,-1.0060522556304932,-1.0671193599700928,0.6775388121604919,0.1287483274936676,-0.01758168824017048,0.18392623960971832,-0.3484556972980499,0.9331337213516235,1.0049036741256714,0.9135138988494873,-0.0752473920583725,0.009585481137037277,0.01443233247846365,-0.01768786646425724,-0.41651397943496704,-1.0522480010986328,-1.004901647567749,-1.0577806234359741,-0.47876685857772827,-0.12488808482885361,-0.014433255419135094,-0.1315995156764984
1.076923076923077,0,0,0,0,False,-0.0013913214206695557,-0.00042939215200021863,0.046769775450229645,0.004657910671085119,0.0403614304959774,0.0005462765693664551,0.2878459095954895,0.12305083125829697,-0.00042939215200021863,-1.1348028182983398,-0.0018231424037367105,0.998274028301239,-0.001281105331145227,-0.4398166835308075,0.0009574543801136315,2.918055295944214,-0.03535911813378334,0.9806008338928223,1.005742073059082,0.9856030344963074,0.20266279578208923,0.05272650718688965,0.01668129302561283,0.04624275863170624,-0.4739552140235901,-1.0949078798294067,-1.0057415962219238,-1.0745388269424438,0.6807155609130859,0.1353844851255417,-0.01667923666536808,0.18488118052482605,-0.34540069103240967,0.936719536781311,1.0046520233154297,0.9180853366851807,-0.10115238279104233,0.012621136382222176,0.013691534288227558,-0.01516136433929205,-0.4413898289203644,-1.058820366859436,-1.0046499967575073,-1.064761757850647,-0.5034553408622742,-0.13077984750270844,-0.013692409731447697,-0.1377166360616684
1.153846153846154,0,0,0,0,False,-0.001361936330795288,-0.0003999010077677667,0.04683280736207962,0.004528137855231762,0.041166748851537704,0.0004968792200088501,0.2894216775894165,0.12292351573705673,-0.0003999010077677667,-1.135633945465088,-0.0018256946932524443,0.9975043535232544,-0.0013205412542447448,-0.4414156675338745,0.000958101125434041,2.9174063205718994,-0.04765661805868149,0.9862746000289917,1.0054123401641846,0.9887176156044006,0.22158794105052948,0.057589929550886154,0.015723329037427902,0.054069794714450836,-0.4786825180053711,-1.105621576309204,-1.0054118633270264,-1.081058382987976,0.6943966746330261,0.14067858457565308,-0.015721390023827553,0.18574240803718567,-0.35200345516204834,0.9408228397369385,1.0043848752975464,0.9222458600997925,-0.13791929185390472,0.014973517507314682,0.012905264273285866,-0.014704404398798943,-0.4548795819282532,-1.0654021501541138,-1.0043829679489136,-1.0714607238769531,-0.5137631893157959,-0.13695520162582397,-0.012906089425086975,-0.14393195509910583
1.2307692307692308,0,0,0,0,False,-0.0013296306133270264,-0.0003680722729768604,0.04684597998857498,0.004256740678101778,0.04491834342479706,0.00031793490052223206,0.2911599278450012,0.12277050316333771,-0.0003680722729768604,-1.1368272304534912,-0.001828427193686366,0.997259259223938,-0.0013490143464878201,-0.44248390197753906,0.0009571585105732083,2.9168283939361572,-0.0664595514535904,0.990691602230072,1.0050667524337769,0.9908131957054138,0.23980019986629486,0.06235203891992569,0.014719308353960514,0.06118437647819519,-0.4791554808616638,-1.1156702041625977,-1.0050662755966187,-1.086389183998108,0.7138479948043823,0.14497224986553192,-0.014717493206262589,0.18719789385795593,-0.3598199486732483,0.9439936280250549,1.0041048526763916,0.9254487156867981,-0.17653866112232208,0.016139937564730644,0.012081192806363106,-0.016763947904109955,-0.4611588716506958,-1.071570873260498,-1.0041030645370483,-1.0774182081222534,-0.5116733312606812,-0.14293774962425232,-0.012081965804100037,-0.14953482151031494
1.3076923076923077,0,0,0,0,False,-0.0013229697942733765,-0.00034145626705139875,0.046817176043987274,0.003875614609569311,0.05056014284491539,7.845461368560791e-05,0.2915191948413849,0.1226084902882576,-0.00034145626705139875,-1.1381173133850098,-0.0018312562024220824,0.9974707365036011,-0.0013602786930277944,-0.4429249167442322,0.0009763088310137391,2.9163126945495605,-0.08389901369810104,0.9932711720466614,1.0047087669372559,0.9916653037071228,0.2558619976043701,0.06708495318889618,0.013679335825145245,0.06763321161270142,-0.4764801859855652,-1.1245286464691162,-1.0047082901000977,-1.0904656648635864,0.7326468229293823,0.14875975251197815,-0.013677649199962616,0.1896197646856308,-0.36519089341163635,0.9454757571220398,1.0038148164749146,0.92759770154953,-0.2106451690196991,0.01583341881632805,0.011227612383663654,-0.021194685250520706,-0.464203417301178,-1.0769753456115723,-1.0038132667541504,-1.0823805332183838,-0.5032015442848206,-0.14805077016353607,-0.011228330433368683,-0.15386918187141418
1.3846153846153846,0,0,0,0,False,-0.001346886157989502,-0.0003215595497749746,0.046753741800785065,0.0034004871267825365,0.05587191879749298,5.859881639480591e-05,0.29023075103759766,0.12245219200849533,-0.0003215595497749746,-1.139326810836792,-0.0018340901006013155,0.9980970621109009,-0.001353604719042778,-0.44268879294395447,0.0010195741197094321,2.915851593017578,-0.09736287593841553,0.9940727949142456,1.0043420791625977,0.9914074540138245,0.26984256505966187,0.071811743080616,0.012614103965461254,0.0734325721859932,-0.47311753034591675,-1.1321173906326294,-1.004341721534729,-1.0933603048324585,0.7470618486404419,0.1524285525083542,-0.012612548656761646,0.19296593964099884,-0.36929360032081604,0.9452470541000366,1.003517746925354,0.9288597702980042,-0.236175999045372,0.014066838659346104,0.010353300720453262,-0.02739657275378704,-0.4664559066295624,-1.0814363956451416,-1.0035163164138794,-1.086308479309082,-0.49393734335899353,-0.15179263055324554,-0.010353962890803814,-0.15663714706897736
1.4615384615384617,0,0,0,0,False,-0.0013927370309829712,-0.0003066752979066223,0.046663977205753326,0.002826133044436574,0.05891833081841469,5.296897143125534e-05,0.28777015209198,0.12231118232011795,-0.0003066752979066223,-1.1403701305389404,-0.0018371499609202147,0.9991148710250854,-0.0013323572929948568,-0.44180727005004883,0.001080063870176673,2.9154391288757324,-0.10744024813175201,0.9935194849967957,1.0039705038070679,0.9903502464294434,0.2831919193267822,0.0764520987868309,0.011534707620739937,0.07860545814037323,-0.47207772731781006,-1.1385506391525269,-1.0039701461791992,-1.0952638387680054,0.7565644383430481,0.15615017712116241,-0.011533285491168499,0.19691070914268494,-0.374988853931427,0.9437335729598999,1.0032167434692383,0.9294337630271912,-0.25210684537887573,0.011119239963591099,0.00946736242622137,-0.034522414207458496,-0.4688843786716461,-1.0849502086639404,-1.0032154321670532,-1.089313268661499,-0.4866894781589508,-0.15402072668075562,-0.00946796778589487,-0.1579255759716034
1.5384615384615385,0,0,0,0,False,-0.001449674367904663,-0.0002945887972600758,0.04655676335096359,0.0022375863045454025,0.05901686102151871,5.2908435463905334e-05,0.28473207354545593,0.12218736112117767,-0.0002945887972600758,-1.1412277221679688,-0.0018402982968837023,1.000486969947815,-0.001301329699344933,-0.44038861989974976,0.0011491903569549322,2.915070056915283,-0.11699472367763519,0.9921019673347473,1.0035979747772217,0.9887970685958862,0.29673370718955994,0.08089320361614227,0.010452467016875744,0.08322539925575256,-0.47489649057388306,-1.1439571380615234,-1.003597617149353,-1.0964604616165161,0.762435793876648,0.1599283218383789,-0.01045117899775505,0.20105630159378052,-0.3827562630176544,0.9414664506912231,1.0029149055480957,0.9294477701187134,-0.2623327076435089,0.007424401119351387,0.008579090237617493,-0.04176230728626251,-0.4711364507675171,-1.0876303911209106,-1.0029137134552002,-1.0915651321411133,-0.48152586817741394,-0.15490606427192688,-0.008579638786613941,-0.15805363655090332
1.6153846153846154,0,0,0,0,False,-0.0015098899602890015,-0.0002836954954545945,0.046440400183200836,0.0017605233006179333,0.0567762516438961,6.362330168485641e-05,0.2815401554107666,0.122079037129879,-0.0002836954954545945,-1.1419174671173096,-0.0018435047240927815,1.0021384954452515,-0.0012649028794839978,-0.4385843276977539,0.0012206232640892267,2.9147398471832275,-0.1264617145061493,0.9902083873748779,1.0032284259796143,0.9869492053985596,0.3101896345615387,0.08505723625421524,0.009378748945891857,0.08740222454071045,-0.48103830218315125,-1.1484458446502686,-1.0032280683517456,-1.09726083278656,0.7658242583274841,0.1636868268251419,-0.00937759317457676,0.2050798535346985,-0.3924994170665741,0.9388634562492371,1.0026154518127441,0.9289723038673401,-0.26923662424087524,0.0034127305261790752,0.007697812747210264,-0.04856593906879425,-0.47361788153648376,-1.0896350145339966,-1.0026143789291382,-1.0932334661483765,-0.47756674885749817,-0.154774472117424,-0.0076983049511909485,-0.1573835015296936
1.6923076923076925,0,0,0,0,False,-0.001569598913192749,-0.0002733549918048084,0.046321801841259,0.0015440810238942504,0.05319146066904068,0.0005468819290399551,0.2783965468406677,0.12198040634393692,-0.0002733549918048084,-1.1424684524536133,-0.0018466714536771178,1.0039631128311157,-0.0012858927948400378,-0.4365566074848175,0.0012910402147099376,2.9144444465637207,-0.135288804769516,0.9880821108818054,1.0028655529022217,0.9849317669868469,0.3229105472564697,0.08891752362251282,0.008324778638780117,0.09123115241527557,-0.48926904797554016,-1.1521300077438354,-1.0028653144836426,-1.0979256629943848,0.7674366235733032,0.16733182966709137,-0.008323753252625465,0.20877376198768616,-0.4035138189792633,0.9361672401428223,1.0023216009140015,0.9280533194541931,-0.27401450276374817,-0.0005985217285342515,0.006832743529230356,-0.05465039238333702,-0.476441353559494,-1.091123342514038,-1.002320647239685,-1.0944715738296509,-0.4742164611816406,-0.1539543718099594,-0.006833180785179138,-0.15621206164360046
1.7692307692307694,0,0,0,0,False,-0.001627117395401001,-0.0002636531717143953,0.04620658606290817,0.0015440810238942504,0.04903890937566757,0.0005145557224750519,0.2753886580467224,0.12189667671918869,-0.0002636531717143953,-1.1429104804992676,-0.00184967543464154,1.0058470964431763,-0.0013252607313916087,-0.43445366621017456,0.0013586980057880282,2.9141805171966553,-0.1430763155221939,0.985862672328949,1.0025134086608887,0.9828357696533203,0.33442431688308716,0.09247755259275436,0.007301477715373039,0.09476474672555923,-0.49846556782722473,-1.1551412343978882,-1.0025131702423096,-1.098628044128418,0.7677051424980164,0.17077495157718658,-0.007300577592104673,0.2120296061038971,-0.4150621294975281,0.9334900975227356,1.002036213874817,0.9267396330833435,-0.2770881652832031,-0.004419312346726656,0.00599284702911973,-0.059919364750385284,-0.47938910126686096,-1.0922359228134155,-1.00203537940979,-1.0954062938690186,-0.47128385305404663,-0.1527058333158493,-0.005993230268359184,-0.15474995970726013
1.8461538461538463,0,0,0,0,False,-0.0016812533140182495,-0.00025484777870588005,0.046099238097667694,0.0017605233006179333,0.04474562406539917,0.00046552158892154694,0.27257585525512695,0.12182246148586273,-0.00025484777870588005,-1.143263339996338,-0.0018524968763813376,1.0076910257339478,-0.0013614579802379012,-0.43239861726760864,0.0014220806770026684,2.9139444828033447,-0.1496547907590866,0.9836358428001404,1.002175211906433,0.980743944644928,0.34472301602363586,0.09575057774782181,0.0063192653469741344,0.09801992028951645,-0.5080513954162598,-1.1576193571090698,-1.0021750926971436,-1.0994547605514526,0.7669281363487244,0.17394261062145233,-0.006318486295640469,0.2148078829050064,-0.42660772800445557,0.9308778047561646,1.0017622709274292,0.9250943660736084,-0.27849259972572327,-0.007950435392558575,0.005186674650758505,-0.0643681138753891,-0.48246362805366516,-1.0930873155593872,-1.001761555671692,-1.0961371660232544,-0.4688142240047455,-0.15121477842330933,-0.005187006667256355,-0.15314307808876038
1.9230769230769231,0,0,0,0,False,-0.0017307400703430176,-0.00024714655592106283,0.046003349125385284,0.002042627427726984,0.04050036519765854,0.00041884835809469223,0.2700202167034149,0.12175638228654861,-0.00024714655592106283,-1.143543004989624,-0.0018550158711150289,1.0094155073165894,-0.0013938439078629017,-0.4304894208908081,0.0014797396725043654,2.91373348236084,-0.15475104749202728,0.981464684009552,1.001854658126831,0.9787235856056213,0.35399430990219116,0.09875229001045227,0.005387888755649328,0.10099884867668152,-0.5176805853843689,-1.1596990823745728,-1.001854419708252,-1.1004347801208496,0.7653468251228333,0.1767825186252594,-0.005387224722653627,0.2171124815940857,-0.4378727674484253,0.9283525347709656,1.001502513885498,0.923192024230957,-0.27818170189857483,-0.011139802634716034,0.004422226920723915,-0.06803552061319351,-0.48596614599227905,-1.093764305114746,-1.0015019178390503,-1.0967378616333008,-0.4669218361377716,-0.1496114879846573,-0.004422510042786598,-0.15149261057376862
2.0,0,0,0,0,False,-0.0017744451761245728,-0.00024068489437922835,0.045921407639980316,0.00248975632712245,0.03639499098062515,0.0003647292032837868,0.2677754759788513,0.12169717252254486,-0.00024068489437922835,-1.1437582969665527,-0.0018572331173345447,1.0109721422195435,-0.001422179746441543,-0.4287896752357483,0.0015304359840229154,2.913544178009033,-0.15855608880519867,0.979396641254425,1.0015546083450317,0.9768328666687012,0.3623115122318268,0.10149908065795898,0.004516238812357187,0.10370562225580215,-0.5271374583244324,-1.1614896059036255,-1.0015544891357422,-1.1015594005584717,0.7631273865699768,0.1792653352022171,-0.004515681881457567,0.21897071599960327,-0.44878846406936646,0.9259281158447266,1.001259446144104,0.9211064577102661,-0.2763071656227112,-0.01395926158875227,0.0037068012170493603,-0.07096882909536362,-0.48968490958213806,-1.0943329334259033,-1.0012589693069458,-1.0972658395767212,-0.4655580520629883,-0.14798837900161743,-0.0037070382386446,-0.1498737633228302
2.076923076923077,1,1,1,0,False,-0.0034533143043518066,-0.0018577631562948227,0.045898787677288055,0.002652046736329794,0.019239364191889763,0.00022767577320337296,0.19044961035251617,0.10301242023706436,-0.0002302212524227798,-1.1440694332122803,-0.0018577631562948227,1.0121444463729858,-0.0014430846786126494,-0.4281458854675293,0.001593025284819305,2.913384437561035,-0.13989432156085968,0.9767264723777771,0.9768401384353638,0.9734745621681213,-0.4749717116355896,0.10305853933095932,0.10367310047149658,0.09372509270906448,0.2971492409706116,-1.1619633436203003,-1.1015275716781616,-1.099959135055542,0.796703577041626,0.1815328598022461,0.2186354547739029,0.22654834389686584,-0.7361466288566589,0.922817051410675,0.9211311936378479,0.9093533754348755,0.45752066373825073,-0.015554292127490044,-0.0709465742111206,-0.061934370547533035,0.42644038796424866,-1.0928915739059448,-1.0972353219985962,-1.0919060707092285,-0.4428841471672058,-0.15093013644218445,-0.1498267650604248,-0.16100887954235077
2.153846153846154,1,1,1,0,False,-0.003515377640724182,-0.0018503073370084167,0.046165041625499725,0.002210787730291486,0.038957007229328156,0.0,0.18792451918125153,0.1018865704536438,-0.00013877550372853875,-1.1439292430877686,-0.0018503073370084167,1.012158989906311,-0.0014177272096276283,-0.43069738149642944,0.0016640170942991972,2.913240909576416,-0.15160764753818512,0.9696381688117981,0.9768735766410828,0.9685969948768616,-0.5124115943908691,0.09918615967035294,0.10352332144975662,0.07120831310749054,0.3888908922672272,-1.1548980474472046,-1.1013808250427246,-1.0909883975982666,0.763547420501709,0.18576280772686005,0.21709157526493073,0.24126331508159637,-0.838182270526886,0.9146494269371033,0.9212451577186584,0.8855168223381042,0.5647690892219543,-0.011670674197375774,-0.07084407657384872,-0.03981434181332588,0.47730305790901184,-1.0839959383010864,-1.0970948934555054,-1.0785218477249146,-0.3383878767490387,-0.1660052239894867,-0.14961029589176178,-0.1812874972820282
2.230769230769231,1,1,1,0,False,-0.003536626696586609,-0.0018386226147413254,0.04737088829278946,0.0046961428597569466,0.05617270991206169,0.004296471364796162,0.18706536293029785,0.10125239193439484,-1.4107904462434817e-05,-1.1424188613891602,-0.0018386226147413254,1.010663390159607,-0.001308737089857459,-0.43604356050491333,0.0016932302387431264,2.9131054878234863,-0.24782297015190125,0.9600405097007751,0.9769507646560669,0.9632172584533691,-0.553628146648407,0.08202118426561356,0.1031779944896698,0.045074425637722015,0.2755082845687866,-1.1382949352264404,-1.1010427474975586,-1.0786808729171753,0.7365879416465759,0.19791701436042786,0.21353203058242798,0.25616520643234253,-0.869205117225647,0.8983475565910339,0.9215078353881836,0.857801079750061,0.7170460224151611,0.000607196765486151,-0.0706077590584755,-0.01084204763174057,0.5139762163162231,-1.0702745914459229,-1.096771001815796,-1.0625373125076294,-0.28760042786598206,-0.18420027196407318,-0.14911124110221863,-0.19874198734760284
2.307692307692308,1,1,1,0,False,-0.0036112070083618164,-0.0018398204119876027,0.04929473251104355,0.00930304080247879,0.061215054243803024,0.004734665621072054,0.1840718388557434,0.10154496133327484,-1.1030530913558323e-05,-1.1397819519042969,-0.0018398204119876027,1.0076502561569214,-0.0013618580996990204,-0.4429819881916046,0.0017674596747383475,2.912980556488037,-0.20401631295681,0.9503719210624695,0.9770858287811279,0.9576261043548584,-0.6105006337165833,0.059357669204473495,0.10257336497306824,0.01887214556336403,0.3326195180416107,-1.1168313026428223,-1.1004506349563599,-1.0678255558013916,0.70295250415802,0.21527375280857086,0.20729970932006836,0.2680940330028534,-0.8492833375930786,0.8762721419334412,0.9219678044319153,0.8318217992782593,0.7746313214302063,0.018907971680164337,-0.07019399106502533,0.022111961618065834,0.5046706795692444,-1.055192470550537,-1.0962039232254028,-1.047398328781128,-0.2924630045890808,-0.19921013712882996,-0.1482374370098114,-0.21075409650802612
2.3846153846153846,1,1,1,0,False,-0.0035637319087982178,-0.0018383468268439174,0.05115968734025955,0.014007915742695332,0.07611163705587387,0.0032105171121656895,0.18597346544265747,0.10162798315286636,-1.0627899428072851e-05,-1.1358954906463623,-0.0018383468268439174,1.0028077363967896,-0.0015161600895226002,-0.45080041885375977,0.0017247865907847881,2.9128658771514893,-0.1575009673833847,0.9410181641578674,0.9772900342941284,0.9535500407218933,-0.6309291124343872,0.03899287432432175,0.1016591414809227,-0.005469168536365032,0.3818003237247467,-1.094829797744751,-1.099555253982544,-1.05844247341156,0.6951395273208618,0.22702330350875854,0.19787609577178955,0.2760297954082489,-0.7976081967353821,0.8550395965576172,0.9226633310317993,0.8108258247375488,0.7689881324768066,0.03899817913770676,-0.06956835836172104,0.05399659648537636,0.4721556007862091,-1.0417101383209229,-1.095346450805664,-1.0349117517471313,-0.34919923543930054,-0.20998796820640564,-0.1469162106513977,-0.21969857811927795
2.4615384615384617,1,1,1,0,False,-0.0034482181072235107,-0.0018314482877030969,0.052704520523548126,0.018013784661889076,0.10960129648447037,0.0019127549603581429,0.19065797328948975,0.1012040227651596,-4.042840009788051e-05,-1.1312651634216309,-0.0018314482877030969,0.9967201948165894,-0.0016421576729044318,-0.4592798352241516,0.0016159206861630082,2.912764310836792,-0.1441909819841385,0.9336768984794617,0.9775718450546265,0.9515198469161987,-0.6247086524963379,0.021678723394870758,0.10039763152599335,-0.026208290830254555,0.349791020154953,-1.0756152868270874,-1.0983198881149292,-1.050168514251709,0.7030824422836304,0.23129619657993317,0.1848727911710739,0.2799740433692932,-0.7134554982185364,0.8391533493995667,0.9236230254173279,0.7964109182357788,0.7323927283287048,0.05990537256002426,-0.06870507448911667,0.0807075947523117,0.44038352370262146,-1.0310230255126953,-1.0941632986068726,-1.0257956981658936,-0.45655420422554016,-0.21891365945339203,-0.14509309828281403,-0.22870387136936188
2.5384615384615388,1,1,1,0,False,-0.003269702196121216,-0.0018368869787082076,0.053984157741069794,0.021393034607172012,0.1251509040594101,0.003430997021496296,0.19805842638015747,0.10045630484819412,-9.006832988234237e-05,-1.1263866424560547,-0.0018368869787082076,0.9898782968521118,-0.0017172032967209816,-0.4677523076534271,0.0014329728437587619,2.9126718044281006,-0.13912416994571686,0.9297812581062317,0.9779370427131653,0.9505456686019897,-0.6200194358825684,0.00978715717792511,0.09876295179128647,-0.04263395816087723,0.33779606223106384,-1.0604219436645508,-1.0967190265655518,-1.0439468622207642,0.7191722393035889,0.23032373189926147,0.16802294552326202,0.2801472842693329,-0.5923730731010437,0.8291037082672119,0.9248665571212769,0.7893211245536804,0.6983566880226135,0.08231000602245331,-0.06758641451597214,0.10044372081756592,0.3815476894378662,-1.0235073566436768,-1.09263014793396,-1.0199544429779053,-0.5427192449569702,-0.22892749309539795,-0.1427306979894638,-0.2403595745563507
2.6153846153846154,1,1,1,0,False,-0.0029779523611068726,-0.001844986341893673,0.05525814741849899,0.024816663935780525,0.1212976947426796,0.0045370496809482574,0.210575670003891,0.09989437460899353,-0.00023844846873544157,-1.1223442554473877,-0.001844986341893673,0.9832199811935425,-0.001836124574765563,-0.47489017248153687,0.0011335300514474511,2.912590265274048,-0.1940637230873108,0.9298823475837708,0.9783889055252075,0.9496227502822876,-0.6286824941635132,-0.001358156674541533,0.09674017876386642,-0.05531013756990433,0.29906201362609863,-1.0505872964859009,-1.0947381258010864,-1.0398160219192505,0.7306956648826599,0.2276192158460617,0.14717276394367218,0.2767307460308075,-0.5544956922531128,0.8230417370796204,0.9264053702354431,0.7889930009841919,0.6866523623466492,0.10380949825048447,-0.06620217114686966,0.1138581708073616,0.37133851647377014,-1.0190664529800415,-1.0907329320907593,-1.0170941352844238,-0.623639702796936,-0.24148830771446228,-0.13980741798877716,-0.25470930337905884
2.6923076923076925,1,1,1,0,False,-0.002657964825630188,-0.0018512383103370667,0.05638810247182846,0.02772563323378563,0.08933211117982864,0.004129733424633741,0.2249099761247635,0.09967547655105591,-0.00030731354490853846,-1.1197903156280518,-0.0018512383103370667,0.9776443243026733,-0.0018912520026788116,-0.48040756583213806,0.0008043390698730946,2.912522554397583,-0.20510903000831604,0.9323627948760986,0.9789285659790039,0.9478281140327454,-0.6597567796707153,-0.015072525478899479,0.09432453662157059,-0.06569378823041916,0.24943199753761292,-1.047072172164917,-1.0923724174499512,-1.0379655361175537,0.7434229254722595,0.22292019426822662,0.12227290868759155,0.2697230577468872,-0.5957237482070923,0.8206055760383606,0.928243100643158,0.7922148108482361,0.6349120736122131,0.12011167407035828,-0.06454907357692719,0.12212086468935013,0.3823152482509613,-1.0168626308441162,-1.0884672403335571,-1.0157729387283325,-0.677562415599823,-0.25641149282455444,-0.13631635904312134,-0.27087247371673584
2.769230769230769,1,1,1,0,False,-0.0023686885833740234,-0.0018554895650595427,0.05722422152757645,0.03006712719798088,0.06500708311796188,0.0037728738971054554,0.238414466381073,0.09969435632228851,-0.00032196188112720847,-1.1185460090637207,-0.0018554895650595427,0.9736150503158569,-0.0019056751625612378,-0.4843449890613556,0.0005080620758235455,2.912463903427124,-0.2085976004600525,0.9346610903739929,0.9795549511909485,0.9457305669784546,-0.674504816532135,-0.029257621616125107,0.09152054041624069,-0.07511451095342636,0.24148941040039062,-1.0484633445739746,-1.0896265506744385,-1.03789222240448,0.762798011302948,0.2167884111404419,0.09337004274129868,0.25910812616348267,-0.6402432918548584,0.8197997808456421,0.9303761720657349,0.795516312122345,0.5688462853431702,0.12987859547138214,-0.06263021379709244,0.12530045211315155,0.40363702178001404,-1.0154420137405396,-1.0858373641967773,-1.014607310295105,-0.7031893730163574,-0.27239522337913513,-0.13226407766342163,-0.2868991196155548
2.8461538461538463,1,1,1,0,False,-0.002098649740219116,-0.001857629744336009,0.05783183127641678,0.03194928541779518,0.05091958865523338,0.0035022024530917406,0.2514878213405609,0.09979130327701569,-0.0003427020274102688,-1.118204116821289,-0.001857629744336009,0.9710763692855835,-0.0019162448588758707,-0.48700323700904846,0.0002328569389646873,2.912412643432617,-0.20639219880104065,0.9359729886054993,0.980265200138092,0.9438309073448181,-0.6754248142242432,-0.043466027826070786,0.08834119886159897,-0.08372466266155243,0.2395220398902893,-1.052126407623291,-1.0865129232406616,-1.0383491516113281,0.7811721563339233,0.20813307166099548,0.060598235577344894,0.2448943853378296,-0.6552504301071167,0.8190575838088989,0.9327948689460754,0.7976584434509277,0.49196523427963257,0.13425272703170776,-0.06045449897646904,0.12347131222486496,0.4211517572402954,-1.0138694047927856,-1.082855463027954,-1.012747049331665,-0.7273220419883728,-0.2876152992248535,-0.1276693344116211,-0.30117809772491455
2.9230769230769234,1,1,1,0,False,-0.001844748854637146,-0.001854300033301115,0.05826490372419357,0.03339442238211632,0.036397784948349,0.0035320925526320934,0.26370400190353394,0.09986547380685806,-0.00038342276820912957,-1.1182570457458496,-0.001854300033301115,0.9699651002883911,-0.001919070491567254,-0.4885254204273224,-2.1728259525843896e-05,2.912411689758301,-0.19908013939857483,0.9360015988349915,0.9810546636581421,0.9424490332603455,-0.6677504777908325,-0.05747804790735245,0.08480717986822128,-0.09123823046684265,0.23269154131412506,-1.056289553642273,-1.0830520391464233,-1.0386250019073486,0.7969756126403809,0.19625066220760345,0.024170489981770515,0.22702543437480927,-0.6505826115608215,0.8174728751182556,0.9354833364486694,0.799098014831543,0.4207245707511902,0.13392622768878937,-0.058036066591739655,0.11709164828062057,0.4265151917934418,-1.0119198560714722,-1.0795409679412842,-1.0100353956222534,-0.7481347322463989,-0.30083951354026794,-0.12256202846765518,-0.3131476640701294
3.0,1,1,1,0,False,-0.0017060190439224243,-0.0018034239765256643,0.05854713171720505,0.03397667780518532,0.03304249048233032,0.0012529583182185888,0.2662934362888336,0.1001240611076355,-0.0004704543389379978,-1.118086814880371,-0.0018034239765256643,0.9706355333328247,-0.0018659119959920645,-0.4884626865386963,-0.00011387364793336019,2.9132273197174072,-0.22490914165973663,0.9345126748085022,0.9819172024726868,0.9415760636329651,-0.6558628082275391,-0.07051751762628555,0.08094598352909088,-0.09732697159051895,0.23246990144252777,-1.0595502853393555,-1.079270839691162,-1.0384608507156372,0.8131060004234314,0.18217527866363525,-0.015629710629582405,0.20546235144138336,-0.6384872794151306,0.8144475817680359,0.9384207129478455,0.8004720211029053,0.37859171628952026,0.12946389615535736,-0.05539373680949211,0.10748506337404251,0.4547322690486908,-1.0122623443603516,-1.075919508934021,-1.0064743757247925,-0.7648519277572632,-0.3121795058250427,-0.1169818863272667,-0.32269686460494995
3.076923076923077,1,1,1,0,False,-0.0015834122896194458,-0.001763448934070766,0.05876896530389786,0.03444197401404381,0.0434160940349102,0.0012380513362586498,0.2683390974998474,0.10013515502214432,-0.00056502252118662,-1.1177568435668945,-0.001763448934070766,0.9724017381668091,-0.0018161444459110498,-0.48706722259521484,-0.00019922606588806957,2.9144506454467773,-0.2638108432292938,0.9328262805938721,0.9828453660011292,0.9403541088104248,-0.6579970121383667,-0.08290970325469971,0.07679110020399094,-0.102275051176548,0.21016068756580353,-1.0607459545135498,-1.0752018690109253,-1.0377752780914307,0.8173067569732666,0.16486522555351257,-0.058457180857658386,0.18016652762889862,-0.5923522710800171,0.8113501667976379,0.9415815472602844,0.8026996850967407,0.3253880739212036,0.12386449426412582,-0.05255042761564255,0.09645560383796692,0.45638030767440796,-1.010069489479065,-1.0720226764678955,-1.002139687538147,-0.7828292846679688,-0.32303690910339355,-0.11097731441259384,-0.32990604639053345
3.153846153846154,1,1,1,0,False,-0.0014528334140777588,-0.0017224022885784507,0.05891292542219162,0.0347212553024292,0.05540672317147255,0.0012619327753782272,0.2704497277736664,0.10001443326473236,-0.0006577394087798893,-1.117842674255371,-0.0017224022885784507,0.9752227067947388,-0.0017659709556028247,-0.4845265746116638,-0.00029142716084606946,2.9159843921661377,-0.299532026052475,0.9320006966590881,0.9838305115699768,0.9382452964782715,-0.6643267869949341,-0.0947166159749031,0.07238118350505829,-0.1067831739783287,0.17367130517959595,-1.0611605644226074,-1.0708832740783691,-1.0371098518371582,0.8155163526535034,0.14420656859874725,-0.10391346365213394,0.1510581076145172,-0.5399454832077026,0.8096112608909607,0.9449363946914673,0.8066798448562622,0.2481067180633545,0.11733365058898926,-0.04953258857131004,0.08434252440929413,0.4608694314956665,-1.0064326524734497,-1.0678865909576416,-0.9974812865257263,-0.7997041344642639,-0.3328472077846527,-0.10460416972637177,-0.33510661125183105
3.230769230769231,1,1,1,0,False,-0.0013088732957839966,-0.0016758281271904707,0.05893949419260025,0.03479158133268356,0.06722614169120789,0.0013588054571300745,0.2728569805622101,0.09973964840173721,-0.0007513206801377237,-1.118795394897461,-0.0016758281271904707,0.9789611101150513,-0.0017116349190473557,-0.4808083772659302,-0.0003914580447599292,2.917802572250366,-0.33245378732681274,0.9319503307342529,0.9848630428314209,0.9352483153343201,-0.673607349395752,-0.10623139142990112,0.06775925308465958,-0.11138864606618881,0.13113637268543243,-1.0614335536956787,-1.066356897354126,-1.0369887351989746,0.81117182970047,0.11996803432703018,-0.1515551656484604,0.11818069219589233,-0.4812401533126831,0.8095770478248596,0.9484524726867676,0.8127434253692627,0.15833920240402222,0.10945601016283035,-0.04636966437101364,0.07058092206716537,0.4664604365825653,-1.0019152164459229,-1.063551664352417,-0.9926385283470154,-0.8144866228103638,-0.34173834323883057,-0.0979246199131012,-0.3386036455631256
3.307692307692308,1,1,1,0,False,-0.0011491775512695312,-0.001622356241568923,0.05881338566541672,0.034676581621170044,0.07820721715688705,0.0014810729771852493,0.27563685178756714,0.09931191802024841,-0.0008493145578540862,-1.1208667755126953,-0.001622356241568923,0.9834083914756775,-0.0016497670440003276,-0.4758061468601227,-0.0005001644603908062,2.919907331466675,-0.36504578590393066,0.9323791265487671,0.9859325289726257,0.9315495491027832,-0.6853330731391907,-0.11766064167022705,0.0629718154668808,-0.11643945425748825,0.08691498637199402,-1.0619421005249023,-1.0616686344146729,-1.0376602411270142,0.8051787614822388,0.09202869236469269,-0.2009028047323227,0.08172822743654251,-0.42055070400238037,0.8112789988517761,0.9520944952964783,0.8209048509597778,0.0677986741065979,0.09977835416793823,-0.0430934801697731,0.05479220300912857,0.47160983085632324,-0.9967581033706665,-1.0590615272521973,-0.9876433610916138,-0.8278588056564331,-0.34987977147102356,-0.09100589156150818,-0.3406313359737396
3.384615384615385,1,1,1,0,False,-0.0009493231773376465,-0.0015130784595385194,0.05852625519037247,0.03463013097643852,0.0840209349989891,0.0007346342317759991,0.28137174248695374,0.09863292425870895,-0.0009276901255361736,-1.1241490840911865,-0.0015130784595385194,0.9876605272293091,-0.0015952085377648473,-0.4695296585559845,-0.0005916721420362592,2.922173023223877,-0.35987594723701477,0.9330528974533081,0.9870280027389526,0.9274028539657593,-0.6730195879936218,-0.12865476310253143,0.05806810036301613,-0.12207353860139847,0.09741479903459549,-1.0617434978485107,-1.0568664073944092,-1.0390269756317139,0.8101384043693542,0.06273498386144638,-0.2514490485191345,0.04201149195432663,-0.37122711539268494,0.8146366477012634,0.9558249711990356,0.8309012055397034,0.06606488674879074,0.0887461006641388,-0.03973772004246712,0.03732860088348389,0.4250326454639435,-0.9908201694488525,-1.0544623136520386,-0.9825972318649292,-0.8226332068443298,-0.3564465343952179,-0.08391912281513214,-0.34135696291923523
3.4615384615384617,1,1,1,0,False,-0.0007049143314361572,-0.0013426181394606829,0.05807914584875107,0.034762438386678696,0.09926003217697144,0.0011454918421804905,0.290460467338562,0.09756797552108765,-0.00097440998069942,-1.1289393901824951,-0.0013426181394606829,0.9914132356643677,-0.0015461782459169626,-0.46239370107650757,-0.000666990817990154,2.9246532917022705,-0.4254893660545349,0.9348375201225281,0.9881380200386047,0.9231625199317932,-0.6908068656921387,-0.1404552012681961,0.05309917777776718,-0.12763693928718567,0.02258320339024067,-1.0609407424926758,-1.0520002841949463,-1.040314793586731,0.7892633676528931,0.03259582072496414,-0.30266737937927246,-0.0005053291679359972,-0.31707513332366943,0.8207547664642334,0.9596050381660461,0.8421333432197571,-0.06321226060390472,0.0760873481631279,-0.036337342113256454,0.02020014263689518,0.47653016448020935,-0.985136091709137,-1.0498019456863403,-0.9779180288314819,-0.8557750582695007,-0.36183562874794006,-0.07673811167478561,-0.3408864438533783
3.5384615384615388,1,1,1,0,False,-0.00041484832763671875,-0.0011468324810266495,0.05746311694383621,0.0349573977291584,0.10715855658054352,0.001298466231673956,0.30111223459243774,0.09628675878047943,-0.001030127634294331,-1.1352310180664062,-0.0011468324810266495,0.9950307607650757,-0.0014854740584269166,-0.45446133613586426,-0.0007617947412654757,2.927368640899658,-0.444531112909317,0.9368265271186829,0.9892509579658508,0.9186282753944397,-0.7029455304145813,-0.1527329981327057,0.04811716452240944,-0.1335570514202118,-0.0049833087250590324,-1.0609855651855469,-1.0471214056015015,-1.0419622659683228,0.7745487689971924,-0.0008446358260698617,-0.35402071475982666,-0.04556722566485405,-0.2625497579574585,0.8286082148551941,0.9633951187133789,0.8542930483818054,-0.13431401550769806,0.061506859958171844,-0.03292800113558769,0.002460733987390995,0.4776187539100647,-0.9792903065681458,-1.0451292991638184,-0.9729005694389343,-0.8669688105583191,-0.3667765259742737,-0.0695381835103035,-0.3398016095161438
3.6153846153846154,1,1,1,0,False,-7.806718349456787e-05,-0.0009143519564531744,0.05668976157903671,0.035288386046886444,0.11373921483755112,0.0014136964455246925,0.3140515983104706,0.09486038237810135,-0.0010929019190371037,-1.1427083015441895,-0.0009143519564531744,0.9982484579086304,-0.0014121357817202806,-0.44567716121673584,-0.0008662211475893855,2.930121898651123,-0.462112158536911,0.938377320766449,0.9903551340103149,0.9142200946807861,-0.7068679332733154,-0.16483424603939056,0.0431743822991848,-0.1399098038673401,-0.025758927688002586,-1.0614358186721802,-1.042280912399292,-1.043602705001831,0.7622283101081848,-0.036849845200777054,-0.40496963262557983,-0.09272586554288864,-0.21346664428710938,0.8373684883117676,0.9671552777290344,0.8671332001686096,-0.19227348268032074,0.045424528419971466,-0.029545508325099945,-0.015450227074325085,0.47790712118148804,-0.9727466106414795,-1.040493369102478,-0.9677449464797974,-0.8765662908554077,-0.37108951807022095,-0.06239495053887367,-0.3380962908267975
3.6923076923076925,1,1,1,0,False,-3.972649574279785e-05,-0.0009740309906192124,0.055785857141017914,0.03581161051988602,0.12033040076494217,0.0024458649568259716,0.3107001483440399,0.0933975949883461,-0.0011596076656132936,-1.1510865688323975,-0.0009740309906192124,1.0009032487869263,-0.0013278881087899208,-0.43616610765457153,-0.0009753371123224497,2.932701349258423,-0.4842769205570221,0.9396127462387085,0.9914389848709106,0.9101418852806091,-0.7100654244422913,-0.17647917568683624,0.038322508335113525,-0.1463732123374939,-0.04258955270051956,-1.0622113943099976,-1.037529468536377,-1.0448969602584839,0.7512437105178833,-0.07544706016778946,-0.4549814760684967,-0.14142489433288574,-0.16517652571201324,0.8469526171684265,0.9708463549613953,0.8803083300590515,-0.24872256815433502,0.028362054377794266,-0.026225227862596512,-0.03285111114382744,0.4860566258430481,-0.9654960036277771,-1.035942792892456,-0.9625851511955261,-0.8859075903892517,-0.3746187090873718,-0.055383097380399704,-0.3357839584350586
3.7692307692307696,1,1,1,0,False,-6.486475467681885e-05,-0.0010950887808576226,0.05484696477651596,0.03654002398252487,0.1347535401582718,0.0014259247109293938,0.3039649426937103,0.09254288673400879,-0.0012100636959075928,-1.160264253616333,-0.0010950887808576226,1.0027235746383667,-0.0011961208656430244,-0.4262193441390991,-0.001069815014488995,2.9348080158233643,-0.5001301765441895,0.9410699009895325,0.9924913644790649,0.9062305688858032,-0.7225215435028076,-0.18764248490333557,0.03361181542277336,-0.15293914079666138,-0.07307181507349014,-1.0627931356430054,-1.0329161882400513,-1.0457161664962769,0.7443788647651672,-0.11916615068912506,-0.5035380721092224,-0.1910848319530487,-0.09130440652370453,0.857471227645874,0.9744299650192261,0.8937801718711853,-0.31443139910697937,0.012725407257676125,-0.02300156094133854,-0.04962441697716713,0.5168380737304688,-0.9573179483413696,-1.031524658203125,-0.9571110606193542,-0.8920583724975586,-0.37677785754203796,-0.048575278371572495,-0.3329690992832184
3.8461538461538463,1,1,1,0,False,-0.0002122819423675537,-0.0012223504018038511,0.053886108100414276,0.03740433230996132,0.11876201629638672,0.001814989373087883,0.29697686433792114,0.09205006062984467,-0.0012819673866033554,-1.1699140071868896,-0.0012223504018038511,1.003534197807312,-0.0010145374108105898,-0.4157446622848511,-0.001180057181045413,2.9367799758911133,-0.5137967467308044,0.9421399235725403,0.9935014247894287,0.9026736617088318,-0.7437545657157898,-0.19716018438339233,0.0290902741253376,-0.1598788946866989,-0.04802738502621651,-1.0635520219802856,-1.028488278388977,-1.0460658073425293,0.7451532483100891,-0.16625508666038513,-0.5501449704170227,-0.24107122421264648,-0.06284981966018677,0.867851972579956,0.9778696894645691,0.9077885150909424,-0.3359149098396301,-0.001646097982302308,-0.019907334819436073,-0.06566525995731354,0.5206735134124756,-0.9495542645454407,-1.0272839069366455,-0.951020359992981,-0.8925173878669739,-0.3785131573677063,-0.04204081371426582,-0.32961076498031616
3.9230769230769234,1,1,1,0,False,-0.00034818053245544434,-0.0012155589647591114,0.05288369208574295,0.038396917283535004,0.12331315875053406,0.0011385604739189148,0.29734742641448975,0.09187740832567215,-0.0013615726493299007,-1.1795539855957031,-0.0012155589647591114,1.0038396120071411,-0.0008636459242552519,-0.40476471185684204,-0.0012735085329040885,2.93851375579834,-0.5356799960136414,0.94259113073349,0.9944592118263245,0.8994401097297668,-0.7316314578056335,-0.20554226636886597,0.02480274997651577,-0.16707128286361694,-0.041961852461099625,-1.0641201734542847,-1.0242894887924194,-1.0451016426086426,0.743757426738739,-0.21494773030281067,-0.5943396687507629,-0.29071325063705444,-0.04881676658987999,0.8779991269111633,0.9811314344406128,0.9212855696678162,-0.366154283285141,-0.015485976822674274,-0.016973257064819336,-0.0798933282494545,0.5215154886245728,-0.9409217834472656,-1.023262619972229,-0.9448040723800659,-0.8959639072418213,-0.3790169060230255,-0.03584454953670502,-0.3256588280200958
4.0,1,1,1,0,False,-0.0003645271062850952,-0.001096209161914885,0.05186805874109268,0.039449214935302734,0.11715920269489288,0.001140860840678215,0.3039030432701111,0.09201709181070328,-0.0014427732676267624,-1.188929557800293,-0.001096209161914885,1.004285454750061,-0.0007222233689390123,-0.3935853838920593,-0.0013586153509095311,2.939561128616333,-0.5363457202911377,0.9424902200698853,0.9953556060791016,0.8965075016021729,-0.7197080254554749,-0.2123132050037384,0.02079017274081707,-0.17358219623565674,-0.03717100992798805,-1.0645257234573364,-1.0203598737716675,-1.0430041551589966,0.7508947253227234,-0.265021413564682,-0.6357002854347229,-0.3394588530063629,-0.04860054329037666,0.8877029418945312,0.9841839671134949,0.9334663152694702,-0.381732702255249,-0.02831135503947735,-0.014227330684661865,-0.0920911580324173,0.5110819935798645,-0.931435763835907,-1.0194991827011108,-0.938890814781189,-0.8920710682868958,-0.3782205283641815,-0.030045635998249054,-0.321207195520401
4.0769230769230775,1,1,1,0,False,-0.000377848744392395,-0.0009523654007352889,0.05085078626871109,0.04054776579141617,0.11072862893342972,0.0010689441114664078,0.31191444396972656,0.09229561686515808,-0.001524144783616066,-1.1975963115692139,-0.0009523654007352889,1.005106806755066,-0.0005608202773146331,-0.3823930621147156,-0.0014435607008635998,2.939754009246826,-0.5304343104362488,0.9415574073791504,0.9961825013160706,0.8942222595214844,-0.6967559456825256,-0.21642984449863434,0.01708870753645897,-0.17888665199279785,-0.04015530273318291,-1.064604640007019,-1.0167350769042969,-1.0400983095169067,0.7650054097175598,-0.314458429813385,-0.6738539934158325,-0.3867010176181793,-0.059805963188409805,0.8963226675987244,0.9869998693466187,0.9438014030456543,-0.38747406005859375,-0.04031052440404892,-0.011694308370351791,-0.10197778046131134,0.48456719517707825,-0.9216766357421875,-1.016027569770813,-0.9337626099586487,-0.8851245045661926,-0.3763744831085205,-0.024696335196495056,-0.316180944442749
4.153846153846154,1,1,1,0,False,-0.0005445331335067749,-0.0008453278569504619,0.04977080971002579,0.041854482144117355,0.11856932938098907,0.000565345399081707,0.3179534375667572,0.09266164898872375,-0.0015790993347764015,-1.2054178714752197,-0.0008453278569504619,1.0061196088790894,-0.00028628823929466307,-0.3719986081123352,-0.0014981726417317986,2.9385972023010254,-0.5142982006072998,0.9405006170272827,0.9969330430030823,0.8928406834602356,-0.6547713875770569,-0.21814757585525513,0.013728990219533443,-0.18238280713558197,-0.09905552119016647,-1.064039945602417,-1.0134449005126953,-1.0371918678283691,0.7778866291046143,-0.3622766137123108,-0.7084850668907166,-0.4318869709968567,-0.03864846006035805,0.9051779508590698,0.9895557165145874,0.9522343873977661,-0.4032634496688843,-0.05226217955350876,-0.009395154193043709,-0.10959577560424805,0.4334348440170288,-0.9116495847702026,-1.0128765106201172,-0.9300450682640076,-0.8816855549812317,-0.3725321292877197,-0.019840924069285393,-0.31063541769981384
4.230769230769231,1,1,1,0,False,-0.0007255375385284424,-0.000760771450586617,0.04835338145494461,0.04331616312265396,0.09638568013906479,0.000624489039182663,0.32277023792266846,0.09294777363538742,-0.0016202229307964444,-1.2118864059448242,-0.000760771450586617,1.006797432899475,-1.1056418770749588e-05,-0.3631759285926819,-0.0015175157459452748,2.9358930587768555,-0.48412322998046875,0.9382555484771729,0.9976018071174622,0.8926241397857666,-0.5977991223335266,-0.21624194085597992,0.010735183022916317,-0.18311326205730438,-0.13749763369560242,-1.0632331371307373,-1.0105130672454834,-1.035701870918274,0.7979037165641785,-0.4070288836956024,-0.7393444776535034,-0.47461915016174316,-0.024364206939935684,0.9148704409599304,0.9918332695960999,0.9595224857330322,-0.38395941257476807,-0.06973351538181305,-0.007346403785049915,-0.11521952599287033,0.3489655554294586,-0.9024381637573242,-1.0100685358047485,-0.9287585616111755,-0.8690890073776245,-0.3677915334701538,-0.015514320693910122,-0.30481797456741333
4.307692307692308,1,1,1,0,False,-0.0005407929420471191,-0.0005848133005201817,0.04670662432909012,0.04427864030003548,0.09540249407291412,0.004416853655129671,0.3329230546951294,0.09309332817792892,-0.0016866809455677867,-1.2168874740600586,-0.0005848133005201817,1.006295084953308,-8.83729626366403e-06,-0.3575540781021118,-0.0016030134866014123,2.9300174713134766,-0.4423796534538269,0.9369961619377136,0.9981850981712341,0.8938886523246765,-0.5606465339660645,-0.20910175144672394,0.008124236017465591,-0.1809549182653427,-0.2482910454273224,-1.0610315799713135,-1.0079561471939087,-1.0361886024475098,0.8158404231071472,-0.44883331656455994,-0.7662574648857117,-0.5144344568252563,0.13163207471370697,0.9287840127944946,0.993819534778595,0.9672034382820129,-0.3873346149921417,-0.08178208023309708,-0.005559655372053385,-0.1185789480805397,0.2685351073741913,-0.8927514553070068,-1.0076197385787964,-0.930351197719574,-0.8596309423446655,-0.3586525619029999,-0.01174102071672678,-0.2985631823539734
4.384615384615385,1,1,1,0,False,-0.00038811564445495605,-0.0004378119483590126,0.044910140335559845,0.04535756632685661,0.0633915513753891,0.002461710013449192,0.34153681993484497,0.09370191395282745,-0.0017331588314846158,-1.2202060222625732,-0.0004378119483590126,1.0049856901168823,-2.5566760086803697e-06,-0.35434800386428833,-0.0016542815137654543,2.922667980194092,-0.40035438537597656,0.9357749223709106,0.998680830001831,0.8968280553817749,-0.5366162657737732,-0.1982264369726181,0.005905024707317352,-0.17695026099681854,-0.31552794575691223,-1.061692476272583,-1.0057828426361084,-1.0398192405700684,0.8336923718452454,-0.4880825877189636,-0.7891324758529663,-0.5510398149490356,0.20513176918029785,0.9437964558601379,0.9955077767372131,0.9779326319694519,-0.3687684237957001,-0.09448330104351044,-0.004040983505547047,-0.12035071849822998,0.1571803092956543,-0.8876299262046814,-1.0055383443832397,-0.9350406527519226,-0.8501406908035278,-0.3515688478946686,-0.008533850312232971,-0.29211676120758057
4.461538461538462,1,1,1,0,False,-0.000220566987991333,-0.0002873044286388904,0.04291088134050369,0.0462995320558548,0.05015036463737488,0.004284458700567484,0.350477933883667,0.09410083293914795,-0.0017747193342074752,-1.2217557430267334,-0.0002873044286388904,1.0031481981277466,-1.3597284123534337e-05,-0.35321158170700073,-0.0016933896113187075,2.9145655632019043,-0.3689316213130951,0.9350742101669312,0.9990891218185425,0.9010944366455078,-0.48745670914649963,-0.18390589952468872,0.004077506251633167,-0.17125757038593292,-0.4104883670806885,-1.0655348300933838,-1.0039931535720825,-1.0464507341384888,0.8403580188751221,-0.5245561599731445,-0.8079701066017151,-0.5843203067779541,0.2778865694999695,0.9614146947860718,0.9968980550765991,0.9910168647766113,-0.3765973448753357,-0.10628938674926758,-0.0027903583832085133,-0.12110909074544907,0.03669244423508644,-0.8872531056404114,-1.0038243532180786,-0.9435955882072449,-0.8442741632461548,-0.3459646701812744,-0.005892749410122633,-0.2858922779560089
4.538461538461538,1,1,1,0,False,-2.51084566116333e-05,-8.717312448425218e-05,0.04074109345674515,0.04687674716114998,0.05570462346076965,0.002726612612605095,0.3625541031360626,0.09493321180343628,-0.0018043842865154147,-1.2214887142181396,-8.717312448425218e-05,1.0010772943496704,3.6392734727996867e-06,-0.3544955253601074,-0.0017254749545827508,2.906132698059082,-0.32449039816856384,0.9347828030586243,0.9994120597839355,0.9064887166023254,-0.44961655139923096,-0.1667318046092987,0.002631926676258445,-0.16483019292354584,-0.48958590626716614,-1.0718986988067627,-1.0025774240493774,-1.0550291538238525,0.8327569961547852,-0.5588117837905884,-0.8228707313537598,-0.6141939759254456,0.3282696008682251,0.9817298054695129,0.9979977607727051,1.005130410194397,-0.39772841334342957,-0.11469180136919022,-0.0018011053325608373,-0.12091951072216034,-0.07398258149623871,-0.8915168046951294,-1.002468466758728,-0.9550740122795105,-0.841858983039856,-0.3418823480606079,-0.003803619649261236,-0.27981606125831604
4.615384615384616,1,1,1,0,False,-0.0002821683883666992,-8.471871296933386e-06,0.037907250225543976,0.04885007068514824,0.08272366970777512,1.4952383935451508e-05,0.3507852852344513,0.09588371217250824,-0.0016836475115269423,-1.218580722808838,-8.471871296933386e-06,0.9994449019432068,0.00033669822732917964,-0.35923683643341064,-0.0017635925905779004,2.8991832733154297,-0.2569495439529419,0.9310688376426697,0.9996541738510132,0.9120339155197144,-0.4125559329986572,-0.14836527407169342,0.0015480292495340109,-0.15895625948905945,-0.43519261479377747,-1.0775976181030273,-1.0015159845352173,-1.0639532804489136,0.8471601009368896,-0.5922063589096069,-0.8340432643890381,-0.6407595276832581,0.24521532654762268,1.0065739154815674,0.9988223314285278,1.0178027153015137,-0.38263922929763794,-0.12100119888782501,-0.0010593623155727983,-0.12096363306045532,-0.16108110547065735,-0.901349663734436,-1.001451849937439,-0.9670827388763428,-0.8254283666610718,-0.3413098156452179,-0.0022371879313141108,-0.27407288551330566
4.6923076923076925,1,1,1,0,False,-0.0011797547340393066,-0.00021541808382607996,0.03653533011674881,0.0525377057492733,0.07964059710502625,0.0029921415261924267,0.2993052005767822,0.09629303216934204,-0.0015987891238182783,-1.2148776054382324,-0.00021541808382607996,0.9982811808586121,0.0010114193428307772,-0.3636820316314697,-0.0017538494430482388,2.891738176345825,-0.17387761175632477,0.9311209917068481,0.9998226165771484,0.9192176461219788,-0.38948458433151245,-0.13706177473068237,0.0007940854411572218,-0.15265600383281708,-0.4779435396194458,-1.086151123046875,-1.0007776021957397,-1.0711289644241333,0.8574472665786743,-0.6197444200515747,-0.8418147563934326,-0.6636658906936646,0.23857498168945312,1.0204998254776,0.9993959069252014,1.0268950462341309,-0.3099517524242401,-0.12185520678758621,-0.0005434161867015064,-0.11949378252029419,-0.2049953043460846,-0.9095340967178345,-1.0007448196411133,-0.9802337884902954,-0.8499188423156738,-0.338370680809021,-0.0011476000072434545,-0.2688107490539551
4.769230769230769,1,1,1,0,False,-0.002072855830192566,-0.0003890414081979543,0.03619534522294998,0.05621067062020302,0.06600992381572723,0.0019757577683776617,0.25276005268096924,0.09680244326591492,-0.0015281194355338812,-1.2111940383911133,-0.0003890414081979543,0.9979084730148315,0.0017384751699864864,-0.3676345944404602,-0.0017337161116302013,2.8829774856567383,-0.072239451110363,0.9361676573753357,0.9999271035194397,0.9289512634277344,-0.3149166703224182,-0.12942512333393097,0.0003262014943175018,-0.1445189267396927,-0.48416614532470703,-1.0951765775680542,-1.000319480895996,-1.077468752861023,0.8572190403938293,-0.6432501673698425,-0.8466375470161438,-0.6829506754875183,0.20457182824611664,1.0287046432495117,0.9997518658638,1.0331344604492188,-0.23384642601013184,-0.11936028301715851,-0.0002232293481938541,-0.1146787479519844,-0.26641520857810974,-0.9183242321014404,-1.0003058910369873,-0.9941926002502441,-0.8559674620628357,-0.3326522409915924,-0.0004714213719125837,-0.26503705978393555
4.846153846153847,1,1,1,0,False,-0.002782493829727173,-0.00047870652633719146,0.03646702319383621,0.058918800204992294,0.04871774837374687,0.000892814714461565,0.21925607323646545,0.09719933569431305,-0.0014492389746010303,-1.2073841094970703,-0.00047870652633719146,0.9990595579147339,0.0023655518889427185,-0.37116432189941406,-0.0017325972439721227,2.8741166591644287,0.02333764359354973,0.9445001482963562,0.9999804496765137,0.9411247372627258,-0.2399618774652481,-0.12124758213758469,8.749682456254959e-05,-0.133727565407753,-0.4337243437767029,-1.1049044132232666,-1.000085711479187,-1.0823858976364136,0.861100435256958,-0.6620041131973267,-0.8490980863571167,-0.6988461017608643,0.09449487924575806,1.033681035041809,0.9999334216117859,1.0359402894973755,-0.13973639905452728,-0.11319684237241745,-5.9876667364733294e-05,-0.1058511883020401,-0.32241377234458923,-0.9305289387702942,-1.000082015991211,-1.0081851482391357,-0.8550680875778198,-0.3267431855201721,-0.00012644905655179173,-0.26247599720954895
4.923076923076923,1,1,1,0,False,-0.003270074725151062,-0.00046594763989560306,0.0373118594288826,0.060456570237874985,0.030601102858781815,0.00012845732271671295,0.19804279506206512,0.09755218029022217,-0.0013627136358991265,-1.2032010555267334,-0.00046594763989560306,1.0019012689590454,0.002876900602132082,-0.37431973218917847,-0.0017426593694835901,2.865520715713501,0.09337008744478226,0.9549279808998108,0.9999983906745911,0.9550844430923462,-0.16181215643882751,-0.11183901876211166,7.17653210813296e-06,-0.12031124532222748,-0.3207321763038635,-1.1136682033538818,-1.0000070333480835,-1.0842698812484741,0.879157543182373,-0.6765654683113098,-0.8499259948730469,-0.7114584445953369,-0.0353412851691246,1.0346465110778809,0.9999945163726807,1.0339064598083496,-0.04741530865430832,-0.10290142893791199,-4.911113592243055e-06,-0.09272731840610504,-0.3656468987464905,-0.9446947574615479,-1.0000066757202148,-1.0217033624649048,-0.8525992631912231,-0.3206768035888672,-1.0371412827225868e-05,-0.26065272092819214
5.0,1,1,1,0,False,-0.0030801594257354736,-0.00017006081179715693,0.038633279502391815,0.05999112129211426,0.0338243767619133,0.0006186775863170624,0.2061307430267334,-0.005822527687996626,-0.0012634661979973316,-1.1982135772705078,-0.00017006081179715693,1.0067130327224731,0.0030038487166166306,-0.3771389126777649,-0.0017531262710690498,2.857290029525757,0.14638996124267578,0.9658754467964172,1.0,0.9696012735366821,-0.064280204474926,-0.09925717115402222,0.0,-0.10426892340183258,-0.14326679706573486,-1.1181979179382324,-1.0,-1.081160306930542,0.9063757061958313,-0.6889255046844482,-0.8499999642372131,-0.7208400368690491,-0.19301559031009674,1.0307350158691406,1.0,1.0265111923217773,0.028668386861681938,-0.0886654332280159,0.0,-0.076136514544487,-0.4097910225391388,-0.9598146080970764,-1.0,-1.034361481666565,-0.8497792482376099,-0.31415989995002747,0.0,-0.25923630595207214
5.0769230769230775,1,1,1,0,False,-0.0031198710203170776,-1.0756642950582318e-05,0.038439132273197174,0.06102118268609047,0.10421612858772278,0.0038491017185151577,0.20442116260528564,-0.005810877773910761,-0.0012219756608828902,-1.1928815841674805,-1.0756642950582318e-05,1.0124973058700562,0.0031791767105460167,-0.37967342138290405,-0.0017770197009667754,2.851090669631958,0.2714405953884125,0.9785211086273193,1.0,0.983772337436676,0.02829272486269474,-0.08306604623794556,0.0,-0.08581791073083878,-0.000700652482919395,-1.1129857301712036,-1.0,-1.0719987154006958,0.9363524317741394,-0.6998283863067627,-0.8499999642372131,-0.7271852493286133,-0.2674747705459595,1.0218254327774048,1.0,1.014103651046753,0.15270017087459564,-0.07139325141906738,0.0,-0.05658037215471268,-0.477437824010849,-0.9789211750030518,-1.0,-1.0455142259597778,-0.8509909510612488,-0.3088931739330292,0.0,-0.25781500339508057
5.153846153846154,1,1,1,0,False,-0.0034339576959609985,3.6911828829033766e-06,0.03581219166517258,0.06314244121313095,0.08977871388196945,0.0026308931410312653,0.19124196469783783,-0.0067819105461239815,-0.0014001125236973166,-1.1874887943267822,3.6911828829033766e-06,1.0184053182601929,0.003504106542095542,-0.3819168210029602,-0.001794993644580245,2.846681833267212,0.1486847847700119,0.9914962649345398,1.0,0.9967064261436462,0.014151337556540966,-0.06575963646173477,0.0,-0.06658349931240082,0.008560014888644218,-1.101749062538147,-1.0,-1.0585356950759888,0.9539368152618408,-0.7068372368812561,-0.8499999642372131,-0.7309829592704773,-0.2838962972164154,1.009047508239746,1.0,0.9995223879814148,0.27790209650993347,-0.05043274536728859,0.0,-0.03307780250906944,-0.407543808221817,-0.996985912322998,-1.0,-1.054396629333496,-0.8132328391075134,-0.30283480882644653,0.0,-0.25599023699760437
5.230769230769231,1,1,1,0,False,-0.003834649920463562,2.145219696103595e-06,0.033328987658023834,0.06551332771778107,0.055857814848423004,0.0021061673760414124,0.1753058135509491,-0.008417229168117046,-0.0015554956626147032,-1.1822612285614014,2.145219696103595e-06,1.0240451097488403,0.003921071067452431,-0.3839133381843567,-0.0018102112226188183,2.8437001705169678,0.10713602602481842,1.00263512134552,1.0,1.00608229637146,0.018660735338926315,-0.048970941454172134,0.0,-0.0496704988181591,-0.03739907965064049,-1.0872445106506348,-1.0,-1.0446447134017944,0.9528641104698181,-0.711404025554657,-0.8499999642372131,-0.7331730127334595,-0.27359041571617126,0.9952738881111145,1.0,0.9856817722320557,0.3138650059700012,-0.026523761451244354,0.0,-0.007842246443033218,-0.4629003405570984,-1.0119222402572632,-1.0,-1.0617046356201172,-0.8018873333930969,-0.2970580756664276,0.0,-0.25376978516578674
5.307692307692308,1,1,1,0,False,-0.004294306039810181,-1.487383633502759e-05,0.031242020428180695,0.0678577646613121,0.035433631390333176,0.001654878375120461,0.158218115568161,-0.010338163003325462,-0.001680486835539341,-1.1774179935455322,-1.487383633502759e-05,1.0292257070541382,0.004387279041111469,-0.38569483160972595,-0.001820526085793972,2.841524362564087,0.08117426931858063,1.0109241008758545,1.0,1.011779546737671,0.03786453977227211,-0.03380665183067322,0.0,-0.03542120382189751,-0.08600485324859619,-1.0732895135879517,-1.0,-1.0332975387573242,0.9475162029266357,-0.7143331170082092,-0.8499999642372131,-0.7344856858253479,-0.2635328471660614,0.9828987717628479,1.0,0.9741949439048767,0.29621461033821106,-0.002517056418582797,0.0,0.015179356560111046,-0.5224019885063171,-1.0237319469451904,-1.0,-1.0692152976989746,-0.7961453795433044,-0.2926529049873352,0.0,-0.25146105885505676
5.384615384615385,1,1,1,0,False,-0.00467720627784729,-1.0823663615155965e-05,0.02964196354150772,0.06963653862476349,0.04042118042707443,0.001338752917945385,0.1449374407529831,-0.011923118494451046,-0.001775367883965373,-1.173001766204834,-1.0823663615155965e-05,1.0338045358657837,0.004775409121066332,-0.3872906565666199,-0.0018244406674057245,2.8393805027008057,0.055834174156188965,1.016271948814392,1.0,1.015193223953247,0.04308442026376724,-0.020362384617328644,0.0,-0.022806966677308083,-0.1312890201807022,-1.0624592304229736,-1.0,-1.0259568691253662,0.9407730102539062,-0.7163032293319702,-0.8499999642372131,-0.735379159450531,-0.2526625692844391,0.9730566143989563,1.0,0.9655663967132568,0.24719996750354767,0.017887691035866737,0.0,0.032520659267902374,-0.5416986346244812,-1.033094882965088,-1.0,-1.0776803493499756,-0.7946626543998718,-0.2898036241531372,0.0,-0.24915184080600739
5.461538461538462,1,1,1,0,False,-0.004958152770996094,-2.4362108888453804e-05,0.028478913009166718,0.0707995668053627,0.03804280236363411,0.000654151663184166,0.13573157787322998,-0.01304079219698906,-0.0018400599947199225,-1.1691150665283203,-2.4362108888453804e-05,1.0379232168197632,0.005046260077506304,-0.3887140154838562,-0.0018246291438117623,2.8370859622955322,0.10602331906557083,1.019791841506958,1.0,1.0171033143997192,0.06473011523485184,-0.007984286174178123,0.0,-0.012200147844851017,-0.10649729520082474,-1.055976390838623,-1.0,-1.0225838422775269,0.9239280819892883,-0.7175135612487793,-0.8499999642372131,-0.7360644340515137,-0.2726636230945587,0.9659247994422913,1.0,0.9597106575965881,0.10974070429801941,0.03245335817337036,0.0,0.042867254465818405,-0.614267885684967,-1.0413519144058228,-1.0,-1.0860973596572876,-0.810360312461853,-0.2880392074584961,0.0,-0.2471081167459488
5.538461538461538,1,1,1,0,False,-0.0051252394914627075,-5.768995106336661e-05,0.02757718414068222,0.07157805562019348,0.037185974419116974,0.0011672318214550614,0.13046839833259583,-0.01376287080347538,-0.0018777999794110656,-1.1657865047454834,-5.768995106336661e-05,1.041669249534607,0.005179889500141144,-0.38998743891716003,-0.0018272367306053638,2.834608793258667,0.1326732486486435,1.0225231647491455,1.0,1.0185669660568237,0.06685968488454819,0.0034504274372011423,0.0,-0.003638150403276086,-0.13970255851745605,-1.0527986288070679,-1.0,-1.021492600440979,0.9201518893241882,-0.7185429930686951,-0.8499999642372131,-0.7367395162582397,-0.26492324471473694,0.9610872864723206,1.0,0.9556266665458679,0.04716123640537262,0.03964046388864517,0.0,0.04512966424226761,-0.6450438499450684,-1.0494147539138794,-1.0,-1.0945428609848022,-0.8207994103431702,-0.28703734278678894,0.0,-0.24584434926509857
5.615384615384616,1,1,1,0,False,-0.005367368459701538,-0.00020449768635444343,0.02679390460252762,0.0728658139705658,0.030235910788178444,0.002469496801495552,0.12311681360006332,-0.01481653843075037,-0.00190854468382895,-1.163200855255127,-0.00020449768635444343,1.0448607206344604,0.00527469115331769,-0.3911259174346924,-0.0018314883345738053,2.8322505950927734,0.1615382730960846,1.0257549285888672,1.0,1.020422339439392,0.06145845726132393,0.013069156557321548,0.0,0.002956526353955269,-0.17318667471408844,-1.051599144935608,-1.0,-1.0221384763717651,0.9109285473823547,-0.7194706797599792,-0.8499999642372131,-0.7374300360679626,-0.25369635224342346,0.95770663022995,1.0,0.9529143571853638,0.011909471824765205,0.039752986282110214,0.0,0.04144329950213432,-0.6708737015724182,-1.0579807758331299,-1.0,-1.102758765220642,-0.8300274014472961,-0.2868828773498535,0.0,-0.24548465013504028
5.6923076923076925,1,1,1,0,False,-0.005531281232833862,-0.00034680910175666213,0.026098482310771942,0.07401929795742035,0.021989855915308,0.0014959042891860008,0.11832194775342941,-0.015445765107870102,-0.0019107769476249814,-1.1611862182617188,-0.00034680910175666213,1.0475565195083618,0.0053030140697956085,-0.3921411633491516,-0.0018329120939597487,2.8300304412841797,0.15087749063968658,1.029183030128479,1.0,1.0227302312850952,0.03582550212740898,0.02080366387963295,0.0,0.007461313158273697,-0.19027888774871826,-1.0517292022705078,-1.0,-1.0242096185684204,0.8980627059936523,-0.7208517789840698,-0.8499999642372131,-0.7381973266601562,-0.24343560636043549,0.9555298686027527,1.0,0.9514180421829224,-0.020591072738170624,0.03508386015892029,0.0,0.034495074301958084,-0.6765952706336975,-1.0664734840393066,-1.0,-1.1103463172912598,-0.8353777527809143,-0.2872464954853058,0.0,-0.24587421119213104
5.769230769230769,1,1,1,0,False,-0.005499750375747681,-0.00040835750405676663,0.025436364114284515,0.07452774792909622,0.016749944537878036,0.0016209110617637634,0.11923298239707947,-0.015400944277644157,-0.0019077799515798688,-1.1596307754516602,-0.00040835750405676663,1.0500839948654175,0.0052149295806884766,-0.39304885268211365,-0.0018368299352005124,2.828173875808716,0.12555401027202606,1.0325438976287842,1.0,1.0245153903961182,-0.00487039377912879,0.027175985276699066,0.0,0.009307118132710457,-0.1892092078924179,-1.0527598857879639,-1.0,-1.0269209146499634,0.8865514993667603,-0.7230244874954224,-0.8499999642372131,-0.7390955090522766,-0.2526227533817291,0.954423725605011,1.0,0.9507490396499634,-0.04274780675768852,0.02774873375892639,0.0,0.02598513849079609,-0.6700620055198669,-1.0750213861465454,-1.0,-1.1167274713516235,-0.8374497890472412,-0.288041889667511,0.0,-0.24669815599918365
5.846153846153847,1,1,1,0,False,-0.0053812116384506226,-0.000426577142206952,0.02480531483888626,0.07475155591964722,0.010365397669374943,0.0017896853387355804,0.12270623445510864,-0.015035262331366539,-0.0019051458220928907,-1.158698558807373,-0.000426577142206952,1.0527368783950806,0.005080397706478834,-0.3938620090484619,-0.0018462021835148335,2.82692289352417,0.0878087654709816,1.0357762575149536,1.0,1.0250773429870605,-0.042868804186582565,0.031530819833278656,0.0,0.008203606121242046,-0.17719897627830505,-1.0540698766708374,-1.0,-1.0294115543365479,0.8796178102493286,-0.7257866263389587,-0.8499999642372131,-0.7400957942008972,-0.2632777690887451,0.9538000822067261,1.0,0.9502365589141846,-0.06649910658597946,0.01928531564772129,0.0,0.01709807850420475,-0.6540270447731018,-1.083202838897705,-1.0,-1.1215167045593262,-0.8357361555099487,-0.28916454315185547,0.0,-0.24763169884681702
5.923076923076923,1,1,1,0,False,-0.0052713751792907715,-0.00042703867075033486,0.0242132768034935,0.07508522272109985,0.007082448340952396,0.0012584216892719269,0.1259927600622177,-0.01466070394963026,-0.001903036842122674,-1.158522129058838,-0.00042703867075033486,1.0555726289749146,0.004970650654286146,-0.3945896625518799,-0.0018574063433334231,2.826338529586792,0.03569899499416351,1.0382615327835083,1.0,1.023951530456543,-0.06550189107656479,0.03352147340774536,0.0,0.004660699982196093,-0.1669173538684845,-1.054721713066101,-1.0,-1.0311541557312012,0.878821849822998,-0.7289686799049377,-0.8499999642372131,-0.7410897612571716,-0.2569369375705719,0.95318603515625,1.0,0.9496719241142273,-0.10068052262067795,0.010553419589996338,0.0,0.00820205733180046,-0.6344112753868103,-1.090133786201477,-1.0,-1.124555230140686,-0.8294326663017273,-0.29038384556770325,0.0,-0.2483673393726349
6.0,1,1,1,0,False,-0.005215570330619812,-0.0004236236563883722,0.023677729070186615,0.07575051486492157,0.010784833692014217,0.00047750771045684814,0.1276879608631134,-0.014479946345090866,-0.00190162961371243,-1.159109354019165,-0.0004236236563883722,1.0583518743515015,0.004919066559523344,-0.3952389359474182,-0.0018658038461580873,2.8263723850250244,-0.02325059287250042,1.039120078086853,1.0,1.0208439826965332,-0.06220106780529022,0.03348073735833168,0.0,-4.5356446207733825e-05,-0.1635313332080841,-1.0540478229522705,-1.0,-1.0321290493011475,0.8823572993278503,-0.7322859168052673,-0.8499999642372131,-0.7419419288635254,-0.2306869775056839,0.9526704549789429,1.0,0.9494625926017761,-0.13872085511684418,0.0016764503670856357,0.0,-0.0009286552667617798,-0.6205947399139404,-1.0951330661773682,-1.0,-1.1259872913360596,-0.8201575875282288,-0.2915588319301605,0.0,-0.2486344277858734
6.0769230769230775,1,1,1,0,False,-0.005208343267440796,-0.0004198303504381329,0.02321460098028183,0.07672794163227081,0.015080134384334087,2.548564225435257e-05,0.12790873646736145,-0.014492451213300228,-0.0019010651158168912,-1.1603598594665527,-0.0004198303504381329,1.0606189966201782,0.004917256999760866,-0.39581766724586487,-0.0018685326213017106,2.826949119567871,-0.07683146744966507,1.0376614332199097,1.0,1.0157946348190308,-0.03557050973176956,0.03239737078547478,0.0,-0.004213476553559303,-0.15923231840133667,-1.051956057548523,-1.0,-1.0325666666030884,0.8875473737716675,-0.7353512644767761,-0.8499999642372131,-0.7425569891929626,-0.1943269819021225,0.952765166759491,1.0,0.950208842754364,-0.16961771249771118,-0.0074990601278841496,0.0,-0.01039358414709568,-0.6157689690589905,-1.0981084108352661,-1.0,-1.126265525817871,-0.8117440938949585,-0.29262012243270874,0.0,-0.2483067810535431
6.153846153846154,1,1,1,0,False,-0.005230158567428589,-0.0004225325246807188,0.02284122258424759,0.07786340266466141,0.02149036154150963,9.737210348248482e-05,0.12724317610263824,-0.01461733691394329,-0.0019009916577488184,-1.1621034145355225,-0.0004225325246807188,1.0619698762893677,0.004938839934766293,-0.396334171295166,-0.0018654741579666734,2.827969551086426,-0.11780599504709244,1.0336642265319824,1.0,1.0092779397964478,0.0020592145156115294,0.03152899444103241,0.0,-0.0063934908248484135,-0.15482544898986816,-1.0489567518234253,-1.0,-1.0326119661331177,0.8920302391052246,-0.7377436757087708,-0.8499999642372131,-0.7429114580154419,-0.1618318259716034,0.9539446234703064,1.0,0.952202320098877,-0.19023191928863525,-0.016877027228474617,0.0,-0.01986660063266754,-0.6172273755073547,-1.0994559526443481,-1.0,-1.1259580850601196,-0.8068863749504089,-0.2934603989124298,0.0,-0.24747565388679504
6.230769230769231,1,1,1,0,False,-0.005256131291389465,-0.0004332068783696741,0.02255742996931076,0.07896443456411362,0.03099338710308075,0.0001943809911608696,0.12645410001277924,-0.014754345640540123,-0.0019010377582162619,-1.1641149520874023,-0.0004332068783696741,1.06220281124115,0.004956965334713459,-0.39679569005966187,-0.0018579544266685843,2.829301118850708,-0.14491455256938934,1.0273905992507935,1.0,1.0020395517349243,0.03356516361236572,0.03187337890267372,0.0,-0.005998293869197369,-0.15244720876216888,-1.0456809997558594,-1.0,-1.0323868989944458,0.8947572112083435,-0.7392697334289551,-0.8499999642372131,-0.7430474758148193,-0.14158891141414642,0.9562878608703613,1.0,0.9552298188209534,-0.20209325850009918,-0.026051854714751244,0.0,-0.028811126947402954,-0.6195363402366638,-1.099771499633789,-1.0,-1.1255062818527222,-0.8061285614967346,-0.2939772605895996,0.0,-0.2463989406824112
6.307692307692308,1,1,1,0,False,-0.005271479487419128,-0.00045052546192891896,0.02234593778848648,0.07991308718919754,0.04026941582560539,0.00027121626771986485,0.12598960101604462,-0.014844918623566628,-0.0019009204115718603,-1.166161060333252,-0.00045052546192891896,1.0613850355148315,0.0049576484598219395,-0.3972090482711792,-0.0018477257108315825,2.8308115005493164,-0.16271311044692993,1.019486665725708,1.0,0.9948216676712036,0.05311239883303642,0.033809930086135864,0.0,-0.00346149830147624,-0.15530075132846832,-1.0426511764526367,-1.0,-1.032052993774414,0.8960548639297485,-0.7400606870651245,-0.8499999642372131,-0.7430389523506165,-0.133181631565094,0.9594427347183228,1.0,0.9587299823760986,-0.2114970088005066,-0.03453311696648598,0.0,-0.036783475428819656,-0.6204808354377747,-1.0996230840682983,-1.0,-1.1251137256622314,-0.8080539703369141,-0.29412826895713806,0.0,-0.2453671395778656
6.384615384615385,1,1,1,0,False,-0.005273714661598206,-0.000471864448627457,0.022180356085300446,0.080680713057518,0.04632322117686272,0.0003123655915260315,0.12591804563999176,-0.014880217611789703,-0.0019006390357390046,-1.1680550575256348,-0.000471864448627457,1.0597842931747437,0.004940747283399105,-0.39757946133613586,-0.0018363631097599864,2.83240008354187,-0.17399068176746368,1.0107784271240234,1.0,0.9881530404090881,0.0640108734369278,0.037106942385435104,0.0,0.00029894919134676456,-0.16578786075115204,-1.0401767492294312,-1.0,-1.0318471193313599,0.8963786363601685,-0.7404636144638062,-0.8499999642372131,-0.7429566383361816,-0.13060462474822998,0.9628456830978394,1.0,0.9621323943138123,-0.2224559187889099,-0.04202335700392723,0.0,-0.04368441924452782,-0.6210262775421143,-1.099425196647644,-1.0,-1.1248219013214111,-0.8111563920974731,-0.2939325273036957,0.0,-0.2445835918188095
6.461538461538462,1,1,1,0,False,-0.005265176296234131,-0.0004948267596773803,0.022036708891391754,0.0812959149479866,0.048580385744571686,0.0004532933235168457,0.12616553902626038,-0.01487340871244669,-0.0019001965411007404,-1.169677495956421,-0.0004948267596773803,1.0577293634414673,0.00491107814013958,-0.3979111313819885,-0.0018250024877488613,2.8340158462524414,-0.17970247566699982,1.002037763595581,1.0,0.982340931892395,0.06909099966287613,0.04123803600668907,0.0,0.0044222562573850155,-0.18276625871658325,-1.0384042263031006,-1.0,-1.032049536705017,0.8958607912063599,-0.7408302426338196,-0.8499999642372131,-0.742854118347168,-0.13059675693511963,0.966021716594696,1.0,0.9650861024856567,-0.23335330188274384,-0.0485258586704731,0.0,-0.049667518585920334,-0.6221264600753784,-1.0994433164596558,-1.0,-1.1246293783187866,-0.8148947358131409,-0.29346156120300293,0.0,-0.24413858354091644
6.538461538461539,1,1,1,0,False,-0.005247637629508972,-0.0005172840901650488,0.02189963310956955,0.08178402483463287,0.047807127237319946,0.000555720180273056,0.12668374180793762,-0.014832568354904652,-0.001899660681374371,-1.1709702014923096,-0.0005172840901650488,1.0555082559585571,0.004872579127550125,-0.3982076644897461,-0.0018144388450309634,2.8356573581695557,-0.18094363808631897,0.9938575625419617,1.0,0.977534294128418,0.07006176561117172,0.045663896948099136,0.0,0.008294537663459778,-0.20260515809059143,-1.0374045372009277,-1.0,-1.0328679084777832,0.8945676684379578,-0.7413888573646545,-0.8499999642372131,-0.7427694797515869,-0.1333295702934265,0.9687039256095886,1.0,0.9674416780471802,-0.24175606667995453,-0.054185640066862106,0.0,-0.05489384010434151,-0.6235958337783813,-1.099849820137024,-1.0,-1.1245343685150146,-0.8190255165100098,-0.292819619178772,0.0,-0.24404582381248474
6.615384615384616,1,1,1,0,False,-0.0052216798067092896,-0.000537628133315593,0.02176215499639511,0.08214511722326279,0.04492902755737305,0.0006300583481788635,0.1274608075618744,-0.014760756865143776,-0.0018990831449627876,-1.1719224452972412,-0.000537628133315593,1.0533417463302612,0.004827401135116816,-0.3984724283218384,-0.0018053643871098757,2.8373591899871826,-0.17967170476913452,0.98663330078125,1.0,0.9737625122070312,0.06734064966440201,0.04994941130280495,0.0,0.011540856212377548,-0.22081582248210907,-1.0371954441070557,-1.0,-1.0343494415283203,0.8926563858985901,-0.7422245144844055,-0.8499999642372131,-0.7427273988723755,-0.1412702053785324,0.9707762002944946,1.0,0.9691309928894043,-0.24612870812416077,-0.059111401438713074,0.0,-0.05941270291805267,-0.6246848702430725,-1.1007413864135742,-1.0,-1.1245272159576416,-0.8232799172401428,-0.292108416557312,0.0,-0.24427653849124908
6.6923076923076925,1,1,1,0,False,-0.005188643932342529,-0.0005543518927879632,0.021622322499752045,0.08238376677036285,0.040631189942359924,0.0006637163460254669,0.12846136093139648,-0.014663086272776127,-0.0018983830232173204,-1.172555685043335,-0.0005543518927879632,1.0513933897018433,0.0047783502377569675,-0.39870917797088623,-0.0017983451252803206,2.8391666412353516,-0.17706120014190674,0.980575680732727,1.0,0.9709619283676147,0.061490099877119064,0.05377579480409622,0.0,0.013956415466964245,-0.23509715497493744,-1.0377146005630493,-1.0,-1.0363670587539673,0.890679657459259,-0.7433184385299683,-0.8499999642372131,-0.7427391409873962,-0.15562833845615387,0.9721623659133911,1.0,0.9700695872306824,-0.2463952749967575,-0.0633130744099617,0.0,-0.06317564845085144,-0.6251369118690491,-1.1021281480789185,-1.0,-1.1245837211608887,-0.8271905779838562,-0.29140350222587585,0.0,-0.24477483332157135
6.76923076923077,1,1,1,0,False,-0.00515235960483551,-0.0005667933146469295,0.02148071676492691,0.08251476287841797,0.03538749739527702,0.0006332062184810638,0.12957197427749634,-0.014553047716617584,-0.0018976879073306918,-1.172910213470459,-0.0005667933146469295,1.0497771501541138,0.004729974549263716,-0.39892083406448364,-0.0017937085358425975,2.8411166667938232,-0.17502601444721222,0.9757362604141235,1.0,0.9689961075782776,0.052841152995824814,0.05691947415471077,0.0,0.015445760451257229,-0.24459078907966614,-1.0388034582138062,-1.0,-1.0386812686920166,0.8890869617462158,-0.7445977926254272,-0.8499999642372131,-0.7428017854690552,-0.17565621435642242,0.9727699160575867,1.0,0.9701539278030396,-0.2430132031440735,-0.0667334645986557,0.0,-0.06610169261693954,-0.6244217753410339,-1.1039255857467651,-1.0,-1.1246627569198608,-0.8304151892662048,-0.2907468378543854,0.0,-0.24546504020690918
6.846153846153847,1,1,1,0,False,-0.005119189620018005,-0.0005748380208387971,0.021338723599910736,0.08256608992815018,0.029642494395375252,0.0005029328167438507,0.1305965632200241,-0.014453312382102013,-0.0018969690427184105,-1.173036813735962,-0.0005748380208387971,1.048563838005066,0.004688674584031105,-0.39911016821861267,-0.001791366026736796,2.8432235717773438,-0.17482389509677887,0.9720311164855957,1.0,0.9676752686500549,0.04298131540417671,0.059237685054540634,0.0,0.015997566282749176,-0.2501471936702728,-1.0402278900146484,-1.0,-1.0410321950912476,0.888375997543335,-0.7459768056869507,-0.8499999642372131,-0.7428988814353943,-0.19823437929153442,0.9725141525268555,1.0,0.9693235754966736,-0.23737972974777222,-0.06930511444807053,0.0,-0.06813570857048035,-0.6225646734237671,-1.1059738397598267,-1.0,-1.1247131824493408,-0.8326289653778076,-0.2901552617549896,0.0,-0.24625957012176514
6.923076923076923,1,1,1,0,False,-0.005095914006233215,-0.0005790320574305952,0.021198399364948273,0.08258704841136932,0.023974306881427765,0.00031502917408943176,0.1313198059797287,-0.014391042292118073,-0.0018963271286338568,-1.172987699508667,-0.0005790320574305952,1.0477687120437622,0.0046608601696789265,-0.39927977323532104,-0.0017908286536112428,2.8454794883728027,-0.17757892608642578,0.9692736268043518,1.0,0.9667770266532898,0.03414658084511757,0.06067516654729843,0.0,0.01570790819823742,-0.2529239058494568,-1.041729211807251,-1.0,-1.0432096719741821,0.8887237310409546,-0.7473704218864441,-0.8499999642372131,-0.7430040836334229,-0.21907518804073334,0.9713842272758484,1.0,0.9676387906074524,-0.23073798418045044,-0.07100537419319153,0.0,-0.06930068135261536,-0.6199403405189514,-1.108080267906189,-1.0,-1.1246901750564575,-0.8336582183837891,-0.28963175415992737,0.0,-0.2470666617155075
7.0,1,1,1,0,False,-0.005086839199066162,-0.0005803403910249472,0.02106264978647232,0.08261161297559738,0.01907222345471382,8.644536137580872e-05,0.13160182535648346,-0.014383059926331043,-0.001895806286484003,-1.1728127002716064,-0.0005803403910249472,1.0473538637161255,0.004650050308555365,-0.3994305729866028,-0.0017913931515067816,2.847856283187866,-0.1827392280101776,0.9672121405601501,1.0,0.9660820364952087,0.02827576734125614,0.061283230781555176,0.0,0.014791336841881275,-0.25543656945228577,-1.043089509010315,-1.0,-1.0450975894927979,0.8898738622665405,-0.7486915588378906,-0.8499999642372131,-0.7430884838104248,-0.23493626713752747,0.9695004820823669,1.0,0.9653099775314331,-0.2234424352645874,-0.07188478112220764,0.0,-0.06968716531991959,-0.6172910332679749,-1.1100716590881348,-1.0,-1.1245697736740112,-0.8335878252983093,-0.28917044401168823,0.0,-0.24780011177062988
7.0769230769230775,1,1,1,0,False,-0.005092740058898926,-0.00057993084192276,0.02093558758497238,0.0826571062207222,0.015521802008152008,2.3851171135902405e-05,0.131415456533432,-0.014431416057050228,-0.0018954072147607803,-1.1725525856018066,-0.00057993084192276,1.0472232103347778,0.0046559409238398075,-0.3995650112628937,-0.0017923593986779451,2.8503189086914062,-0.18943846225738525,0.9655779004096985,1.0,0.9654114842414856,0.026195218786597252,0.06121869012713432,0.0,0.013546254485845566,-0.2587697207927704,-1.0441830158233643,-1.0,-1.0466864109039307,0.8912994265556335,-0.7498599886894226,-0.8499999642372131,-0.7431333065032959,-0.24433094263076782,0.9671096205711365,1.0,0.9626513123512268,-0.2157336324453354,-0.0720391795039177,0.0,-0.0694098249077797,-0.6150947213172913,-1.1118314266204834,-1.0,-1.124358057975769,-0.8328219056129456,-0.2887597382068634,0.0,-0.2483944296836853
7.153846153846154,1,1,1,0,False,-0.0051103681325912476,-0.0005788645357824862,0.020821548998355865,0.08271772414445877,0.013570533134043217,2.7907080948352814e-05,0.13086339831352234,-0.014520484022796154,-0.0018952329410240054,-1.1722347736358643,-0.0005788645357824862,1.0472489595413208,0.004674367140978575,-0.3996843099594116,-0.0017933085327968001,2.8528330326080322,-0.19662676751613617,0.9641324877738953,1.0,0.9646556973457336,0.027992676943540573,0.060714080929756165,0.0,0.01229260116815567,-0.26297253370285034,-1.0449919700622559,-1.0,-1.0480364561080933,0.8925947546958923,-0.7508143186569214,-0.8499999642372131,-0.7431334853172302,-0.2472522109746933,0.964531421661377,1.0,0.9600092172622681,-0.2078862488269806,-0.07158280164003372,0.0,-0.06859049946069717,-0.6137231588363647,-1.1133161783218384,-1.0,-1.1240838766098022,-0.8319575190544128,-0.2883840799331665,0.0,-0.24881981313228607
7.230769230769231,1,1,1,0,False,-0.005133986473083496,-0.0005778293125331402,0.020724184811115265,0.08277181535959244,0.013114328496158123,1.7192214727401733e-05,0.13012777268886566,-0.01462556142359972,-0.0018951743841171265,-1.1718745231628418,-0.0005778293125331402,1.0473002195358276,0.0046989028342068195,-0.39979028701782227,-0.0017938074888661504,2.8553659915924072,-0.20341548323631287,0.9627020955085754,1.0,0.9637747406959534,0.033094678074121475,0.06002923473715782,0.0,0.011311935260891914,-0.26757103204727173,-1.045583963394165,-1.0,-1.0492243766784668,0.8935607671737671,-0.7515193223953247,-0.8499999642372131,-0.743095874786377,-0.24500325322151184,0.9620864987373352,1.0,0.957687497138977,-0.20028653740882874,-0.07063382118940353,0.0,-0.06734888255596161,-0.6132157444953918,-1.1145477294921875,-1.0,-1.12378990650177,-0.831469714641571,-0.2880261242389679,0.0,-0.2490880787372589
7.307692307692308,1,1,1,0,False,-0.005156725645065308,-0.0005771825090050697,0.020645372569561005,0.0827905535697937,0.01382403913885355,1.7797574400901794e-05,0.1294241100549698,-0.014718601480126381,-0.0018952646059915423,-1.1714746952056885,-0.0005771825090050697,1.0472723245620728,0.00472227344289422,-0.3998846411705017,-0.0017939041135832667,2.8578908443450928,-0.2089838981628418,0.9611859917640686,1.0,0.9627881646156311,0.04048040881752968,0.059402842074632645,0.0,0.010804656893014908,-0.27208924293518066,-1.046063780784607,-1.0,-1.050311803817749,0.8941572904586792,-0.7519689202308655,-0.8499999642372131,-0.7430341243743896,-0.23958639800548553,0.9600312113761902,1.0,0.9558914303779602,-0.19308675825595856,-0.06930818408727646,0.0,-0.06580164283514023,-0.6135497093200684,-1.115586519241333,-1.0,-1.1235207319259644,-0.831488847732544,-0.28767257928848267,0.0,-0.2492413967847824
7.384615384615385,1,1,1,0,False,-0.005173027515411377,-0.0005770380957983434,0.020584844052791595,0.08275523036718369,0.015205875970423222,2.2368039935827255e-05,0.12892383337020874,-0.01477834302932024,-0.0018953065155074,-1.171027421951294,-0.0005770380957983434,1.047098994255066,0.004738782532513142,-0.399969220161438,-0.0017936398508027196,2.8603789806365967,-0.21277044713497162,0.959550678730011,1.0,0.9617531895637512,0.04911136254668236,0.059018325060606,0.0,0.010869068093597889,-0.2763756215572357,-1.0465312004089355,-1.0,-1.051332712173462,0.8945164680480957,-0.7521840929985046,-0.8499999642372131,-0.7429625988006592,-0.23264722526073456,0.9585185050964355,1.0,0.9547064304351807,-0.18661513924598694,-0.06771670281887054,0.0,-0.06405645608901978,-0.6146351099014282,-1.1165043115615845,-1.0,-1.1233121156692505,-0.8319374322891235,-0.2873150706291199,0.0,-0.24933286011219025
7.461538461538462,1,1,1,0,False,-0.0051798224449157715,-0.0005774369928985834,0.02054009586572647,0.0826571062207222,0.0167289637029171,2.3276079446077347e-05,0.1287197768688202,-0.01479447353631258,-0.0018954870756715536,-1.1705186367034912,-0.0005774369928985834,1.0467592477798462,0.004745167680084705,-0.40004444122314453,-0.0017932264599949121,2.862804412841797,-0.21476806700229645,0.9578158855438232,1.0,0.9607425332069397,0.057921476662158966,0.05898541584610939,0.0,0.011504665948450565,-0.2805752754211426,-1.0470525026321411,-1.0,-1.0523011684417725,0.8947505354881287,-0.7522085905075073,-0.8499999642372131,-0.7428918480873108,-0.22537346184253693,0.9575905799865723,1.0,0.9541136622428894,-0.18110139667987823,-0.06596095860004425,0.0,-0.06221035495400429,-0.6162708401679993,-1.1173617839813232,-1.0,-1.1231868267059326,-0.8326687216758728,-0.2869480848312378,0.0,-0.2494092732667923
7.538461538461539,1,1,1,0,False,-0.005176633596420288,-0.0005783155211247504,0.020507238805294037,0.08250391483306885,0.01796131767332554,0.00012082979083061218,0.12882481515407562,-0.01476783026009798,-0.0018955308478325605,-1.169931173324585,-0.0005783155211247504,1.0462647676467896,0.004740995354950428,-0.4001116156578064,-0.001792584778741002,2.865142345428467,-0.21485505998134613,0.9560384750366211,1.0,0.9598360657691956,0.06634288281202316,0.059342410415410995,0.0,0.01263763289898634,-0.28532829880714417,-1.0476584434509277,-1.0,-1.053234338760376,0.8949354887008667,-0.7521004676818848,-0.8499999642372131,-0.742827296257019,-0.21795646846294403,0.9572076797485352,1.0,0.9540364742279053,-0.17680193483829498,-0.06413870304822922,0.0,-0.06036224961280823,-0.6184058785438538,-1.1182022094726562,-1.0,-1.123159646987915,-0.8335838913917542,-0.2865680456161499,0.0,-0.24950137734413147
7.615384615384616,1,1,1,0,False,-0.005164399743080139,-0.0005796323530375957,0.02048180252313614,0.08230622857809067,0.018656723201274872,0.0002370588481426239,0.1292097419500351,-0.014704633504152298,-0.001895547960884869,-1.169250726699829,-0.0005796323530375957,1.0456498861312866,0.004727270919829607,-0.40017175674438477,-0.0017917684745043516,2.8673722743988037,-0.21300974488258362,0.9542988538742065,1.0,0.959104597568512,0.07386311143636703,0.06007145717740059,0.0,0.014149709604680538,-0.2909170687198639,-1.0483590364456177,-1.0,-1.0541620254516602,0.8950626254081726,-0.7519215941429138,-0.8499999642372131,-0.7427712082862854,-0.21067529916763306,0.9572878479957581,1.0,0.9543759822845459,-0.1736518293619156,-0.06234399601817131,0.0,-0.05860057473182678,-0.6209293007850647,-1.1190578937530518,-1.0,-1.123235821723938,-0.8345986008644104,-0.28617385029792786,0.0,-0.2496255487203598
7.6923076923076925,1,1,1,0,False,-0.0051448047161102295,-0.0005813586176373065,0.02045946568250656,0.08208335191011429,0.018718957901000977,0.0003305263817310333,0.1298232227563858,-0.01461367029696703,-0.0018954540137201548,-1.1684677600860596,-0.0005813586176373065,1.044958472251892,0.004705668427050114,-0.4002259373664856,-0.001790892449207604,2.869481086730957,-0.20932407677173615,0.9526894092559814,1.0,0.9586041569709778,0.08011119067668915,0.06111548840999603,0.0,0.015901828184723854,-0.29722321033477783,-1.0491583347320557,-1.0,-1.0551173686981201,0.895072877407074,-0.7517275810241699,-0.8499999642372131,-0.7427244782447815,-0.20392735302448273,0.9577344655990601,1.0,0.9550296068191528,-0.17143650352954865,-0.06065695360302925,0.0,-0.05699345842003822,-0.6236867904663086,-1.119958519935608,-1.0,-1.1234129667282104,-0.8356724977493286,-0.28576740622520447,0.0,-0.24978765845298767
7.76923076923077,1,1,1,0,False,-0.005119353532791138,-0.0005832639872096479,0.02043665200471878,0.08183945715427399,0.018142016604542732,0.0003997795283794403,0.13062047958374023,-0.014501535333693027,-0.001895264140330255,-1.1675817966461182,-0.0005832639872096479,1.04423987865448,0.004677972756326199,-0.40027445554733276,-0.0017900420352816582,2.8714656829833984,-0.20409753918647766,0.9513030648231506,1.0,0.9583740830421448,0.08481749892234802,0.06239208206534386,0.0,0.017751343548297882,-0.30379819869995117,-1.0500593185424805,-1.0,-1.0561274290084839,0.8949189782142639,-0.7515619397163391,-0.8499999642372131,-0.7426883578300476,-0.19822043180465698,0.9584487676620483,1.0,0.9558965563774109,-0.16994892060756683,-0.05913570150732994,0.0,-0.05558324605226517,-0.6264646649360657,-1.120930790901184,-1.0,-1.1236811876296997,-0.8367698788642883,-0.285352885723114,0.0,-0.24998696148395538
7.846153846153847,1,1,1,0,False,-0.005089506506919861,-0.0005851145833730698,0.020410798490047455,0.08158459514379501,0.016960998997092247,0.00044288113713264465,0.13155794143676758,-0.014374583959579468,-0.0018949940567836165,-1.1666007041931152,-0.0005851145833730698,1.0435396432876587,0.004645884968340397,-0.4003179371356964,-0.0017894303891807795,2.8733317852020264,-0.19776912033557892,0.9502208828926086,1.0,0.9584323167800903,0.08785661309957504,0.06380385160446167,0.0,0.01956392079591751,-0.31003931164741516,-1.051059365272522,-1.0,-1.0571990013122559,0.8946037292480469,-0.7514534592628479,-0.8499999642372131,-0.7426644563674927,-0.19396191835403442,0.9593320488929749,1.0,0.9568760395050049,-0.16907480359077454,-0.05781373754143715,0.0,-0.05438844487071037,-0.629044234752655,-1.1219923496246338,-1.0,-1.1240237951278687,-0.8378430604934692,-0.28493550419807434,0.0,-0.2502184510231018
7.923076923076923,1,1,1,0,False,-0.005056828260421753,-0.0005865246639586985,0.02038010209798813,0.08132527023553848,0.01524108275771141,0.00046951696276664734,0.1325882077217102,-0.014239062555134296,-0.0018945862539112568,-1.1655421257019043,-0.0005865246639586985,1.0429054498672485,0.00461134547367692,-0.400357186794281,-0.0017891234019771218,2.875089645385742,-0.1907796412706375,0.9495006203651428,1.0,0.9587745070457458,0.08939193189144135,0.06524774432182312,0.0,0.021224675700068474,-0.3154755234718323,-1.0521423816680908,-1.0,-1.0583142042160034,0.8941898941993713,-0.7514176368713379,-0.8499999642372131,-0.7426542043685913,-0.1911611258983612,0.9602878093719482,1.0,0.9578738212585449,-0.16890347003936768,-0.05670482665300369,0.0,-0.05341397598385811,-0.6312847137451172,-1.1231467723846436,-1.0,-1.1244174242019653,-0.8388088941574097,-0.28452068567276,0.0,-0.25047406554222107
8.0,1,1,1,0,False,-0.005022972822189331,-0.000587307964451611,0.020343609154224396,0.08107100427150726,0.013110329397022724,0.0004593469202518463,0.13366052508354187,-0.014101197011768818,-0.0018942054593935609,-1.1644251346588135,-0.000587307964451611,1.0423742532730103,0.0045762131921947,-0.4003920555114746,-0.0017894164193421602,2.8767545223236084,-0.18395747244358063,0.9491690397262573,1.0,0.95937180519104,0.08968397974967957,0.06662622094154358,0.0,0.02264924719929695,-0.31967318058013916,-1.0532737970352173,-1.0,-1.0594348907470703,0.8937591314315796,-0.751457929611206,-0.8499999642372131,-0.7426577210426331,-0.1897743046283722,0.9612295031547546,1.0,0.9588097929954529,-0.1691782921552658,-0.055811986327171326,0.0,-0.05265546962618828,-0.6330514550209045,-1.1243776082992554,-1.0,-1.1248351335525513,-0.8396317362785339,-0.2841136157512665,0.0,-0.250742644071579
8.076923076923077,1,1,1,0,False,-0.0049897730350494385,-0.0005872593610547483,0.02030137926340103,0.0808270126581192,0.010748901404440403,0.00043682754039764404,0.13471712172031403,-0.013967890292406082,-0.001893710345029831,-1.1632716655731201,-0.0005872593610547483,1.041972279548645,0.004542522132396698,-0.40042412281036377,-0.0017902149120345712,2.878343343734741,-0.17756947875022888,0.9492177367210388,1.0,0.9601747393608093,0.08931431174278259,0.0678599402308464,0.0,0.023792171850800514,-0.3225405216217041,-1.0544061660766602,-1.0,-1.0605131387710571,0.8934179544448853,-0.7515665292739868,-0.8499999642372131,-0.7426728010177612,-0.18914341926574707,0.962087869644165,1.0,0.9596281051635742,-0.1701863557100296,-0.055130623281002045,0.0,-0.052107274532318115,-0.6343554258346558,-1.1256513595581055,-1.0,-1.1252517700195312,-0.8402270078659058,-0.2837195098400116,0.0,-0.2510107755661011
8.153846153846155,1,1,1,0,False,-0.0049587637186050415,-0.0005863775149919093,0.02025388926267624,0.08060523867607117,0.008360607549548149,0.0004048645496368408,0.13570857048034668,-0.013845166191458702,-0.0018932184902951121,-1.1621103286743164,-0.0005863775149919093,1.0417131185531616,0.004511847160756588,-0.4004521369934082,-0.0017915185308083892,2.8798623085021973,-0.17218618094921112,0.9495992064476013,1.0,0.9611172080039978,0.08877713978290558,0.06889406591653824,0.0,0.024649808183312416,-0.3241334557533264,-1.0554813146591187,-1.0,-1.0614975690841675,0.8932569026947021,-0.7517257928848267,-0.8499999642372131,-0.7426953315734863,-0.18886788189411163,0.9628193378448486,1.0,0.9603021740913391,-0.1715516448020935,-0.05465357005596161,0.0,-0.05175933614373207,-0.6353204250335693,-1.1269259452819824,-1.0,-1.1256450414657593,-0.8405307531356812,-0.2833453118801117,0.0,-0.2512635886669159
8.230769230769232,1,1,1,0,False,-0.004931151866912842,-0.000584807654377073,0.02020234614610672,0.08041402697563171,0.0061571053229272366,0.00034069642424583435,0.13659518957138062,-0.013737320899963379,-0.0018926940392702818,-1.1609606742858887,-0.000584807654377073,1.0415912866592407,0.0044853342697024345,-0.40047723054885864,-0.0017931016627699137,2.8813178539276123,-0.16789647936820984,0.9502367973327637,1.0,0.9621229767799377,0.08872228860855103,0.06970936805009842,0.0,0.025258522480726242,-0.32472527027130127,-1.0564417839050293,-1.0,-1.0623457431793213,0.8933528661727905,-0.7519119381904602,-0.8499999642372131,-0.7427191734313965,-0.18802951276302338,0.9634105563163757,1.0,0.9608350396156311,-0.1737777590751648,-0.054370298981666565,0.0,-0.05159845948219299,-0.636005163192749,-1.128152847290039,-1.0,-1.1259992122650146,-0.8405104875564575,-0.28299596905708313,0.0,-0.2514859139919281
8.307692307692308,1,1,1,0,False,-0.0049074143171310425,-0.0005827767890878022,0.02014835923910141,0.0802587941288948,0.004328274168074131,0.0002808868885040283,0.13736024498939514,-0.013646361418068409,-0.001892213011160493,-1.1598460674285889,-0.0005827767890878022,1.0415867567062378,0.004463221877813339,-0.4004996418952942,-0.0017949114553630352,2.8827106952667236,-0.16521042585372925,0.9510388374328613,1.0,0.9631221294403076,0.08936633169651031,0.07032107561826706,0.0,0.02568870037794113,-0.32437002658843994,-1.057244062423706,-1.0,-1.063033103942871,0.8936423063278198,-0.7520993947982788,-0.8499999642372131,-0.7427384257316589,-0.18692615628242493,0.9638770818710327,1.0,0.9612619280815125,-0.1755259484052658,-0.05427076667547226,0.0,-0.0516180694103241,-0.6367085576057434,-1.1292904615402222,-1.0,-1.1263078451156616,-0.8402808308601379,-0.28267428278923035,0.0,-0.25166359543800354
8.384615384615385,1,1,1,0,False,-0.004887208342552185,-0.0005804976099170744,0.020093776285648346,0.08013454079627991,0.0029867554549127817,0.00024238601326942444,0.13801361620426178,-0.013570193201303482,-0.0018917846027761698,-1.158775806427002,-0.0005804976099170744,1.0416666269302368,0.004444940015673637,-0.4005194306373596,-0.001796674681827426,2.8840432167053223,-0.1630692034959793,0.951914370059967,1.0,0.9640594124794006,0.09117592871189117,0.0707748532295227,0.0,0.026029985398054123,-0.323734313249588,-1.0578666925430298,-1.0,-1.0635541677474976,0.8941067457199097,-0.7522618174552917,-0.8499999642372131,-0.7427476048469543,-0.1842249482870102,0.9642622470855713,1.0,0.9616380333900452,-0.17823001742362976,-0.05434687063097954,0.0,-0.051806576550006866,-0.6374210715293884,-1.1303112506866455,-1.0,-1.1265746355056763,-0.8398565053939819,-0.2823798954486847,0.0,-0.25178763270378113
8.461538461538462,1,1,1,0,False,-0.004869624972343445,-0.0005781887448392808,0.020040161907672882,0.08003917336463928,0.0021521400194615126,0.0001992844045162201,0.13858385384082794,-0.013504637405276299,-0.0018913032254204154,-1.157759666442871,-0.0005781887448392808,1.0417927503585815,0.004429441876709461,-0.4005369544029236,-0.001798201003111899,2.8853113651275635,-0.1615830808877945,0.9527812004089355,1.0,0.964897871017456,0.09401272982358932,0.07113562524318695,0.0,0.026373036205768585,-0.3229392468929291,-1.0583082437515259,-1.0,-1.0639196634292603,0.8946609497070312,-0.7523781061172485,-0.8499999642372131,-0.7427435517311096,-0.18036095798015594,0.9646214842796326,1.0,0.9620230197906494,-0.1810937374830246,-0.05458376556634903,0.0,-0.05214625597000122,-0.638294517993927,-1.13120436668396,-1.0,-1.126809000968933,-0.8393470048904419,-0.28210997581481934,0.0,-0.25185516476631165
8.538461538461538,1,1,1,0,False,-0.004853472113609314,-0.000576156482566148,0.019988708198070526,0.07996757328510284,0.0017867597052827477,0.00019613653421401978,0.13910910487174988,-0.013444864191114902,-0.0018909248756244779,-1.1568021774291992,-0.000576156482566148,1.0419248342514038,0.004415190313011408,-0.4005528688430786,-0.0017995359376072884,2.8865110874176025,-0.16061589121818542,0.953577995300293,1.0,0.9656210541725159,0.09758270531892776,0.07147477567195892,0.0,0.026793716475367546,-0.32213476300239563,-1.0585875511169434,-1.0,-1.0641523599624634,0.8952248096466064,-0.7524363994598389,-0.8499999642372131,-0.742725670337677,-0.17577341198921204,0.9650105237960815,1.0,0.9624704718589783,-0.18376988172531128,-0.05496339872479439,0.0,-0.052617330104112625,-0.6393646597862244,-1.1319748163223267,-1.0,-1.127023458480835,-0.838847279548645,-0.2818603515625,0.0,-0.2518702447414398
8.615384615384617,1,1,1,0,False,-0.004837706685066223,-0.0005748136900365353,0.019940130412578583,0.07991383224725723,0.0018046704353764653,0.00020751729607582092,0.13962313532829285,-0.013386458158493042,-0.0018907557241618633,-1.1559031009674072,-0.0005748136900365353,1.0420340299606323,0.004400676116347313,-0.40056711435317993,-0.0018007928738370538,2.8876383304595947,-0.15959447622299194,0.9542672634124756,1.0,0.9662290811538696,0.10160475224256516,0.07185684889554977,0.0,0.027339672669768333,-0.3215792775154114,-1.0587363243103027,-1.0,-1.0642807483673096,0.8957658410072327,-0.7524347901344299,-0.8499999642372131,-0.7426953911781311,-0.17027994990348816,0.9654751420021057,1.0,0.9630159139633179,-0.1869012862443924,-0.055464718490839005,0.0,-0.05319726839661598,-0.6405125260353088,-1.132638931274414,-1.0,-1.1272294521331787,-0.8384090065956116,-0.2816263437271118,0.0,-0.2518424093723297
8.692307692307693,1,1,1,0,False,-0.0048212409019470215,-0.000573690515011549,0.019894428551197052,0.07986902445554733,0.0020933360792696476,0.00022083520889282227,0.14016155898571014,-0.013324756175279617,-0.0018904039170593023,-1.1550581455230713,-0.000573690515011549,1.0420972108840942,0.004385344684123993,-0.40057921409606934,-0.001801544800400734,2.8886923789978027,-0.158529132604599,0.9548352956771851,1.0,0.9667360186576843,0.10566405206918716,0.0723283514380455,0.0,0.028026165440678596,-0.32136690616607666,-1.0587882995605469,-1.0,-1.0643376111984253,0.8962278962135315,-0.7523826956748962,-0.8499999642372131,-0.7426558136940002,-0.16439487040042877,0.9660429358482361,1.0,0.9636778235435486,-0.19020065665245056,-0.056068070232868195,0.0,-0.05386858433485031,-0.6416797637939453,-1.133217453956604,-1.0,-1.1274356842041016,-0.8380716443061829,-0.28140366077423096,0.0,-0.2517843544483185
8.76923076923077,1,1,1,0,False,-0.004803642630577087,-0.0005731063429266214,0.019851304590702057,0.0798286721110344,0.002492728177458048,0.00024117529392242432,0.14073872566223145,-0.01325836218893528,-0.0018901550211012363,-1.154263973236084,-0.0005731063429266214,1.0421048402786255,0.004368392284959555,-0.40059059858322144,-0.0018020988209173083,2.889671564102173,-0.1573205590248108,0.9552862048149109,1.0,0.9671630263328552,0.10934572666883469,0.0729132816195488,0.0,0.028837092220783234,-0.3215464949607849,-1.058779001235962,-1.0,-1.0643543004989624,0.8965825438499451,-0.752297043800354,-0.8499999642372131,-0.7426110506057739,-0.15851575136184692,0.9667243361473083,1.0,0.9644548296928406,-0.19356128573417664,-0.05675695836544037,0.0,-0.05461817979812622,-0.642819344997406,-1.1337345838546753,-1.0,-1.1276464462280273,-0.8378473520278931,-0.281191349029541,0.0,-0.2517092823982239
8.846153846153847,1,1,1,0,False,-0.004784867167472839,-0.0005729197873733938,0.019810102880001068,0.07979054003953934,0.0028490214608609676,0.00025255605578422546,0.1413564234972,-0.013187309727072716,-0.001889844541437924,-1.1535148620605469,-0.0005729197873733938,1.0420562028884888,0.0043498617596924305,-0.4006001353263855,-0.0018024498131126165,2.8905794620513916,-0.15565314888954163,0.9556404948234558,1.0,0.9675358533859253,0.11251264065504074,0.0736112892627716,0.0,0.02973276935517788,-0.32225900888442993,-1.0587382316589355,-1.0,-1.064360499382019,0.8968263268470764,-0.752200186252594,-0.8499999642372131,-0.7425645589828491,-0.15255872905254364,0.9675123691558838,1.0,0.9653323292732239,-0.19735978543758392,-0.057520460337400436,0.0,-0.05543902888894081,-0.6438668966293335,-1.134210467338562,-1.0,-1.1278610229492188,-0.8376818299293518,-0.28098833560943604,0.0,-0.25162920355796814
8.923076923076923,1,1,1,0,False,-0.0047652870416641235,-0.0005730612319894135,0.019770018756389618,0.07976137101650238,0.0030570970848202705,0.00028112903237342834,0.14200273156166077,-0.013114062137901783,-0.0018895023968070745,-1.1528065204620361,-0.0005730612319894135,1.041960597038269,0.004330229479819536,-0.40060967206954956,-0.0018025506287813187,2.8914225101470947,-0.15410014986991882,0.9559277892112732,1.0,0.9678758382797241,0.11487001925706863,0.0744016245007515,0.0,0.030660150572657585,-0.3232904374599457,-1.0586888790130615,-1.0,-1.0643820762634277,0.8969442248344421,-0.7521144151687622,-0.8499999642372131,-0.7425204515457153,-0.14709284901618958,0.9683895707130432,1.0,0.9662845730781555,-0.201223686337471,-0.058351702988147736,0.0,-0.05632154271006584,-0.6446466445922852,-1.1346620321273804,-1.0,-1.128074288368225,-0.8376774787902832,-0.28079426288604736,0.0,-0.2515536844730377
9.0,1,1,1,0,False,-0.004745379090309143,-0.0005735185113735497,0.019730351865291595,0.07973667979240417,0.003095401916652918,0.0002728961408138275,0.1426621526479721,-0.013040154241025448,-0.0018892271909862757,-1.1521410942077637,-0.0005735185113735497,1.041828989982605,0.004309897311031818,-0.4006171226501465,-0.0018026699544861913,2.8922061920166016,-0.1524886041879654,0.956176221370697,1.0,0.9681982398033142,0.1163015142083168,0.0752493292093277,0.0,0.031560204923152924,-0.324476420879364,-1.0586464405059814,-1.0,-1.064435601234436,0.8969454169273376,-0.7520592212677002,-0.8499999642372131,-0.74248206615448,-0.14235883951187134,0.9693267345428467,1.0,0.9672781825065613,-0.20503488183021545,-0.059241101145744324,0.0,-0.057259172201156616,-0.6452359557151794,-1.1351016759872437,-1.0,-1.128279447555542,-0.8377017378807068,-0.2806128263473511,0.0,-0.2514898180961609
9.076923076923077,1,1,1,0,False,-0.0047256797552108765,-0.0005740146734751761,0.019690759479999542,0.07971721887588501,0.00292788608931005,0.00026732683181762695,0.14331689476966858,-0.012968158349394798,-0.0018888318445533514,-1.151517629623413,-0.0005740146734751761,1.0416783094406128,0.004289758391678333,-0.40062424540519714,-0.0018026905599981546,2.8929409980773926,-0.1509607434272766,0.9564118385314941,1.0,0.9685134291648865,0.11689148098230362,0.07611056417226791,0.0,0.03237749636173248,-0.32566091418266296,-1.0586189031600952,-1.0,-1.0645267963409424,0.8968590497970581,-0.7520485520362854,-0.8499999642372131,-0.7424514889717102,-0.13837206363677979,0.9702906608581543,1.0,0.9682772159576416,-0.20891126990318298,-0.06018358841538429,0.0,-0.05824718624353409,-0.6455540060997009,-1.135534405708313,-1.0,-1.1284674406051636,-0.8377638459205627,-0.2804465889930725,0.0,-0.2514406144618988
9.153846153846155,1,1,1,0,False,-0.004706874489784241,-0.0005745597300119698,0.019651003181934357,0.07970748841762543,0.0025823856703937054,0.00025546178221702576,0.14394399523735046,-0.01290108822286129,-0.0018884952878579497,-1.1509387493133545,-0.0005745597300119698,1.0415257215499878,0.004270503763109446,-0.4006314277648926,-0.0018027173355221748,2.89363694190979,-0.14962375164031982,0.9566545486450195,1.0,0.9688234329223633,0.11677941679954529,0.07693970203399658,0.0,0.0330679789185524,-0.3266667425632477,-1.058606505393982,-1.0,-1.0646522045135498,0.8967251777648926,-0.7520899772644043,-0.8499999642372131,-0.7424296140670776,-0.13518168032169342,0.9712467193603516,1.0,0.9692460298538208,-0.21276338398456573,-0.06117348372936249,0.0,-0.05927862972021103,-0.6456134915351868,-1.1359591484069824,-1.0,-1.12863028049469,-0.8378308415412903,-0.28029710054397583,0.0,-0.25140658020973206
9.230769230769232,1,1,1,0,False,-0.0046897828578948975,-0.0005751499556936324,0.01961120218038559,0.07971048355102539,0.0021164973732084036,0.0002360902726650238,0.14451570808887482,-0.012842221185564995,-0.0018882513977587223,-1.150407075881958,-0.0005751499556936324,1.0413814783096313,0.004252857994288206,-0.40063703060150146,-0.0018028754275292158,2.894303560256958,-0.14859947562217712,0.9569132924079895,1.0,0.9691235423088074,0.11612702161073685,0.07769589126110077,0.0,0.033603888005018234,-0.3273104131221771,-1.0586016178131104,-1.0,-1.064799189567566,0.8965922594070435,-0.7521829605102539,-0.8499999642372131,-0.7424164414405823,-0.13279187679290771,0.9721611738204956,1.0,0.9701523780822754,-0.2165880799293518,-0.06220318749547005,0.0,-0.06034441292285919,-0.6454320549964905,-1.1363698244094849,-1.0,-1.1287610530853271,-0.8378691673278809,-0.28016629815101624,0.0,-0.2513855993747711
9.307692307692308,1,1,1,0,False,-0.0046749114990234375,-0.0005756835453212261,0.019571565091609955,0.07972844690084457,0.001600197865627706,0.00019904226064682007,0.14501453936100006,-0.012793454341590405,-0.001888012164272368,-1.1499273777008057,-0.0005756835453212261,1.0412567853927612,0.004237468354403973,-0.4006417989730835,-0.0018030914943665266,2.894947052001953,-0.14817437529563904,0.9571866989135742,1.0,0.9694042801856995,0.11512300372123718,0.07834766805171967,0.0,0.03397578001022339,-0.3274194896221161,-1.0585917234420776,-1.0,-1.0649495124816895,0.8964831829071045,-0.7523214221000671,-0.8499999642372131,-0.7424105405807495,-0.13132762908935547,0.9730051755905151,1.0,0.9709707498550415,-0.22006109356880188,-0.06326324492692947,0.0,-0.06143331155180931,-0.6450570821762085,-1.1367565393447876,-1.0,-1.1288549900054932,-0.8378790616989136,-0.2800544798374176,0.0,-0.25137385725975037
9.384615384615385,1,1,1,0,False,-0.004662543535232544,-0.0005760025233030319,0.019532687962055206,0.0797598734498024,0.0011601211735978723,0.00015787780284881592,0.1454303115606308,-0.012755570001900196,-0.0018877123948186636,-1.1495006084442139,-0.0005760025233030319,1.041155457496643,0.00422490481287241,-0.40064626932144165,-0.001803235150873661,2.895581007003784,-0.14771080017089844,0.9574654698371887,1.0,0.9696587920188904,0.11422732472419739,0.07887748628854752,0.0,0.03419462963938713,-0.3273524343967438,-1.0585626363754272,-1.0,-1.0650851726531982,0.8964670896530151,-0.7524937391281128,-0.8499999642372131,-0.7424095273017883,-0.13002894818782806,0.9737591743469238,1.0,0.97169029712677,-0.22349055111408234,-0.06434431672096252,0.0,-0.06253866106271744,-0.6447056531906128,-1.13710618019104,-1.0,-1.1289113759994507,-0.8377733826637268,-0.27996182441711426,0.0,-0.2513655126094818
9.461538461538462,1,1,1,0,False,-0.004652842879295349,-0.0005761565989814699,0.01949486881494522,0.079802505671978,0.0008867504075169563,0.00013148412108421326,0.14575709402561188,-0.012728805653750896,-0.0018874978413805366,-1.1491265296936035,-0.0005761565989814699,1.0410786867141724,0.004215066786855459,-0.4006503224372864,-0.0018034635577350855,2.896202564239502,-0.14763370156288147,0.9577376246452332,1.0,0.9698734879493713,0.11349604278802872,0.07928194850683212,0.0,0.03428582847118378,-0.32685840129852295,-1.0585002899169922,-1.0,-1.0651895999908447,0.896511971950531,-0.752685010433197,-0.8499999642372131,-0.7424114942550659,-0.1289687156677246,0.9744157195091248,1.0,0.972303032875061,-0.22700102627277374,-0.0654338151216507,0.0,-0.06363872438669205,-0.6441530585289001,-1.1374095678329468,-1.0,-1.1289327144622803,-0.8376366496086121,-0.2798827886581421,0.0,-0.2513560652732849
9.538461538461538,1,1,1,0,False,-0.00464591383934021,-0.0005762619548477232,0.019458435475826263,0.07985856384038925,0.0008645311463624239,9.153038263320923e-05,0.145990788936615,-0.01271332148462534,-0.0018872539512813091,-1.1488025188446045,-0.0005762619548477232,1.0410221815109253,0.004208143800497055,-0.400655061006546,-0.0018036139663308859,2.896805763244629,-0.14817993342876434,0.9579856395721436,1.0,0.9700371026992798,0.11292031407356262,0.07957093417644501,0.0,0.03428437560796738,-0.3258994221687317,-1.0583959817886353,-1.0,-1.065250277519226,0.8966418504714966,-0.7528802752494812,-0.8499999642372131,-0.7424123883247375,-0.12856532633304596,0.9749683141708374,1.0,0.9728088974952698,-0.22980952262878418,-0.0665096715092659,0.0,-0.0647105723619461,-0.6436493396759033,-1.137662649154663,-1.0,-1.1289243698120117,-0.8374622464179993,-0.27981600165367126,0.0,-0.2513420283794403
9.615384615384617,1,1,1,0,False,-0.004641324281692505,-0.0005763315130025148,0.01942410320043564,0.07992652803659439,0.0009486431372351944,5.5693089962005615e-05,0.1461457908153534,-0.012707112357020378,-0.0018870673375204206,-1.1485283374786377,-0.0005763315130025148,1.0409773588180542,0.004203600808978081,-0.40065810084342957,-0.0018037137342616916,2.8973965644836426,-0.14842158555984497,0.9581894874572754,1.0,0.9701482057571411,0.11280009150505066,0.07976570725440979,0.0,0.034227557480335236,-0.32502618432044983,-1.0582466125488281,-1.0,-1.0652610063552856,0.8968753814697266,-0.7530644536018372,-0.8499999642372131,-0.7424104809761047,-0.1277950555086136,0.9754214286804199,1.0,0.9732180833816528,-0.23261214792728424,-0.06755446642637253,0.0,-0.06574214994907379,-0.6432914733886719,-1.1378620862960815,-1.0,-1.1288926601409912,-0.8372100591659546,-0.27976083755493164,0.0,-0.25131961703300476
9.692307692307693,1,1,1,0,False,-0.004638746380805969,-0.0005764344241470098,0.019392021000385284,0.08000338077545166,0.0010296546388417482,3.6563724279403687e-05,0.14623288810253143,-0.0127085130661726,-0.0018868788611143827,-1.1483001708984375,-0.0005764344241470098,1.0409387350082397,0.004201069474220276,-0.4006604552268982,-0.0018037313129752874,2.8979711532592773,-0.14872416853904724,0.9583389163017273,1.0,0.9702112674713135,0.11308607459068298,0.07989156246185303,0.0,0.03415359556674957,-0.3242550790309906,-1.058053970336914,-1.0,-1.0652239322662354,0.8971316814422607,-0.7532275915145874,-0.8499999642372131,-0.742404043674469,-0.1270197331905365,0.9757886528968811,1.0,0.9735494256019592,-0.2348702847957611,-0.06855544447898865,0.0,-0.06672094017267227,-0.6431092619895935,-1.1380105018615723,-1.0,-1.1288467645645142,-0.836946964263916,-0.27971187233924866,0.0,-0.25128692388534546
9.76923076923077,1,1,1,0,False,-0.0046376436948776245,-0.0005765770911239088,0.019362248480319977,0.08008091151714325,0.001044801902025938,2.8088688850402832e-05,0.14627008140087128,-0.012714638374745846,-0.0018867356702685356,-1.1481094360351562,-0.0005765770911239088,1.040890097618103,0.00419994443655014,-0.4006628394126892,-0.0018036331748589873,2.8985259532928467,-0.14897625148296356,0.9584312438964844,1.0,0.9702350497245789,0.11371535062789917,0.07997682690620422,0.0,0.03409714624285698,-0.3237115442752838,-1.0578267574310303,-1.0,-1.0651516914367676,0.8973813056945801,-0.7533636689186096,-0.8499999642372131,-0.7423927783966064,-0.12608326971530914,0.9760891795158386,1.0,0.9738243222236633,-0.2366974949836731,-0.06949907541275024,0.0,-0.06763190776109695,-0.6430560946464539,-1.138115644454956,-1.0,-1.1287957429885864,-0.8367294669151306,-0.27966371178627014,0.0,-0.25124508142471313
9.846153846153847,1,1,1,0,False,-0.004637494683265686,-0.0005769874551333487,0.019334711134433746,0.08015762269496918,0.001017248840071261,1.3166572898626328e-05,0.14627495408058167,-0.012723375111818314,-0.0018867383478209376,-1.147948980331421,-0.0005769874551333487,1.040826678276062,0.004199564456939697,-0.4006652235984802,-0.001803555409424007,2.899057388305664,-0.1494017094373703,0.9584711194038391,1.0,0.9702328443527222,0.1144166886806488,0.08004944771528244,0.0,0.03408191725611687,-0.3232032060623169,-1.0575816631317139,-1.0,-1.0650606155395508,0.897549569606781,-0.7534698843955994,-0.8499999642372131,-0.7423773407936096,-0.1253833919763565,0.9763439297676086,1.0,0.974063515663147,-0.2379610389471054,-0.07037098705768585,0.0,-0.06846076250076294,-0.6430216431617737,-1.1381927728652954,-1.0,-1.1287496089935303,-0.8366132378578186,-0.2796136438846588,0.0,-0.25119712948799133
9.923076923076923,1,1,1,0,False,-0.004637658596038818,-0.0005774897872470319,0.019309230148792267,0.0802283063530922,0.0009639010531827807,2.421438694000244e-05,0.14626911282539368,-0.012732012197375298,-0.0018866312457248569,-1.1478095054626465,-0.0005774897872470319,1.0407451391220093,0.00419944291934371,-0.40066760778427124,-0.001803369028493762,2.8995633125305176,-0.14908622205257416,0.9584683179855347,1.0,0.9702167510986328,0.11511284857988358,0.08013012260198593,0.0,0.034114692360162735,-0.32313352823257446,-1.0573368072509766,-1.0,-1.0649663209915161,0.8976871371269226,-0.7535483837127686,-0.8499999642372131,-0.7423595190048218,-0.1244664415717125,0.9765682220458984,1.0,0.9742798209190369,-0.23897458612918854,-0.07115714997053146,0.0,-0.06919693946838379,-0.6431711316108704,-1.1382579803466797,-1.0,-1.1287120580673218,-0.836473822593689,-0.2795615494251251,0.0,-0.2511482536792755
10.0,1,1,1,0,False,-0.004637658596038818,-0.0005780869978480041,0.01928553730249405,0.08029075711965561,0.0009346898877993226,1.9371509552001953e-05,0.1462687849998474,-0.012738658115267754,-0.0018866504542529583,-1.1476871967315674,-0.0005780869978480041,1.0406426191329956,0.0041990033350884914,-0.40066999197006226,-0.0018032296793535352,2.9000465869903564,-0.1491539478302002,0.9584394693374634,1.0,0.970201849937439,0.11556462198495865,0.0802292600274086,0.0,0.034188609570264816,-0.32307273149490356,-1.0571080446243286,-1.0,-1.064880609512329,0.8977363109588623,-0.7536056637763977,-0.8499999642372131,-0.7423405051231384,-0.12380059063434601,0.976775050163269,1.0,0.9744819402694702,-0.23968900740146637,-0.07185116410255432,0.0,-0.06983571499586105,-0.6431601047515869,-1.1383230686187744,-1.0,-1.1286853551864624,-0.8365013003349304,-0.27950480580329895,0.0,-0.2511020302772522
10.076923076923077,1,1,1,0,False,-0.004637420177459717,-0.0005786609253846109,0.019263289868831635,0.0803464725613594,0.0009028681088238955,3.511086106300354e-05,0.14627648890018463,-0.012743312865495682,-0.001886638579890132,-1.1475763320922852,-0.0005786609253846109,1.0405219793319702,0.004198313225060701,-0.40067195892333984,-0.0018030593637377024,2.9005062580108643,-0.1489896923303604,0.9584000110626221,1.0,0.9701942801475525,0.11569289863109589,0.08034666627645493,0.0,0.034285277128219604,-0.32304492592811584,-1.0569064617156982,-1.0,-1.0648112297058105,0.8977101445198059,-0.7536498308181763,-0.8499999642372131,-0.7423238158226013,-0.12351830303668976,0.9769666790962219,1.0,0.9746688008308411,-0.24017372727394104,-0.07244855165481567,0.0,-0.07037777453660965,-0.6431311368942261,-1.1383986473083496,-1.0,-1.128667950630188,-0.8365186452865601,-0.2794461250305176,0.0,-0.2510630786418915
10.153846153846155,1,1,1,0,False,-0.004636973142623901,-0.0005792323499917984,0.019242040812969208,0.0803932473063469,0.0008601570734754205,2.08243727684021e-05,0.14629122614860535,-0.012746237218379974,-0.0018866379978135228,-1.1474742889404297,-0.0005792323499917984,1.0403915643692017,0.00419740891084075,-0.4006757140159607,-0.0018029581988230348,2.900946617126465,-0.14824190735816956,0.9583640694618225,1.0,0.9702029824256897,0.11571868509054184,0.08047372102737427,0.0,0.03438371419906616,-0.3236234188079834,-1.0567353963851929,-1.0,-1.0647640228271484,0.8977310061454773,-0.753690242767334,-0.8499999642372131,-0.7423099875450134,-0.1225728765130043,0.9771436452865601,1.0,0.9748411178588867,-0.2408866137266159,-0.07295453548431396,0.0,-0.07083326578140259,-0.6431794762611389,-1.1384882926940918,-1.0,-1.1286567449569702,-0.8365559577941895,-0.27938708662986755,0.0,-0.25103265047073364
10.230769230769232,1,1,1,0,False,-0.00463654100894928,-0.0005796111654490232,0.019221387803554535,0.08043035119771957,0.0007723672897554934,3.0994415283203125e-05,0.14630550146102905,-0.012748384848237038,-0.0018865203019231558,-1.1473796367645264,-0.0005796111654490232,1.0402559041976929,0.004196709953248501,-0.4006771445274353,-0.001802795217372477,2.9013633728027344,-0.1481536626815796,0.9583421349525452,1.0,0.9702281951904297,0.11543221771717072,0.08059807866811752,0.0,0.034466132521629333,-0.32396742701530457,-1.0565940141677856,-1.0,-1.0647430419921875,0.8976516723632812,-0.753734290599823,-0.8499999642372131,-0.7422993183135986,-0.12224941700696945,0.9773069024085999,1.0,0.9750002026557922,-0.24119430780410767,-0.07337884604930878,0.0,-0.07121262699365616,-0.6430599093437195,-1.1385929584503174,-1.0,-1.1286487579345703,-0.8366419076919556,-0.27932921051979065,0.0,-0.2510119378566742
10.307692307692308,1,1,1,0,False,-0.004636213183403015,-0.0005798687925562263,0.019201524555683136,0.08046595007181168,0.0006776591180823743,2.3851171135902405e-05,0.1463163197040558,-0.012750749476253986,-0.0018863885197788477,-1.1472907066345215,-0.0005798687925562263,1.040117859840393,0.004196212626993656,-0.4006790518760681,-0.001802713260985911,2.90177059173584,-0.14758989214897156,0.958339273929596,1.0,0.970262885093689,0.11504898965358734,0.08070852607488632,0.0,0.03451855480670929,-0.32451409101486206,-1.0564813613891602,-1.0,-1.0647462606430054,0.8976174592971802,-0.7537867426872253,-0.8499999642372131,-0.7422928214073181,-0.12171052396297455,0.9774556756019592,1.0,0.9751431941986084,-0.24170507490634918,-0.07373091578483582,0.0,-0.0715257003903389,-0.642979085445404,-1.1387078762054443,-1.0,-1.1286392211914062,-0.8366600275039673,-0.2792743742465973,0.0,-0.2510009706020355
10.384615384615385,1,1,1,0,False,-0.004636064171791077,-0.0005798921338282526,0.019182242453098297,0.08049856871366501,0.0005642484757117927,2.142973244190216e-05,0.14632102847099304,-0.012753630056977272,-0.0018861948046833277,-1.1472108364105225,-0.0005798921338282526,1.0399836301803589,0.004196107387542725,-0.4006795287132263,-0.0018025620374828577,2.9021589756011963,-0.147623673081398,0.9583532214164734,1.0,0.9703053832054138,0.11450614035129547,0.08079534024000168,0.0,0.03453356772661209,-0.3247012197971344,-1.0563913583755493,-1.0,-1.0647693872451782,0.8975204825401306,-0.7538477182388306,-0.8499999642372131,-0.7422896027565002,-0.12167313694953918,0.9775884747505188,1.0,0.9752691388130188,-0.2420305609703064,-0.07402313500642776,0.0,-0.07178674638271332,-0.6427467465400696,-1.1388323307037354,-1.0,-1.1286284923553467,-0.8367304801940918,-0.27922752499580383,0.0,-0.2509970963001251
10.461538461538462,1,1,1,0,False,-0.004636257886886597,-0.0005799453356303275,0.019163914024829865,0.08052524924278259,0.00047072957386262715,1.973472535610199e-05,0.14631415903568268,-0.012757447548210621,-0.0018861385760828853,-1.147139072418213,-0.0005799453356303275,1.0398532152175903,0.004196338355541229,-0.4006806015968323,-0.001802613027393818,2.9025416374206543,-0.14684495329856873,0.9583818912506104,1.0,0.9703498482704163,0.11419361084699631,0.08085224032402039,0.0,0.03451135382056236,-0.3252691626548767,-1.056319236755371,-1.0,-1.0648053884506226,0.8975305557250977,-0.7539160847663879,-0.8499999642372131,-0.7422894239425659,-0.12109024077653885,0.9777029752731323,1.0,0.9753769636154175,-0.2425561100244522,-0.07426773011684418,0.0,-0.07200824469327927,-0.6427553296089172,-1.1389573812484741,-1.0,-1.1286141872406006,-0.8366613984107971,-0.2791871130466461,0.0,-0.2509979009628296
10.538461538461538,1,1,1,0,False,-0.004636973142623901,-0.0005800548824481666,0.0191463902592659,0.08055414259433746,0.00039611439569853246,1.1320225894451141e-05,0.1462896764278412,-0.012763365171849728,-0.0018861691933125257,-1.1470744609832764,-0.0005800548824481666,1.0397289991378784,0.004196952097117901,-0.4006819725036621,-0.0018027384066954255,2.9029104709625244,-0.14744529128074646,0.9584212899208069,1.0,0.9703959822654724,0.11377568542957306,0.08087824285030365,0.0,0.03446187078952789,-0.3251446485519409,-1.0562584400177002,-1.0,-1.0648491382598877,0.8974557518959045,-0.7539876103401184,-0.8499999642372131,-0.7422909736633301,-0.12120242416858673,0.9778037071228027,1.0,0.9754717946052551,-0.2427232265472412,-0.0744771733880043,0.0,-0.07219897210597992,-0.6424556970596313,-1.1390818357467651,-1.0,-1.1285959482192993,-0.8367686867713928,-0.27915269136428833,0.0,-0.25100094079971313
10.615384615384617,1,1,1,0,False,-0.004637971520423889,-0.0005799679202027619,0.019130058586597443,0.08057932555675507,0.0003504791238810867,2.1066516637802124e-05,0.14625562727451324,-0.012769907712936401,-0.0018860530108213425,-1.1470162868499756,-0.0005799679202027619,1.0396064519882202,0.004198120441287756,-0.4006831645965576,-0.0018027720507234335,2.903278112411499,-0.14690019190311432,0.9584656357765198,1.0,0.9704359173774719,0.11366390436887741,0.08087676763534546,0.0,0.03439716622233391,-0.32531267404556274,-1.0562046766281128,-1.0,-1.064894199371338,0.897452712059021,-0.7540594935417175,-0.8499999642372131,-0.7422933578491211,-0.12094923853874207,0.9778887629508972,1.0,0.9755527973175049,-0.2429790496826172,-0.07465634495019913,0.0,-0.07236385345458984,-0.6424989700317383,-1.1391981840133667,-1.0,-1.1285758018493652,-0.8366760015487671,-0.27912190556526184,0.0,-0.25100505352020264
10.692307692307693,1,1,1,0,False,-0.004638999700546265,-0.0005798941710963845,0.019114963710308075,0.08060228079557419,0.000302856438793242,1.1138617992401123e-05,0.1462206393480301,-0.012776092626154423,-0.001886022393591702,-1.1469676494598389,-0.0005798941710963845,1.0394865274429321,0.004199265036731958,-0.40068918466567993,-0.001802831538952887,2.9036359786987305,-0.14673873782157898,0.9585078358650208,1.0,0.9704789519309998,0.11384055763483047,0.08085755258798599,0.0,0.03433170169591904,-0.3252337574958801,-1.056156039237976,-1.0,-1.0649356842041016,0.8974078893661499,-0.7541233897209167,-0.8499999642372131,-0.7422957420349121,-0.12086435407400131,0.9779650568962097,1.0,0.9756243228912354,-0.24333135783672333,-0.07481343299150467,0.0,-0.0725087821483612,-0.642457127571106,-1.1393085718154907,-1.0,-1.128556728363037,-0.8366899490356445,-0.27909576892852783,0.0,-0.2510068118572235
10.76923076923077,1,1,1,0,False,-0.004640206694602966,-0.000579982646740973,0.0191008523106575,0.08062300086021423,0.0002723259385675192,1.912936568260193e-05,0.14617960155010223,-0.012782467529177666,-0.0018861296121031046,-1.1469202041625977,-0.000579982646740973,1.0393685102462769,0.00420043058693409,-0.40068933367729187,-0.0018030554056167603,2.903980016708374,-0.14660610258579254,0.9585514068603516,1.0,0.9705201387405396,0.11395753175020218,0.08082785457372665,0.0,0.03427985683083534,-0.3251987099647522,-1.0561082363128662,-1.0,-1.0649685859680176,0.8975338339805603,-0.7541773915290833,-0.8499999642372131,-0.7422974705696106,-0.12044022232294083,0.9780303239822388,1.0,0.9756865501403809,-0.24334228038787842,-0.0749494880437851,0.0,-0.0726323276758194,-0.6425553560256958,-1.139411449432373,-1.0,-1.128541111946106,-0.8366716504096985,-0.2790672183036804,0.0,-0.2510072886943817
10.846153846153847,1,1,1,0,False,-0.004641294479370117,-0.0005800303188152611,0.019087664783000946,0.08064224570989609,0.0002347386471228674,1.1320225894451141e-05,0.1461426317691803,-0.012787869200110435,-0.0018861654680222273,-1.1468777656555176,-0.0005800303188152611,1.0392500162124634,0.0042015123181045055,-0.40068864822387695,-0.001803217688575387,2.904309034347534,-0.146591454744339,0.9585916996002197,1.0,0.9705571532249451,0.11414448916912079,0.08079852908849716,0.0,0.03424810990691185,-0.3248063325881958,-1.0560616254806519,-1.0,-1.064988374710083,0.8975768685340881,-0.7542180418968201,-0.8499999642372131,-0.7422974705696106,-0.12049272656440735,0.9780885577201843,1.0,0.9757411479949951,-0.2433752864599228,-0.0750632956624031,0.0,-0.07273183763027191,-0.642578661441803,-1.1395105123519897,-1.0,-1.1285309791564941,-0.8366624116897583,-0.2790381610393524,0.0,-0.2510070204734802
10.923076923076923,1,1,1,0,False,-0.004642084240913391,-0.0005799454520456493,0.019075460731983185,0.08065704256296158,0.0002198185247834772,1.598149538040161e-05,0.1461157202720642,-0.012791410088539124,-0.0018861251883208752,-1.1468393802642822,-0.0005799454520456493,1.0391298532485962,0.004202422685921192,-0.400688111782074,-0.0018033126834779978,2.904625177383423,-0.1463652104139328,0.9586247205734253,1.0,0.9705905318260193,0.11440148949623108,0.08077602833509445,0.0,0.034237124025821686,-0.32451194524765015,-1.0560141801834106,-1.0,-1.064990520477295,0.8976695537567139,-0.7542449831962585,-0.8499999642372131,-0.7422963976860046,-0.12038558721542358,0.9781371355056763,1.0,0.9757850170135498,-0.2434660643339157,-0.07515431195497513,0.0,-0.07281035929918289,-0.6426949501037598,-1.1396037340164185,-1.0,-1.1285252571105957,-0.836616575717926,-0.27900949120521545,0.0,-0.25100529193878174
11.0,1,1,1,0,False,-0.004642754793167114,-0.0005798932979814708,0.01906394213438034,0.0806688740849495,0.00022473149874713272,1.5345867723226547e-05,0.14609293639659882,-0.0127940122038126,-0.0018861611606553197,-1.1468005180358887,-0.0005798932979814708,1.039009690284729,0.004203170072287321,-0.400687575340271,-0.00180338928475976,2.9049265384674072,-0.1461181640625,0.9586507678031921,1.0,0.9706239104270935,0.1147935539484024,0.08076390624046326,0.0,0.03424784168601036,-0.3243986666202545,-1.055962324142456,-1.0,-1.064978837966919,0.8977697491645813,-0.7542606592178345,-0.8499999642372131,-0.7422933578491211,-0.12006443738937378,0.9781774878501892,1.0,0.9758234024047852,-0.24351322650909424,-0.07522676140069962,0.0,-0.07287309318780899,-0.6428765058517456,-1.139690637588501,-1.0,-1.1285264492034912,-0.8365799188613892,-0.278980016708374,0.0,-0.2510014474391937
11.076923076923077,1,1,1,0,False,-0.004643335938453674,-0.0005797786288894713,0.019052840769290924,0.08068293333053589,0.00023839640198275447,9.806826710700989e-06,0.14607307314872742,-0.012796149589121342,-0.0018860844429582357,-1.146758794784546,-0.0005797786288894713,1.038887858390808,0.004203914199024439,-0.40068691968917847,-0.0018034122185781598,2.9052112102508545,-0.14576712250709534,0.9586718082427979,1.0,0.9706601500511169,0.11527863144874573,0.08076552301645279,0.0,0.03428268805146217,-0.3245040476322174,-1.0559066534042358,-1.0,-1.06496000289917,0.8978576064109802,-0.7542672157287598,-0.8499999642372131,-0.7422885894775391,-0.11953561753034592,0.978215754032135,1.0,0.9758641123771667,-0.24351246654987335,-0.075284443795681,0.0,-0.07292263954877853,-0.6431171894073486,-1.1397727727890015,-1.0,-1.1285349130630493,-0.8365533351898193,-0.27894851565361023,0.0,-0.2509959042072296
11.153846153846155,1,1,1,0,False,-0.0046437084674835205,-0.0005795839824713767,0.019042111933231354,0.08068958669900894,0.000262491317698732,2.052169293165207e-05,0.14606043696403503,-0.012796903029084206,-0.0018859034171327949,-1.1467130184173584,-0.0005795839824713767,1.0387643575668335,0.004204526077955961,-0.40068650245666504,-0.001803297665901482,2.905479907989502,-0.14527958631515503,0.9586911797523499,1.0,0.970702588558197,0.11575540900230408,0.08078458905220032,0.0,0.03434203565120697,-0.32477638125419617,-1.0558524131774902,-1.0,-1.0649466514587402,0.8979138731956482,-0.7542673945426941,-0.8499999642372131,-0.742281436920166,-0.11887609958648682,0.9782596230506897,1.0,0.9759154915809631,-0.24347223341464996,-0.0753292441368103,0.0,-0.07295967638492584,-0.6433815956115723,-1.1398544311523438,-1.0,-1.1285518407821655,-0.8365452289581299,-0.27891576290130615,0.0,-0.2509899437427521
11.230769230769232,1,1,1,0,False,-0.0046437084674835205,-0.0005797282792627811,0.019031651318073273,0.08069697767496109,0.0002901543921325356,2.2943131625652313e-05,0.14606033265590668,-0.012796266935765743,-0.0018860060954466462,-1.146665096282959,-0.0005797282792627811,1.038638949394226,0.004204403609037399,-0.40068572759628296,-0.0018034189706668258,2.9057304859161377,-0.1447475403547287,0.9587141871452332,1.0,0.9707558155059814,0.11610667407512665,0.08082305639982224,0.0,0.03442137688398361,-0.3250582218170166,-1.0558077096939087,-1.0,-1.0649442672729492,0.8979158997535706,-0.7542625069618225,-0.8499999642372131,-0.742274284362793,-0.11830662190914154,0.978315532207489,1.0,0.9759814143180847,-0.2433408796787262,-0.07536150515079498,0.0,-0.07298418134450912,-0.6436231732368469,-1.139943242073059,-1.0,-1.128577470779419,-0.836574912071228,-0.27888303995132446,0.0,-0.25098416209220886
11.307692307692308,1,1,1,0,False,-0.0046433210372924805,-0.0005798102938570082,0.01902148872613907,0.08069772273302078,0.0002988940104842186,2.1792948246002197e-05,0.14607341587543488,-0.012793674133718014,-0.001886005513370037,-1.146613597869873,-0.0005798102938570082,1.0385109186172485,0.004203960299491882,-0.40068578720092773,-0.0018034729873761535,2.9059700965881348,-0.14413857460021973,0.9587483406066895,1.0,0.9708202481269836,0.11630707234144211,0.08087814599275589,0.0,0.034510720521211624,-0.32531440258026123,-1.0557777881622314,-1.0,-1.0649538040161133,0.8978977203369141,-0.7542567849159241,-0.8499999642372131,-0.7422683835029602,-0.11782336980104446,0.9783841967582703,1.0,0.9760589003562927,-0.24327008426189423,-0.07538086920976639,0.0,-0.07299543172121048,-0.6438165903091431,-1.140040397644043,-1.0,-1.1286087036132812,-0.8366119861602783,-0.2788487672805786,0.0,-0.2509807050228119
11.384615384615385,1,1,1,0,False,-0.004642456769943237,-0.0005798308993689716,0.019011519849300385,0.08069772273302078,0.00027608583332039416,2.2761523723602295e-05,0.14610257744789124,-0.01278928853571415,-0.0018859670963138342,-1.1465585231781006,-0.0005798308993689716,1.03838312625885,0.004203105811029673,-0.40068626403808594,-0.001803564722649753,2.906201124191284,-0.14345036447048187,0.9587971568107605,1.0,0.9708985090255737,0.11639590561389923,0.0809435322880745,0.0,0.03459915146231651,-0.3255968391895294,-1.0557632446289062,-1.0,-1.064974308013916,0.8978707194328308,-0.7542530298233032,-0.8499999642372131,-0.7422636151313782,-0.11732970178127289,0.9784623980522156,1.0,0.9761446118354797,-0.24326853454113007,-0.07538896054029465,0.0,-0.07299825549125671,-0.6439912915229797,-1.1401467323303223,-1.0,-1.1286420822143555,-0.836645245552063,-0.27881520986557007,0.0,-0.2509799897670746
11.461538461538462,1,1,1,0,False,-0.004641324281692505,-0.00057978555560112,0.019001610577106476,0.0806947648525238,0.00021511575323529541,3.07522714138031e-05,0.1461409032344818,-0.012783740647137165,-0.0018859809497371316,-1.146500825881958,-0.00057978555560112,1.0382591485977173,0.004201982170343399,-0.4006880521774292,-0.001803659601137042,2.906423568725586,-0.14261974394321442,0.9588637948036194,1.0,0.9709905982017517,0.11647821217775345,0.08101139962673187,0.0,0.03467849642038345,-0.3259944021701813,-1.055761456489563,-1.0,-1.065004587173462,0.8978709578514099,-0.7542534470558167,-0.8499999642372131,-0.7422611117362976,-0.116628497838974,0.9785473346710205,1.0,0.9762359261512756,-0.24343688786029816,-0.07539086043834686,0.0,-0.07299847155809402,-0.6441666483879089,-1.1402605772018433,-1.0,-1.128679871559143,-0.8366615772247314,-0.27878230810165405,0.0,-0.25098180770874023
11.538461538461538,1,1,1,0,False,-0.004640042781829834,-0.0005796097102575004,0.018991537392139435,0.08069254457950592,0.00012758416414726526,3.390014171600342e-05,0.14618423581123352,-0.012777907773852348,-0.0018858707044273615,-1.1464438438415527,-0.0005796097102575004,1.0381439924240112,0.004200875759124756,-0.40068769454956055,-0.0018037272384390235,2.906630516052246,-0.14258043467998505,0.95894855260849,1.0,0.9710906744003296,0.1163116917014122,0.08107481151819229,0.0,0.03474349156022072,-0.3259264826774597,-1.0557680130004883,-1.0,-1.06504225730896,0.8977996110916138,-0.7542589902877808,-0.8499999642372131,-0.7422597408294678,-0.11660703271627426,0.9786369800567627,1.0,0.9763292074203491,-0.24327397346496582,-0.07539119571447372,0.0,-0.07299819588661194,-0.644173264503479,-1.1403815746307373,-1.0,-1.1287143230438232,-0.8367549777030945,-0.2787509262561798,0.0,-0.25098633766174316
11.615384615384617,1,1,1,0,False,-0.004638761281967163,-0.0005793481832370162,0.018981479108333588,0.08068662881851196,7.177067163866013e-05,2.3730099201202393e-05,0.14622756838798523,-0.012771950103342533,-0.0018857511458918452,-1.1463873386383057,-0.0005793481832370162,1.0380357503890991,0.004199864808470011,-0.4006868004798889,-0.0018038512207567692,2.9068315029144287,-0.14224204421043396,0.9590466022491455,1.0,0.9711866974830627,0.11611703038215637,0.08112888038158417,0.0,0.034788090735673904,-0.32578355073928833,-1.055777668952942,-1.0,-1.0650755167007446,0.8977910876274109,-0.7542695999145508,-0.8499999642372131,-0.7422597408294678,-0.11653374135494232,0.9787235260009766,1.0,0.9764143228530884,-0.2434680312871933,-0.07539048045873642,0.0,-0.0729980319738388,-0.6441764831542969,-1.1405030488967896,-1.0,-1.1287448406219482,-0.8367512822151184,-0.27872234582901,0.0,-0.2509933412075043
11.692307692307693,1,1,1,0,False,-0.0046376436948776245,-0.0005790735012851655,0.018971659243106842,0.0806821882724762,7.452981662936509e-05,2.130866050720215e-05,0.1462654322385788,-0.012766891159117222,-0.0018856695387512445,-1.1463358402252197,-0.0005790735012851655,1.0379365682601929,0.004198998678475618,-0.4006859362125397,-0.0018040463328361511,2.9070262908935547,-0.14204645156860352,0.9591485857963562,1.0,0.9712758660316467,0.11598686128854752,0.08116952329874039,0.0,0.034810878336429596,-0.3255559802055359,-1.0557827949523926,-1.0,-1.065098524093628,0.8978219628334045,-0.7542833089828491,-0.8499999642372131,-0.7422597408294678,-0.11643022298812866,0.9788001775741577,1.0,0.9764868021011353,-0.24377252161502838,-0.0753934383392334,0.0,-0.07300647348165512,-0.644182562828064,-1.140618085861206,-1.0,-1.1287696361541748,-0.8367164134979248,-0.2786988615989685,0.0,-0.25100016593933105
11.76923076923077,1,1,1,0,False,-0.004636943340301514,-0.0005786921828985214,0.018961898982524872,0.0806821882724762,0.00015014506061561406,1.5739351511001587e-05,0.14628908038139343,-0.012763788923621178,-0.0018855337984859943,-1.1462881565093994,-0.0005786921828985214,1.0378469228744507,0.004198705777525902,-0.4006875157356262,-0.0018041216535493731,2.9072113037109375,-0.14187639951705933,0.9592472314834595,1.0,0.9713551998138428,0.11604609340429306,0.08119519799947739,0.0,0.03481829911470413,-0.32540056109428406,-1.0557745695114136,-1.0,-1.065108299255371,0.8978840112686157,-0.7542995810508728,-0.8499999642372131,-0.7422597408294678,-0.11615458875894547,0.9788651466369629,1.0,0.9765481948852539,-0.24412494897842407,-0.07540746033191681,0.0,-0.07303030788898468,-0.6442493200302124,-1.1407212018966675,-1.0,-1.128788709640503,-0.8366560935974121,-0.27867960929870605,0.0,-0.2510043680667877
11.846153846153847,1,1,1,0,False,-0.0046367347240448,-0.0005784070235677063,0.01895236223936081,0.08068662881851196,0.00020450740703381598,1.101754605770111e-05,0.14629606902599335,-0.012762974016368389,-0.0018854615045711398,-1.1462454795837402,-0.0005784070235677063,1.0377625226974487,0.004198795184493065,-0.4006897807121277,-0.0018042221199721098,2.9073867797851562,-0.14180171489715576,0.9593374729156494,1.0,0.9714238047599792,0.11629173159599304,0.0812099501490593,0.0,0.03482287749648094,-0.3253060281276703,-1.0557515621185303,-1.0,-1.0651075839996338,0.8979563117027283,-0.7543162107467651,-0.8499999642372131,-0.7422588467597961,-0.11572401970624924,0.9789227247238159,1.0,0.9766054153442383,-0.2444302886724472,-0.07543735206127167,0.0,-0.07307116687297821,-0.644355297088623,-1.1408100128173828,-1.0,-1.1288046836853027,-0.8366036415100098,-0.27866247296333313,0.0,-0.2510046064853668
11.923076923076923,1,1,1,0,False,-0.004636809229850769,-0.0005783303640782833,0.018943272531032562,0.08069328218698502,0.00019747357873711735,1.7192214727401733e-05,0.14629347622394562,-0.01276338379830122,-0.0018855435773730278,-1.1462066173553467,-0.0005783303640782833,1.0376805067062378,0.004198965150862932,-0.40069159865379333,-0.0018043862655758858,2.907555103302002,-0.14165695011615753,0.95941561460495,1.0,0.9714813828468323,0.1166541799902916,0.08122222870588303,0.0,0.03483695164322853,-0.32523539662361145,-1.0557165145874023,-1.0,-1.0651004314422607,0.8980227708816528,-0.7543294429779053,-0.8499999642372131,-0.7422564625740051,-0.11524832248687744,0.9789789915084839,1.0,0.9766650199890137,-0.24466146528720856,-0.07548225671052933,0.0,-0.0731247141957283,-0.6445066332817078,-1.1408852338790894,-1.0,-1.1288210153579712,-0.8365508317947388,-0.27864596247673035,0.0,-0.25100094079971313
12.0,1,1,1,0,False,-0.004636868834495544,-0.0005781890358775854,0.018934674561023712,0.08070141822099686,0.00014222737809177488,1.1259689927101135e-05,0.1462913155555725,-0.012763727456331253,-0.0018854661611840129,-1.1461689472198486,-0.0005781890358775854,1.0375970602035522,0.004199168644845486,-0.4006926417350769,-0.001804431201890111,2.9077157974243164,-0.1414366513490677,0.9594807624816895,1.0,0.971531093120575,0.11700307577848434,0.08124057948589325,0.0,0.03486740589141846,-0.3251405954360962,-1.055675983428955,-1.0,-1.0650904178619385,0.8980739116668701,-0.7543371915817261,-0.8499999642372131,-0.7422523498535156,-0.11482064425945282,0.9790388345718384,1.0,0.9767301678657532,-0.24485933780670166,-0.07553750276565552,0.0,-0.07318531721830368,-0.6446676850318909,-1.1409530639648438,-1.0,-1.1288400888442993,-0.8365117907524109,-0.2786305248737335,0.0,-0.2509942650794983
12.076923076923078,1,1,1,0,False,-0.004636704921722412,-0.000578303006477654,0.01892653852701187,0.08070658892393112,9.050728112924844e-05,1.825159415602684e-05,0.14629679918289185,-0.012762938626110554,-0.0018855603411793709,-1.146134376525879,-0.000578303006477654,1.0375117063522339,0.004198940470814705,-0.4006940722465515,-0.0018045848701149225,2.9078681468963623,-0.14095743000507355,0.9595354795455933,1.0,0.9715773463249207,0.11736633628606796,0.08126996457576752,0.0,0.03491431474685669,-0.3251003623008728,-1.055634617805481,-1.0,-1.0650761127471924,0.8981199264526367,-0.7543382048606873,-0.8499999642372131,-0.7422475814819336,-0.11435244232416153,0.9791041612625122,1.0,0.9767998456954956,-0.24511797726154327,-0.07559790462255478,0.0,-0.07324822247028351,-0.6448622345924377,-1.1410177946090698,-1.0,-1.1288609504699707,-0.8364626169204712,-0.27861487865448,0.0,-0.2509857416152954
12.153846153846155,1,1,1,0,False,-0.004636317491531372,-0.0005782587686553597,0.018918804824352264,0.08071250468492508,6.870257493574172e-05,1.725275069475174e-05,0.14630982279777527,-0.01276120450347662,-0.0018854883965104818,-1.146099328994751,-0.0005782587686553597,1.0374239683151245,0.004198620095849037,-0.4006930887699127,-0.0018045591423287988,2.9080159664154053,-0.14022617042064667,0.9595855474472046,1.0,0.9716309309005737,0.11777669936418533,0.08131121098995209,0.0,0.03497660532593727,-0.3252438008785248,-1.055595874786377,-1.0,-1.0650628805160522,0.8981456160545349,-0.754335343837738,-0.8499999642372131,-0.7422428131103516,-0.11376599222421646,0.9791738390922546,1.0,0.9768752455711365,-0.2453697919845581,-0.07566065341234207,0.0,-0.07331311702728271,-0.6451156139373779,-1.1410807371139526,-1.0,-1.1288858652114868,-0.8364198803901672,-0.2785969078540802,0.0,-0.25097566843032837
12.230769230769232,1,1,1,0,False,-0.004635721445083618,-0.0005783708766102791,0.01891111582517624,0.08071768283843994,4.938506390317343e-05,2.2277235984802246e-05,0.1463298797607422,-0.012758632190525532,-0.0018855364760383964,-1.146061897277832,-0.0005783708766102791,1.0373355150222778,0.004197973757982254,-0.4006943702697754,-0.0018046438926830888,2.908154249191284,-0.14039790630340576,0.9596386551856995,1.0,0.9716906547546387,0.11788050830364227,0.08136332780122757,0.0,0.035049352794885635,-0.325063556432724,-1.0555626153945923,-1.0,-1.0650533437728882,0.8981215953826904,-0.7543309926986694,-0.8499999642372131,-0.7422380447387695,-0.11366395652294159,0.9792487621307373,1.0,0.97695392370224,-0.24523603916168213,-0.07572344690561295,0.0,-0.07337400317192078,-0.6451701521873474,-1.1411468982696533,-1.0,-1.128914475440979,-0.8365100026130676,-0.2785751223564148,0.0,-0.2509666681289673
12.307692307692308,1,1,1,0,False,-0.0046349018812179565,-0.0005784030072391033,0.018903590738773346,0.08071842044591904,3.126960655208677e-05,2.2458843886852264e-05,0.14635758101940155,-0.012754860334098339,-0.0018855201778933406,-1.1460270881652832,-0.0005784030072391033,1.0372482538223267,0.004197082482278347,-0.40069591999053955,-0.0018047299236059189,2.9082863330841064,-0.1400662362575531,0.9596955180168152,1.0,0.971747875213623,0.11784049868583679,0.08142296224832535,0.0,0.03512076660990715,-0.32491689920425415,-1.0555360317230225,-1.0,-1.0650438070297241,0.898125171661377,-0.7543262243270874,-0.8499999642372131,-0.7422348260879517,-0.11356902867555618,0.9793232679367065,1.0,0.9770281910896301,-0.24537646770477295,-0.07577981799840927,0.0,-0.0734260156750679,-0.6452292203903198,-1.1412166357040405,-1.0,-1.1289430856704712,-0.8365066051483154,-0.2785530686378479,0.0,-0.2509611248970032
12.384615384615385,1,1,1,0,False,-0.004633888602256775,-0.0005783014348708093,0.018896080553531647,0.08071915805339813,3.790454866248183e-05,1.7676502466201782e-05,0.1463918685913086,-0.012750436551868916,-0.0018854585941880941,-1.1459951400756836,-0.0005783014348708093,1.0371636152267456,0.00419622054323554,-0.4006980061531067,-0.0018047960475087166,2.908412456512451,-0.13991376757621765,0.9597548246383667,1.0,0.9718045592308044,0.11772451549768448,0.08148300647735596,0.0,0.03517951816320419,-0.3247910141944885,-1.055511713027954,-1.0,-1.0650299787521362,0.8981520533561707,-0.7543240785598755,-0.8499999642372131,-0.7422324419021606,-0.11343492567539215,0.9793913960456848,1.0,0.9770933985710144,-0.24561814963817596,-0.07582979649305344,0.0,-0.07347437739372253,-0.6452447772026062,-1.1412875652313232,-1.0,-1.1289681196212769,-0.836499810218811,-0.2785337269306183,0.0,-0.25095751881599426
12.461538461538462,1,1,1,0,False,-0.004633188247680664,-0.0005781958461739123,0.01888846606016159,0.08072211593389511,9.62005797191523e-05,1.428648829460144e-05,0.14641547203063965,-0.012747586704790592,-0.0018853904912248254,-1.1459665298461914,-0.0005781958461739123,1.0370858907699585,0.004195619840174913,-0.4007004499435425,-0.001804865780286491,2.9085326194763184,-0.13979005813598633,0.9598144292831421,1.0,0.9718570709228516,0.11765671521425247,0.08153641223907471,0.0,0.035221122205257416,-0.3247676491737366,-1.0554832220077515,-1.0,-1.0650156736373901,0.8981764316558838,-0.7543269991874695,-0.8499999642372131,-0.7422300577163696,-0.11322789639234543,0.9794514775276184,1.0,0.9771502614021301,-0.24589569866657257,-0.07587862014770508,0.0,-0.07352497428655624,-0.6452697515487671,-1.1413546800613403,-1.0,-1.128989338874817,-0.8364750742912292,-0.27851688861846924,0.0,-0.25095513463020325
12.538461538461538,1,1,1,0,False,-0.004632830619812012,-0.0005780672654509544,0.018880806863307953,0.08072803169488907,0.00014872889732941985,1.010950654745102e-05,0.1464274823665619,-0.012746416963636875,-0.0018853087676689029,-1.1459379196166992,-0.0005780672654509544,1.0370131731033325,0.004195395857095718,-0.4006997346878052,-0.0018049083882942796,2.9086461067199707,-0.1397264450788498,0.9598719477653503,1.0,0.9719031453132629,0.11766377836465836,0.08158031851053238,0.0,0.03524799644947052,-0.324870765209198,-1.055449366569519,-1.0,-1.0650016069412231,0.8982226848602295,-0.754335343837738,-0.8499999642372131,-0.7422276735305786,-0.11282066255807877,0.9795047640800476,1.0,0.977202832698822,-0.24617409706115723,-0.07593072950839996,0.0,-0.07358083873987198,-0.6453076601028442,-1.141416072845459,-1.0,-1.1290068626403809,-0.8364465236663818,-0.27850306034088135,0.0,-0.25095221400260925
12.615384615384617,1,1,1,0,False,-0.004632741212844849,-0.0005779986386187375,0.018873266875743866,0.08073542267084122,0.0001742216554703191,1.5133991837501526e-05,0.14643043279647827,-0.012746528722345829,-0.0018852726789191365,-1.1459147930145264,-0.0005779986386187375,1.0369454622268677,0.004195423796772957,-0.40069758892059326,-0.0018049272475764155,2.908754587173462,-0.13962167501449585,0.9599247574806213,1.0,0.971942663192749,0.11773275583982468,0.08161581307649612,0.0,0.035266224294900894,-0.3249717950820923,-1.0554115772247314,-1.0,-1.064993143081665,0.8982294797897339,-0.7543475031852722,-0.8499999642372131,-0.7422252893447876,-0.11246901750564575,0.9795568585395813,1.0,0.9772576093673706,-0.2464149296283722,-0.0759880542755127,0.0,-0.07364219427108765,-0.6453535556793213,-1.1414716243743896,-1.0,-1.129021167755127,-0.8364196419715881,-0.2784917950630188,0.0,-0.25094833970069885
12.692307692307693,1,1,1,0,False,-0.004632830619812012,-0.0005779493949376047,0.01886608451604843,0.08074502646923065,0.00016325473552569747,1.4225952327251434e-05,0.1464272439479828,-0.01274754386395216,-0.0018852405482903123,-1.1458957195281982,-0.0005779493949376047,1.036878228187561,0.0041955215856432915,-0.40069806575775146,-0.0018049557693302631,2.9088611602783203,-0.13948951661586761,0.9599720239639282,1.0,0.9719771146774292,0.11777736991643906,0.08164621889591217,0.0,0.035281140357255936,-0.32496869564056396,-1.0553745031356812,-1.0,-1.0649902820587158,0.8982040286064148,-0.7543617486953735,-0.8499999642372131,-0.7422229051589966,-0.11229310184717178,0.9796109199523926,1.0,0.977314829826355,-0.24660472571849823,-0.07604995369911194,0.0,-0.07370688021183014,-0.6453935503959656,-1.1415226459503174,-1.0,-1.129035472869873,-0.8364015817642212,-0.27848246693611145,0.0,-0.2509435713291168
12.76923076923077,1,1,1,0,False,-0.004632860422134399,-0.0005779860657639802,0.01885930448770523,0.0807524174451828,0.0001428780087735504,1.9189901649951935e-05,0.14642611145973206,-0.01274818740785122,-0.0018852290231734514,-1.1458766460418701,-0.0005779860657639802,1.0368114709854126,0.004195580258965492,-0.4006975293159485,-0.0018049878999590874,2.9089643955230713,-0.13941778242588043,0.9600149393081665,1.0,0.9720078110694885,0.11779343336820602,0.081673763692379,0.0,0.03529416024684906,-0.32495322823524475,-1.0553410053253174,-1.0,-1.0649902820587158,0.8982254266738892,-0.754375159740448,-0.8499999642372131,-0.7422205209732056,-0.11204124987125397,0.9796661138534546,1.0,0.9773710370063782,-0.24678587913513184,-0.07611387968063354,0.0,-0.07377182692289352,-0.6454226970672607,-1.1415724754333496,-1.0,-1.1290453672409058,-0.8363972902297974,-0.27847474813461304,0.0,-0.2509388029575348
12.846153846153847,1,1,1,0,False,-0.004632726311683655,-0.0005779240746051073,0.0188528373837471,0.08076054602861404,0.0001314137625740841,1.4225952327251434e-05,0.14643053710460663,-0.012748200446367264,-0.001885200385004282,-1.1458635330200195,-0.0005779240746051073,1.0367447137832642,0.0041955518536269665,-0.4006956219673157,-0.001805000938475132,2.909064531326294,-0.13928456604480743,0.9600542783737183,1.0,0.9720357656478882,0.11779296398162842,0.0816984623670578,0.0,0.03530515730381012,-0.32483020424842834,-1.0553096532821655,-1.0,-1.0649900436401367,0.8982232809066772,-0.7543877363204956,-0.8499999642372131,-0.7422181367874146,-0.11195525527000427,0.9797195792198181,1.0,0.9774237275123596,-0.24695752561092377,-0.07617749273777008,0.0,-0.07383543252944946,-0.6454465985298157,-1.1416205167770386,-1.0,-1.1290549039840698,-0.8363853693008423,-0.2784671485424042,0.0,-0.25093403458595276
12.923076923076923,1,1,1,0,False,-0.004632636904716492,-0.0005778842605650425,0.018846802413463593,0.0807664543390274,0.0001286273472942412,1.8402934074401855e-05,0.146433487534523,-0.012748165987432003,-0.0018851422937586904,-1.1458539962768555,-0.0005778842605650425,1.0366779565811157,0.004195514600723982,-0.40069085359573364,-0.001805048086680472,2.9091622829437256,-0.13944555819034576,0.9600910544395447,1.0,0.972061038017273,0.11772195249795914,0.08172009885311127,0.0,0.035313673317432404,-0.3245994746685028,-1.0552805662155151,-1.0,-1.064984917640686,0.8982321619987488,-0.7543988823890686,-0.8499999642372131,-0.7422157526016235,-0.1119665652513504,0.9797685742378235,1.0,0.977470338344574,-0.24707265198230743,-0.07623946666717529,0.0,-0.07389647513628006,-0.6454090476036072,-1.1416658163070679,-1.0,-1.1290644407272339,-0.8364031314849854,-0.27845925092697144,0.0,-0.2509295344352722
13.0,1,1,1,0,False,-0.0046325623989105225,-0.0005777801852673292,0.018840916454792023,0.08077384531497955,0.00014127485337667167,1.695007085800171e-05,0.14643588662147522,-0.012748190201818943,-0.0018851369386538863,-1.1458444595336914,-0.0005777801852673292,1.0366133451461792,0.00419551832601428,-0.40069282054901123,-0.0018050679937005043,2.9092578887939453,-0.139128640294075,0.9601243138313293,1.0,0.9720824956893921,0.11774355918169022,0.0817376896739006,0.0,0.03531895577907562,-0.32443103194236755,-1.0552490949630737,-1.0,-1.0649737119674683,0.8982282876968384,-0.7544087171554565,-0.8499999642372131,-0.742215096950531,-0.11204224824905396,0.9798098802566528,1.0,0.9775071144104004,-0.2473396509885788,-0.07629871368408203,0.0,-0.07395495474338531,-0.6454495787620544,-1.1417075395584106,-1.0,-1.1290698051452637,-0.8363452553749084,-0.27845144271850586,0.0,-0.2509254515171051
13.076923076923078,1,1,1,0,False,-0.004632726311683655,-0.0005777443875558674,0.018835194408893585,0.0807812288403511,0.0001705363829387352,1.1925585567951202e-05,0.14643020927906036,-0.012749133631587029,-0.0018850930500775576,-1.1458349227905273,-0.0005777443875558674,1.0365544557571411,0.004195765592157841,-0.40069377422332764,-0.0018050885992124677,2.9093501567840576,-0.13911700248718262,0.9601537585258484,1.0,0.9721036553382874,0.11779216676950455,0.08175081759691238,0.0,0.03532206639647484,-0.3243226706981659,-1.0552141666412354,-1.0,-1.0649566650390625,0.8982675075531006,-0.7544195055961609,-0.8499999642372131,-0.742215096950531,-0.11195412278175354,0.9798416495323181,1.0,0.9775338172912598,-0.24752192199230194,-0.07635688036680222,0.0,-0.07401373982429504,-0.6454854011535645,-1.141743779182434,-1.0,-1.1290745735168457,-0.8363245725631714,-0.27844318747520447,0.0,-0.25092068314552307
13.153846153846155,1,1,1,0,False,-0.004633113741874695,-0.0005776842008344829,0.01882963627576828,0.08079230785369873,0.00017830863362178206,1.4861579984426498e-05,0.14641690254211426,-0.01275122445076704,-0.0018850519554689527,-1.1458265781402588,-0.0005776842008344829,1.0364972352981567,0.004196216817945242,-0.40069571137428284,-0.0018050814978778362,2.9094386100769043,-0.1390569657087326,0.9601792693138123,1.0,0.9721219539642334,0.11789453774690628,0.08176127821207047,0.0,0.035326290875673294,-0.32429370284080505,-1.055175542831421,-1.0,-1.0649375915527344,0.8983010649681091,-0.7544295191764832,-0.8499999642372131,-0.7422127723693848,-0.11180374026298523,0.9798656105995178,1.0,0.9775558710098267,-0.24764621257781982,-0.07641472667455673,0.0,-0.07407136261463165,-0.6455438733100891,-1.1417750120162964,-1.0,-1.1290793418884277,-0.8362999558448792,-0.27843406796455383,0.0,-0.2509155571460724
13.230769230769232,1,1,1,0,False,-0.004633575677871704,-0.0005776765756309032,0.018824197351932526,0.08080264925956726,0.00016111110744532198,1.5194527804851532e-05,0.14640113711357117,-0.012753479182720184,-0.0018850067863240838,-1.1458265781402588,-0.0005776765756309032,1.0364400148391724,0.004196705296635628,-0.40069401264190674,-0.0018050577491521835,2.9095218181610107,-0.1391407996416092,0.9602005481719971,1.0,0.9721376895904541,0.11800888925790787,0.08177207410335541,0.0,0.035334791988134384,-0.3244039714336395,-1.0551347732543945,-1.0,-1.0649194717407227,0.8983756303787231,-0.7544372081756592,-0.8499999642372131,-0.7422103881835938,-0.1114690825343132,0.9798871874809265,1.0,0.9775779247283936,-0.24765920639038086,-0.076470285654068,0.0,-0.07412470877170563,-0.645609974861145,-1.1418040990829468,-1.0,-1.1290847063064575,-0.8363007307052612,-0.27842506766319275,0.0,-0.250909686088562
13.307692307692308,1,1,1,0,False,-0.0046339333057403564,-0.0005777566693723202,0.018819086253643036,0.08080929517745972,0.00012289133155718446,1.2228265404701233e-05,0.1463889181613922,-0.012755083851516247,-0.0018850666237995028,-1.1458265781402588,-0.0005777566693723202,1.036382794380188,0.004197027534246445,-0.40069493651390076,-0.0018051330698654056,2.9096012115478516,-0.1392403095960617,0.9602177143096924,1.0,0.9721470475196838,0.11799173057079315,0.08178521692752838,0.0,0.0353468582034111,-0.32427698373794556,-1.0550967454910278,-1.0,-1.0649051666259766,0.8983554244041443,-0.754443347454071,-0.8499999642372131,-0.7422080039978027,-0.11149945855140686,0.9799103736877441,1.0,0.9776031970977783,-0.24769780039787292,-0.07651982456445694,0.0,-0.0741695687174797,-0.6455737948417664,-1.141832709312439,-1.0,-1.129091501235962,-0.8363016843795776,-0.27841734886169434,0.0,-0.25090494751930237
13.384615384615385,1,1,1,0,False,-0.004634171724319458,-0.0005777978803962469,0.01881430298089981,0.08081594109535217,9.656525071477517e-05,1.041218638420105e-05,0.14638078212738037,-0.012756211683154106,-0.0018850464839488268,-1.1458265781402588,-0.0005777978803962469,1.0363255739212036,0.004197254776954651,-0.4006998538970947,-0.0018051525112241507,2.9096784591674805,-0.1389668732881546,0.960229754447937,1.0,0.9721536636352539,0.1180061474442482,0.08180081099271774,0.0,0.03535876050591469,-0.3242502212524414,-1.0550625324249268,-1.0,-1.0648916959762573,0.8983536958694458,-0.7544481158256531,-0.8499999642372131,-0.7422056198120117,-0.11147048324346542,0.9799339771270752,1.0,0.9776262044906616,-0.24785342812538147,-0.0765618309378624,0.0,-0.07420814037322998,-0.645626425743103,-1.1418616771697998,-1.0,-1.129096269607544,-0.836259126663208,-0.27841171622276306,0.0,-0.2509005665779114
13.461538461538462,1,1,1,0,False,-0.004634395241737366,-0.0005778355989605188,0.018809594213962555,0.08082332462072372,9.730108286021277e-05,2.0097941160202026e-05,0.14637304842472076,-0.012757368385791779,-0.0018850888591259718,-1.1458265781402588,-0.0005778355989605188,1.0362683534622192,0.004197451286017895,-0.40070366859436035,-0.001805175794288516,2.909754514694214,-0.13892561197280884,0.9602392911911011,1.0,0.972163200378418,0.11802864074707031,0.08181662112474442,0.0,0.035369422286748886,-0.32428300380706787,-1.0550293922424316,-1.0,-1.0648821592330933,0.8983608484268188,-0.7544535398483276,-0.8499999642372131,-0.7422032356262207,-0.11135132610797882,0.9799556136131287,1.0,0.9776474237442017,-0.2479306310415268,-0.0765993669629097,0.0,-0.07424409687519073,-0.6456578969955444,-1.1418901681900024,-1.0,-1.129101037979126,-0.836262047290802,-0.2784057557582855,0.0,-0.25089579820632935
13.53846153846154,1,1,1,0,False,-0.004634678363800049,-0.0005778082413598895,0.01880504935979843,0.08082997053861618,9.529203089186922e-05,8.111819624900818e-06,0.14636342227458954,-0.012758632190525532,-0.0018850336782634258,-1.1458265781402588,-0.0005778082413598895,1.0362111330032349,0.004197787493467331,-0.4007037878036499,-0.001805126667022705,2.909827470779419,-0.13877052068710327,0.9602500200271606,1.0,0.9721740484237671,0.11807248741388321,0.08183163404464722,0.0,0.03537925332784653,-0.32434168457984924,-1.054999828338623,-1.0,-1.0648750066757202,0.8983561396598816,-0.7544599771499634,-0.8499999642372131,-0.7422008514404297,-0.11123624444007874,0.9799763560295105,1.0,0.9776682257652283,-0.24797579646110535,-0.07663388550281525,0.0,-0.07427670061588287,-0.6457074284553528,-1.1419185400009155,-1.0,-1.129107117652893,-0.8362521529197693,-0.278398722410202,0.0,-0.2508917450904846
13.615384615384617,1,1,1,0,False,-0.00463491678237915,-0.0005778444465249777,0.018800653517246246,0.08083882927894592,7.977697532624006e-05,1.912936568260193e-05,0.14635518193244934,-0.012759903445839882,-0.0018850683700293303,-1.1458265781402588,-0.0005778444465249777,1.0361541509628296,0.004197996109724045,-0.4007023572921753,-0.0018051827792078257,2.9098970890045166,-0.13858477771282196,0.9602620005607605,1.0,0.9721881151199341,0.11806444078683853,0.08184602856636047,0.0,0.035388704389333725,-0.3243578374385834,-1.0549737215042114,-1.0,-1.064870834350586,0.8983320593833923,-0.7544666528701782,-0.8499999642372131,-0.7421996593475342,-0.11122462898492813,0.9799967408180237,1.0,0.9776883721351624,-0.2480166256427765,-0.0766647458076477,0.0,-0.07430538535118103,-0.6457436084747314,-1.141947627067566,-1.0,-1.1291166543960571,-0.8362532258033752,-0.27839183807373047,0.0,-0.2508881688117981
13.692307692307693,1,1,1,0,False,-0.004635140299797058,-0.0005778350168839097,0.018796347081661224,0.0808417797088623,7.173904305091128e-05,1.7434358596801758e-05,0.14634759724140167,-0.012760689482092857,-0.0018850029446184635,-1.1458265781402588,-0.0005778350168839097,1.0360995531082153,0.004198239650577307,-0.40070265531539917,-0.0018051245715469122,2.9099647998809814,-0.13856026530265808,0.9602776169776917,1.0,0.9722065329551697,0.11799585819244385,0.08185906708240509,0.0,0.035395920276641846,-0.32436680793762207,-1.0549530982971191,-1.0,-1.064870834350586,0.8983365893363953,-0.7544739246368408,-0.8499999642372131,-0.7421996593475342,-0.11118369549512863,0.9800153374671936,1.0,0.9777058959007263,-0.24799099564552307,-0.07669172435998917,0.0,-0.07432994246482849,-0.6457588076591492,-1.1419795751571655,-1.0,-1.1291258335113525,-0.8362764716148376,-0.27838486433029175,0.0,-0.25088536739349365
13.76923076923077,1,1,1,0,False,-0.00463530421257019,-0.0005777919432148337,0.018792130053043365,0.08084694296121597,8.038787927944213e-05,1.7434358596801758e-05,0.1463419497013092,-0.012761449441313744,-0.0018849329790100455,-1.1458265781402588,-0.0005777919432148337,1.0360504388809204,0.004198456648737192,-0.4007033109664917,-0.0018051201477646828,2.910031318664551,-0.13839592039585114,0.9602981209754944,1.0,0.9722275137901306,0.11794240027666092,0.08186918497085571,0.0,0.035398948937654495,-0.32431918382644653,-1.0549362897872925,-1.0,-1.064870834350586,0.8983122110366821,-0.7544817924499512,-0.8499999642372131,-0.7421996593475342,-0.11125341057777405,0.9800310134887695,1.0,0.9777195453643799,-0.24800437688827515,-0.07671421021223068,0.0,-0.07434952259063721,-0.645770788192749,-1.1420129537582397,-1.0,-1.1291306018829346,-0.836275041103363,-0.2783767580986023,0.0,-0.25088372826576233
13.846153846153847,1,1,1,0,False,-0.004635468125343323,-0.0005777658661827445,0.018788106739521027,0.08085137605667114,9.567098459228873e-05,1.3317912817001343e-05,0.14633631706237793,-0.012762166559696198,-0.0018849316984415054,-1.1458265781402588,-0.0005777658661827445,1.0360027551651,0.004198671318590641,-0.40070563554763794,-0.0018051456427201629,2.9100968837738037,-0.1383945494890213,0.9603219628334045,1.0,0.972248375415802,0.11788236349821091,0.081875279545784,0.0,0.035397354513406754,-0.32427895069122314,-1.0549218654632568,-1.0,-1.064870834350586,0.8983237147331238,-0.7544900178909302,-0.8499999642372131,-0.7421996593475342,-0.11125735193490982,0.9800424575805664,1.0,0.977729082107544,-0.24799346923828125,-0.07673178613185883,0.0,-0.07436405122280121,-0.645767331123352,-1.1420456171035767,-1.0,-1.1291353702545166,-0.8362764716148376,-0.27836844325065613,0.0,-0.25088295340538025
13.923076923076923,1,1,1,0,False,-0.004635661840438843,-0.0005776461912319064,0.018784217536449432,0.08085432648658752,0.0001055457178154029,1.5315599739551544e-05,0.14632973074913025,-0.012762822210788727,-0.0018848793115466833,-1.1458265781402588,-0.0005776461912319064,1.035955786705017,0.004198957700282335,-0.4007084369659424,-0.0018051790539175272,2.910160779953003,-0.13845551013946533,0.9603458046913147,1.0,0.972266674041748,0.11782071739435196,0.08187717944383621,0.0,0.035391680896282196,-0.3242265582084656,-1.0549061298370361,-1.0,-1.0648669004440308,0.8983485698699951,-0.7544978260993958,-0.8499999642372131,-0.7421996593475342,-0.11125621199607849,0.9800505042076111,1.0,0.9777352213859558,-0.2479952573776245,-0.07674489915370941,0.0,-0.07437483221292496,-0.6457571387290955,-1.142076015472412,-1.0,-1.1291401386260986,-0.8362717032432556,-0.27836140990257263,0.0,-0.25088295340538025
14.0,1,1,1,0,False,-0.004635915160179138,-0.0005775615572929382,0.01878037303686142,0.0808587521314621,0.00010819399176398292,1.3620592653751373e-05,0.14632108807563782,-0.01276387833058834,-0.0018849018961191177,-1.1458265781402588,-0.0005775615572929382,1.0359152555465698,0.004199311137199402,-0.4007114768028259,-0.0018052253872156143,2.9102230072021484,-0.13841234147548676,0.9603685736656189,1.0,0.972280740737915,0.11779999732971191,0.08187537640333176,0.0,0.03538322076201439,-0.3241870701313019,-1.0548874139785767,-1.0,-1.0648621320724487,0.8983625769615173,-0.7545050382614136,-0.8499999642372131,-0.7421996593475342,-0.11124688386917114,0.9800556302070618,1.0,0.9777398705482483,-0.24806690216064453,-0.07675489783287048,0.0,-0.07438358664512634,-0.6457603573799133,-1.1421046257019043,-1.0,-1.1291449069976807,-0.8362483978271484,-0.2783564329147339,0.0,-0.2508821189403534
14.076923076923078,1,1,1,0,False,-0.004636302590370178,-0.000577535480260849,0.01877673715353012,0.08086170256137848,0.00010540653602220118,1.1834781616926193e-05,0.14630791544914246,-0.012765367515385151,-0.0018848683685064316,-1.1458265781402588,-0.000577535480260849,1.0358771085739136,0.004199753049761057,-0.40071362257003784,-0.001805262640118599,2.910282611846924,-0.13862060010433197,0.9603878855705261,1.0,0.9722908735275269,0.11779005080461502,0.08187130838632584,0.0,0.035374004393815994,-0.32412344217300415,-1.0548683404922485,-1.0,-1.0648573637008667,0.8983948826789856,-0.7545121908187866,-0.8499999642372131,-0.7421996593475342,-0.11116020381450653,0.9800596237182617,1.0,0.9777433276176453,-0.2480693757534027,-0.07676377892494202,0.0,-0.07439223676919937,-0.6457422375679016,-1.1421304941177368,-1.0,-1.1291472911834717,-0.836255669593811,-0.2783527076244354,0.0,-0.2508809268474579
14.153846153846155,1,1,1,0,False,-0.0046367347240448,-0.0005775002064183354,0.018773339688777924,0.08086761087179184,8.907329174689949e-05,1.5497207641601562e-05,0.14629320800304413,-0.012767240405082703,-0.0018848603358492255,-1.1458265781402588,-0.0005775002064183354,1.0358389616012573,0.004200241062790155,-0.400712251663208,-0.0018052958184853196,2.910339832305908,-0.1386503428220749,0.9604019522666931,1.0,0.9722930192947388,0.1178404837846756,0.08186636120080948,0.0,0.035365767776966095,-0.3240267336368561,-1.0548481941223145,-1.0,-1.0648502111434937,0.898409366607666,-0.754518449306488,-0.8499999642372131,-0.7421982884407043,-0.11114209145307541,0.9800640344619751,1.0,0.9777480959892273,-0.24814186990261078,-0.07677224278450012,0.0,-0.07440069317817688,-0.645745575428009,-1.142153263092041,-1.0,-1.1291472911834717,-0.8362201452255249,-0.2783498466014862,0.0,-0.25087952613830566
14.230769230769232,1,1,1,0,False,-0.00463712215423584,-0.0005774593446403742,0.018770165741443634,0.08087203651666641,7.506857946282253e-05,9.443610906600952e-06,0.14628005027770996,-0.012768812477588654,-0.0018848794279620051,-1.1458265781402588,-0.0005774593446403742,1.035800814628601,0.004200651776045561,-0.400709867477417,-0.0018053253879770637,2.910395383834839,-0.13858722150325775,0.9604083895683289,1.0,0.9722909331321716,0.11794639378786087,0.08186279982328415,0.0,0.03536165878176689,-0.3239859938621521,-1.0548243522644043,-1.0,-1.0648406744003296,0.8984300494194031,-0.7545220851898193,-0.8499999642372131,-0.7421959042549133,-0.1110563799738884,0.9800686240196228,1.0,0.9777534604072571,-0.2482396960258484,-0.07678128778934479,0.0,-0.07441076636314392,-0.6457899808883667,-1.1421722173690796,-1.0,-1.1291472911834717,-0.8361888527870178,-0.27834779024124146,0.0,-0.25087669491767883
14.307692307692308,1,1,1,0,False,-0.004637554287910461,-0.00057752471184358,0.018767334520816803,0.08087719976902008,6.926876085344702e-05,1.4861579984426498e-05,0.14626534283161163,-0.012770566157996655,-0.0018849036423489451,-1.1458265781402588,-0.00057752471184358,1.0357626676559448,0.004201061557978392,-0.40070629119873047,-0.0018053591484203935,2.910449266433716,-0.13850314915180206,0.9604085087776184,1.0,0.9722891449928284,0.11811596155166626,0.08186214417219162,0.0,0.035364676266908646,-0.3240300118923187,-1.0548005104064941,-1.0,-1.0648311376571655,0.8984431028366089,-0.7545243501663208,-0.8499999642372131,-0.7421935200691223,-0.1108974888920784,0.980074942111969,1.0,0.9777615666389465,-0.24829746782779694,-0.07679244875907898,0.0,-0.07442375272512436,-0.6458641886711121,-1.1421868801116943,-1.0,-1.129149317741394,-0.8361689448356628,-0.2783450782299042,0.0,-0.25087273120880127
14.384615384615385,1,1,1,0,False,-0.0046379417181015015,-0.0005775390891358256,0.01876457780599594,0.08088236302137375,6.243588723009452e-05,1.3317912817001343e-05,0.14625214040279388,-0.01277205627411604,-0.0018848872277885675,-1.1458265781402588,-0.0005775390891358256,1.035720705986023,0.004201455973088741,-0.4007030129432678,-0.0018053288804367185,2.9105000495910645,-0.13838721811771393,0.9604061245918274,1.0,0.9722905158996582,0.11827775835990906,0.08186646550893784,0.0,0.035377051681280136,-0.3241119384765625,-1.054776906967163,-1.0,-1.0648247003555298,0.898446261882782,-0.7545247077941895,-0.8499999642372131,-0.7421911358833313,-0.11072778701782227,0.9800847172737122,1.0,0.9777738451957703,-0.24828645586967468,-0.07680579274892807,0.0,-0.07443782687187195,-0.6459488868713379,-1.1422011852264404,-1.0,-1.129154086112976,-0.8361733555793762,-0.2783409059047699,0.0,-0.25086796283721924
14.461538461538462,1,1,1,0,False,-0.004638165235519409,-0.0005776276811957359,0.018761925399303436,0.08088605105876923,5.526391032617539e-05,2.5243498384952545e-05,0.14624454081058502,-0.012772763147950172,-0.0018849071348086,-1.1458265781402588,-0.0005776276811957359,1.0356742143630981,0.004201607313007116,-0.4006984829902649,-0.0018053121166303754,2.910548686981201,-0.13813650608062744,0.9604049324989319,1.0,0.9722975492477417,0.11839260905981064,0.08187709003686905,0.0,0.03539768233895302,-0.3241882622241974,-1.05475914478302,-1.0,-1.0648224353790283,0.8984289169311523,-0.7545245289802551,-0.8499999642372131,-0.7421898245811462,-0.11063066869974136,0.9800984859466553,1.0,0.9777900576591492,-0.2482491433620453,-0.07681882381439209,0.0,-0.07444973289966583,-0.6460368037223816,-1.1422187089920044,-1.0,-1.1291617155075073,-0.8361796140670776,-0.2783348560333252,0.0,-0.2508641183376312
14.53846153846154,1,1,1,0,False,-0.004638165235519409,-0.0005777085898444057,0.018759332597255707,0.08088900148868561,4.6984692744445056e-05,1.6284175217151642e-05,0.14624449610710144,-0.012772518210113049,-0.0018849590560421348,-1.1458265781402588,-0.0005777085898444057,1.0356281995773315,0.004201508592814207,-0.40069419145584106,-0.0018053161911666393,2.910595178604126,-0.13795973360538483,0.9604086875915527,1.0,0.9723117351531982,0.11841409653425217,0.08189292252063751,0.0,0.03542241081595421,-0.3242231011390686,-1.0547481775283813,-1.0,-1.0648231506347656,0.8984076380729675,-0.7545236945152283,-0.8499999642372131,-0.7421898245811462,-0.11061322689056396,0.9801154136657715,1.0,0.9778085350990295,-0.24818651378154755,-0.07682888954877853,0.0,-0.07445721328258514,-0.6460859775543213,-1.1422410011291504,-1.0,-1.1291712522506714,-0.8362004160881042,-0.27832749485969543,0.0,-0.250861257314682
14.615384615384617,1,1,1,0,False,-0.004637986421585083,-0.0005776530597358942,0.018756680190563202,0.08088826388120651,2.895729812735226e-05,1.259148120880127e-05,0.14625054597854614,-0.012771383859217167,-0.0018848765175789595,-1.1458230018615723,-0.0005776530597358942,1.0355857610702515,0.004201358184218407,-0.40068912506103516,-0.0018052986124530435,2.910640001296997,-0.13770224153995514,0.9604195952415466,1.0,0.9723331332206726,0.1183735728263855,0.08191134035587311,0.0,0.0354459173977375,-0.32422876358032227,-1.0547425746917725,-1.0,-1.0648279190063477,0.898381769657135,-0.7545236945152283,-0.8499999642372131,-0.7421898245811462,-0.11065888404846191,0.9801324009895325,1.0,0.9778246283531189,-0.24813801050186157,-0.07683450728654861,0.0,-0.07445991784334183,-0.6461317539215088,-1.1422674655914307,-1.0,-1.1291807889938354,-0.8362141847610474,-0.2783188819885254,0.0,-0.2508598864078522
14.692307692307693,1,1,1,0,False,-0.004637733101844788,-0.0005777008482255042,0.018754132091999054,0.08088752627372742,1.311889718635939e-05,2.0582228899002075e-05,0.1462591141462326,-0.012770052067935467,-0.0018848995678126812,-1.1458134651184082,-0.0005777008482255042,1.0355476140975952,0.004201122559607029,-0.4006836414337158,-0.001805354724638164,2.9106836318969727,-0.13743361830711365,0.9604389071464539,1.0,0.9723597764968872,0.11831000447273254,0.08192892372608185,0.0,0.035463523119688034,-0.324221134185791,-1.0547423362731934,-1.0,-1.0648326873779297,0.8983590602874756,-0.7545245885848999,-0.8499999642372131,-0.7421898245811462,-0.11070704460144043,0.9801466464996338,1.0,0.9778367877006531,-0.24816133081912994,-0.07683558762073517,0.0,-0.07445844262838364,-0.6461544632911682,-1.1422961950302124,-1.0,-1.1291903257369995,-0.8362122178077698,-0.27830934524536133,0.0,-0.2508600950241089
14.76923076923077,1,1,1,0,False,-0.00463750958442688,-0.0005776052130386233,0.01875140517950058,0.08088752627372742,5.320682976162061e-05,1.773703843355179e-05,0.1462666541337967,-0.012768820859491825,-0.0018848833860829473,-1.1458039283752441,-0.0005776052130386233,1.0355101823806763,0.004200969822704792,-0.4006783366203308,-0.0018053916282951832,2.9107258319854736,-0.13738125562667847,0.9604650735855103,1.0,0.9723904728889465,0.11819745600223541,0.08194249868392944,0.0,0.03547308221459389,-0.3241712152957916,-1.0547423362731934,-1.0,-1.0648353099822998,0.8983521461486816,-0.7545273900032043,-0.8499999642372131,-0.7421913743019104,-0.11077918857336044,0.9801565408706665,1.0,0.9778438806533813,-0.24813005328178406,-0.07683365046977997,0.0,-0.07445527613162994,-0.646148681640625,-1.1423265933990479,-1.0,-1.1291998624801636,-0.8362259268760681,-0.27830052375793457,0.0,-0.2508612871170044
14.846153846153847,1,1,1,0,False,-0.004637435078620911,-0.0005775242461822927,0.018748588860034943,0.08088752627372742,0.00010513495362829417,1.477077603340149e-05,0.14626915752887726,-0.01276828721165657,-0.0018848244799301028,-1.14579439163208,-0.0005775242461822927,1.035481572151184,0.0042010219767689705,-0.4006757140159607,-0.0018053909298032522,2.910766124725342,-0.13733439147472382,0.9604970216751099,1.0,0.9724222421646118,0.11811648309230804,0.08194969594478607,0.0,0.03547457978129387,-0.3241340219974518,-1.0547407865524292,-1.0,-1.0648353099822998,0.8983502388000488,-0.7545322179794312,-0.8499999642372131,-0.7421937584877014,-0.11083152145147324,0.9801613688468933,1.0,0.9778466820716858,-0.24809347093105316,-0.07683059573173523,0.0,-0.07445226609706879,-0.6461554169654846,-1.1423559188842773,-1.0,-1.1292093992233276,-0.8362216949462891,-0.27829229831695557,0.0,-0.2508624792098999
14.923076923076923,1,1,1,0,False,-0.004637539386749268,-0.0005773993907496333,0.018745608627796173,0.0808904767036438,0.00013200865942053497,2.173241227865219e-05,0.1462656408548355,-0.01276872307062149,-0.0018848214531317353,-1.1457855701446533,-0.0005773993907496333,1.035452961921692,0.004201196134090424,-0.4006747603416443,-0.001805441570468247,2.9108049869537354,-0.1374346911907196,0.9605318903923035,1.0,0.9724493026733398,0.11806812882423401,0.08195103704929352,0.0,0.03546971082687378,-0.32410091161727905,-1.0547360181808472,-1.0,-1.0648353099822998,0.8983796834945679,-0.754538357257843,-0.8499999642372131,-0.7421941161155701,-0.1107756718993187,0.9801627993583679,1.0,0.9778466820716858,-0.24811765551567078,-0.076827771961689,0.0,-0.07444921880960464,-0.6461308598518372,-1.1423845291137695,-1.0,-1.1292142868041992,-0.8362218737602234,-0.27828508615493774,0.0,-0.2508636713027954
15.0,1,1,1,0,False,-0.004637733101844788,-0.000577386119402945,0.018742866814136505,0.0808904767036438,0.00013196423242334276,1.2228265404701233e-05,0.14625906944274902,-0.012769312597811222,-0.001884820288978517,-1.145782709121704,-0.000577386119402945,1.03542959690094,0.004201433155685663,-0.4006730914115906,-0.001805518171750009,2.9108433723449707,-0.13745208084583282,0.9605637192726135,1.0,0.97246915102005,0.11803657561540604,0.0819481760263443,0.0,0.03546086326241493,-0.3240140974521637,-1.0547281503677368,-1.0,-1.064832329750061,0.8983944058418274,-0.7545433640480042,-0.8499999642372131,-0.7421941161155701,-0.11078930646181107,0.9801627993583679,1.0,0.9778466820716858,-0.24817682802677155,-0.07682504504919052,0.0,-0.07444705814123154,-0.6461174488067627,-1.142408847808838,-1.0,-1.1292190551757812,-0.8361940979957581,-0.2782803177833557,0.0,-0.2508641183376312
15.076923076923078,1,1,1,0,False,-0.004637971520423889,-0.0005773261073045433,0.018740229308605194,0.08089342713356018,0.00012603811046574265,1.3560056686401367e-05,0.14625094830989838,-0.012770334258675575,-0.0018848361214622855,-1.145782709121704,-0.0005773261073045433,1.0354105234146118,0.00420171907171607,-0.4006722569465637,-0.0018056058324873447,2.9108808040618896,-0.13748759031295776,0.9605902433395386,1.0,0.9724830389022827,0.11806395649909973,0.08194263279438019,0.0,0.03545086085796356,-0.323939710855484,-1.05471670627594,-1.0,-1.064827561378479,0.8984147906303406,-0.7545481324195862,-0.8499999642372131,-0.7421941161155701,-0.11074498295783997,0.9801627397537231,1.0,0.9778466820716858,-0.24825607240200043,-0.07682407647371292,0.0,-0.0744478777050972,-0.6461242437362671,-1.1424299478530884,-1.0,-1.1292213201522827,-0.8361695408821106,-0.27827781438827515,0.0,-0.25086328387260437
15.153846153846155,1,1,1,0,False,-0.004638344049453735,-0.0005773439770564437,0.018737785518169403,0.08089563995599747,0.00011866541899507865,1.4589168131351471e-05,0.14623834192752838,-0.012771794572472572,-0.0018848784966394305,-1.145782709121704,-0.0005773439770564437,1.0353914499282837,0.0042020766995847225,-0.4006701707839966,-0.0018057056004181504,2.9109177589416504,-0.13741084933280945,0.9606102705001831,1.0,0.9724912643432617,0.11817794293165207,0.08193635195493698,0.0,0.035443324595689774,-0.3239082098007202,-1.0547008514404297,-1.0,-1.0648185014724731,0.8984360694885254,-0.7545519471168518,-0.8499999642372131,-0.7421941161155701,-0.11064406484365463,0.9801627397537231,1.0,0.9778475165367126,-0.24833537638187408,-0.0768263190984726,0.0,-0.07445243746042252,-0.6461758613586426,-1.1424459218978882,-1.0,-1.1292213201522827,-0.8361287117004395,-0.27827560901641846,0.0,-0.2508608102798462
15.230769230769232,1,1,1,0,False,-0.004638791084289551,-0.0005773606244474649,0.018735550343990326,0.08090080320835114,9.695520566310734e-05,1.5315599739551544e-05,0.14622314274311066,-0.01277367677539587,-0.0018849140033125877,-1.145782709121704,-0.0005773606244474649,1.035366177558899,0.004202548880130053,-0.400667667388916,-0.0018057519337162375,2.9109535217285156,-0.13746219873428345,0.9606236815452576,1.0,0.9724966287612915,0.1183171272277832,0.08193168044090271,0.0,0.035442598164081573,-0.32391712069511414,-1.0546817779541016,-1.0,-1.064808964729309,0.8984575867652893,-0.7545543313026428,-0.8499999642372131,-0.7421926856040955,-0.110483318567276,0.9801649451255798,1.0,0.9778519868850708,-0.24837616086006165,-0.07683224976062775,0.0,-0.0744607150554657,-0.6462170481681824,-1.1424568891525269,-1.0,-1.1292243003845215,-0.8361184000968933,-0.27827340364456177,0.0,-0.25085702538490295
15.307692307692308,1,1,1,0,False,-0.004639148712158203,-0.0005773762241005898,0.018733493983745575,0.08090449124574661,5.692273043678142e-05,1.5739351511001587e-05,0.14621098339557648,-0.012775041162967682,-0.0018848932813853025,-1.145782709121704,-0.0005773762241005898,1.0353378057479858,0.004202893935143948,-0.40066856145858765,-0.0018057138659060001,2.9109861850738525,-0.1371971070766449,0.9606317281723022,1.0,0.9725027680397034,0.11849752068519592,0.08193249255418777,0.0,0.03545145317912102,-0.32395175099372864,-1.0546627044677734,-1.0,-1.064802885055542,0.8984522819519043,-0.754554271697998,-0.8499999642372131,-0.7421903014183044,-0.11036362498998642,0.980171263217926,1.0,0.9778614640235901,-0.24839766323566437,-0.07684134691953659,0.0,-0.0744713693857193,-0.6463244557380676,-1.1424667835235596,-1.0,-1.1292290687561035,-0.8360918164253235,-0.27827104926109314,0.0,-0.2508522570133209
15.384615384615385,1,1,1,0,False,-0.004639282822608948,-0.0005773458979092538,0.018731527030467987,0.0809059664607048,2.647973451530561e-05,1.6344711184501648e-05,0.14620642364025116,-0.012775324285030365,-0.0018848513718694448,-1.145782709121704,-0.0005773458979092538,1.0353091955184937,0.004203065298497677,-0.4006735384464264,-0.0018056394765153527,2.911017417907715,-0.1371973603963852,0.9606388807296753,1.0,0.972514271736145,0.11857283860445023,0.08193998038768768,0.0,0.0354694202542305,-0.32390734553337097,-1.0546483993530273,-1.0,-1.06479811668396,0.8984363675117493,-0.7545519471168518,-0.8499999642372131,-0.7421890497207642,-0.11032440513372421,0.9801821708679199,1.0,0.977874755859375,-0.24829231202602386,-0.0768517404794693,0.0,-0.0744817852973938,-0.6463693976402283,-1.1424801349639893,-1.0,-1.129236102104187,-0.8361175060272217,-0.27826687693595886,0.0,-0.25084733963012695
15.461538461538462,1,1,1,0,False,-0.004639178514480591,-0.0005773010198026896,0.018729664385318756,0.080907441675663,6.25904385742615e-06,1.912936568260193e-05,0.1462099254131317,-0.012774661183357239,-0.0018848200561478734,-1.145782709121704,-0.0005773010198026896,1.0352805852890015,0.004203008022159338,-0.40068018436431885,-0.0018056378467008471,2.9110465049743652,-0.13706724345684052,0.9606484174728394,1.0,0.9725263118743896,0.11858788132667542,0.08195273578166962,0.0,0.035491734743118286,-0.3238849937915802,-1.0546379089355469,-1.0,-1.064793348312378,0.898431122303009,-0.7545492649078369,-0.8499999642372131,-0.7421890497207642,-0.11030846834182739,0.9801954627037048,1.0,0.9778890609741211,-0.2482399195432663,-0.07686029374599457,0.0,-0.07448815554380417,-0.6464075446128845,-1.1424949169158936,-1.0,-1.129245638847351,-0.8361251354217529,-0.2782611548900604,0.0,-0.2508435845375061
15.53846153846154,1,1,1,0,False,-0.004638969898223877,-0.0005772837321273983,0.01872778683900833,0.0809067040681839,9.698107533040456e-06,1.5315599739551544e-05,0.1462170034646988,-0.012773471884429455,-0.0018847842002287507,-1.145782709121704,-0.0005772837321273983,1.0352519750595093,0.004202825482934713,-0.4006812572479248,-0.001805621781386435,2.911073923110962,-0.13715167343616486,0.9606603384017944,1.0,0.9725364446640015,0.11852394789457321,0.08196880668401718,0.0,0.035511892288923264,-0.32384225726127625,-1.0546319484710693,-1.0,-1.064788579940796,0.8984574675559998,-0.754546046257019,-0.8499999642372131,-0.7421890497207642,-0.11028790473937988,0.9802097082138062,1.0,0.9779031872749329,-0.24825137853622437,-0.07686448097229004,0.0,-0.07448901236057281,-0.6463804841041565,-1.1425139904022217,-1.0,-1.1292539834976196,-0.8361427187919617,-0.2782554626464844,0.0,-0.25084200501441956
15.615384615384617,1,1,1,0,False,-0.004638701677322388,-0.0005772848380729556,0.018725819885730743,0.0809059664607048,7.658487447770312e-06,1.3802200555801392e-05,0.14622604846954346,-0.012772122398018837,-0.0018848105100914836,-1.145782709121704,-0.0005772848380729556,1.0352236032485962,0.004202575888484716,-0.4006834030151367,-0.0018056822009384632,2.9111011028289795,-0.13709145784378052,0.9606722593307495,1.0,0.9725459814071655,0.11846426129341125,0.08198416233062744,0.0,0.03552570566534996,-0.3237951993942261,-1.054625153541565,-1.0,-1.0647838115692139,0.8984520435333252,-0.7545443177223206,-0.8499999642372131,-0.7421890497207642,-0.11032372713088989,0.9802218079566956,1.0,0.977914035320282,-0.2483453005552292,-0.07686488330364227,0.0,-0.07448852062225342,-0.6463675498962402,-1.1425330638885498,-1.0,-1.1292587518692017,-0.8361267447471619,-0.27825090289115906,0.0,-0.2508414685726166
15.692307692307693,1,1,1,0,False,-0.004638597369194031,-0.0005771789001300931,0.018723882734775543,0.0809067040681839,3.0220160624594428e-05,1.1380761861801147e-05,0.1462295651435852,-0.012771601788699627,-0.0018847708124667406,-1.145782709121704,-0.0005771789001300931,1.0352014303207397,0.004202563315629959,-0.4006858468055725,-0.0018056795233860612,2.9111273288726807,-0.13721969723701477,0.9606836438179016,1.0,0.9725538492202759,0.11841264367103577,0.08199644088745117,0.0,0.035532619804143906,-0.32380014657974243,-1.0546156167984009,-1.0,-1.0647790431976318,0.8984783887863159,-0.7545457482337952,-0.8499999642372131,-0.7421890497207642,-0.11023858189582825,0.9802308082580566,1.0,0.9779216051101685,-0.24841849505901337,-0.07686589658260345,0.0,-0.07449150830507278,-0.6463533043861389,-1.1425483226776123,-1.0,-1.1292635202407837,-0.8361325263977051,-0.27824774384498596,0.0,-0.25084033608436584
15.76923076923077,1,1,1,0,False,-0.0046387165784835815,-0.0005771643482148647,0.018721945583820343,0.08090891689062119,4.5739936467725784e-05,1.1865049600601196e-05,0.14622552692890167,-0.012772188521921635,-0.0018847614992409945,-1.145782709121704,-0.0005771643482148647,1.0351823568344116,0.004202681593596935,-0.40068840980529785,-0.0018056923290714622,2.9111526012420654,-0.13712388277053833,0.9606930613517761,1.0,0.9725593328475952,0.11843664944171906,0.08200547099113464,0.0,0.035534750670194626,-0.32384487986564636,-1.0546060800552368,-1.0,-1.0647742748260498,0.8984755873680115,-0.7545493245124817,-0.8499999642372131,-0.7421886920928955,-0.11016623675823212,0.9802380204200745,1.0,0.9779287576675415,-0.24851277470588684,-0.07687065750360489,0.0,-0.07449904829263687,-0.646381676197052,-1.1425626277923584,-1.0,-1.1292682886123657,-0.8361093401908875,-0.27824535965919495,0.0,-0.25083914399147034
15.846153846153847,1,1,1,0,False,-0.0046389102935791016,-0.0005772064905613661,0.018720142543315887,0.08091260492801666,4.6653978643007576e-05,1.1713709682226181e-05,0.14621886610984802,-0.012773205526173115,-0.001884765108115971,-1.145782709121704,-0.0005772064905613661,1.0351632833480835,0.004202859941869974,-0.4006924033164978,-0.0018057088600471616,2.911176919937134,-0.13717547059059143,0.9607002139091492,1.0,0.9725630283355713,0.1184656098484993,0.08201232552528381,0.0,0.03553539887070656,-0.3239002227783203,-1.0545936822891235,-1.0,-1.0647724866867065,0.8984881639480591,-0.7545529007911682,-0.8499999642372131,-0.7421863079071045,-0.11005205661058426,0.9802457690238953,1.0,0.977937638759613,-0.2485310286283493,-0.07687922567129135,0.0,-0.07450956851243973,-0.646397054195404,-1.1425732374191284,-1.0,-1.129270315170288,-0.8361099362373352,-0.2782437205314636,0.0,-0.25083795189857483
15.923076923076923,1,1,1,0,False,-0.004639044404029846,-0.0005771899595856667,0.01871856302022934,0.08091629296541214,3.6584930057870224e-05,1.2409873306751251e-05,0.14621426165103912,-0.012773976661264896,-0.001884758472442627,-1.145782709121704,-0.0005771899595856667,1.0351442098617554,0.004203013610094786,-0.400696337223053,-0.001805682317353785,2.911201000213623,-0.1371820718050003,0.960705041885376,1.0,0.972565233707428,0.1184840053319931,0.0820181742310524,0.0,0.03553646430373192,-0.3239201605319977,-1.0545835494995117,-1.0,-1.0647724866867065,0.8984816670417786,-0.7545567750930786,-0.8499999642372131,-0.7421854138374329,-0.10998661816120148,0.9802553057670593,1.0,0.9779489636421204,-0.24856020510196686,-0.07688981294631958,0.0,-0.07452086359262466,-0.6463985443115234,-1.1425827741622925,-1.0,-1.129270315170288,-0.8361068367958069,-0.2782425284385681,0.0,-0.2508367598056793
16.0,1,1,1,0,False,-0.004639148712158203,-0.0005771994474343956,0.01871701329946518,0.08091776818037033,3.153004217892885e-05,1.4831312000751495e-05,0.14621074497699738,-0.012774434871971607,-0.0018847631290555,-1.145782709121704,-0.0005771994474343956,1.0351251363754272,0.004203098360449076,-0.40070098638534546,-0.0018057068809866905,2.9112250804901123,-0.1372470259666443,0.9607082009315491,1.0,0.9725643396377563,0.11848374456167221,0.08202335983514786,0.0,0.035537902265787125,-0.3239266574382782,-1.0545740127563477,-1.0,-1.0647724866867065,0.898490309715271,-0.7545607089996338,-0.8499999642372131,-0.7421854138374329,-0.10992491990327835,0.9802666902542114,1.0,0.9779608845710754,-0.2485794574022293,-0.0769006758928299,0.0,-0.07453156262636185,-0.6463882923126221,-1.1425923109054565,-1.0,-1.129270315170288,-0.8361106514930725,-0.27824151515960693,0.0,-0.2508355677127838
16.076923076923077,1,1,1,0,False,-0.0046392083168029785,-0.0005771977594122291,0.018715523183345795,0.08091998100280762,3.129592732875608e-05,1.1622905731201172e-05,0.14620868861675262,-0.012774773873388767,-0.001884747063741088,-1.145782709121704,-0.0005771977594122291,1.0351060628890991,0.0042031812481582165,-0.4007038474082947,-0.001805689767934382,2.9112489223480225,-0.13745173811912537,0.9607091546058655,1.0,0.9725616574287415,0.1184534952044487,0.0820283517241478,0.0,0.03553931415081024,-0.32389962673187256,-1.0545644760131836,-1.0,-1.0647724866867065,0.8985143303871155,-0.7545642852783203,-0.8499999642372131,-0.7421854138374329,-0.1098509132862091,0.9802783727645874,1.0,0.9779728055000305,-0.248579204082489,-0.07691114395856857,0.0,-0.07454200834035873,-0.6463591456413269,-1.1426018476486206,-1.0,-1.129270315170288,-0.8361300826072693,-0.2782413363456726,0.0,-0.2508346140384674
16.153846153846153,1,1,1,0,False,-0.004639267921447754,-0.0005771956639364362,0.01871403306722641,0.0809221938252449,3.526148429955356e-05,1.695007085800171e-05,0.14620661735534668,-0.012775146402418613,-0.0018847418250516057,-1.145782709121704,-0.0005771956639364362,1.035086989402771,0.004203249700367451,-0.4007003903388977,-0.0018057066481560469,2.9112720489501953,-0.13721486926078796,0.9607074856758118,1.0,0.972558319568634,0.1184983104467392,0.08203312009572983,0.0,0.0355406329035759,-0.3238834738731384,-1.0545549392700195,-1.0,-1.0647724866867065,0.8984888195991516,-0.7545679211616516,-0.8499999642372131,-0.7421854138374329,-0.10988259315490723,0.9802900552749634,1.0,0.9779847264289856,-0.24870799481868744,-0.0769217237830162,0.0,-0.07455327361822128,-0.6463904976844788,-1.1426112651824951,-1.0,-1.129270315170288,-0.8360968828201294,-0.2782413363456726,0.0,-0.2508339285850525
16.23076923076923,1,1,1,0,False,-0.004639342427253723,-0.0005772168515250087,0.01871275156736374,0.08092514425516129,3.988513344665989e-05,1.250067725777626e-05,0.14620403945446014,-0.012775618582963943,-0.0018847737228497863,-1.145782709121704,-0.0005772168515250087,1.0350679159164429,0.004203328862786293,-0.4006998836994171,-0.0018057015258818865,2.911294937133789,-0.13718049228191376,0.960705041885376,1.0,0.9725545644760132,0.11852746456861496,0.08203787356615067,0.0,0.03554230555891991,-0.32389622926712036,-1.0545454025268555,-1.0,-1.0647724866867065,0.8984934687614441,-0.754571259021759,-0.8499999642372131,-0.7421841621398926,-0.10984521359205246,0.9803016185760498,1.0,0.977996289730072,-0.24875357747077942,-0.07693328708410263,0.0,-0.07456552237272263,-0.6464060544967651,-1.14261794090271,-1.0,-1.129270315170288,-0.8360883593559265,-0.2782408893108368,0.0,-0.25083354115486145
16.30769230769231,1,1,1,0,False,-0.00463944673538208,-0.0005772136501036584,0.018711678683757782,0.08092661201953888,3.871279113809578e-05,1.041218638420105e-05,0.14620047807693481,-0.012776072137057781,-0.001884720753878355,-1.145782709121704,-0.0005772136501036584,1.0350488424301147,0.00420338474214077,-0.4006982445716858,-0.0018056812696158886,2.9113171100616455,-0.13723203539848328,0.9607005715370178,1.0,0.972551703453064,0.11853983253240585,0.08204275369644165,0.0,0.03554468974471092,-0.32389187812805176,-1.0545382499694824,-1.0,-1.0647724866867065,0.8984988331794739,-0.7545740604400635,-0.8499999642372131,-0.7421838641166687,-0.10981146991252899,0.9803117513656616,1.0,0.9780058264732361,-0.2487906962633133,-0.07694558799266815,0.0,-0.07457805424928665,-0.6463980674743652,-1.1426242589950562,-1.0,-1.129270315170288,-0.8361011743545532,-0.27824053168296814,0.0,-0.25083300471305847
16.384615384615387,1,1,1,0,False,-0.004639536142349243,-0.0005773073644377291,0.01871078461408615,0.08092808723449707,3.299991294625215e-05,1.2288801372051239e-05,0.14619746804237366,-0.01277643907815218,-0.0018847460160031915,-1.145782709121704,-0.0005773073644377291,1.0350297689437866,0.004203398246318102,-0.4006980061531067,-0.0018056676490232348,2.9113388061523438,-0.13705095648765564,0.9606972336769104,1.0,0.9725512862205505,0.11855955421924591,0.08204735070466995,0.0,0.03554769232869148,-0.3238846957683563,-1.0545328855514526,-1.0,-1.0647724866867065,0.898481011390686,-0.7545765042304993,-0.8499999642372131,-0.7421838641166687,-0.10985293984413147,0.9803207516670227,1.0,0.9780137538909912,-0.24883270263671875,-0.07695788890123367,0.0,-0.07459061592817307,-0.6464325785636902,-1.1426297426223755,-1.0,-1.129271388053894,-0.8360853791236877,-0.27823951840400696,0.0,-0.250832200050354
16.461538461538463,1,1,1,0,False,-0.004639536142349243,-0.0005773142911493778,0.018709681928157806,0.08093103766441345,2.0922141629853286e-05,1.6284175217151642e-05,0.14619740843772888,-0.01277655828744173,-0.0018847306491807103,-1.145782709121704,-0.0005773142911493778,1.0350106954574585,0.004203443415462971,-0.40069860219955444,-0.001805662177503109,2.9113588333129883,-0.13700394332408905,0.9606958031654358,1.0,0.972555935382843,0.11857020854949951,0.08205174654722214,0.0,0.035551518201828,-0.3238976299762726,-1.0545281171798706,-1.0,-1.0647724866867065,0.8984807133674622,-0.7545788884162903,-0.8499999642372131,-0.7421838641166687,-0.10984914749860764,0.9803275465965271,1.0,0.9780189990997314,-0.24880178272724152,-0.07697033137083054,0.0,-0.07460296899080276,-0.6464605331420898,-1.1426379680633545,-1.0,-1.129276156425476,-0.8360978364944458,-0.2782374620437622,0.0,-0.2508310079574585
16.53846153846154,1,1,1,0,False,-0.004639491438865662,-0.0005772732547484338,0.018708430230617523,0.08093177527189255,1.3176437278161757e-05,1.1743977665901184e-05,0.14619886875152588,-0.012776335701346397,-0.0018847124883905053,-1.145782709121704,-0.0005772732547484338,1.0349916219711304,0.004203442949801683,-0.40070009231567383,-0.0018056263215839863,2.9113779067993164,-0.136910542845726,0.9606987833976746,1.0,0.9725639224052429,0.118566133081913,0.08205582946538925,0.0,0.035555608570575714,-0.323909193277359,-1.0545233488082886,-1.0,-1.0647724866867065,0.898474931716919,-0.7545812726020813,-0.8499999642372131,-0.7421838641166687,-0.10987457633018494,0.9803323149681091,1.0,0.9780226945877075,-0.2487615942955017,-0.07698141038417816,0.0,-0.07461244612932205,-0.6464836001396179,-1.1426475048065186,-1.0,-1.129280924797058,-0.8361062407493591,-0.2782341241836548,0.0,-0.25083085894584656
16.615384615384617,1,1,1,0,False,-0.00463944673538208,-0.0005772758740931749,0.018707163631916046,0.08093251287937164,1.4652293430117425e-05,1.616310328245163e-05,0.14620035886764526,-0.012776101939380169,-0.0018847184255719185,-1.145782709121704,-0.0005772758740931749,1.0349725484848022,0.004203395452350378,-0.4007023572921753,-0.0018056639237329364,2.911396026611328,-0.1369001865386963,0.9607058763504028,1.0,0.9725741147994995,0.11851891130208969,0.08205950260162354,0.0,0.03555859997868538,-0.32388538122177124,-1.0545209646224976,-1.0,-1.0647724866867065,0.8984772562980652,-0.7545833587646484,-0.8499999642372131,-0.7421838641166687,-0.10992076247930527,0.9803349375724792,1.0,0.9780241250991821,-0.24870628118515015,-0.07698921114206314,0.0,-0.07461767643690109,-0.6464839577674866,-1.1426596641540527,-1.0,-1.1292856931686401,-0.8361197710037231,-0.27823054790496826,0.0,-0.25083085894584656
16.692307692307693,1,1,1,0,False,-0.004639416933059692,-0.0005772522417828441,0.0187058225274086,0.08093325048685074,3.435906910453923e-05,8.53557139635086e-06,0.14620138704776764,-0.012775917537510395,-0.00188471470028162,-1.145782709121704,-0.0005772522417828441,1.0349560976028442,0.00420337775722146,-0.40070390701293945,-0.0018056464614346623,2.9114136695861816,-0.13686786592006683,0.9607164859771729,1.0,0.9725848436355591,0.11846761405467987,0.0820615291595459,0.0,0.03555876389145851,-0.32384976744651794,-1.0545196533203125,-1.0,-1.0647724866867065,0.8984771370887756,-0.7545844912528992,-0.8499999642372131,-0.7421838641166687,-0.10998619347810745,0.9803353548049927,1.0,0.9780230522155762,-0.2486748993396759,-0.0769927129149437,0.0,-0.07461844384670258,-0.6464775800704956,-1.1426739692687988,-1.0,-1.1292903423309326,-0.8361172676086426,-0.27822697162628174,0.0,-0.25083184242248535
16.76923076923077,1,1,1,0,False,-0.004639387130737305,-0.000577148050069809,0.018704377114772797,0.08093398809432983,3.9836719224695116e-05,1.1743977665901184e-05,0.14620238542556763,-0.012775798328220844,-0.0018846738385036588,-1.145782709121704,-0.000577148050069809,1.0349465608596802,0.004203415010124445,-0.40070241689682007,-0.0018056678818538785,2.911431312561035,-0.13699451088905334,0.9607284069061279,1.0,0.9725923538208008,0.118390291929245,0.08206121623516083,0.0,0.03555508702993393,-0.32379892468452454,-1.0545158386230469,-1.0,-1.0647724866867065,0.8984968662261963,-0.7545867562294006,-0.8499999642372131,-0.7421838641166687,-0.11000537127256393,0.9803334474563599,1.0,0.9780202507972717,-0.24866537749767303,-0.07699234038591385,0.0,-0.07461602240800858,-0.646439254283905,-1.1426870822906494,-1.0,-1.1292903423309326,-0.8361215591430664,-0.2782241106033325,0.0,-0.25083303451538086
16.846153846153847,1,1,1,0,False,-0.004639461636543274,-0.0005771184805780649,0.018703199923038483,0.08093398809432983,3.719700180226937e-05,1.1078082025051117e-05,0.14619986712932587,-0.012776050716638565,-0.001884671626612544,-1.145782709121704,-0.0005771184805780649,1.0349370241165161,0.0042035444639623165,-0.40069442987442017,-0.0018057279521599412,2.9114491939544678,-0.13674813508987427,0.9607377648353577,1.0,0.9725956320762634,0.11837224662303925,0.08205856382846832,0.0,0.0355476550757885,-0.32375892996788025,-1.0545110702514648,-1.0,-1.0647701025009155,0.8984851241111755,-0.7545891404151917,-0.8499999642372131,-0.7421838641166687,-0.11008869856595993,0.9803300499916077,1.0,0.9780154824256897,-0.24877092242240906,-0.07698971778154373,0.0,-0.07461289316415787,-0.646455705165863,-1.1426968574523926,-1.0,-1.1292903423309326,-0.8360688090324402,-0.2782231569290161,0.0,-0.25083401799201965
16.923076923076923,1,1,1,0,False,-0.004639670252799988,-0.0005771286087110639,0.01870206743478775,0.08093620091676712,5.0029237172566354e-05,1.3560056686401367e-05,0.1461927592754364,-0.012776961550116539,-0.001884692464955151,-1.145782709121704,-0.0005771286087110639,1.034927487373352,0.0042037745006382465,-0.40069031715393066,-0.001805775100365281,2.911466598510742,-0.13661731779575348,0.9607442021369934,1.0,0.9725971221923828,0.11843946576118469,0.08205351233482361,0.0,0.035538509488105774,-0.323768675327301,-1.0545047521591187,-1.0,-1.0647653341293335,0.8984835743904114,-0.7545915246009827,-0.8499999642372131,-0.7421838641166687,-0.1100708544254303,0.98032546043396,1.0,0.9780107140541077,-0.24888359010219574,-0.07698770612478256,0.0,-0.07461220771074295,-0.6464840769767761,-1.142704725265503,-1.0,-1.1292903423309326,-0.8360299468040466,-0.2782231569290161,0.0,-0.25083377957344055
17.0,1,1,1,0,False,-0.00464002788066864,-0.0005771836149506271,0.018700994551181793,0.0809391513466835,6.123236380517483e-05,2.191402018070221e-05,0.1461806297302246,-0.012778490781784058,-0.0018847379833459854,-1.145782709121704,-0.0005771836149506271,1.034917950630188,0.0042040697298944,-0.4006913900375366,-0.0018058076966553926,2.9114830493927,-0.1369185596704483,0.9607489705085754,1.0,0.9726017713546753,0.11848251521587372,0.08204735070466995,0.0,0.03553273528814316,-0.32377952337265015,-1.0544952154159546,-1.0,-1.0647605657577515,0.8985105156898499,-0.7545939087867737,-0.8499999642372131,-0.7421838641166687,-0.10993877053260803,0.9803206920623779,1.0,0.9780065417289734,-0.24881017208099365,-0.07698886841535568,0.0,-0.07461583614349365,-0.6464831233024597,-1.142709493637085,-1.0,-1.1292903423309326,-0.8360678553581238,-0.27822253108024597,0.0,-0.25083160400390625
17.076923076923077,1,1,1,0,False,-0.004640445113182068,-0.0005772503209300339,0.018699832260608673,0.08094210177659988,5.5010274081723765e-05,1.3438984751701355e-05,0.14616645872592926,-0.012780212797224522,-0.001884779310785234,-1.145782709121704,-0.0005772503209300339,1.034908413887024,0.004204405006021261,-0.4006897807121277,-0.0018058328423649073,2.9114990234375,-0.13689276576042175,0.9607536196708679,1.0,0.9726086854934692,0.11861564218997955,0.08204297721385956,0.0,0.03553404286503792,-0.3238418400287628,-1.0544856786727905,-1.0,-1.064759612083435,0.898507833480835,-0.7545962333679199,-0.8499999642372131,-0.7421838641166687,-0.10980982333421707,0.9803182482719421,1.0,0.9780060648918152,-0.24875430762767792,-0.07699324935674667,0.0,-0.07462140172719955,-0.6465358734130859,-1.142714262008667,-1.0,-1.129291296005249,-0.8360846638679504,-0.27821940183639526,0.0,-0.2508288323879242
17.153846153846153,1,1,1,0,False,-0.004640668630599976,-0.000577330298256129,0.018698938190937042,0.08094356954097748,1.8249471395392902e-05,1.2137461453676224e-05,0.14615888893604279,-0.012780980207026005,-0.001884807483293116,-1.145782709121704,-0.000577330298256129,1.0348933935165405,0.004204563796520233,-0.400687575340271,-0.0018058528658002615,2.9115140438079834,-0.13686631619930267,0.96075838804245,1.0,0.9726147651672363,0.1186562180519104,0.08204299956560135,0.0,0.035542018711566925,-0.3238571882247925,-1.054479956626892,-1.0,-1.064759612083435,0.8985098600387573,-0.754596471786499,-0.8499999642372131,-0.7421838641166687,-0.10977260768413544,0.9803197979927063,1.0,0.9780100584030151,-0.24865840375423431,-0.07699727267026901,0.0,-0.07462332397699356,-0.6465606093406677,-1.1427196264266968,-1.0,-1.129296064376831,-0.8360928297042847,-0.2782156765460968,0.0,-0.25082698464393616
17.230769230769234,1,1,1,0,False,-0.004640653729438782,-0.000577339029405266,0.01869811862707138,0.08094356954097748,1.7030321032507345e-05,1.1622905731201172e-05,0.146159365773201,-0.0127806905657053,-0.001884750439785421,-1.145782709121704,-0.000577339029405266,1.0348771810531616,0.004204553551971912,-0.4006843864917755,-0.0018058322602882981,2.9115283489227295,-0.13678321242332458,0.9607632160186768,1.0,0.9726195335388184,0.11861561238765717,0.08204732090234756,0.0,0.035552188754081726,-0.3237849771976471,-1.054478645324707,-1.0,-1.064759612083435,0.8984994888305664,-0.7545942664146423,-0.8499999642372131,-0.7421838641166687,-0.10986412316560745,0.9803245067596436,1.0,0.9780156016349792,-0.2486141175031662,-0.07699696719646454,0.0,-0.07461987435817719,-0.6465604901313782,-1.1427291631698608,-1.0,-1.129300832748413,-0.8360870480537415,-0.27821263670921326,0.0,-0.25082626938819885
17.30769230769231,1,1,1,0,False,-0.00464041531085968,-0.0005772430449724197,0.018697403371334076,0.08094210177659988,2.4033826775848866e-05,1.5497207641601562e-05,0.14616747200489044,-0.01277950406074524,-0.0018847065512090921,-1.145782709121704,-0.0005772430449724197,1.0348669290542603,0.004204422701150179,-0.4006800651550293,-0.001805794658139348,2.9115421772003174,-0.13667994737625122,0.9607695937156677,1.0,0.9726262092590332,0.11856155842542648,0.0820532813668251,0.0,0.035560283809900284,-0.32371973991394043,-1.054478645324707,-1.0,-1.064759612083435,0.8984900116920471,-0.7545918822288513,-0.8499999642372131,-0.7421838641166687,-0.1099531501531601,0.9803289175033569,1.0,0.9780188798904419,-0.24864576756954193,-0.07699281722307205,0.0,-0.07461439818143845,-0.6465585231781006,-1.142738699913025,-1.0,-1.1293056011199951,-0.8360797762870789,-0.27821069955825806,0.0,-0.25082626938819885
17.384615384615387,1,1,1,0,False,-0.004640176892280579,-0.000577123137190938,0.01869664341211319,0.0809406265616417,1.5869763956288807e-05,1.9613653421401978e-05,0.1461755782365799,-0.012778379023075104,-0.0018846802413463593,-1.145782709121704,-0.000577123137190938,1.0348573923110962,0.004204298835247755,-0.40067875385284424,-0.0018057532142847776,2.911555528640747,-0.13654175400733948,0.9607767462730408,1.0,0.972634494304657,0.11853554099798203,0.0820583626627922,0.0,0.03556429594755173,-0.32368203997612,-1.054478406906128,-1.0,-1.064756989479065,0.8984827399253845,-0.7545912861824036,-0.8499999642372131,-0.7421838641166687,-0.11000528931617737,0.9803303480148315,1.0,0.9780184030532837,-0.24868454039096832,-0.07698790729045868,0.0,-0.07461006939411163,-0.6465809941291809,-1.142748236656189,-1.0,-1.1293061971664429,-0.836063802242279,-0.27820900082588196,0.0,-0.2508257329463959
17.461538461538463,1,1,1,0,False,-0.004640161991119385,-0.0005770118441432714,0.018695585429668427,0.0809398889541626,4.854099461226724e-05,1.1986121535301208e-05,0.1461760699748993,-0.012778102420270443,-0.0018846530001610518,-1.145782709121704,-0.0005770118441432714,1.0348478555679321,0.00420436030253768,-0.400679349899292,-0.0018057555425912142,2.9115681648254395,-0.13630318641662598,0.9607862830162048,1.0,0.9726464748382568,0.11863990128040314,0.08206110447645187,0.0,0.035566337406635284,-0.3237750828266144,-1.054473638534546,-1.0,-1.064752221107483,0.8984788656234741,-0.7545912861824036,-0.8499999642372131,-0.7421838641166687,-0.10991202294826508,0.9803289771080017,1.0,0.9780160188674927,-0.24875454604625702,-0.0769846960902214,0.0,-0.07460829615592957,-0.6466496586799622,-1.1427563428878784,-1.0,-1.1293085813522339,-0.8360430002212524,-0.27820494771003723,0.0,-0.25082454085350037
17.53846153846154,1,1,1,0,False,-0.004640325903892517,-0.00057702959747985,0.018694482743740082,0.08094210177659988,4.611149779520929e-05,1.925043761730194e-05,0.14617052674293518,-0.012778803706169128,-0.001884664874523878,-1.145782709121704,-0.00057702959747985,1.034838318824768,0.004204542376101017,-0.40068650245666504,-0.001805769745260477,2.9115798473358154,-0.136246919631958,0.9607982039451599,1.0,0.9726572036743164,0.1186746284365654,0.08206254988908768,0.0,0.0355692021548748,-0.32384076714515686,-1.0544688701629639,-1.0,-1.0647518634796143,0.8984830379486084,-0.7545928955078125,-0.8499999642372131,-0.7421838641166687,-0.1098463162779808,0.9803274869918823,1.0,0.978016197681427,-0.24872109293937683,-0.07698320597410202,0.0,-0.07460702210664749,-0.6466789245605469,-1.1427644491195679,-1.0,-1.129313349723816,-0.8360349535942078,-0.27820107340812683,0.0,-0.25082385540008545
17.615384615384617,1,1,1,0,False,-0.004640445113182068,-0.0005770115531049669,0.0186934694647789,0.08094356954097748,2.950880298158154e-05,1.2349337339401245e-05,0.14616642892360687,-0.012779256328940392,-0.0018846442690119147,-1.1457817554473877,-0.0005770115531049669,1.034828782081604,0.0042046126909554005,-0.4006906747817993,-0.0018057749839499593,2.9115912914276123,-0.13668210804462433,0.9608094096183777,1.0,0.9726637601852417,0.11857490241527557,0.08206486701965332,0.0,0.03557198494672775,-0.3237696588039398,-1.0544657707214355,-1.0,-1.0647518634796143,0.8985136151313782,-0.7545933127403259,-0.8499999642372131,-0.7421838641166687,-0.10981408506631851,0.980329155921936,1.0,0.9780191779136658,-0.2486015409231186,-0.07698128372430801,0.0,-0.07460393756628036,-0.6465994715690613,-1.142773985862732,-1.0,-1.1293156147003174,-0.8360827565193176,-0.27819859981536865,0.0,-0.2508235275745392
17.692307692307693,1,1,1,0,False,-0.004640400409698486,-0.0005770492134615779,0.018692590296268463,0.08094283193349838,1.6607667930657044e-05,9.201467037200928e-06,0.14616797864437103,-0.012778964824974537,-0.0018846956081688404,-1.1457817554473877,-0.0005770492134615779,1.03481924533844,0.004204579163342714,-0.4006931781768799,-0.0018058621790260077,2.9116032123565674,-0.13666079938411713,0.9608175754547119,1.0,0.9726661443710327,0.11853183805942535,0.08206713944673538,0.0,0.035572655498981476,-0.32369107007980347,-1.0544629096984863,-1.0,-1.0647518634796143,0.8985039591789246,-0.7545933127403259,-0.8499999642372131,-0.7421838641166687,-0.1098690778017044,0.9803316593170166,1.0,0.9780219197273254,-0.24866533279418945,-0.07697780430316925,0.0,-0.0746002346277237,-0.6465775370597839,-1.14278244972229,-1.0,-1.1293156147003174,-0.8360683917999268,-0.2781977653503418,0.0,-0.2508235275745392
17.76923076923077,1,1,1,0,False,-0.004640400409698486,-0.0005769768031314015,0.018691860139369965,0.08094356954097748,1.2178631550341379e-05,1.1622905731201172e-05,0.14616796374320984,-0.0127789918333292,-0.0018846532329916954,-1.1457817554473877,-0.0005769768031314015,1.0348097085952759,0.0042046913877129555,-0.4006965458393097,-0.0018058493733406067,2.9116153717041016,-0.13677488267421722,0.9608227014541626,1.0,0.9726657271385193,0.1185111328959465,0.08206856995820999,0.0,0.035570770502090454,-0.32366979122161865,-1.0544581413269043,-1.0,-1.0647504329681396,0.8985245227813721,-0.7545953392982483,-0.8499999642372131,-0.7421830296516418,-0.10983247309923172,0.9803340435028076,1.0,0.9780243039131165,-0.2487163245677948,-0.07697517424821854,0.0,-0.0745989978313446,-0.6465578675270081,-1.142787218093872,-1.0,-1.1293156147003174,-0.8360673785209656,-0.2781984508037567,0.0,-0.2508235275745392
17.846153846153847,1,1,1,0,False,-0.004640519618988037,-0.0005769514245912433,0.01869118958711624,0.08094356954097748,1.5907806300674565e-05,1.1865049600601196e-05,0.14616389572620392,-0.012779450044035912,-0.0018846476450562477,-1.1457817554473877,-0.0005769514245912433,1.0348001718521118,0.0042047868482768536,-0.40069735050201416,-0.0018058217829093337,2.9116270542144775,-0.13690303266048431,0.9608238935470581,1.0,0.9726621508598328,0.11854825168848038,0.08206946402788162,0.0,0.03556792810559273,-0.323653906583786,-1.0544527769088745,-1.0,-1.0647456645965576,0.8985487818717957,-0.7545953392982483,-0.8499999642372131,-0.7421806454658508,-0.10976182669401169,0.9803364276885986,1.0,0.9780266880989075,-0.24874088168144226,-0.07697514444589615,0.0,-0.07460074126720428,-0.6465552449226379,-1.1427918672561646,-1.0,-1.1293156147003174,-0.8360639810562134,-0.2781994938850403,0.0,-0.2508227229118347
17.923076923076923,1,1,1,0,False,-0.0046405792236328125,-0.0005769559065811336,0.01869060844182968,0.08094430714845657,2.6698475267039612e-05,1.4074612408876419e-05,0.14616192877292633,-0.012779692187905312,-0.0018846557941287756,-1.1457817554473877,-0.0005769559065811336,1.0347906351089478,0.004204866476356983,-0.4006962776184082,-0.0018058681162074208,2.911638021469116,-0.13712209463119507,0.9608215689659119,1.0,0.9726544618606567,0.11856458336114883,0.08207003027200699,0.0,0.035566456615924835,-0.3236692249774933,-1.0544432401657104,-1.0,-1.0647408962249756,0.8985803723335266,-0.7545953392982483,-0.8499999642372131,-0.7421782612800598,-0.10966327041387558,0.9803395867347717,1.0,0.9780309200286865,-0.24871353805065155,-0.07697749882936478,0.0,-0.07460431754589081,-0.6465417742729187,-1.1427918672561646,-1.0,-1.1293156147003174,-0.8360723853111267,-0.2782004177570343,0.0,-0.2508215308189392
18.0,1,1,1,0,False,-0.004640698432922363,-0.0005769648123532534,0.01869013160467148,0.08094725757837296,4.526493285084143e-05,1.4558900147676468e-05,0.14615780115127563,-0.012780358083546162,-0.001884673722088337,-1.1457817554473877,-0.0005769648123532534,1.0347810983657837,0.004204979166388512,-0.40068870782852173,-0.001805842388421297,2.9116480350494385,-0.1371343731880188,0.9608151912689209,1.0,0.9726465940475464,0.11860403418540955,0.0820719450712204,0.0,0.035567957907915115,-0.3236728310585022,-1.0544347763061523,-1.0,-1.0647399425506592,0.8985779285430908,-0.7545952200889587,-0.8499999642372131,-0.7421762347221375,-0.10959899425506592,0.9803448915481567,1.0,0.9780376553535461,-0.24878691136837006,-0.07698190212249756,0.0,-0.07461041957139969,-0.6465433239936829,-1.1427918672561646,-1.0,-1.1293156147003174,-0.8360745906829834,-0.27820220589637756,0.0,-0.25082001090049744
18.076923076923077,1,1,1,0,False,-0.004640758037567139,-0.0005770768038928509,0.018689848482608795,0.08094799518585205,4.3652042222674936e-05,2.6212073862552643e-05,0.14615580439567566,-0.012780600227415562,-0.0018847391474992037,-1.1457817554473877,-0.0005770768038928509,1.0347715616226196,0.004204940982162952,-0.4006842374801636,-0.0018058583373203874,2.9116578102111816,-0.13669775426387787,0.9608079791069031,1.0,0.972643256187439,0.11870681494474411,0.08207554370164871,0.0,0.03557286038994789,-0.3237200975418091,-1.0544300079345703,-1.0,-1.0647399425506592,0.8985311388969421,-0.7545949816703796,-0.8499999642372131,-0.7421761751174927,-0.10961616784334183,0.9803517460823059,1.0,0.9780448079109192,-0.2488870769739151,-0.07698892802000046,0.0,-0.07461945712566376,-0.6466307640075684,-1.1427918672561646,-1.0,-1.1293156147003174,-0.8360374569892883,-0.2782031297683716,0.0,-0.25081804394721985
18.153846153846153,1,1,1,0,False,-0.004640817642211914,-0.0005770801799371839,0.01868940144777298,0.08094873279333115,3.3632164559094235e-05,1.4347024261951447e-05,0.1461537778377533,-0.012780783697962761,-0.0018846684833988547,-1.1457817554473877,-0.0005770801799371839,1.0347620248794556,0.0042049940675497055,-0.400682270526886,-0.0018057947745546699,2.9116671085357666,-0.13658957183361053,0.9608027338981628,1.0,0.9726437926292419,0.1187807098031044,0.08208053559064865,0.0,0.03558080270886421,-0.32379820942878723,-1.0544252395629883,-1.0,-1.0647399425506592,0.8985247611999512,-0.7545949816703796,-0.8499999642372131,-0.7421761751174927,-0.1095435619354248,0.9803588390350342,1.0,0.9780521988868713,-0.24886903166770935,-0.07699805498123169,0.0,-0.0746288150548935,-0.6466726660728455,-1.1427935361862183,-1.0,-1.1293160915374756,-0.8360430002212524,-0.2782016694545746,0.0,-0.2508164644241333
18.230769230769234,1,1,1,0,False,-0.004640787839889526,-0.0005771586438640952,0.01868889480829239,0.08095020800828934,3.540850957506336e-05,2.2246968001127243e-05,0.1461547613143921,-0.012780743651092052,-0.0018847292521968484,-1.1457817554473877,-0.0005771586438640952,1.0347524881362915,0.004204872529953718,-0.4006800651550293,-0.0018058385467156768,2.9116756916046143,-0.13664846122264862,0.9608010649681091,1.0,0.9726464748382568,0.1187649741768837,0.08208707720041275,0.0,0.03559059649705887,-0.32381924986839294,-1.0544244050979614,-1.0,-1.0647436380386353,0.8985198140144348,-0.7545949816703796,-0.8499999642372131,-0.7421761751174927,-0.10953009128570557,0.9803670048713684,1.0,0.9780617356300354,-0.24879935383796692,-0.07700609415769577,0.0,-0.07463523000478745,-0.646664023399353,-1.1427983045578003,-1.0,-1.1293208599090576,-0.8360711932182312,-0.2781990170478821,0.0,-0.2508160471916199
18.30769230769231,1,1,1,0,False,-0.0046406090259552,-0.0005771860596723855,0.018688373267650604,0.08095020800828934,3.788449612329714e-05,1.816079020500183e-05,0.1461607962846756,-0.012780006043612957,-0.0018846866441890597,-1.1457817554473877,-0.0005771860596723855,1.0347429513931274,0.004204690456390381,-0.4006761908531189,-0.0018058159621432424,2.911684274673462,-0.13648436963558197,0.9608021378517151,1.0,0.9726524949073792,0.11870431900024414,0.0820949450135231,0.0,0.03559914976358414,-0.3237808346748352,-1.0544278621673584,-1.0,-1.0647484064102173,0.8984988331794739,-0.7545949816703796,-0.8499999642372131,-0.7421761751174927,-0.10962896794080734,0.9803751111030579,1.0,0.9780686497688293,-0.24878931045532227,-0.07701118290424347,0.0,-0.07463853806257248,-0.6466753482818604,-1.1428070068359375,-1.0,-1.1293256282806396,-0.8360702395439148,-0.27819663286209106,0.0,-0.250816285610199
18.384615384615387,1,1,1,0,False,-0.004640355706214905,-0.0005771351279690862,0.018687866628170013,0.08094873279333115,2.0718514861073345e-05,1.5436671674251556e-05,0.14616936445236206,-0.012778867036104202,-0.0018846276216208935,-1.1457817554473877,-0.0005771351279690862,1.0347334146499634,0.004204491153359413,-0.4006725549697876,-0.0018057717243209481,2.9116926193237305,-0.13645245134830475,0.9608072638511658,1.0,0.9726619124412537,0.11863551288843155,0.08210163563489914,0.0,0.035603489726781845,-0.32373887300491333,-1.0544326305389404,-1.0,-1.0647505521774292,0.8984922170639038,-0.7545949816703796,-0.8499999642372131,-0.7421761751174927,-0.1097230538725853,0.9803804755210876,1.0,0.9780716300010681,-0.2487693428993225,-0.07701361924409866,0.0,-0.07463949918746948,-0.6466649770736694,-1.1428165435791016,-1.0,-1.129327654838562,-0.8360784649848938,-0.27819424867630005,0.0,-0.2508174777030945
18.461538461538463,1,1,1,0,False,-0.004640132188796997,-0.0005770541611127555,0.01868700236082077,0.08094725757837296,2.9776299925288185e-05,1.3862736523151398e-05,0.14617693424224854,-0.012777832336723804,-0.0018846439197659492,-1.1457817554473877,-0.0005770541611127555,1.0347238779067993,0.004204347729682922,-0.400668203830719,-0.001805817591957748,2.911701202392578,-0.1363855004310608,0.9608163237571716,1.0,0.9726736545562744,0.11859900504350662,0.08210472017526627,0.0,0.03560338541865349,-0.3237253725528717,-1.0544331073760986,-1.0,-1.0647505521774292,0.8984872698783875,-0.7545960545539856,-0.8499999642372131,-0.7421761751174927,-0.1097785234451294,0.9803814888000488,1.0,0.9780701994895935,-0.2487877905368805,-0.07701414078474045,0.0,-0.07463932037353516,-0.6466661691665649,-1.1428260803222656,-1.0,-1.129327654838562,-0.8360755443572998,-0.2781907320022583,0.0,-0.25081866979599
18.53846153846154,1,1,1,0,False,-0.004640236496925354,-0.0005770977004431188,0.018686436116695404,0.08094873279333115,4.832955528399907e-05,1.1622905731201172e-05,0.1461734026670456,-0.01277826726436615,-0.0018846499733626842,-1.1457817554473877,-0.0005770977004431188,1.0347143411636353,0.004204401280730963,-0.4006637632846832,-0.0018058804562315345,2.911709785461426,-0.1362139731645584,0.9608282446861267,1.0,0.9726855754852295,0.11860498785972595,0.08210445940494537,0.0,0.03560013324022293,-0.3237497806549072,-1.0544331073760986,-1.0,-1.0647505521774292,0.8984854221343994,-0.7545984387397766,-0.8499999642372131,-0.7421761751174927,-0.10979878157377243,0.9803788661956787,1.0,0.9780657887458801,-0.24881918728351593,-0.07701393216848373,0.0,-0.07463881373405457,-0.6466963887214661,-1.1428310871124268,-1.0,-1.129327654838562,-0.8360533118247986,-0.2781875431537628,0.0,-0.25081974267959595
18.615384615384617,1,1,1,0,False,-0.004640400409698486,-0.0005771281430497766,0.018685899674892426,0.08094947040081024,6.138072058092803e-05,1.2470409274101257e-05,0.14616785943508148,-0.012778961099684238,-0.0018847145838662982,-1.1457762718200684,-0.0005771281430497766,1.0347124338150024,0.004204517230391502,-0.40066027641296387,-0.0018059127032756805,2.9117181301116943,-0.13634498417377472,0.9608401656150818,1.0,0.9726966619491577,0.11857177317142487,0.08210191130638123,0.0,0.035595253109931946,-0.3237275183200836,-1.0544331073760986,-1.0,-1.0647505521774292,0.8984969258308411,-0.7546008229255676,-0.8499999642372131,-0.7421761751174927,-0.10980033129453659,0.9803744554519653,1.0,0.9780610203742981,-0.2487727403640747,-0.07701339572668076,0.0,-0.0746379867196083,-0.6466745138168335,-1.1428358554840088,-1.0,-1.129327654838562,-0.8360649943351746,-0.2781851589679718,0.0,-0.25081974267959595
18.692307692307693,1,1,1,0,False,-0.0046406090259552,-0.0005772202275693417,0.018685288727283478,0.08095020800828934,6.336149090202525e-05,1.716194674372673e-05,0.1461607962846756,-0.012779835611581802,-0.001884755096398294,-1.145775556564331,-0.0005772202275693417,1.0347124338150024,0.004204650409519672,-0.40065938234329224,-0.001805976266041398,2.911726236343384,-0.136353000998497,0.9608520865440369,1.0,0.9727062582969666,0.11855000257492065,0.08209802210330963,0.0,0.03559022769331932,-0.3236932158470154,-1.0544315576553345,-1.0,-1.0647505521774292,0.898494303226471,-0.7546022534370422,-0.8499999642372131,-0.7421761751174927,-0.10983259975910187,0.9803697466850281,1.0,0.9780562520027161,-0.24871771037578583,-0.07701247185468674,0.0,-0.07463680952787399,-0.6466749906539917,-1.1428406238555908,-1.0,-1.129327654838562,-0.8360617160797119,-0.2781829535961151,0.0,-0.25081974267959595
18.76923076923077,1,1,1,0,False,-0.004640787839889526,-0.000577284547034651,0.018684737384319305,0.08095094561576843,5.801802035421133e-05,1.4407560229301453e-05,0.1461547315120697,-0.01278058160096407,-0.0018848148174583912,-1.145775556564331,-0.000577284547034651,1.0347124338150024,0.004204754717648029,-0.4006590247154236,-0.0018060501897707582,2.911734104156494,-0.1365024447441101,0.9608640074729919,1.0,0.9727120399475098,0.11853046715259552,0.08209352940320969,0.0,0.03558499738574028,-0.323669970035553,-1.054429531097412,-1.0,-1.064750075340271,0.8985179662704468,-0.7546032667160034,-0.8499999642372131,-0.7421761751174927,-0.10979710519313812,0.9803651571273804,1.0,0.978051483631134,-0.248707115650177,-0.07701082527637482,0.0,-0.07463415712118149,-0.6466431021690369,-1.1428453922271729,-1.0,-1.129327654838562,-0.8360700607299805,-0.2781817615032196,0.0,-0.25081974267959595
18.846153846153847,1,1,1,0,False,-0.004640921950340271,-0.0005772899021394551,0.01868405193090439,0.08095168322324753,4.6110264520393685e-05,1.0593794286251068e-05,0.14615017175674438,-0.012781131081283092,-0.001884819008409977,-1.145775556564331,-0.0005772899021394551,1.0347124338150024,0.004204892087727785,-0.4006574749946594,-0.0018061117734760046,2.9117422103881836,-0.1364707350730896,0.9608728885650635,1.0,0.972713828086853,0.11851891130208969,0.08208861202001572,0.0,0.03557939454913139,-0.3236135244369507,-1.05442476272583,-1.0,-1.064745306968689,0.8985168933868408,-0.7546032667160034,-0.8499999642372131,-0.7421761751174927,-0.10982976853847504,0.9803608059883118,1.0,0.9780480861663818,-0.2487579882144928,-0.07700791954994202,0.0,-0.07463093847036362,-0.6466345191001892,-1.1428501605987549,-1.0,-1.129327654838562,-0.8360480070114136,-0.2781820297241211,0.0,-0.25081974267959595
18.923076923076923,1,1,1,0,False,-0.004641115665435791,-0.0005773295997641981,0.018683724105358124,0.08095315843820572,3.922728501493111e-05,1.2409873306751251e-05,0.14614364504814148,-0.012781895697116852,-0.001884867437183857,-1.145775556564331,-0.0005773295997641981,1.0347081422805786,0.004205046221613884,-0.40065866708755493,-0.0018061342416331172,2.911750078201294,-0.13638858497142792,0.9608781933784485,1.0,0.972713828086853,0.11857231706380844,0.08208370953798294,0.0,0.03557455912232399,-0.3236117959022522,-1.054419994354248,-1.0,-1.064740538597107,0.8985158801078796,-0.7546032667160034,-0.8499999642372131,-0.7421761751174927,-0.10980857908725739,0.9803581237792969,1.0,0.9780457019805908,-0.2488180547952652,-0.07700562477111816,0.0,-0.07462991029024124,-0.6466600894927979,-1.1428509950637817,-1.0,-1.129327654838562,-0.8360213041305542,-0.27818307280540466,0.0,-0.2508186101913452
19.0,1,1,1,0,False,-0.004641324281692505,-0.0005773587618023157,0.018683306872844696,0.08095462620258331,4.005135633633472e-05,1.1380761861801147e-05,0.1461365520954132,-0.012782683596014977,-0.0018848890904337168,-1.145775556564331,-0.0005773587618023157,1.0346993207931519,0.004205217119306326,-0.4006592333316803,-0.0018061671871691942,2.911756992340088,-0.13655462861061096,0.9608805775642395,1.0,0.9727151393890381,0.11863360553979874,0.08207973092794418,0.0,0.03557323291897774,-0.32362067699432373,-1.0544133186340332,-1.0,-1.064735770225525,0.8985363245010376,-0.7546032667160034,-0.8499999642372131,-0.7421761751174927,-0.10969991981983185,0.9803558588027954,1.0,0.9780442118644714,-0.24878695607185364,-0.07700598984956741,0.0,-0.07463206350803375,-0.6466679573059082,-1.1428509950637817,-1.0,-1.129327654838562,-0.8360396027565002,-0.27818331122398376,0.0,-0.25081634521484375
19.076923076923077,1,1,1,0,False,-0.004641532897949219,-0.0005773793673142791,0.01868285983800888,0.0809561014175415,2.3809743652236648e-05,1.1865049600601196e-05,0.14612945914268494,-0.012783448211848736,-0.0018849109765142202,-1.145775556564331,-0.0005773793673142791,1.0346897840499878,0.0042053936049342155,-0.4006578326225281,-0.001806187559850514,2.9117634296417236,-0.13648240268230438,0.9608818888664246,1.0,0.9727137088775635,0.11872371286153793,0.08207802474498749,0.0,0.0355764739215374,-0.3236615061759949,-1.054406762123108,-1.0,-1.0647331476211548,0.8985394239425659,-0.7546032667160034,-0.8499999642372131,-0.7421761751174927,-0.10961402952671051,0.9803560972213745,1.0,0.9780464172363281,-0.24879802763462067,-0.07700806111097336,0.0,-0.07463434338569641,-0.6467016935348511,-1.1428509950637817,-1.0,-1.129327654838562,-0.8360281586647034,-0.27818211913108826,0.0,-0.25081464648246765
19.153846153846153,1,1,1,0,False,-0.004641637206077576,-0.0005774314049631357,0.018682606518268585,0.0809568390250206,1.852750028774608e-05,1.2379605323076248e-05,0.146125927567482,-0.012783740647137165,-0.0018848960753530264,-1.145775556564331,-0.0005774314049631357,1.0346802473068237,0.004205459263175726,-0.40065473318099976,-0.001806180807761848,2.911769390106201,-0.13635046780109406,0.9608807563781738,1.0,0.9727128744125366,0.11876197904348373,0.08208006620407104,0.0,0.035583823919296265,-0.3236584961414337,-1.0544019937515259,-1.0,-1.0647331476211548,0.8985263109207153,-0.7546018362045288,-0.8499999642372131,-0.7421761751174927,-0.10961485654115677,0.9803594946861267,1.0,0.9780511856079102,-0.24881954491138458,-0.07701011002063751,0.0,-0.07463632524013519,-0.6467280387878418,-1.1428509950637817,-1.0,-1.1293309926986694,-0.8360187411308289,-0.2781820297241211,0.0,-0.2508127987384796
19.230769230769234,1,1,1,0,False,-0.0046415627002716064,-0.0005774376331828535,0.018682293593883514,0.0809561014175415,2.5548926714691333e-05,1.259148120880127e-05,0.14612844586372375,-0.012783274054527283,-0.0018848581239581108,-1.145775556564331,-0.0005774376331828535,1.0346707105636597,0.004205399192869663,-0.40065181255340576,-0.0018061259761452675,2.9117746353149414,-0.13630889356136322,0.9608805775642395,1.0,0.9727150797843933,0.11875435709953308,0.08208519220352173,0.0,0.035592712461948395,-0.32363155484199524,-1.0544013977050781,-1.0,-1.0647331476211548,0.8985193371772766,-0.7545995712280273,-0.8499999642372131,-0.7421761751174927,-0.10963159799575806,0.980364203453064,1.0,0.9780559539794922,-0.24879632890224457,-0.07701200246810913,0.0,-0.07463803142309189,-0.6467388868331909,-1.1428556442260742,-1.0,-1.1293357610702515,-0.8360260725021362,-0.2781817317008972,0.0,-0.25081148743629456
19.30769230769231,1,1,1,0,False,-0.004641368985176086,-0.0005773570737801492,0.018681950867176056,0.08095462620258331,1.9800156223936938e-05,1.816079020500183e-05,0.14613500237464905,-0.012782309204339981,-0.0018848073668777943,-1.145775556564331,-0.0005773570737801492,1.0346611738204956,0.004205303732305765,-0.4006495475769043,-0.0018060809234157205,2.9117791652679443,-0.13626274466514587,0.9608821868896484,1.0,0.9727197885513306,0.11874328553676605,0.0820913314819336,0.0,0.0356009267270565,-0.3236241936683655,-1.0544013977050781,-1.0,-1.0647331476211548,0.8985114693641663,-0.754598081111908,-0.8499999642372131,-0.7421761751174927,-0.10966135561466217,0.9803689122200012,1.0,0.9780604839324951,-0.24877873063087463,-0.07701340317726135,0.0,-0.0746389850974083,-0.6467459201812744,-1.1428604125976562,-1.0,-1.1293405294418335,-0.8360345363616943,-0.27818039059638977,0.0,-0.25081029534339905
19.384615384615387,1,1,1,0,False,-0.004641115665435791,-0.0005772232543677092,0.018681474030017853,0.08095462620258331,1.3674509318661876e-05,1.1865049600601196e-05,0.1461436003446579,-0.012781200930476189,-0.0018847495084628463,-1.145775556564331,-0.0005772232543677092,1.0346516370773315,0.0042051575146615505,-0.4006469249725342,-0.0018060400616377592,2.911783456802368,-0.13604338467121124,0.9608871936798096,1.0,0.9727269411087036,0.11872928589582443,0.08209741115570068,0.0,0.035607002675533295,-0.3236282765865326,-1.0544013977050781,-1.0,-1.0647331476211548,0.8984973430633545,-0.754597544670105,-0.8499999642372131,-0.7421761751174927,-0.10971231013536453,0.9803720712661743,1.0,0.9780628681182861,-0.248811274766922,-0.07701388001441956,0.0,-0.07463883608579636,-0.6467764377593994,-1.1428660154342651,-1.0,-1.1293436288833618,-0.8360204100608826,-0.2781781554222107,0.0,-0.2508099675178528
19.461538461538463,1,1,1,0,False,-0.004640936851501465,-0.0005771343712694943,0.018680982291698456,0.08095389604568481,1.3375435628404375e-05,1.5315599739551544e-05,0.1461496502161026,-0.012780388817191124,-0.0018847265746444464,-1.145775556564331,-0.0005771343712694943,1.034645438194275,0.004205061588436365,-0.40064528584480286,-0.0018060297006741166,2.911787986755371,-0.13617153465747833,0.9608943462371826,1.0,0.972734272480011,0.11867154389619827,0.08210215717554092,0.0,0.03560986742377281,-0.32358473539352417,-1.0544013977050781,-1.0,-1.0647310018539429,0.8985055685043335,-0.754597544670105,-0.8499999642372131,-0.7421761751174927,-0.10973399877548218,0.9803735017776489,1.0,0.9780630469322205,-0.24878016114234924,-0.07701344043016434,0.0,-0.07463791221380234,-0.6467486023902893,-1.1428714990615845,-1.0,-1.1293436288833618,-0.8360386490821838,-0.2781757712364197,0.0,-0.2508099675178528
19.53846153846154,1,1,1,0,False,-0.004640892148017883,-0.0005770914722234011,0.018680475652217865,0.08095315843820572,3.358598769409582e-05,9.685754776000977e-06,0.14615117013454437,-0.01278014574199915,-0.0018847431056201458,-1.145775556564331,-0.0005770914722234011,1.034645438194275,0.004205052740871906,-0.4006463289260864,-0.0018060312140733004,2.911792278289795,-0.13620895147323608,0.9609028697013855,1.0,0.9727420806884766,0.11865181475877762,0.08210452646017075,0.0,0.03561001271009445,-0.32357850670814514,-1.0544004440307617,-1.0,-1.064726710319519,0.8985080122947693,-0.754597544670105,-0.8499999642372131,-0.7421761751174927,-0.10974433273077011,0.9803730845451355,1.0,0.9780615568161011,-0.24875670671463013,-0.07701253890991211,0.0,-0.07463715225458145,-0.6467474102973938,-1.1428762674331665,-1.0,-1.1293436288833618,-0.8360341787338257,-0.27817338705062866,0.0,-0.2508099675178528
19.615384615384617,1,1,1,0,False,-0.00464099645614624,-0.0005770777934230864,0.01867971569299698,0.08095462620258331,3.9640479371882975e-05,8.021015673875809e-06,0.14614760875701904,-0.012780691497027874,-0.0018847351893782616,-1.145775556564331,-0.0005770777934230864,1.034645438194275,0.004205166827887297,-0.4006507992744446,-0.0018060302827507257,2.911796808242798,-0.1360003650188446,0.9609106183052063,1.0,0.9727479815483093,0.11869469285011292,0.08210484683513641,0.0,0.03560886159539223,-0.3236432373523712,-1.0543960332870483,-1.0,-1.06472647190094,0.8984971642494202,-0.7545991539955139,-0.8499999642372131,-0.7421761751174927,-0.1097026988863945,0.9803715348243713,1.0,0.9780607223510742,-0.24884472787380219,-0.0770120620727539,0.0,-0.07463700324296951,-0.6467791795730591,-1.1428810358047485,-1.0,-1.1293436288833618,-0.8360058069229126,-0.27817144989967346,0.0,-0.2508099675178528
19.692307692307693,1,1,1,0,False,-0.004641115665435791,-0.0005770641146227717,0.018679000437259674,0.0809568390250206,3.180256317136809e-05,8.475035429000854e-06,0.1461435705423355,-0.012781361117959023,-0.0018847209867089987,-1.145775556564331,-0.0005770641146227717,1.034645438194275,0.0042053223587572575,-0.40065398812294006,-0.0018060471629723907,2.911801815032959,-0.13632559776306152,0.9609177708625793,1.0,0.9727515578269958,0.11865422874689102,0.08210483193397522,0.0,0.03560727462172508,-0.3236161768436432,-1.0543925762176514,-1.0,-1.06472647190094,0.8985239863395691,-0.7546011805534363,-0.8499999642372131,-0.7421761751174927,-0.10963671654462814,0.9803714156150818,1.0,0.9780608415603638,-0.24877718091011047,-0.07701224833726883,0.0,-0.07463723421096802,-0.6467311978340149,-1.142885684967041,-1.0,-1.1293436288833618,-0.8360399007797241,-0.27817025780677795,0.0,-0.2508099675178528
19.76923076923077,1,1,1,0,False,-0.004641249775886536,-0.0005771062569692731,0.01867879182100296,0.08095536381006241,1.1898522643605247e-05,1.6042031347751617e-05,0.14613904058933258,-0.012781799770891666,-0.0018847468309104443,-1.145775556564331,-0.0005771062569692731,1.034645438194275,0.004205395933240652,-0.4006546139717102,-0.0018060746369883418,2.91180682182312,-0.13643991947174072,0.9609219431877136,1.0,0.972748875617981,0.11861804127693176,0.08210460096597672,0.0,0.035604607313871384,-0.32358530163764954,-1.0543906688690186,-1.0,-1.06472647190094,0.8985370993614197,-0.7546021938323975,-0.8499999642372131,-0.7421761751174927,-0.10963006317615509,0.9803725481033325,1.0,0.9780632257461548,-0.24879388511180878,-0.07701195031404495,0.0,-0.07463649660348892,-0.6466965079307556,-1.1428865194320679,-1.0,-1.1293436288833618,-0.8360353112220764,-0.2781706750392914,0.0,-0.2508099675178528
19.846153846153847,1,1,1,0,False,-0.0046412646770477295,-0.000577071332372725,0.018678613007068634,0.0809561014175415,1.3450757251121104e-05,1.1743977665901184e-05,0.1461384892463684,-0.012781955301761627,-0.0018847152823582292,-1.145775556564331,-0.000577071332372725,1.0346451997756958,0.004205463454127312,-0.40065354108810425,-0.0018060837173834443,2.9118118286132812,-0.13639451563358307,0.9609218835830688,1.0,0.9727441072463989,0.11859388649463654,0.08210421353578568,0.0,0.035600654780864716,-0.3235507309436798,-1.0543875694274902,-1.0,-1.0647257566452026,0.8985331058502197,-0.7546036243438721,-0.8499999642372131,-0.7421761751174927,-0.10965723544359207,0.9803747534751892,1.0,0.9780656099319458,-0.2488708347082138,-0.07701177895069122,0.0,-0.0746372863650322,-0.6466880440711975,-1.1428865194320679,-1.0,-1.1293436288833618,-0.8360161781311035,-0.2781730592250824,0.0,-0.2508099675178528
19.923076923076923,1,1,1,0,False,-0.004641309380531311,-0.0005770085263065994,0.018678344786167145,0.08095905184745789,1.541269193694461e-05,1.0291114449501038e-05,0.14613693952560425,-0.012782366015017033,-0.001884692581370473,-1.145775556564331,-0.0005770085263065994,1.0346440076828003,0.004205556120723486,-0.4006519317626953,-0.0018060145666822791,2.9118165969848633,-0.13628798723220825,0.9609194993972778,1.0,0.9727393388748169,0.11864178627729416,0.08210316300392151,0.0,0.035596251487731934,-0.3235675096511841,-1.0543828010559082,-1.0,-1.0647209882736206,0.898530125617981,-0.7546045184135437,-0.8499999642372131,-0.7421761751174927,-0.10963816195726395,0.9803767800331116,1.0,0.9780666828155518,-0.2489442378282547,-0.07701379805803299,0.0,-0.07464126497507095,-0.6467178463935852,-1.1428865194320679,-1.0,-1.1293436288833618,-0.8359966278076172,-0.27817586064338684,0.0,-0.25080907344818115
20.0,1,1,1,0,False,-0.004641413688659668,-0.0005770355346612632,0.01867801696062088,0.08095978945493698,2.1797903173137456e-05,1.4831312000751495e-05,0.1461333930492401,-0.012782780453562737,-0.001884707366116345,-1.145775556564331,-0.0005770355346612632,1.034636378288269,0.004205659963190556,-0.40064990520477295,-0.001806014683097601,2.911820650100708,-0.13633686304092407,0.9609160423278809,1.0,0.9727363586425781,0.1187102198600769,0.08210153132677078,0.0,0.035594284534454346,-0.32360392808914185,-1.0543780326843262,-1.0,-1.0647189617156982,0.8985337018966675,-0.754605770111084,-0.8499999642372131,-0.7421761751174927,-0.109552301466465,0.9803783297538757,1.0,0.978069007396698,-0.24894973635673523,-0.07701876759529114,0.0,-0.07464797794818878,-0.6467344164848328,-1.1428865194320679,-1.0,-1.1293436288833618,-0.8360043168067932,-0.2781767249107361,0.0,-0.25080788135528564
20.076923076923077,1,1,1,0,False,-0.0046415776014328,-0.0005770808784291148,0.01867767423391342,0.08096052706241608,1.7613556337892078e-05,1.1562369763851166e-05,0.14612789452075958,-0.01278336625546217,-0.0018847195897251368,-1.145775556564331,-0.0005770808784291148,1.034626841545105,0.004205781035125256,-0.40065085887908936,-0.001806022017262876,2.9118247032165527,-0.1363852173089981,0.9609131217002869,1.0,0.9727356433868408,0.11877024918794632,0.08210107684135437,0.0,0.035596929490566254,-0.3236314058303833,-1.0543732643127441,-1.0,-1.0647189617156982,0.8985349535942078,-0.7546061277389526,-0.8499999642372131,-0.7421761751174927,-0.10947412252426147,0.9803807735443115,1.0,0.9780727624893188,-0.24891309440135956,-0.07702574878931046,0.0,-0.07465551793575287,-0.6467517018318176,-1.1428865194320679,-1.0,-1.1293436288833618,-0.8360243439674377,-0.2781761884689331,0.0,-0.25080642104148865
20.153846153846153,1,1,1,0,False,-0.004641622304916382,-0.0005771120195277035,0.018677495419979095,0.08096052706241608,2.0026409401907586e-05,7.990747690200806e-06,0.14612634479999542,-0.012783450074493885,-0.0018846903694793582,-1.145775556564331,-0.0005771120195277035,1.034617304801941,0.004205788020044565,-0.4006510376930237,-0.0018060046713799238,2.9118285179138184,-0.13631129264831543,0.9609107375144958,1.0,0.9727336168289185,0.11879269033670425,0.082102932035923,0.0,0.03560266271233559,-0.323647677898407,-1.0543709993362427,-1.0,-1.0647189617156982,0.898532509803772,-0.7546061873435974,-0.8499999642372131,-0.7421761751174927,-0.10947349667549133,0.980385422706604,1.0,0.9780789017677307,-0.24889521300792694,-0.07703205943107605,0.0,-0.07466036081314087,-0.6467640399932861,-1.1428865194320679,-1.0,-1.1293436288833618,-0.8360152244567871,-0.2781749963760376,0.0,-0.25080594420433044
20.230769230769234,1,1,1,0,False,-0.004641488194465637,-0.0005770862335339189,0.018677540123462677,0.08096126466989517,3.4552664146758616e-05,1.210719347000122e-05,0.14613087475299835,-0.012782854959368706,-0.0018846531165763736,-1.145775556564331,-0.0005770862335339189,1.0346077680587769,0.004205711185932159,-0.40065068006515503,-0.0018059753347188234,2.911832332611084,-0.1363172084093094,0.9609083533287048,1.0,0.972732424736023,0.1187623143196106,0.08210708945989609,0.0,0.03560924902558327,-0.32360202074050903,-1.0543709993362427,-1.0,-1.0647189617156982,0.8985269665718079,-0.7546050548553467,-0.8499999642372131,-0.7421761751174927,-0.10953104496002197,0.980391263961792,1.0,0.97808438539505,-0.24888820946216583,-0.07703591883182526,0.0,-0.07466285675764084,-0.6467516422271729,-1.1428865194320679,-1.0,-1.1293436288833618,-0.8360183238983154,-0.2781745493412018,0.0,-0.25080594420433044
20.30769230769231,1,1,1,0,False,-0.004641339182853699,-0.0005770021816715598,0.018677465617656708,0.08095978945493698,2.7938687708228827e-05,1.428648829460144e-05,0.14613589644432068,-0.012782086618244648,-0.001884627970866859,-1.145775556564331,-0.0005770021816715598,1.0346003770828247,0.004205615259706974,-0.4006486237049103,-0.0018059269059449434,2.9118359088897705,-0.13621002435684204,0.9609059691429138,1.0,0.972733736038208,0.1187533512711525,0.08211185783147812,0.0,0.03561453893780708,-0.323589563369751,-1.0543709993362427,-1.0,-1.0647189617156982,0.8985196352005005,-0.754604697227478,-0.8499999642372131,-0.7421761751174927,-0.10957463085651398,0.9803958535194397,1.0,0.9780876040458679,-0.2489238977432251,-0.07703819870948792,0.0,-0.0746648758649826,-0.6467658877372742,-1.1428874731063843,-1.0,-1.1293436288833618,-0.8360120058059692,-0.27817437052726746,0.0,-0.25080594420433044
20.384615384615387,1,1,1,0,False,-0.004641234874725342,-0.0005769745912402868,0.01867731660604477,0.08095905184745789,9.912880159390625e-06,7.264316082000732e-06,0.146139457821846,-0.01278165727853775,-0.0018845985177904367,-1.145775556564331,-0.0005769745912402868,1.0346003770828247,0.004205572884529829,-0.40064799785614014,-0.001805886859074235,2.911839246749878,-0.1359727680683136,0.9609058499336243,1.0,0.9727376103401184,0.11878058314323425,0.08211604505777359,0.0,0.03561816364526749,-0.32362285256385803,-1.0543709993362427,-1.0,-1.0647189617156982,0.8985024094581604,-0.754604697227478,-0.8499999642372131,-0.7421761751174927,-0.10959789901971817,0.9803979396820068,1.0,0.9780882596969604,-0.2489701211452484,-0.07704043388366699,0.0,-0.07466722279787064,-0.6468053460121155,-1.1428890228271484,-1.0,-1.129343867301941,-0.8359940648078918,-0.27817317843437195,0.0,-0.25080594420433044
20.461538461538463,1,1,1,0,False,-0.004641205072402954,-0.0005769638810306787,0.018676914274692535,0.08095905184745789,9.184582268062513e-06,8.717179298400879e-06,0.1461404711008072,-0.012781555764377117,-0.0018845826853066683,-1.145775556564331,-0.0005769638810306787,1.0346003770828247,0.00420552771538496,-0.40065139532089233,-0.0018058759160339832,2.9118423461914062,-0.13626481592655182,0.9609086513519287,1.0,0.9727428555488586,0.1187179908156395,0.08211904019117355,0.0,0.03562016040086746,-0.32362043857574463,-1.0543709993362427,-1.0,-1.0647189617156982,0.8985236883163452,-0.754604697227478,-0.8499999642372131,-0.7421761751174927,-0.10956266522407532,0.9803981184959412,1.0,0.9780882596969604,-0.24886970221996307,-0.07704246789216995,0.0,-0.07466864585876465,-0.6467617154121399,-1.1428933143615723,-1.0,-1.129345178604126,-0.8360362648963928,-0.2781710624694824,0.0,-0.25080594420433044
20.53846153846154,1,1,1,0,False,-0.004641145467758179,-0.0005769339622929692,0.01867658644914627,0.08095978945493698,8.61742864799453e-06,6.05359673500061e-06,0.14614246785640717,-0.012781405821442604,-0.0018845865270122886,-1.145775556564331,-0.0005769339622929692,1.0346003770828247,0.0042054979130625725,-0.40065234899520874,-0.0018058960558846593,2.9118454456329346,-0.13635845482349396,0.9609127640724182,1.0,0.972743809223175,0.11866574734449387,0.08212060481309891,0.0,0.03561967983841896,-0.3236064016819,-1.0543709993362427,-1.0,-1.0647189617156982,0.898531436920166,-0.7546055912971497,-0.8499999642372131,-0.7421761751174927,-0.10956422239542007,0.9803981781005859,1.0,0.9780882596969604,-0.2488500475883484,-0.0770428404211998,0.0,-0.0746675431728363,-0.6467267274856567,-1.1428966522216797,-1.0,-1.129345178604126,-0.8360390067100525,-0.2781694531440735,0.0,-0.250806987285614
20.615384615384617,1,1,1,0,False,-0.0046411603689193726,-0.0005769525887444615,0.018676452338695526,0.08095978945493698,5.241736289463006e-06,1.1380761861801147e-05,0.14614194631576538,-0.012781520374119282,-0.0018846045713871717,-1.145775556564331,-0.0005769525887444615,1.0346003770828247,0.004205476026982069,-0.4006514549255371,-0.001805954147130251,2.911848783493042,-0.13630461692810059,0.9609147906303406,1.0,0.9727431535720825,0.11862783879041672,0.08212097734212875,0.0,0.03561645373702049,-0.32359233498573303,-1.0543709993362427,-1.0,-1.0647189617156982,0.8985278010368347,-0.7546066641807556,-0.8499999642372131,-0.7421761751174927,-0.10960648208856583,0.9803981781005859,1.0,0.9780882596969604,-0.2489086091518402,-0.07704158127307892,0.0,-0.07466606050729752,-0.6467186808586121,-1.1428978443145752,-1.0,-1.129345178604126,-0.8360217809677124,-0.2781699597835541,0.0,-0.25080782175064087
20.692307692307693,1,1,1,0,False,-0.004641219973564148,-0.0005769382114522159,0.018676288425922394,0.08095978945493698,1.2271436389710288e-05,8.656643331050873e-06,0.1461399644613266,-0.012781808152794838,-0.0018846093444153666,-1.145775556564331,-0.0005769382114522159,1.0346003770828247,0.004205552861094475,-0.4006502032279968,-0.0018059342401102185,2.9118518829345703,-0.13619273900985718,0.9609149098396301,1.0,0.9727425575256348,0.11864909529685974,0.08211977034807205,0.0,0.03561145439743996,-0.3236192464828491,-1.0543694496154785,-1.0,-1.0647189617156982,0.8985241055488586,-0.7546088099479675,-0.8499999642372131,-0.7421761751174927,-0.10959472507238388,0.9803973436355591,1.0,0.9780861139297485,-0.2489582747220993,-0.07704097777605057,0.0,-0.07466653734445572,-0.6467422246932983,-1.1428978443145752,-1.0,-1.129345178604126,-0.8360030055046082,-0.2781711518764496,0.0,-0.25080782175064087
20.76923076923077,1,1,1,0,False,-0.004641324281692505,-0.0005769438575953245,0.018676109611988068,0.08096347749233246,1.7343187209917232e-05,9.171199053525925e-06,0.14613637328147888,-0.012782513163983822,-0.0018846302991732955,-1.145775556564331,-0.0005769438575953245,1.0346003770828247,0.004205653909593821,-0.4006483554840088,-0.001805947977118194,2.9118549823760986,-0.13622452318668365,0.9609149098396301,1.0,0.9727432727813721,0.1186663880944252,0.08211757987737656,0.0,0.03560689464211464,-0.3236334025859833,-1.0543674230575562,-1.0,-1.0647189617156982,0.8985238075256348,-0.7546108365058899,-0.8499999642372131,-0.7421761751174927,-0.10956890136003494,0.9803957343101501,1.0,0.9780851602554321,-0.2489367425441742,-0.07704213261604309,0.0,-0.07466869801282883,-0.6467500329017639,-1.1428978443145752,-1.0,-1.129345178604126,-0.836012601852417,-0.2781718969345093,0.0,-0.2508070766925812
20.846153846153847,1,1,1,0,False,-0.004641503095626831,-0.000577034312300384,0.018675975501537323,0.08096273988485336,2.2956777684157714e-05,1.5920959413051605e-05,0.14613035321235657,-0.012783164158463478,-0.00188465288374573,-1.145775556564331,-0.000577034312300384,1.0346003770828247,0.004205761943012476,-0.4006502330303192,-0.0018059649737551808,2.9118576049804688,-0.13629133999347687,0.9609172940254211,1.0,0.9727465510368347,0.11869710683822632,0.08211500197649002,0.0,0.03560471534729004,-0.32366231083869934,-1.054366111755371,-1.0,-1.0647189617156982,0.8985236287117004,-0.7546113729476929,-0.8499999642372131,-0.7421761751174927,-0.10951835662126541,0.9803953766822815,1.0,0.9780851602554321,-0.24889744818210602,-0.07704437524080276,0.0,-0.0746711790561676,-0.6467539668083191,-1.1428978443145752,-1.0,-1.129345178604126,-0.8360329270362854,-0.2781710922718048,0.0,-0.2508060038089752
20.923076923076923,1,1,1,0,False,-0.004641592502593994,-0.0005770715652033687,0.01867584139108658,0.08096420764923096,9.477786989009473e-06,1.041218638420105e-05,0.14612726867198944,-0.012783607468008995,-0.0018846879247575998,-1.145775556564331,-0.0005770715652033687,1.0346003770828247,0.004205803386867046,-0.4006521701812744,-0.001805981621146202,2.911860227584839,-0.13634374737739563,0.9609196782112122,1.0,0.9727479219436646,0.11869053542613983,0.08211299031972885,0.0,0.035604607313871384,-0.3236715793609619,-1.054366111755371,-1.0,-1.0647231340408325,0.8985303044319153,-0.7546118497848511,-0.8499999642372131,-0.7421761751174927,-0.10949618369340897,0.9803956747055054,1.0,0.9780865907669067,-0.2488487958908081,-0.07704602926969528,0.0,-0.07467149943113327,-0.6467424035072327,-1.1428989171981812,-1.0,-1.129345178604126,-0.8360408544540405,-0.27817001938819885,0.0,-0.2508060038089752
21.0,1,1,1,0,False,-0.004641517996788025,-0.0005770405405201018,0.018675483763217926,0.08096420764923096,1.4972430108173285e-05,1.259148120880127e-05,0.1461297869682312,-0.01278335228562355,-0.001884657540358603,-1.145775556564331,-0.0005770405405201018,1.0346003770828247,0.004205777775496244,-0.40065205097198486,-0.001805993844754994,2.9118635654449463,-0.13625411689281464,0.9609218835830688,1.0,0.9727460145950317,0.11864356696605682,0.08211220055818558,0.0,0.03560411557555199,-0.3235987722873688,-1.054366111755371,-1.0,-1.0647245645523071,0.8985166549682617,-0.7546118497848511,-0.8499999642372131,-0.7421761751174927,-0.1095920130610466,0.980397641658783,1.0,0.9780886173248291,-0.24888049066066742,-0.07704521715641022,0.0,-0.074669249355793,-0.6467269062995911,-1.1429036855697632,-1.0,-1.129345178604126,-0.8360230922698975,-0.27817022800445557,0.0,-0.2508070766925812
21.076923076923077,1,1,1,0,False,-0.004641413688659668,-0.0005769969429820776,0.0186753049492836,0.08096347749233246,1.27379553305218e-05,8.959323167800903e-06,0.14613333344459534,-0.012782907113432884,-0.0018846436869353056,-1.145775556564331,-0.0005769969429820776,1.0346003770828247,0.004205717239528894,-0.4006515145301819,-0.0018059809226542711,2.911867380142212,-0.13632076978683472,0.9609218835830688,1.0,0.9727436304092407,0.11861009895801544,0.08211158215999603,0.0,0.03560172766447067,-0.32352349162101746,-1.054366111755371,-1.0,-1.0647245645523071,0.8985229134559631,-0.7546118497848511,-0.8499999642372131,-0.7421761751174927,-0.10963917523622513,0.9803983569145203,1.0,0.9780879020690918,-0.2489120364189148,-0.07704323530197144,0.0,-0.07466748356819153,-0.6467067003250122,-1.1429065465927124,-1.0,-1.129345178604126,-0.83602374792099,-0.2781714200973511,0.0,-0.2508072257041931
21.153846153846153,1,1,1,0,False,-0.004641428589820862,-0.0005770028801634908,0.018675319850444794,0.08096273988485336,5.723504727939144e-06,7.748603820800781e-06,0.14613285660743713,-0.012782921083271503,-0.001884650089778006,-1.145775556564331,-0.0005770028801634908,1.0346003770828247,0.004205728881061077,-0.40064918994903564,-0.0018059941940009594,2.9118707180023193,-0.13625235855579376,0.9609207510948181,1.0,0.9727427959442139,0.11864204704761505,0.08210994303226471,0.0,0.035598453134298325,-0.32351958751678467,-1.054366111755371,-1.0,-1.0647203922271729,0.8985260128974915,-0.7546118497848511,-0.8499999642372131,-0.7421761751174927,-0.10963816195726395,0.9803967475891113,1.0,0.9780855178833008,-0.2489624172449112,-0.07704254239797592,0.0,-0.07466831803321838,-0.6467303037643433,-1.1429065465927124,-1.0,-1.129345178604126,-0.8360083699226379,-0.2781723141670227,0.0,-0.2508072257041931
21.230769230769234,1,1,1,0,False,-0.004641517996788025,-0.0005769903073087335,0.018675006926059723,0.08096347749233246,2.1059160644654185e-05,8.475035429000854e-06,0.1461298018693924,-0.01278331596404314,-0.0018846893217414618,-1.145775556564331,-0.0005769903073087335,1.0346003770828247,0.004205826669931412,-0.4006485342979431,-0.001805998501367867,2.9118733406066895,-0.13604320585727692,0.9609203338623047,1.0,0.9727432131767273,0.11874876171350479,0.08210743963718414,0.0,0.035597123205661774,-0.32359635829925537,-1.054361343383789,-1.0,-1.0647163391113281,0.8985165953636169,-0.7546118497848511,-0.8499999642372131,-0.7421761751174927,-0.10958418250083923,0.9803945422172546,1.0,0.9780831336975098,-0.2490234225988388,-0.07704424858093262,0.0,-0.07467144727706909,-0.6467888355255127,-1.1429065465927124,-1.0,-1.129345178604126,-0.8359829783439636,-0.2781718075275421,0.0,-0.2508063316345215
21.30769230769231,1,1,1,0,False,-0.004641681909561157,-0.0005770542775280774,0.01867476850748062,0.08096420764923096,1.4051092875888571e-05,9.292270988225937e-06,0.14612427353858948,-0.01278393343091011,-0.001884699915535748,-1.145775556564331,-0.0005770542775280774,1.0345960855484009,0.004205933306366205,-0.40065187215805054,-0.0018059994326904416,2.9118757247924805,-0.13631810247898102,0.9609203338623047,1.0,0.9727442860603333,0.11876370757818222,0.08210611343383789,0.0,0.0355994738638401,-0.32361894845962524,-1.0543583631515503,-1.0,-1.0647163391113281,0.8985401391983032,-0.7546122074127197,-0.8499999642372131,-0.7421761751174927,-0.10947471112012863,0.9803933501243591,1.0,0.9780833721160889,-0.24890999495983124,-0.0770474299788475,0.0,-0.07467459887266159,-0.6467691659927368,-1.1429065465927124,-1.0,-1.129345178604126,-0.8360229134559631,-0.2781706154346466,0.0,-0.2508056163787842
21.384615384615387,1,1,1,0,False,-0.004641741514205933,-0.0005771013093180954,0.018674738705158234,0.08096420764923096,1.4745017324457876e-05,1.0291114449501038e-05,0.14612224698066711,-0.01278410293161869,-0.0018847042229026556,-1.145775556564331,-0.0005771013093180954,1.0345906019210815,0.004205936565995216,-0.40065276622772217,-0.0018060068832710385,2.9118781089782715,-0.13637781143188477,0.9609187841415405,1.0,0.9727423191070557,0.11876463890075684,0.08210715651512146,0.0,0.03560420870780945,-0.323604941368103,-1.0543583631515503,-1.0,-1.0647163391113281,0.8985465168952942,-0.7546119093894958,-0.8499999642372131,-0.7421761751174927,-0.10947010666131973,0.9803946614265442,1.0,0.9780865907669067,-0.24886587262153625,-0.07704935222864151,0.0,-0.07467491179704666,-0.6467586159706116,-1.1429065465927124,-1.0,-1.129345178604126,-0.8360231518745422,-0.2781694531440735,0.0,-0.2508056163787842
21.461538461538463,1,1,1,0,False,-0.004641696810722351,-0.0005770922289229929,0.018674813210964203,0.08096347749233246,2.808339377224911e-05,1.3317912817001343e-05,0.1461237668991089,-0.01278375182300806,-0.0018846812890842557,-1.145775556564331,-0.0005770922289229929,1.0345836877822876,0.004205895587801933,-0.40065181255340576,-0.0018059801077470183,2.9118802547454834,-0.1363082230091095,0.9609163999557495,1.0,0.9727399349212646,0.11875907331705093,0.08211012184619904,0.0,0.035609569400548935,-0.3235946297645569,-1.0543583631515503,-1.0,-1.0647163391113281,0.898535430431366,-0.7546102404594421,-0.8499999642372131,-0.7421761751174927,-0.10950881987810135,0.9803983569145203,1.0,0.9780903458595276,-0.24890561401844025,-0.07704892754554749,0.0,-0.07467352598905563,-0.6467559337615967,-1.1429065465927124,-1.0,-1.129345178604126,-0.836013913154602,-0.2781694531440735,0.0,-0.2508056163787842
21.53846153846154,1,1,1,0,False,-0.004641532897949219,-0.0005770386196672916,0.01867484301328659,0.08096200227737427,3.12592092086561e-05,9.262003004550934e-06,0.14612935483455658,-0.012782965786755085,-0.0018846362363547087,-1.145775556564331,-0.0005770386196672916,1.0345813035964966,0.004205820616334677,-0.4006504416465759,-0.0018059703288599849,2.911882162094116,-0.13618305325508118,0.9609140157699585,1.0,0.9727388620376587,0.11876245588064194,0.08211394399404526,0.0,0.0356140062212944,-0.3235916495323181,-1.0543583631515503,-1.0,-1.0647163391113281,0.8985281586647034,-0.7546096444129944,-0.8499999642372131,-0.7421761751174927,-0.10953333228826523,0.9804009795188904,1.0,0.9780927300453186,-0.24895599484443665,-0.0770479291677475,0.0,-0.0746728703379631,-0.6467723846435547,-1.1429065465927124,-1.0,-1.129345178604126,-0.8360000848770142,-0.2781696319580078,0.0,-0.2508056163787842
21.615384615384617,1,1,1,0,False,-0.004641428589820862,-0.0005769644631072879,0.01867484301328659,0.08096273988485336,1.9876943042618223e-05,9.01985913515091e-06,0.14613285660743713,-0.012782642617821693,-0.0018846004968509078,-1.145775556564331,-0.0005769644631072879,1.0345813035964966,0.004205787088721991,-0.40064841508865356,-0.0018059195717796683,2.911884069442749,-0.13621652126312256,0.9609116315841675,1.0,0.972740650177002,0.11876098811626434,0.08211768418550491,0.0,0.035617463290691376,-0.3236032724380493,-1.0543583631515503,-1.0,-1.0647163391113281,0.8985297083854675,-0.7546096444129944,-0.8499999642372131,-0.7421761751174927,-0.10951387882232666,0.9804032444953918,1.0,0.9780938029289246,-0.24894244968891144,-0.0770479217171669,0.0,-0.07467381656169891,-0.6467788815498352,-1.1429065465927124,-1.0,-1.129345178604126,-0.8360124230384827,-0.2781696319580078,0.0,-0.2508056163787842
21.692307692307693,1,1,1,0,False,-0.004641428589820862,-0.0005769443232566118,0.018674813210964203,0.08096273988485336,6.3322058849735186e-06,1.6586855053901672e-05,0.14613285660743713,-0.012782642617821693,-0.0018845911836251616,-1.145775556564331,-0.0005769443232566118,1.0345813035964966,0.0042057884857058525,-0.4006495475769043,-0.0018059118883684278,2.9118852615356445,-0.1362537145614624,0.9609115719795227,1.0,0.9727447032928467,0.1187669038772583,0.08212094008922577,0.0,0.03562060743570328,-0.3236403167247772,-1.0543583631515503,-1.0,-1.0647163391113281,0.8985329866409302,-0.7546096444129944,-0.8499999642372131,-0.7421761751174927,-0.10946755856275558,0.9804036021232605,1.0,0.9780939221382141,-0.24889227747917175,-0.07704908400774002,0.0,-0.07467520236968994,-0.6467859148979187,-1.1429065465927124,-1.0,-1.1293482780456543,-0.8360340595245361,-0.2781684398651123,0.0,-0.2508050799369812
21.76923076923077,1,1,1,0,False,-0.00464138388633728,-0.0005769671988673508,0.018674470484256744,0.08096273988485336,4.785839337273501e-06,1.2349337339401245e-05,0.14613434672355652,-0.012782500125467777,-0.0018846152815967798,-1.145775556564331,-0.0005769671988673508,1.0345813035964966,0.004205702804028988,-0.4006497859954834,-0.001805914449505508,2.911885976791382,-0.13619263470172882,0.9609139561653137,1.0,0.9727473258972168,0.11874634772539139,0.08212368190288544,0.0,0.03562280535697937,-0.3236755430698395,-1.0543583631515503,-1.0,-1.0647188425064087,0.8985264897346497,-0.7546096444129944,-0.8499999642372131,-0.7421761751174927,-0.10947535187005997,0.9804050326347351,1.0,0.9780963063240051,-0.2488645762205124,-0.0770493745803833,0.0,-0.07467405498027802,-0.6467865705490112,-1.1429104804992676,-1.0,-1.1293493509292603,-0.8360281586647034,-0.2781672477722168,0.0,-0.2508055567741394
21.846153846153847,1,1,1,0,False,-0.004641339182853699,-0.0005769687704741955,0.018674276769161224,0.08096200227737427,9.722553841129411e-06,1.5497207641601562e-05,0.1461358666419983,-0.012782321311533451,-0.0018846041057258844,-1.145775556564331,-0.0005769687704741955,1.0345813035964966,0.004205664154142141,-0.40064945816993713,-0.0018059068825095892,2.9118878841400146,-0.1362360566854477,0.9609168171882629,1.0,0.9727497100830078,0.11867192387580872,0.08212567120790482,0.0,0.03562271595001221,-0.32363593578338623,-1.0543619394302368,-1.0,-1.0647231340408325,0.8985195159912109,-0.754610538482666,-0.8499999642372131,-0.7421761751174927,-0.10953115671873093,0.9804071187973022,1.0,0.9780981540679932,-0.24886147677898407,-0.07704757153987885,0.0,-0.07467122375965118,-0.6467554569244385,-1.1429152488708496,-1.0,-1.1293493509292603,-0.8360357880592346,-0.27816668152809143,0.0,-0.2508067488670349
21.923076923076923,1,1,1,0,False,-0.004641205072402954,-0.0005768840783275664,0.018673963844776154,0.08096200227737427,8.376047844649293e-06,9.685754776000977e-06,0.14614041149616241,-0.012781837023794651,-0.0018845624290406704,-1.145775556564331,-0.0005768840783275664,1.0345813035964966,0.004205634817481041,-0.40064746141433716,-0.0018059108406305313,2.9118902683258057,-0.13616837561130524,0.9609203934669495,1.0,0.9727520942687988,0.11865013837814331,0.08212611079216003,0.0,0.03561968728899956,-0.3236059248447418,-1.0543619394302368,-1.0,-1.0647231340408325,0.8985114693641663,-0.7546116709709167,-0.8499999642372131,-0.7421761751174927,-0.10958155244588852,0.98040771484375,1.0,0.9780977964401245,-0.24889996647834778,-0.07704491913318634,0.0,-0.074668750166893,-0.6467550992965698,-1.1429187059402466,-1.0,-1.1293493509292603,-0.8360253572463989,-0.27816668152809143,0.0,-0.25080740451812744
22.0,1,1,1,0,False,-0.004641234874725342,-0.0005768397240899503,0.018673889338970184,0.08096200227737427,1.3858766578778159e-05,9.413342922925949e-06,0.14613941311836243,-0.012781983241438866,-0.0018845850136131048,-1.145775556564331,-0.0005768397240899503,1.0345813035964966,0.004205659031867981,-0.40064698457717896,-0.0018059300491586328,2.9118926525115967,-0.13594576716423035,0.9609242081642151,1.0,0.9727548956871033,0.11867920309305191,0.08212476223707199,0.0,0.03561512753367424,-0.3236258029937744,-1.0543619394302368,-1.0,-1.0647231340408325,0.8985006213188171,-0.7546133399009705,-0.8499999642372131,-0.7421761751174927,-0.10960181057453156,0.9804063439369202,1.0,0.9780954122543335,-0.24897578358650208,-0.07704319804906845,0.0,-0.0746680274605751,-0.6467916965484619,-1.1429187059402466,-1.0,-1.1293493509292603,-0.8359968066215515,-0.27816668152809143,0.0,-0.25080740451812744
22.076923076923077,1,1,1,0,False,-0.004641354084014893,-0.0005769054987467825,0.018673844635486603,0.08096347749233246,2.1187117454246618e-05,1.3741664588451385e-05,0.1461353600025177,-0.012782570905983448,-0.0018846422899514437,-1.145775556564331,-0.0005769054987467825,1.0345813035964966,0.00420573353767395,-0.4006495475769043,-0.0018059508875012398,2.9118945598602295,-0.13632498681545258,0.9609289765357971,1.0,0.9727573990821838,0.11864326894283295,0.0821220651268959,0.0,0.03561040386557579,-0.3236161172389984,-1.0543619394302368,-1.0,-1.0647231340408325,0.8985363841056824,-0.7546144723892212,-0.8499999642372131,-0.7421761751174927,-0.10953469574451447,0.9804041385650635,1.0,0.9780930280685425,-0.24887892603874207,-0.07704297453165054,0.0,-0.07466819137334824,-0.646742045879364,-1.1429187059402466,-1.0,-1.1293493509292603,-0.8360406160354614,-0.27816668152809143,0.0,-0.25080740451812744
22.153846153846153,1,1,1,0,False,-0.004641473293304443,-0.0005769793060608208,0.018673844635486603,0.08096420764923096,1.4038764675206039e-05,1.0654330253601074e-05,0.14613132178783417,-0.01278306357562542,-0.0018846368184313178,-1.145775556564331,-0.0005769793060608208,1.0345813035964966,0.004205808043479919,-0.4006505012512207,-0.001805987791158259,2.9118964672088623,-0.13633079826831818,0.9609314799308777,1.0,0.972756028175354,0.1186230331659317,0.08211863040924072,0.0,0.03560588136315346,-0.3235926628112793,-1.0543619394302368,-1.0,-1.0647231340408325,0.8985397219657898,-0.7546147108078003,-0.8499999642372131,-0.7421761751174927,-0.1095513328909874,0.9804019331932068,1.0,0.9780916571617126,-0.24887317419052124,-0.07704270631074905,0.0,-0.0746675655245781,-0.646730899810791,-1.1429187059402466,-1.0,-1.1293493509292603,-0.8360297083854675,-0.27816706895828247,0.0,-0.25080740451812744
22.230769230769234,1,1,1,0,False,-0.0046415627002716064,-0.0005770310526713729,0.018673889338970184,0.08096494525671005,5.000411874789279e-06,7.990747690200806e-06,0.14612829685211182,-0.012783466838300228,-0.0018846597522497177,-1.145775556564331,-0.0005770310526713729,1.0345813035964966,0.004205847624689341,-0.4006519913673401,-0.001806015963666141,2.911898136138916,-0.13635843992233276,0.960932195186615,1.0,0.9727529883384705,0.11862411350011826,0.0821150615811348,0.0,0.03560159355401993,-0.32357916235923767,-1.0543619394302368,-1.0,-1.0647231340408325,0.8985415101051331,-0.7546147108078003,-0.8499999642372131,-0.7421761751174927,-0.10955159366130829,0.9804016351699829,1.0,0.9780916571617126,-0.24891604483127594,-0.0770421102643013,0.0,-0.07466712594032288,-0.6467190980911255,-1.1429187059402466,-1.0,-1.1293493509292603,-0.8360244035720825,-0.278168261051178,0.0,-0.25080740451812744
22.30769230769231,1,1,1,0,False,-0.004641622304916382,-0.0005770522402599454,0.018673934042453766,0.08096420764923096,6.406371539924294e-06,9.927898645401001e-06,0.14612625539302826,-0.01278366893529892,-0.0018846660386770964,-1.145775556564331,-0.0005770522402599454,1.0345813035964966,0.004205850884318352,-0.4006534218788147,-0.0018060255097225308,2.9118995666503906,-0.13641375303268433,0.960930585861206,1.0,0.9727482199668884,0.11862163990736008,0.08211172372102737,0.0,0.035598013550043106,-0.3235432505607605,-1.0543619394302368,-1.0,-1.0647231340408325,0.8985464572906494,-0.7546147108078003,-0.8499999642372131,-0.7421761751174927,-0.10955514758825302,0.9804015755653381,1.0,0.9780916571617126,-0.24891544878482819,-0.07704224437475204,0.0,-0.07466814666986465,-0.6467132568359375,-1.1429187059402466,-1.0,-1.1293493509292603,-0.8360183238983154,-0.2781701385974884,0.0,-0.25080740451812744
22.384615384615387,1,1,1,0,False,-0.004641592502593994,-0.000577032333239913,0.01867382973432541,0.08096420764923096,1.1283624189672992e-05,1.180451363325119e-05,0.14612726867198944,-0.012783567421138287,-0.0018846921157091856,-1.145775556564331,-0.000577032333239913,1.0345813035964966,0.00420587370172143,-0.40065455436706543,-0.0018060208531096578,2.9119009971618652,-0.13627822697162628,0.9609266519546509,1.0,0.9727434515953064,0.1186879426240921,0.08210895955562592,0.0,0.03559590503573418,-0.3235583007335663,-1.0543596744537354,-1.0,-1.0647207498550415,0.8985441327095032,-0.7546147108078003,-0.8499999642372131,-0.7421761751174927,-0.10953692346811295,0.9804015159606934,1.0,0.9780916571617126,-0.24898934364318848,-0.0770437940955162,0.0,-0.07467065006494522,-0.6467432379722595,-1.1429187059402466,-1.0,-1.1293493509292603,-0.835996687412262,-0.2781716585159302,0.0,-0.25080713629722595
22.461538461538463,1,1,1,0,False,-0.004641607403755188,-0.0005769807030446827,0.018673531711101532,0.08096420764923096,1.6743437299737707e-05,1.010950654745102e-05,0.14612679183483124,-0.012783621437847614,-0.0018846679013222456,-1.145775556564331,-0.0005769807030446827,1.0345813035964966,0.0042059035040438175,-0.4006560444831848,-0.001806012005545199,2.9119021892547607,-0.13639838993549347,0.9609218835830688,1.0,0.9727386832237244,0.1187337338924408,0.0821073055267334,0.0,0.035596396774053574,-0.32356584072113037,-1.0543549060821533,-1.0,-1.0647181272506714,0.8985593318939209,-0.7546147108078003,-0.8499999642372131,-0.7421761751174927,-0.10946297645568848,0.9804015159606934,1.0,0.9780921339988708,-0.24895621836185455,-0.07704661041498184,0.0,-0.07467393577098846,-0.6467479467391968,-1.1429187059402466,-1.0,-1.1293493509292603,-0.8360108733177185,-0.2781720459461212,0.0,-0.25080594420433044
22.53846153846154,1,1,1,0,False,-0.004641681909561157,-0.0005770436837337911,0.01867341250181198,0.08096494525671005,2.75155089184409e-05,1.437729224562645e-05,0.14612427353858948,-0.012783870100975037,-0.0018846667371690273,-1.145775556564331,-0.0005770436837337911,1.0345731973648071,0.004205951001495123,-0.4006563425064087,-0.0018060249276459217,2.9119033813476562,-0.1364058554172516,0.9609166979789734,1.0,0.9727340340614319,0.11878056079149246,0.08210773020982742,0.0,0.035600244998931885,-0.3235742449760437,-1.0543527603149414,-1.0,-1.0647181272506714,0.8985586762428284,-0.7546144723892212,-0.8499999642372131,-0.7421761751174927,-0.10942114889621735,0.9804030656814575,1.0,0.9780945181846619,-0.24895821511745453,-0.0770498514175415,0.0,-0.07467729598283768,-0.6467589139938354,-1.1429187059402466,-1.0,-1.1293493509292603,-0.8360130190849304,-0.2781718075275421,0.0,-0.2508051097393036
22.615384615384617,1,1,1,0,False,-0.004641667008399963,-0.0005770647549070418,0.018673427402973175,0.08096494525671005,3.231941445847042e-05,1.3015232980251312e-05,0.14612475037574768,-0.012783696874976158,-0.0018846465973183513,-1.145775556564331,-0.0005770647549070418,1.0345638990402222,0.004205937962979078,-0.4006572365760803,-0.0018059707945212722,2.9119045734405518,-0.13640539348125458,0.9609100222587585,1.0,0.9727310538291931,0.11881767958402634,0.08211031556129456,0.0,0.03560673072934151,-0.3235892653465271,-1.0543525218963623,-1.0,-1.0647181272506714,0.898556113243103,-0.7546131610870361,-0.8499999642372131,-0.7421761751174927,-0.10941100865602493,0.9804061055183411,1.0,0.97809898853302,-0.24896056950092316,-0.07705292850732803,0.0,-0.07468008249998093,-0.6467643976211548,-1.1429187059402466,-1.0,-1.1293493509292603,-0.8360175490379333,-0.2781711518764496,0.0,-0.25080496072769165
22.692307692307693,1,1,1,0,False,-0.0046415776014328,-0.000577014172449708,0.018673472106456757,0.08096494525671005,3.8343659980455413e-05,1.5739351511001587e-05,0.14612780511379242,-0.012783222831785679,-0.001884609810076654,-1.145775556564331,-0.000577014172449708,1.03455650806427,0.0042058625258505344,-0.40065670013427734,-0.0018059273716062307,2.9119057655334473,-0.13628849387168884,0.9609051942825317,1.0,0.9727286696434021,0.11883460730314255,0.08211454004049301,0.0,0.035614512860774994,-0.32360103726387024,-1.0543525218963623,-1.0,-1.0647181272506714,0.898547351360321,-0.754611611366272,-0.8499999642372131,-0.7421761751174927,-0.10943146049976349,0.980410635471344,1.0,0.9781036376953125,-0.24898336827754974,-0.07705533504486084,0.0,-0.0746820792555809,-0.646783173084259,-1.1429187059402466,-1.0,-1.1293493509292603,-0.8360041975975037,-0.27817022800445557,0.0,-0.25080496072769165
22.76923076923077,1,1,1,0,False,-0.00464138388633728,-0.0005769649869762361,0.01867348700761795,0.08096347749233246,3.618886330514215e-05,1.5739351511001587e-05,0.14613433182239532,-0.012782350182533264,-0.0018846007296815515,-1.145775556564331,-0.0005769649869762361,1.0345536470413208,0.004205720033496618,-0.40065568685531616,-0.0018059066496789455,2.9119069576263428,-0.13629041612148285,0.9609004259109497,1.0,0.9727284908294678,0.11881927400827408,0.08212008327245712,0.0,0.03562202677130699,-0.32358840107917786,-1.0543525218963623,-1.0,-1.0647181272506714,0.8985467553138733,-0.7546108365058899,-0.8499999642372131,-0.7421761751174927,-0.10944393277168274,0.9804138541221619,1.0,0.9781060218811035,-0.2489667385816574,-0.07705725729465485,0.0,-0.07468391209840775,-0.6467876434326172,-1.1429187059402466,-1.0,-1.1293493509292603,-0.8360134363174438,-0.27816957235336304,0.0,-0.25080496072769165
22.846153846153847,1,1,1,0,False,-0.004641279578208923,-0.0005769653362222016,0.01867344230413437,0.08096420764923096,2.394943658146076e-05,1.0654330253601074e-05,0.14613784849643707,-0.012782021425664425,-0.0018845757003873587,-1.145775556564331,-0.0005769653362222016,1.0345536470413208,0.00420562457293272,-0.4006529450416565,-0.0018059011781588197,2.911907911300659,-0.1361735612154007,0.9608975052833557,1.0,0.9727315306663513,0.11883248388767242,0.08212590962648392,0.0,0.03562840446829796,-0.32362669706344604,-1.0543525218963623,-1.0,-1.0647181272506714,0.8985340595245361,-0.7546108365058899,-0.8499999642372131,-0.7421761751174927,-0.1094532310962677,0.9804164171218872,1.0,0.9781082272529602,-0.2489728033542633,-0.0770590528845787,0.0,-0.0746857225894928,-0.6468105912208557,-1.1429187059402466,-1.0,-1.1293493509292603,-0.836014449596405,-0.2781682014465332,0.0,-0.25080496072769165
22.923076923076923,1,1,1,0,False,-0.004641249775886536,-0.0005769349518232048,0.018673337996006012,0.08096420764923096,1.3289870366861578e-05,8.959323167800903e-06,0.14613886177539825,-0.012781902216374874,-0.0018846073653548956,-1.145775556564331,-0.0005769349518232048,1.0345536470413208,0.004205602686852217,-0.400651752948761,-0.001805866719223559,2.9119083881378174,-0.13589583337306976,0.9608981013298035,1.0,0.9727374911308289,0.1188541054725647,0.0821312814950943,0.0,0.03563380986452103,-0.32369548082351685,-1.0543525218963623,-1.0,-1.064718246459961,0.8985137343406677,-0.7546108365058899,-0.8499999642372131,-0.7421761751174927,-0.10946591198444366,0.9804175496101379,1.0,0.9781082272529602,-0.24899545311927795,-0.07706060260534286,0.0,-0.07468676567077637,-0.6468585729598999,-1.1429193019866943,-1.0,-1.1293529272079468,-0.8359982371330261,-0.27816614508628845,0.0,-0.25080496072769165
23.0,1,1,1,0,False,-0.004641249775886536,-0.0005770327989012003,0.018673129379749298,0.08096347749233246,8.873351362126414e-06,7.990747690200806e-06,0.14613887667655945,-0.012781902216374874,-0.0018846408929675817,-1.145775318145752,-0.0005770327989012003,1.0345536470413208,0.004205499775707722,-0.40065324306488037,-0.0018059136345982552,2.9119086265563965,-0.13624009490013123,0.9609026312828064,1.0,0.9727452993392944,0.11874386668205261,0.08213584125041962,0.0,0.03563697636127472,-0.32368987798690796,-1.0543559789657593,-1.0,-1.064723014831543,0.8985341191291809,-0.7546108365058899,-0.8499999642372131,-0.7421761751174927,-0.10944841057062149,0.9804177284240723,1.0,0.9781082272529602,-0.24885500967502594,-0.07706079632043839,0.0,-0.07468537241220474,-0.646796464920044,-1.1429240703582764,-1.0,-1.1293563842773438,-0.8360552787780762,-0.2781640887260437,0.0,-0.25080546736717224
23.076923076923077,1,1,1,0,False,-0.004641115665435791,-0.000576995313167572,0.01867298036813736,0.08096347749233246,1.8703585737966932e-05,1.259148120880127e-05,0.14614343643188477,-0.012781411409378052,-0.0018845838494598866,-1.145775318145752,-0.000576995313167572,1.0345536470413208,0.004205424338579178,-0.4006522297859192,-0.0018059166613966227,2.911909341812134,-0.13615171611309052,0.9609097838401794,1.0,0.9727500677108765,0.11865809559822083,0.08213844150304794,0.0,0.03563551977276802,-0.32364821434020996,-1.0543607473373413,-1.0,-1.0647271871566772,0.898514986038208,-0.754612147808075,-0.8499999642372131,-0.7421761751174927,-0.10955315828323364,0.980417788028717,1.0,0.9781078100204468,-0.2488507628440857,-0.07705800980329514,0.0,-0.07468065619468689,-0.6467718482017517,-1.1429288387298584,-1.0,-1.1293563842773438,-0.8360432982444763,-0.2781628668308258,0.0,-0.25080665946006775
23.153846153846157,1,1,1,0,False,-0.004641026258468628,-0.0005769503186456859,0.01867278665304184,0.08096126466989517,2.8980297429370694e-05,2.4153850972652435e-05,0.1461464762687683,-0.012780968099832535,-0.0018846214516088367,-1.145775318145752,-0.0005769503186456859,1.0345536470413208,0.0042053284123539925,-0.40065068006515503,-0.001805927138775587,2.9119105339050293,-0.1360664814710617,0.9609169363975525,1.0,0.9727548360824585,0.11861824244260788,0.08213794231414795,0.0,0.03562908247113228,-0.32361799478530884,-1.0543640851974487,-1.0,-1.0647271871566772,0.8985080122947693,-0.7546129822731018,-0.8499999642372131,-0.7421761751174927,-0.10963284224271774,0.9804161190986633,1.0,0.9781045317649841,-0.2489088475704193,-0.07705323398113251,0.0,-0.07467556744813919,-0.6467653512954712,-1.1429336071014404,-1.0,-1.1293563842773438,-0.836021900177002,-0.2781628668308258,0.0,-0.25080785155296326
23.230769230769234,1,1,1,0,False,-0.0046410709619522095,-0.000576938153244555,0.01867247372865677,0.08096273988485336,4.309288851800375e-05,1.4710240066051483e-05,0.14614494144916534,-0.012781275436282158,-0.0018846094608306885,-1.145775318145752,-0.000576938153244555,1.0345536470413208,0.004205435048788786,-0.40064865350723267,-0.0018059866270050406,2.911912202835083,-0.1361485868692398,0.9609240889549255,1.0,0.9727596044540405,0.11859484016895294,0.08213379234075546,0.0,0.0356198251247406,-0.3236079216003418,-1.0543640851974487,-1.0,-1.0647271871566772,0.8985181450843811,-0.7546153664588928,-0.8499999642372131,-0.7421761751174927,-0.10962947458028793,0.9804120659828186,1.0,0.9780997633934021,-0.24891801178455353,-0.0770491436123848,0.0,-0.07467259466648102,-0.6467540860176086,-1.1429362297058105,-1.0,-1.1293563842773438,-0.8360252976417542,-0.2781628668308258,0.0,-0.2508084177970886
23.30769230769231,1,1,1,0,False,-0.004641294479370117,-0.0005770328571088612,0.018672384321689606,0.08096347749233246,4.794050983036868e-05,1.4316756278276443e-05,0.14613738656044006,-0.01278222817927599,-0.0018846906023100019,-1.145775318145752,-0.0005770328571088612,1.0345536470413208,0.0042055645026266575,-0.4006497263908386,-0.001806054380722344,2.9119133949279785,-0.13623102009296417,0.9609312415122986,1.0,0.9727640151977539,0.11860982328653336,0.0821273997426033,0.0,0.03561091795563698,-0.3236168920993805,-1.0543640851974487,-1.0,-1.0647271871566772,0.8985281586647034,-0.7546177506446838,-0.8499999642372131,-0.7421761751174927,-0.10959694534540176,0.9804074168205261,1.0,0.9780949950218201,-0.24890634417533875,-0.07704722881317139,0.0,-0.07467199116945267,-0.6467528343200684,-1.1429362297058105,-1.0,-1.1293563842773438,-0.836033284664154,-0.2781628668308258,0.0,-0.2508084177970886
23.384615384615387,1,1,1,0,False,-0.004641592502593994,-0.0005771697615273297,0.018672384321689606,0.08096494525671005,3.771368210436776e-05,1.616310328245163e-05,0.14612726867198944,-0.012783472426235676,-0.0018847392639145255,-1.145775318145752,-0.0005771697615273297,1.0345536470413208,0.004205695353448391,-0.4006499648094177,-0.0018061038572341204,2.911914825439453,-0.13618770241737366,0.9609369039535522,1.0,0.9727641344070435,0.11862743645906448,0.08212054520845413,0.0,0.035603608936071396,-0.3236062824726105,-1.0543640851974487,-1.0,-1.0647271871566772,0.8985360860824585,-0.7546180486679077,-0.8499999642372131,-0.7421761751174927,-0.10959517955780029,0.9804028868675232,1.0,0.9780906438827515,-0.24889962375164032,-0.07704651355743408,0.0,-0.07467127591371536,-0.646761953830719,-1.1429362297058105,-1.0,-1.1293563842773438,-0.8360117077827454,-0.2781635820865631,0.0,-0.2508084177970886
23.461538461538463,1,1,1,0,False,-0.004641696810722351,-0.000577221333514899,0.018672339618206024,0.08096420764923096,1.9503775547491387e-05,1.3075768947601318e-05,0.1461237370967865,-0.012783810496330261,-0.0018847847823053598,-1.145775318145752,-0.000577221333514899,1.0345536470413208,0.004205753561109304,-0.40064966678619385,-0.001806149142794311,2.9119160175323486,-0.13624463975429535,0.9609398245811462,1.0,0.9727619290351868,0.11862406134605408,0.08211424201726913,0.0,0.03559829667210579,-0.32355549931526184,-1.0543627738952637,-1.0,-1.0647271871566772,0.8985374569892883,-0.7546180486679077,-0.8499999642372131,-0.7421761751174927,-0.10961325466632843,0.9803998470306396,1.0,0.9780882596969604,-0.2489127516746521,-0.07704569399356842,0.0,-0.07467054575681686,-0.6467450261116028,-1.1429362297058105,-1.0,-1.1293563842773438,-0.8360085487365723,-0.2781650722026825,0.0,-0.2508079409599304
23.53846153846154,1,1,1,0,False,-0.004641726613044739,-0.0005771950236521661,0.01867213100194931,0.08096494525671005,1.447317026759265e-05,1.259148120880127e-05,0.1461227387189865,-0.01278395764529705,-0.0018848334439098835,-1.145775318145752,-0.0005771950236521661,1.0345536470413208,0.004205817822366953,-0.4006476402282715,-0.0018062047893181443,2.911917209625244,-0.13615475594997406,0.960939884185791,1.0,0.9727609157562256,0.1186746284365654,0.08210937678813934,0.0,0.03559522703289986,-0.32352596521377563,-1.054358720779419,-1.0,-1.0647226572036743,0.8985356092453003,-0.7546178102493286,-0.8499999642372131,-0.7421761751174927,-0.10962403565645218,0.9803974628448486,1.0,0.9780858755111694,-0.24894177913665771,-0.07704544067382812,0.0,-0.07467106729745865,-0.6467753648757935,-1.1429362297058105,-1.0,-1.1293563842773438,-0.8359952569007874,-0.278166264295578,0.0,-0.2508067488670349
23.615384615384617,1,1,1,0,False,-0.004641860723495483,-0.0005772345466539264,0.018671877682209015,0.08096568286418915,1.875581801868975e-05,1.6707926988601685e-05,0.14611822366714478,-0.012784469872713089,-0.0018848527688533068,-1.145775318145752,-0.0005772345466539264,1.0345536470413208,0.004205900710076094,-0.4006471633911133,-0.001806211774237454,2.9119181632995605,-0.13593614101409912,0.960939884185791,1.0,0.9727613925933838,0.11878152936697006,0.08210593461990356,0.0,0.03559570014476776,-0.32355865836143494,-1.054353952407837,-1.0,-1.0647178888320923,0.89852374792099,-0.7546164989471436,-0.8499999642372131,-0.7421761751174927,-0.10959341377019882,0.9803950786590576,1.0,0.9780834913253784,-0.24899299442768097,-0.07704640179872513,0.0,-0.07467268407344818,-0.6468328833580017,-1.1429362297058105,-1.0,-1.1293563842773438,-0.8359718918800354,-0.2781659960746765,0.0,-0.25080546736717224
23.692307692307693,1,1,1,0,False,-0.004642009735107422,-0.0005772899021394551,0.018671594560146332,0.08096642047166824,1.5670357242925093e-05,1.2046657502651215e-05,0.14611317217350006,-0.012785037979483604,-0.0018848776817321777,-1.145775318145752,-0.0005772899021394551,1.0345536470413208,0.0042059957049787045,-0.4006505608558655,-0.001806253450922668,2.911919116973877,-0.13623523712158203,0.960939884185791,1.0,0.9727627038955688,0.11880296468734741,0.08210459351539612,0.0,0.03560025244951248,-0.323562353849411,-1.0543491840362549,-1.0,-1.0647143125534058,0.8985496759414673,-0.7546148896217346,-0.8499999642372131,-0.7421761751174927,-0.10949680954217911,0.9803933501243591,1.0,0.9780828952789307,-0.24888166785240173,-0.07704794406890869,0.0,-0.07467389106750488,-0.6468124985694885,-1.1429362297058105,-1.0,-1.1293563842773438,-0.8360114097595215,-0.27816420793533325,0.0,-0.2508040964603424
23.76923076923077,1,1,1,0,False,-0.004642084240913391,-0.0005773684824816883,0.018671579658985138,0.08096642047166824,1.4560740964952856e-05,1.2016389518976212e-05,0.14611060917377472,-0.012785248458385468,-0.0018848597537726164,-1.145775318145752,-0.0005773684824816883,1.0345536470413208,0.004206040408462286,-0.40065157413482666,-0.0018062491435557604,2.9119198322296143,-0.1363193243741989,0.9609395265579224,1.0,0.9727604985237122,0.11879085749387741,0.08210617303848267,0.0,0.035607218742370605,-0.3235454261302948,-1.0543485879898071,-1.0,-1.0647143125534058,0.8985572457313538,-0.7546128630638123,-0.8499999642372131,-0.7421761751174927,-0.10947554558515549,0.9803941249847412,1.0,0.9780852794647217,-0.2488483339548111,-0.07704801112413406,0.0,-0.0746724084019661,-0.6467918157577515,-1.1429362297058105,-1.0,-1.1293563842773438,-0.836017370223999,-0.27816256880760193,0.0,-0.2508038580417633
23.846153846153847,1,1,1,0,False,-0.004641994833946228,-0.00057733163703233,0.018671683967113495,0.08096568286418915,3.6327091947896406e-05,1.0170042514801025e-05,0.14611367881298065,-0.012784807942807674,-0.001884829136542976,-1.145775318145752,-0.00057733163703233,1.0345536470413208,0.004205968696624041,-0.4006509482860565,-0.0018062028102576733,2.9119207859039307,-0.13626360893249512,0.9609366059303284,1.0,0.97275710105896,0.11876636743545532,0.08211023360490799,0.0,0.03561389818787575,-0.3235074281692505,-1.0543485879898071,-1.0,-1.0647143125534058,0.8985477089881897,-0.7546107769012451,-0.8499999642372131,-0.7421761751174927,-0.10951576381921768,0.9803964495658875,1.0,0.9780879616737366,-0.2488909661769867,-0.07704613357782364,0.0,-0.07466991245746613,-0.646783709526062,-1.1429362297058105,-1.0,-1.1293563842773438,-0.8360050320625305,-0.2781628966331482,0.0,-0.2508038580417633
23.923076923076923,1,1,1,0,False,-0.004641830921173096,-0.0005772481672465801,0.01867174357175827,0.08096494525671005,2.9574890504591167e-05,1.0896474123001099e-05,0.14611925184726715,-0.012784112244844437,-0.0018847821047529578,-1.145775318145752,-0.0005772481672465801,1.0345536470413208,0.004205920733511448,-0.4006497263908386,-0.0018061564769595861,2.911921739578247,-0.13615509867668152,0.9609321355819702,1.0,0.972754716873169,0.11878563463687897,0.08211511373519897,0.0,0.03561866655945778,-0.32352501153945923,-1.0543485879898071,-1.0,-1.0647119283676147,0.8985421657562256,-0.7546098232269287,-0.8499999642372131,-0.7421761751174927,-0.1095268577337265,0.9803988337516785,1.0,0.9780903458595276,-0.24894630908966064,-0.07704424113035202,0.0,-0.0746687799692154,-0.6468042135238647,-1.1429362297058105,-1.0,-1.1293563842773438,-0.8359909653663635,-0.2781633734703064,0.0,-0.2508038282394409
24.0,1,1,1,0,False,-0.004641801118850708,-0.0005772038130089641,0.01867169886827469,0.08096494525671005,1.8305086996406317e-05,1.3317912817001343e-05,0.14612020552158356,-0.012784017249941826,-0.0018847555620595813,-1.145775318145752,-0.0005772038130089641,1.0345536470413208,0.0042058867402374744,-0.4006478786468506,-0.0018061104929074645,2.9119222164154053,-0.13620886206626892,0.960929274559021,1.0,0.972754180431366,0.1188117265701294,0.08211956918239594,0.0,0.03562278673052788,-0.32356399297714233,-1.0543482303619385,-1.0,-1.0647119283676147,0.8985432386398315,-0.7546098232269287,-0.8499999642372131,-0.7421761751174927,-0.10946657508611679,0.9804012179374695,1.0,0.9780927300453186,-0.24894081056118011,-0.07704395800828934,0.0,-0.07466977089643478,-0.6468096971511841,-1.1429362297058105,-1.0,-1.1293563842773438,-0.8360024094581604,-0.27816274762153625,0.0,-0.2508026361465454
24.076923076923077,1,1,1,0,False,-0.004641741514205933,-0.0005771662690676749,0.018671579658985138,0.08096494525671005,1.1353065019648056e-05,1.0472722351551056e-05,0.14612224698066711,-0.01278378814458847,-0.0018847404280677438,-1.145775318145752,-0.0005771662690676749,1.0345536470413208,0.004205866251140833,-0.40064990520477295,-0.001806087326258421,2.9119224548339844,-0.13627606630325317,0.96092689037323,1.0,0.9727557897567749,0.11883299052715302,0.08212395012378693,0.0,0.035627689212560654,-0.3236042261123657,-1.0543471574783325,-1.0,-1.0647119283676147,0.8985453844070435,-0.7546098232269287,-0.8499999642372131,-0.7421761751174927,-0.10939402878284454,0.9804036021232605,1.0,0.978095293045044,-0.24891209602355957,-0.07704542577266693,0.0,-0.07467203587293625,-0.6468147039413452,-1.1429362297058105,-1.0,-1.1293563842773438,-0.836022675037384,-0.2781612277030945,0.0,-0.2508017122745514
24.153846153846157,1,1,1,0,False,-0.00464177131652832,-0.0005771928117610514,0.018671520054340363,0.08096420764923096,1.1240030289627612e-05,1.3075768947601318e-05,0.14612123370170593,-0.012783843092620373,-0.0018847137689590454,-1.145775318145752,-0.0005771928117610514,1.0345536470413208,0.004205883014947176,-0.40065187215805054,-0.0018060592701658607,2.9119226932525635,-0.1363338977098465,0.96092689037323,1.0,0.9727552533149719,0.11883212625980377,0.08212840557098389,0.0,0.035632818937301636,-0.32365652918815613,-1.0543471574783325,-1.0,-1.0647125244140625,0.898551881313324,-0.7546098232269287,-0.8499999642372131,-0.7421761751174927,-0.1093456819653511,0.9804071187973022,1.0,0.978100061416626,-0.24888423085212708,-0.07704710215330124,0.0,-0.07467294484376907,-0.6468037962913513,-1.1429362297058105,-1.0,-1.1293563842773438,-0.8360300064086914,-0.27815935015678406,0.0,-0.2508019804954529
24.230769230769234,1,1,1,0,False,-0.004641607403755188,-0.0005770837888121605,0.018671490252017975,0.08096568286418915,3.301261313026771e-05,1.1380761861801147e-05,0.14612677693367004,-0.012783288955688477,-0.0018846598686650395,-1.145775318145752,-0.0005770837888121605,1.0345486402511597,0.004205843899399042,-0.400651752948761,-0.0018060061847791076,2.9119231700897217,-0.13623294234275818,0.9609246850013733,1.0,0.9727528691291809,0.11877606809139252,0.08213319629430771,0.0,0.03563639521598816,-0.3236457109451294,-1.0543471574783325,-1.0,-1.0647172927856445,0.8985396027565002,-0.7546107769012451,-0.8499999642372131,-0.7421761751174927,-0.10939536243677139,0.9804116487503052,1.0,0.978104829788208,-0.24891717731952667,-0.07704727351665497,0.0,-0.07467219978570938,-0.6467943787574768,-1.1429362297058105,-1.0,-1.1293563842773438,-0.836013913154602,-0.27815964818000793,0.0,-0.2508031725883484
24.30769230769231,1,1,1,0,False,-0.004641443490982056,-0.000577009457629174,0.018671654164791107,0.08096420764923096,3.59256227966398e-05,9.685754776000977e-06,0.14613229036331177,-0.01278261560946703,-0.0018845978192985058,-1.145775318145752,-0.000577009457629174,1.034546971321106,0.004205750301480293,-0.4006512761116028,-0.0018059324938803911,2.911924123764038,-0.13625076413154602,0.9609223008155823,1.0,0.9727504849433899,0.11870143562555313,0.08213767409324646,0.0,0.03563634678721428,-0.3236044645309448,-1.0543493032455444,-1.0,-1.064719796180725,0.8985337615013123,-0.7546117901802063,-0.8499999642372131,-0.7421761751174927,-0.1094680055975914,0.9804161190986633,1.0,0.9781087636947632,-0.24894367158412933,-0.07704675942659378,0.0,-0.07467202097177505,-0.646769106388092,-1.1429362297058105,-1.0,-1.1293563842773438,-0.8360186815261841,-0.2781618535518646,0.0,-0.2508043050765991
24.384615384615387,1,1,1,0,False,-0.0046412646770477295,-0.0005768694099970162,0.018671609461307526,0.08096494525671005,1.3926592146162875e-05,9.201467037200928e-06,0.14613832533359528,-0.012782061472535133,-0.00188455730676651,-1.145775318145752,-0.0005768694099970162,1.034546971321106,0.004205695353448391,-0.4006491005420685,-0.0018059111898764968,2.9119250774383545,-0.13615094125270844,0.9609209895133972,1.0,0.9727505445480347,0.11869650334119797,0.08213986456394196,0.0,0.03563277795910835,-0.3236129879951477,-1.0543493032455444,-1.0,-1.064719796180725,0.898524284362793,-0.7546140551567078,-0.8499999642372131,-0.7421761751174927,-0.10949592292308807,0.9804188013076782,1.0,0.9781097769737244,-0.24897980690002441,-0.07704735547304153,0.0,-0.0746738538146019,-0.6467838287353516,-1.1429362297058105,-1.0,-1.1293563842773438,-0.8360119462013245,-0.2781635522842407,0.0,-0.2508043050765991
24.461538461538463,1,1,1,0,False,-0.004641279578208923,-0.0005768571863882244,0.018671520054340363,0.08096494525671005,1.214874555444112e-05,9.171199053525925e-06,0.14613784849643707,-0.012782194651663303,-0.0018845652230083942,-1.145775318145752,-0.0005768571863882244,1.034546971321106,0.004205734468996525,-0.4006483554840088,-0.0018059080466628075,2.911926031112671,-0.13592101633548737,0.9609220623970032,1.0,0.9727534055709839,0.11874806135892868,0.08213944733142853,0.0,0.03562825918197632,-0.32367151975631714,-1.0543493032455444,-1.0,-1.064719796180725,0.8985058665275574,-0.7546164393424988,-0.8499999642372131,-0.7421761751174927,-0.10950116813182831,0.9804190993309021,1.0,0.9781097173690796,-0.24903351068496704,-0.07704972475767136,0.0,-0.07467719167470932,-0.6468285322189331,-1.1429362297058105,-1.0,-1.1293563842773438,-0.8359919786453247,-0.2781636118888855,0.0,-0.2508043050765991
24.53846153846154,1,1,1,0,False,-0.004641398787498474,-0.0005769123672507703,0.018671415746212006,0.08096568286418915,2.343591404496692e-05,1.1199153959751129e-05,0.14613382518291473,-0.012782705947756767,-0.0018845985177904367,-1.145775318145752,-0.0005769123672507703,1.034546971321106,0.0042057884857058525,-0.4006500244140625,-0.001805947395041585,2.911926507949829,-0.1362670361995697,0.9609253406524658,1.0,0.9727571606636047,0.1187133938074112,0.0821373239159584,0.0,0.03562461584806442,-0.3236777186393738,-1.0543493032455444,-1.0,-1.0647201538085938,0.8985385298728943,-0.7546178102493286,-0.8499999642372131,-0.7421761751174927,-0.1094297543168068,0.9804187417030334,1.0,0.978108823299408,-0.24891091883182526,-0.07705289125442505,0.0,-0.07467987388372421,-0.6467869877815247,-1.1429362297058105,-1.0,-1.1293563842773438,-0.836040198802948,-0.27816241979599,0.0,-0.250804603099823
24.615384615384617,1,1,1,0,False,-0.004641503095626831,-0.0005769713898189366,0.018671326339244843,0.08096642047166824,5.910565505473642e-06,9.413342922925949e-06,0.1461302787065506,-0.012783214449882507,-0.0018846287857741117,-1.145775318145752,-0.0005769713898189366,1.034546971321106,0.004205833654850721,-0.40064942836761475,-0.0018059456488117576,2.9119272232055664,-0.13618069887161255,0.9609285593032837,1.0,0.9727575778961182,0.11866679042577744,0.08213476836681366,0.0,0.03562133386731148,-0.3236449658870697,-1.0543503761291504,-1.0,-1.0647245645523071,0.8985245823860168,-0.7546191215515137,-0.8499999642372131,-0.7421761751174927,-0.10949429869651794,0.9804184436798096,1.0,0.978108823299408,-0.24891388416290283,-0.07705440372228622,0.0,-0.07468001544475555,-0.6467752456665039,-1.1429378986358643,-1.0,-1.1293563842773438,-0.836027979850769,-0.2781626880168915,0.0,-0.2508057951927185
24.692307692307693,1,1,1,0,False,-0.004641443490982056,-0.000576973136048764,0.018671251833438873,0.08096568286418915,1.0049987395177595e-05,1.3257376849651337e-05,0.14613227546215057,-0.01278295461088419,-0.0018846377497538924,-1.145775318145752,-0.000576973136048764,1.034546971321106,0.004205790814012289,-0.4006483554840088,-0.001805987674742937,2.911928653717041,-0.1360822468996048,0.9609309434890747,1.0,0.9727582931518555,0.11864852160215378,0.08213204890489578,0.0,0.03561682999134064,-0.3235878646373749,-1.0543514490127563,-1.0,-1.0647245645523071,0.8985147476196289,-0.7546191215515137,-0.8499999642372131,-0.7421761751174927,-0.10957969725131989,0.980417788028717,1.0,0.9781071543693542,-0.24895498156547546,-0.07705423980951309,0.0,-0.07467930763959885,-0.6467763185501099,-1.1429400444030762,-1.0,-1.1293563842773438,-0.8360089659690857,-0.278163880109787,0.0,-0.25080662965774536
24.76923076923077,1,1,1,0,False,-0.004641503095626831,-0.0005770069546997547,0.018671266734600067,0.08096642047166824,1.4918477063474711e-05,1.2288801372051239e-05,0.1461302787065506,-0.012783233076334,-0.0018846718594431877,-1.145775318145752,-0.0005770069546997547,1.034546971321106,0.004205796867609024,-0.4006465673446655,-0.0018060188740491867,2.9119298458099365,-0.1361454427242279,0.9609333276748657,1.0,0.9727606773376465,0.11863233149051666,0.0821281149983406,0.0,0.035611461848020554,-0.32356324791908264,-1.0543514490127563,-1.0,-1.0647245645523071,0.8985210061073303,-0.7546194791793823,-0.8499999642372131,-0.7421761751174927,-0.10959440469741821,0.9804152846336365,1.0,0.9781031012535095,-0.24895025789737701,-0.07705394923686981,0.0,-0.074679434299469,-0.6467673182487488,-1.1429400444030762,-1.0,-1.1293563842773438,-0.8360171318054199,-0.2781647741794586,0.0,-0.25080662965774536
24.846153846153847,1,1,1,0,False,-0.0046415776014328,-0.0005770539282821119,0.01867123693227768,0.08096715807914734,2.3274489649338648e-05,1.2470409274101257e-05,0.14612774550914764,-0.012783576734364033,-0.0018846794264391065,-1.145775318145752,-0.0005770539282821119,1.034546971321106,0.0042058490216732025,-0.4006487727165222,-0.0018060598522424698,2.911931037902832,-0.1362149715423584,0.960936963558197,1.0,0.972764253616333,0.11863809078931808,0.08212342858314514,0.0,0.03560669720172882,-0.3235515058040619,-1.0543514490127563,-1.0,-1.0647245645523071,0.8985291123390198,-0.7546200156211853,-0.8499999642372131,-0.7421761751174927,-0.10958165675401688,0.9804107546806335,1.0,0.9780983328819275,-0.24892203509807587,-0.0770544558763504,0.0,-0.07468029111623764,-0.6467658281326294,-1.1429400444030762,-1.0,-1.1293563842773438,-0.8360322713851929,-0.2781647741794586,0.0,-0.25080662965774536
24.923076923076923,1,1,1,0,False,-0.004641711711883545,-0.0005771116120740771,0.01867123693227768,0.08096642047166824,2.4660121198394336e-05,7.506459951400757e-06,0.14612321555614471,-0.012784024700522423,-0.0018847525352612138,-1.145775318145752,-0.0005771116120740771,1.034546971321106,0.00420589791610837,-0.40065085887908936,-0.0018061212031170726,2.9119317531585693,-0.13627393543720245,0.9609413743019104,1.0,0.9727655053138733,0.11865264922380447,0.08211863040924072,0.0,0.03560298681259155,-0.3235396444797516,-1.0543514490127563,-1.0,-1.064719796180725,0.8985450863838196,-0.7546200156211853,-0.8499999642372131,-0.7421761751174927,-0.10957065224647522,0.9804061055183411,1.0,0.9780938029289246,-0.2488863170146942,-0.07705474644899368,0.0,-0.07467977702617645,-0.6467628479003906,-1.1429400444030762,-1.0,-1.1293563842773438,-0.8360276222229004,-0.27816465497016907,0.0,-0.25080662965774536
25.0,1,1,1,0,False,-0.004641786217689514,-0.000577136583160609,0.018671102821826935,0.08096715807914734,1.6274329027510248e-05,1.428648829460144e-05,0.14612069725990295,-0.012784305028617382,-0.001884789438918233,-1.145775318145752,-0.000577136583160609,1.034546971321106,0.004205925390124321,-0.4006509482860565,-0.0018061475129798055,2.9119322299957275,-0.13619820773601532,0.9609432816505432,1.0,0.9727632403373718,0.11869321763515472,0.08211430162191391,0.0,0.03560084104537964,-0.3235456645488739,-1.0543487071990967,-1.0,-1.0647151470184326,0.8985439538955688,-0.7546186447143555,-0.8499999642372131,-0.7421761751174927,-0.10956829786300659,0.980402946472168,1.0,0.9780914187431335,-0.24892494082450867,-0.0770534947514534,0.0,-0.07467758655548096,-0.6467734575271606,-1.1429400444030762,-1.0,-1.1293563842773438,-0.83600252866745,-0.27816444635391235,0.0,-0.25080662965774536
25.076923076923077,1,1,1,0,False,-0.004641920328140259,-0.0005772197037003934,0.018671073019504547,0.08096715807914734,5.814719315822003e-06,1.110835000872612e-05,0.14611615240573883,-0.012784798629581928,-0.0018847708124667406,-1.145775318145752,-0.0005772197037003934,1.034546971321106,0.004206007346510887,-0.4006505608558655,-0.0018061966402456164,2.9119327068328857,-0.13623806834220886,0.9609423875808716,1.0,0.9727608561515808,0.11870414763689041,0.08211150765419006,0.0,0.03560074418783188,-0.3235206604003906,-1.054347038269043,-1.0,-1.0647151470184326,0.8985509872436523,-0.7546175718307495,-0.8499999642372131,-0.7421761751174927,-0.10954444855451584,0.980400562286377,1.0,0.9780893921852112,-0.24892812967300415,-0.07705175131559372,0.0,-0.07467621564865112,-0.6467768549919128,-1.1429400444030762,-1.0,-1.1293563842773438,-0.8360020518302917,-0.27816537022590637,0.0,-0.2508058249950409
25.153846153846157,1,1,1,0,False,-0.004642009735107422,-0.0005772367003373802,0.018671028316020966,0.08096715807914734,8.204828191082925e-06,5.327165126800537e-06,0.14611315727233887,-0.012785114347934723,-0.0018848114414140582,-1.145775318145752,-0.0005772367003373802,1.034546971321106,0.004206070676445961,-0.40064847469329834,-0.0018061691662296653,2.911933183670044,-0.1361662596464157,0.9609400033950806,1.0,0.9727597236633301,0.11876439303159714,0.08211041986942291,0.0,0.03560277447104454,-0.32353782653808594,-1.054345726966858,-1.0,-1.0647151470184326,0.8985428810119629,-0.7546169757843018,-0.8499999642372131,-0.7421761751174927,-0.10951931029558182,0.9803996682167053,1.0,0.9780893921852112,-0.24894823133945465,-0.07705097645521164,0.0,-0.07467631995677948,-0.6468040943145752,-1.1429400444030762,-1.0,-1.1293563842773438,-0.8359944224357605,-0.27816537022590637,0.0,-0.2508046329021454
25.230769230769234,1,1,1,0,False,-0.004642054438591003,-0.0005772873992100358,0.01867104321718216,0.08096789568662643,7.772279786877334e-06,1.1986121535301208e-05,0.14611157774925232,-0.012785293161869049,-0.0018848058534786105,-1.145775318145752,-0.0005772873992100358,1.034546971321106,0.0042060730047523975,-0.4006478786468506,-0.0018061611335724592,2.911933660507202,-0.13593332469463348,0.9609376192092896,1.0,0.9727602005004883,0.11884880065917969,0.08211121708154678,0.0,0.03560762479901314,-0.32357484102249146,-1.054345726966858,-1.0,-1.0647151470184326,0.8985244035720825,-0.7546154260635376,-0.8499999642372131,-0.7421761751174927,-0.10950393974781036,0.9803996086120605,1.0,0.9780902862548828,-0.24898047745227814,-0.07705140113830566,0.0,-0.07467719912528992,-0.6468549966812134,-1.1429400444030762,-1.0,-1.1293563842773438,-0.8359743356704712,-0.27816423773765564,0.0,-0.2508034408092499
25.30769230769231,1,1,1,0,False,-0.004642024636268616,-0.0005772706936113536,0.01867104321718216,0.08096715807914734,1.0046469469671138e-05,1.3075768947601318e-05,0.14611263573169708,-0.012785072438418865,-0.0018847970059141517,-1.145775318145752,-0.0005772706936113536,1.034546971321106,0.004206033423542976,-0.4006512761116028,-0.0018061504233628511,2.9119338989257812,-0.13623179495334625,0.9609370827674866,1.0,0.9727615714073181,0.11883576959371567,0.08211381733417511,0.0,0.03561486303806305,-0.32357701659202576,-1.054345726966858,-1.0,-1.0647151470184326,0.8985441327095032,-0.754613995552063,-0.8499999642372131,-0.7421761751174927,-0.1094428077340126,0.980401337146759,1.0,0.9780926704406738,-0.24887816607952118,-0.07705191522836685,0.0,-0.07467709481716156,-0.6468182802200317,-1.1429400444030762,-1.0,-1.1293563842773438,-0.8360169529914856,-0.2781618535518646,0.0,-0.2508026361465454
25.384615384615387,1,1,1,0,False,-0.004641875624656677,-0.0005772342556156218,0.018671073019504547,0.08096642047166824,2.7610036340774968e-05,1.1622905731201172e-05,0.1461176574230194,-0.012784390710294247,-0.001884780009277165,-1.145775318145752,-0.0005772342556156218,1.034546971321106,0.004205975215882063,-0.4006522297859192,-0.0018061409937217832,2.9119341373443604,-0.1363120675086975,0.9609361290931702,1.0,0.9727597236633301,0.11878954619169235,0.08211818337440491,0.0,0.035621944814920425,-0.32355228066444397,-1.054345726966858,-1.0,-1.0647151470184326,0.8985532522201538,-0.754612386226654,-0.8499999642372131,-0.7421761751174927,-0.10944610089063644,0.9804037809371948,1.0,0.9780965447425842,-0.24886201322078705,-0.07705079764127731,0.0,-0.07467462122440338,-0.6467897295951843,-1.1429400444030762,-1.0,-1.1293563842773438,-0.8360229134559631,-0.27816042304039,0.0,-0.2508026361465454
25.461538461538463,1,1,1,0,False,-0.004641711711883545,-0.0005771436262875795,0.018671102821826935,0.08096494525671005,3.572332934709266e-05,1.5739351511001587e-05,0.1461232602596283,-0.012783634476363659,-0.0018846987513825297,-1.145775318145752,-0.0005771436262875795,1.034546971321106,0.00420589093118906,-0.40065139532089233,-0.0018061180599033833,2.9119346141815186,-0.13624508678913116,0.9609337449073792,1.0,0.97275710105896,0.11875467002391815,0.08212342113256454,0.0,0.03562656790018082,-0.32353466749191284,-1.054345726966858,-1.0,-1.0647151470184326,0.8985464572906494,-0.7546116709709167,-0.8499999642372131,-0.7421761751174927,-0.10948725044727325,0.980407178401947,1.0,0.9780992269515991,-0.24891124665737152,-0.07704824954271317,0.0,-0.07467203587293625,-0.6467861533164978,-1.1429400444030762,-1.0,-1.1293563842773438,-0.8360110521316528,-0.27816084027290344,0.0,-0.2508028447628021
25.53846153846154,1,1,1,0,False,-0.004641592502593994,-0.0005770535790361464,0.018671147525310516,0.08096568286418915,2.8998436391702853e-05,1.5739351511001587e-05,0.14612725377082825,-0.012783260084688663,-0.0018846620805561543,-1.145775318145752,-0.0005770535790361464,1.034546971321106,0.004205852281302214,-0.40065017342567444,-0.0018060397123917937,2.9119348526000977,-0.13614396750926971,0.9609313607215881,1.0,0.9727548956871033,0.11876199394464493,0.08212805539369583,0.0,0.035628341138362885,-0.3235538899898529,-1.054345726966858,-1.0,-1.0647151470184326,0.8985371589660645,-0.7546116709709167,-0.8499999642372131,-0.7421761751174927,-0.10949108749628067,0.9804097414016724,1.0,0.9781015515327454,-0.24898172914981842,-0.07704656571149826,0.0,-0.07467155158519745,-0.6467974185943604,-1.1429400444030762,-1.0,-1.1293563842773438,-0.8359978795051575,-0.2781617045402527,0.0,-0.2508028447628021
25.615384615384617,1,1,1,0,False,-0.0046415627002716064,-0.0005770397838205099,0.01867111772298813,0.08096494525671005,1.638739377085585e-05,7.990747690200806e-06,0.14612829685211182,-0.012783117592334747,-0.00188465416431427,-1.145775318145752,-0.0005770397838205099,1.034546971321106,0.004205834120512009,-0.4006483256816864,-0.001806009327992797,2.9119350910186768,-0.13619013130664825,0.9609289765357971,1.0,0.9727548956871033,0.11875373125076294,0.08213110268115997,0.0,0.035628654062747955,-0.3235745429992676,-1.054345726966858,-1.0,-1.0647151470184326,0.8985397815704346,-0.7546123266220093,-0.8499999642372131,-0.7421761751174927,-0.10945969074964523,0.9804110527038574,1.0,0.9781015515327454,-0.24897165596485138,-0.07704714685678482,0.0,-0.07467372715473175,-0.6467992067337036,-1.1429400444030762,-1.0,-1.1293563842773438,-0.8360072374343872,-0.2781617045402527,0.0,-0.2508028447628021
25.692307692307693,1,1,1,0,False,-0.0046415776014328,-0.0005770122515968978,0.018671028316020966,0.08096494525671005,8.125901331368368e-06,8.959323167800903e-06,0.14612780511379242,-0.012783222831785679,-0.001884639379568398,-1.145775318145752,-0.0005770122515968978,1.034546971321106,0.00420583738014102,-0.4006456732749939,-0.0018060097936540842,2.9119350910186768,-0.13613978028297424,0.9609275460243225,1.0,0.972756564617157,0.1188025027513504,0.08213291317224503,0.0,0.03562894091010094,-0.32364124059677124,-1.054345726966858,-1.0,-1.0647151470184326,0.8985328078269958,-0.7546137571334839,-0.8499999642372131,-0.7421761751174927,-0.1094159260392189,0.9804121851921082,1.0,0.9781036376953125,-0.24897107481956482,-0.07704967260360718,0.0,-0.0746769979596138,-0.6468203663825989,-1.1429400444030762,-1.0,-1.1293563842773438,-0.8360112905502319,-0.2781611979007721,0.0,-0.2508028447628021
25.76923076923077,1,1,1,0,False,-0.004641592502593994,-0.0005770375137217343,0.018670953810214996,0.08096494525671005,6.02546924710623e-06,1.180451363325119e-05,0.14612726867198944,-0.012783309444785118,-0.0018846357706934214,-1.145775318145752,-0.0005770375137217343,1.034546971321106,0.004205872304737568,-0.40064483880996704,-0.0018059847643598914,2.9119350910186768,-0.1361532062292099,0.9609275460243225,1.0,0.972758948802948,0.11880632489919662,0.08213410526514053,0.0,0.03563040867447853,-0.3236748278141022,-1.054345726966858,-1.0,-1.0647164583206177,0.8985296487808228,-0.7546147704124451,-0.8499999642372131,-0.7421761751174927,-0.10939420759677887,0.9804143905639648,1.0,0.9781060218811035,-0.24892662465572357,-0.0770525187253952,0.0,-0.07467939704656601,-0.6468257308006287,-1.1429400444030762,-1.0,-1.1293563842773438,-0.8360161781311035,-0.2781600058078766,0.0,-0.2508028447628021
25.846153846153847,1,1,1,0,False,-0.004641547799110413,-0.0005769816925749183,0.01867092400789261,0.08096642047166824,4.069298938702559e-06,1.4044344425201416e-05,0.14612872898578644,-0.012783256359398365,-0.0018846211023628712,-1.145775318145752,-0.0005769816925749183,1.034546971321106,0.004205870907753706,-0.40064865350723267,-0.0018059808062389493,2.911935329437256,-0.13618068397045135,0.9609297513961792,1.0,0.9727625250816345,0.11877577006816864,0.08213571459054947,0.0,0.03563248738646507,-0.3236781358718872,-1.0543462038040161,-1.0,-1.0647212266921997,0.8985264301300049,-0.7546155452728271,-0.8499999642372131,-0.7421761751174927,-0.10939797759056091,0.9804165959358215,1.0,0.9781084060668945,-0.24888741970062256,-0.07705435901880264,0.0,-0.07468012720346451,-0.6468123197555542,-1.1429400444030762,-1.0,-1.1293563842773438,-0.8360339403152466,-0.278158962726593,0.0,-0.25080302357673645
25.923076923076923,1,1,1,0,False,-0.004641517996788025,-0.0005770217394456267,0.018671028316020966,0.08096642047166824,1.526666346762795e-05,1.28941610455513e-05,0.1461297571659088,-0.012783164158463478,-0.0018845894373953342,-1.145775318145752,-0.0005770217394456267,1.034546971321106,0.00420580105856061,-0.4006497859954834,-0.0018059666035696864,2.911935806274414,-0.13627055287361145,0.9609321355819702,1.0,0.9727634787559509,0.11868243664503098,0.08213737607002258,0.0,0.03563219681382179,-0.32362282276153564,-1.0543509721755981,-1.0,-1.0647249221801758,0.8985311388969421,-0.7546156644821167,-0.8499999642372131,-0.7421761751174927,-0.10946615785360336,0.9804189801216125,1.0,0.9781107902526855,-0.2488567978143692,-0.07705384492874146,0.0,-0.07467792183160782,-0.6467686891555786,-1.1429426670074463,-1.0,-1.1293563842773438,-0.8360418677330017,-0.278158962726593,0.0,-0.25080421566963196
26.0,1,1,1,0,False,-0.004641339182853699,-0.000576966383960098,0.018671147525310516,0.08096494525671005,1.3901159036322497e-05,1.4528632164001465e-05,0.1461358219385147,-0.01278239581733942,-0.0018845903687179089,-1.145775318145752,-0.000576966383960098,1.034546971321106,0.004205700010061264,-0.4006497263908386,-0.0018059565918520093,2.9119367599487305,-0.13622185587882996,0.9609345197677612,1.0,0.9727612137794495,0.11862334609031677,0.082137331366539,0.0,0.03562792390584946,-0.323569655418396,-1.0543527603149414,-1.0,-1.0647249221801758,0.8985266089439392,-0.7546160221099854,-0.8499999642372131,-0.7421761751174927,-0.10955193638801575,0.9804199934005737,1.0,0.9781104922294617,-0.24890638887882233,-0.07705117762088776,0.0,-0.07467470318078995,-0.6467486619949341,-1.1429426670074463,-1.0,-1.1293563842773438,-0.8360220789909363,-0.2781601846218109,0.0,-0.25080540776252747
26.076923076923077,1,1,1,0,False,-0.0046412646770477295,-0.000576876918785274,0.018671132624149323,0.08096494525671005,5.349550974642625e-06,1.4044344425201416e-05,0.14613832533359528,-0.012782171368598938,-0.001884573488496244,-1.145775318145752,-0.000576876918785274,1.034546971321106,0.004205682314932346,-0.40064895153045654,-0.0018059847643598914,2.9119374752044678,-0.13624534010887146,0.9609346389770508,1.0,0.9727588295936584,0.11859289556741714,0.08213511854410172,0.0,0.03562038764357567,-0.32354438304901123,-1.0543527603149414,-1.0,-1.0647249221801758,0.8985353112220764,-0.7546179294586182,-0.8499999642372131,-0.7421761751174927,-0.10957442224025726,0.9804186820983887,1.0,0.9781075716018677,-0.24896807968616486,-0.07704905420541763,0.0,-0.07467390596866608,-0.6467372179031372,-1.1429426670074463,-1.0,-1.1293563842773438,-0.8360176086425781,-0.27816256880760193,0.0,-0.25080618262290955
26.153846153846157,1,1,1,0,False,-0.004641354084014893,-0.0005769199342466891,0.01867111772298813,0.08096568286418915,2.2041480406187475e-05,1.4256220310926437e-05,0.1461353302001953,-0.012782596983015537,-0.0018846255261451006,-1.145775318145752,-0.0005769199342466891,1.034546971321106,0.004205728881061077,-0.40064704418182373,-0.0018059889553114772,2.911938190460205,-0.13616728782653809,0.9609346389770508,1.0,0.9727586507797241,0.11864086985588074,0.08213073015213013,0.0,0.03561214357614517,-0.32355445623397827,-1.0543521642684937,-1.0,-1.064720869064331,0.8985344767570496,-0.7546188831329346,-0.8499999642372131,-0.7421761751174927,-0.10956349968910217,0.9804151058197021,1.0,0.9781028032302856,-0.2489914894104004,-0.07704959064722061,0.0,-0.07467643171548843,-0.646769642829895,-1.1429426670074463,-1.0,-1.1293563842773438,-0.8360038995742798,-0.27816447615623474,0.0,-0.25080618262290955
26.230769230769234,1,1,1,0,False,-0.004641532897949219,-0.0005769268027506769,0.018670745193958282,0.08096715807914734,3.64738043572288e-05,1.864507794380188e-05,0.14612925052642822,-0.012783425860106945,-0.0018846829188987613,-1.145775318145752,-0.0005769268027506769,1.034546971321106,0.004205875098705292,-0.40064477920532227,-0.0018060144502669573,2.911938428878784,-0.13620643317699432,0.9609346389770508,1.0,0.9727597832679749,0.11870548129081726,0.08212491869926453,0.0,0.0356069914996624,-0.3235989809036255,-1.0543473958969116,-1.0,-1.0647194385528564,0.8985385298728943,-0.7546206116676331,-0.8499999642372131,-0.7421761751174927,-0.1094948798418045,0.9804108738899231,1.0,0.9780993461608887,-0.2489500492811203,-0.07705261558294296,0.0,-0.07468043267726898,-0.6467930674552917,-1.1429426670074463,-1.0,-1.1293563842773438,-0.836010754108429,-0.2781643867492676,0.0,-0.2508050203323364
26.30769230769231,1,1,1,0,False,-0.004641830921173096,-0.0005771065480075777,0.01867065578699112,0.08096863329410553,2.4615992515464313e-05,1.1078082025051117e-05,0.1461191624403,-0.012784652411937714,-0.0018846989842131734,-1.145775318145752,-0.0005771065480075777,1.034546971321106,0.004206031560897827,-0.40064358711242676,-0.001806072425097227,2.9119386672973633,-0.13614283502101898,0.9609370231628418,1.0,0.9727621674537659,0.11877869069576263,0.08212060481309891,0.0,0.035606857389211655,-0.32363367080688477,-1.0543466806411743,-1.0,-1.0647194385528564,0.8985331058502197,-0.7546206116676331,-0.8499999642372131,-0.7421761751174927,-0.10944456607103348,0.9804088473320007,1.0,0.9780986309051514,-0.2489318996667862,-0.07705619931221008,0.0,-0.07468346506357193,-0.6468212008476257,-1.1429426670074463,-1.0,-1.1293563842773438,-0.8360108733177185,-0.2781629264354706,0.0,-0.25080403685569763
26.384615384615387,1,1,1,0,False,-0.004641920328140259,-0.0005771679570898414,0.01867065578699112,0.08096937090158463,9.608092113921884e-06,1.2319069355726242e-05,0.14611610770225525,-0.012784991413354874,-0.0018847360042855144,-1.145775318145752,-0.0005771679570898414,1.034546971321106,0.004206023178994656,-0.400645911693573,-0.0018060811562463641,2.9119389057159424,-0.13619938492774963,0.9609391689300537,1.0,0.9727656841278076,0.11879900842905045,0.08211898803710938,0.0,0.03561100736260414,-0.3236099183559418,-1.0543466806411743,-1.0,-1.0647194385528564,0.8985313177108765,-0.754619300365448,-0.8499999642372131,-0.7421761751174927,-0.10944430530071259,0.9804089069366455,1.0,0.9781002402305603,-0.24887920916080475,-0.07705824077129364,0.0,-0.0746840387582779,-0.6468169689178467,-1.1429426670074463,-1.0,-1.1293563842773438,-0.8360277414321899,-0.27816125750541687,0.0,-0.25080353021621704
26.461538461538463,1,1,1,0,False,-0.004641860723495483,-0.0005771946161985397,0.018670715391635895,0.08096789568662643,1.0461615602253005e-05,1.1622905731201172e-05,0.1461181640625,-0.012784578837454319,-0.001884753699414432,-1.145775318145752,-0.0005771946161985397,1.034546971321106,0.00420597055926919,-0.4006503224372864,-0.0018061224836856127,2.9119393825531006,-0.13613975048065186,0.9609415531158447,1.0,0.9727692604064941,0.11877510696649551,0.0821198895573616,0.0,0.03561700880527496,-0.3235729932785034,-1.0543466806411743,-1.0,-1.0647194385528564,0.8985205292701721,-0.754616916179657,-0.8499999642372131,-0.7421761751174927,-0.10951242595911026,0.980410635471344,1.0,0.9781016707420349,-0.2488476186990738,-0.07705788314342499,0.0,-0.07468235492706299,-0.6468195915222168,-1.1429426670074463,-1.0,-1.1293563842773438,-0.83602374792099,-0.27816006541252136,0.0,-0.25080353021621704
26.53846153846154,1,1,1,0,False,-0.004641741514205933,-0.0005771599244326353,0.01867081969976425,0.08096642047166824,1.3028803550696466e-05,1.3227108865976334e-05,0.14612221717834473,-0.012783960439264774,-0.0018847302999347448,-1.145775318145752,-0.0005771599244326353,1.034546971321106,0.004205891862511635,-0.40065428614616394,-0.0018061362206935883,2.9119396209716797,-0.13587696850299835,0.9609439373016357,1.0,0.972772479057312,0.11877144128084183,0.08212229609489441,0.0,0.03562186285853386,-0.32356202602386475,-1.0543475151062012,-1.0,-1.0647194385528564,0.8985061645507812,-0.754615306854248,-0.8499999642372131,-0.7421761751174927,-0.10957536846399307,0.9804110527038574,1.0,0.9781016707420349,-0.24891477823257446,-0.07705570757389069,0.0,-0.07467920333147049,-0.6468454003334045,-1.1429426670074463,-1.0,-1.1293563842773438,-0.8359943628311157,-0.2781590521335602,0.0,-0.25080353021621704
26.615384615384617,1,1,1,0,False,-0.004641637206077576,-0.0005771128926426172,0.018670804798603058,0.08096642047166824,8.587118827563245e-06,1.3075768947601318e-05,0.14612573385238647,-0.012783534824848175,-0.001884728204458952,-1.145775318145752,-0.0005771128926426172,1.034546971321106,0.004205854143947363,-0.40065711736679077,-0.0018061150331050158,2.911940097808838,-0.13617563247680664,0.9609465599060059,1.0,0.9727751612663269,0.11869960278272629,0.08212482929229736,0.0,0.03562377393245697,-0.3235228657722473,-1.0543484687805176,-1.0,-1.0647194385528564,0.8985381722450256,-0.754615068435669,-0.8499999642372131,-0.7421761751174927,-0.10955584794282913,0.9804103374481201,1.0,0.9780995845794678,-0.2488480657339096,-0.0770525261759758,0.0,-0.07467550784349442,-0.646796703338623,-1.1429436206817627,-1.0,-1.1293563842773438,-0.8360298871994019,-0.2781584858894348,0.0,-0.25080406665802
26.692307692307693,1,1,1,0,False,-0.004641592502593994,-0.0005770620191469789,0.01867081969976425,0.08096642047166824,3.210294380551204e-06,1.0957010090351105e-05,0.14612722396850586,-0.012783361598849297,-0.0018847201718017459,-1.145775318145752,-0.0005770620191469789,1.034546971321106,0.004205833654850721,-0.4006574749946594,-0.0018061344744637609,2.911940336227417,-0.13627402484416962,0.9609489440917969,1.0,0.9727730751037598,0.11865133047103882,0.08212611824274063,0.0,0.03562197834253311,-0.3234997093677521,-1.0543484687805176,-1.0,-1.064715027809143,0.8985542058944702,-0.7546148896217346,-0.8499999642372131,-0.7421761751174927,-0.1095661148428917,0.9804081916809082,1.0,0.9780972003936768,-0.24885450303554535,-0.07704845815896988,0.0,-0.07467085123062134,-0.6467649936676025,-1.1429436206817627,-1.0,-1.1293563842773438,-0.8360253572463989,-0.27815893292427063,0.0,-0.2508052587509155
26.76923076923077,1,1,1,0,False,-0.004641622304916382,-0.0005770071875303984,0.018670745193958282,0.08096642047166824,8.0108029578696e-06,7.990747690200806e-06,0.14612621068954468,-0.012783465906977654,-0.0018847041064873338,-1.145775318145752,-0.0005770071875303984,1.034546971321106,0.004205904435366392,-0.4006561040878296,-0.0018061317969113588,2.911940097808838,-0.1362404227256775,0.9609485864639282,1.0,0.9727683067321777,0.1186617761850357,0.08212555944919586,0.0,0.03561779856681824,-0.3235064148902893,-1.0543464422225952,-1.0,-1.064710259437561,0.8985538482666016,-0.7546148896217346,-0.8499999642372131,-0.7421761751174927,-0.10955860465765,0.980405867099762,1.0,0.9780948162078857,-0.24893450736999512,-0.07704445719718933,0.0,-0.07466790080070496,-0.6467645168304443,-1.1429436206817627,-1.0,-1.1293563842773438,-0.836001455783844,-0.27816081047058105,0.0,-0.25080570578575134
26.846153846153847,1,1,1,0,False,-0.00464177131652832,-0.000577047816477716,0.018670685589313507,0.08096642047166824,2.010197567869909e-05,1.3862736523151398e-05,0.14612120389938354,-0.01278405636548996,-0.00188468920532614,-1.145775318145752,-0.000577047816477716,1.034546971321106,0.004206023644655943,-0.4006562829017639,-0.0018061200389638543,2.911939859390259,-0.13612504303455353,0.9609453678131104,1.0,0.9727637767791748,0.11873435974121094,0.08212366700172424,0.0,0.03561396151781082,-0.32358261942863464,-1.0543416738510132,-1.0,-1.0647085905075073,0.8985475301742554,-0.7546151876449585,-0.8499999642372131,-0.7421761751174927,-0.109479621052742,0.98040372133255,1.0,0.9780935645103455,-0.2490244209766388,-0.07704311609268188,0.0,-0.07466883212327957,-0.646797239780426,-1.1429411172866821,-1.0,-1.1293563842773438,-0.8359798192977905,-0.2781631648540497,0.0,-0.2508051097393036
26.923076923076923,1,1,1,0,False,-0.0046419501304626465,-0.0005770761054009199,0.018670491874217987,0.08096715807914734,2.1445266611408442e-05,1.2954697012901306e-05,0.14611513912677765,-0.01278485357761383,-0.0018847285537049174,-1.145775318145752,-0.0005770761054009199,1.034546971321106,0.004206185694783926,-0.4006583094596863,-0.0018060883739963174,2.9119393825531006,-0.13615013659000397,0.9609411954879761,1.0,0.9727622270584106,0.11878262460231781,0.08212217688560486,0.0,0.03561326861381531,-0.323636919260025,-1.0543373823165894,-1.0,-1.0647085905075073,0.8985428810119629,-0.7546164393424988,-0.8499999642372131,-0.7421761751174927,-0.10940475761890411,0.9804039001464844,1.0,0.9780949354171753,-0.2489822953939438,-0.07704542577266693,0.0,-0.07467319816350937,-0.6468207240104675,-1.142939805984497,-1.0,-1.1293563842773438,-0.8359951972961426,-0.2781641483306885,0.0,-0.2508039176464081
27.0,1,1,1,0,False,-0.004642084240913391,-0.0005771414726041257,0.01867043226957321,0.08096937090158463,1.1071535482187755e-05,1.0896474123001099e-05,0.14611056447029114,-0.01278553158044815,-0.001884728204458952,-1.145775318145752,-0.0005771414726041257,1.034546971321106,0.004206239245831966,-0.40065687894821167,-0.0018060521688312292,2.9119391441345215,-0.13625110685825348,0.9609388113021851,1.0,0.9727602601051331,0.11881333589553833,0.08212223649024963,0.0,0.03561596944928169,-0.3236648142337799,-1.0543367862701416,-1.0,-1.0647120475769043,0.8985434770584106,-0.7546165585517883,-0.8499999642372131,-0.7421761751174927,-0.10933499783277512,0.9804064631462097,1.0,0.9780992269515991,-0.2489170879125595,-0.07704925537109375,0.0,-0.07467667013406754,-0.6468143463134766,-1.142939805984497,-1.0,-1.1293563842773438,-0.8360154032707214,-0.2781635522842407,0.0,-0.25080302357673645
27.07692307692308,1,1,1,0,False,-0.004642009735107422,-0.0005771376891061664,0.018670521676540375,0.08096863329410553,3.4684348065638915e-05,1.0170042514801025e-05,0.14611311256885529,-0.012785116210579872,-0.0018846815219148993,-1.145775318145752,-0.0005771376891061664,1.034539818763733,0.004206181038171053,-0.4006541967391968,-0.0018060730071738362,2.9119396209716797,-0.13616429269313812,0.960936427116394,1.0,0.9727586507797241,0.11878540366888046,0.08212444186210632,0.0,0.0356205478310585,-0.3236338794231415,-1.0543380975723267,-1.0,-1.0647168159484863,0.8985230326652527,-0.7546165585517883,-0.8499999642372131,-0.7421761751174927,-0.109404057264328,0.9804117679595947,1.0,0.9781056642532349,-0.24891650676727295,-0.07705172896385193,0.0,-0.074677973985672,-0.6468083262443542,-1.142939805984497,-1.0,-1.1293563842773438,-0.836012065410614,-0.27816343307495117,0.0,-0.25080302357673645
27.153846153846157,1,1,1,0,False,-0.004641786217689514,-0.000577057886403054,0.01867081969976425,0.08096789568662643,3.665127223939635e-05,1.5012919902801514e-05,0.14612068235874176,-0.012784203514456749,-0.0018846704624593258,-1.145775318145752,-0.000577057886403054,1.034537672996521,0.004206012934446335,-0.4006519913673401,-0.0018060017609968781,2.911940097808838,-0.13613010942935944,0.9609344601631165,1.0,0.9727597832679749,0.11875470727682114,0.08212795108556747,0.0,0.03562431037425995,-0.3235858082771301,-1.0543428659439087,-1.0,-1.0647196769714355,0.8985188007354736,-0.7546165585517883,-0.8499999642372131,-0.7421761751174927,-0.10947659611701965,0.9804167747497559,1.0,0.9781094789505005,-0.24892431497573853,-0.07705269753932953,0.0,-0.07467840611934662,-0.6468051075935364,-1.142939805984497,-1.0,-1.1293563842773438,-0.8360165357589722,-0.27816343307495117,0.0,-0.25080302357673645
27.230769230769234,1,1,1,0,False,-0.004641592502593994,-0.0005770019488409162,0.01867096871137619,0.08096715807914734,1.4224333426682279e-05,1.0775402188301086e-05,0.14612720906734467,-0.012783379293978214,-0.0018846311140805483,-1.145775318145752,-0.0005770019488409162,1.034537672996521,0.0042058685794472694,-0.4006491005420685,-0.0018060271395370364,2.911940574645996,-0.1360694319009781,0.9609351754188538,1.0,0.9727635979652405,0.11875305324792862,0.08213074505329132,0.0,0.035626158118247986,-0.3235779404640198,-1.0543453693389893,-1.0,-1.0647196769714355,0.8985182046890259,-0.7546159029006958,-0.8499999642372131,-0.7421761751174927,-0.10950584709644318,0.980419397354126,1.0,0.9781101942062378,-0.24893201887607574,-0.07705306261777878,0.0,-0.07467857748270035,-0.64681476354599,-1.142939805984497,-1.0,-1.1293563842773438,-0.8360193967819214,-0.27816253900527954,0.0,-0.25080302357673645
27.30769230769231,1,1,1,0,False,-0.004641532897949219,-0.0005769846611656249,0.018670938909053802,0.08096715807914734,6.7282117015565746e-06,1.0170042514801025e-05,0.14612925052642822,-0.012783147394657135,-0.0018846526509150863,-1.145775318145752,-0.0005769846611656249,1.034537672996521,0.004205837845802307,-0.400646835565567,-0.0018060194561257958,2.911940574645996,-0.13607996702194214,0.9609386324882507,1.0,0.9727683663368225,0.11872606724500656,0.0821319967508316,0.0,0.0356263592839241,-0.3235791027545929,-1.0543464422225952,-1.0,-1.0647196769714355,0.8985244631767273,-0.7546159029006958,-0.8499999642372131,-0.7421761751174927,-0.10951855778694153,0.9804190993309021,1.0,0.9781083464622498,-0.24889938533306122,-0.077053003013134,0.0,-0.07467805594205856,-0.646814227104187,-1.1429407596588135,-1.0,-1.1293563842773438,-0.8360243439674377,-0.27816131711006165,0.0,-0.2508033215999603
27.384615384615387,1,1,1,0,False,-0.004641517996788025,-0.0005770028801634908,0.01867084950208664,0.08096715807914734,1.465492277930025e-05,1.1138617992401123e-05,0.14612974226474762,-0.012783069163560867,-0.0018846811726689339,-1.145775318145752,-0.0005770028801634908,1.034537672996521,0.004205848556011915,-0.40064501762390137,-0.0018060243455693126,2.911940574645996,-0.13608711957931519,0.9609434008598328,1.0,0.9727731347084045,0.11869652569293976,0.08213187009096146,0.0,0.035625144839286804,-0.3235728442668915,-1.0543467998504639,-1.0,-1.0647196769714355,0.8985222578048706,-0.7546159029006958,-0.8499999642372131,-0.7421761751174927,-0.10954573005437851,0.9804168343544006,1.0,0.9781059622764587,-0.248890683054924,-0.07705230265855789,0.0,-0.074677012860775,-0.6468037366867065,-1.1429418325424194,-1.0,-1.1293563842773438,-0.8360261917114258,-0.27816012501716614,0.0,-0.2508040964603424
27.461538461538463,1,1,1,0,False,-0.004641547799110413,-0.0005770093412138522,0.018670670688152313,0.08096642047166824,1.5226661162159871e-05,1.180451363325119e-05,0.14612872898578644,-0.012783137150108814,-0.0018846791936084628,-1.145775318145752,-0.0005770093412138522,1.034537672996521,0.004205844830721617,-0.4006430208683014,-0.0018060801085084677,2.9119410514831543,-0.1359402984380722,0.9609481692314148,1.0,0.972776472568512,0.1186867356300354,0.08213040232658386,0.0,0.035622213035821915,-0.32357844710350037,-1.0543471574783325,-1.0,-1.0647196769714355,0.8985106945037842,-0.7546164393424988,-0.8499999642372131,-0.7421761751174927,-0.109590545296669,0.9804145097732544,1.0,0.9781032800674438,-0.24894501268863678,-0.07705109566450119,0.0,-0.07467562705278397,-0.6468133926391602,-1.1429439783096313,-1.0,-1.1293563842773438,-0.8360053896903992,-0.2781597971916199,0.0,-0.2508050799369812
27.53846153846154,1,1,1,0,False,-0.004641607403755188,-0.0005770166171714664,0.018670611083507538,0.08096642047166824,1.7026633940986358e-05,8.23289155960083e-06,0.14612676203250885,-0.012783375568687916,-0.001884710742160678,-1.145775318145752,-0.0005770166171714664,1.034537672996521,0.004205893259495497,-0.4006417989730835,-0.0018060861621052027,2.9119415283203125,-0.13607928156852722,0.9609529376029968,1.0,0.9727790355682373,0.11864402145147324,0.08212797343730927,0.0,0.035617731511592865,-0.32353636622428894,-1.0543471574783325,-1.0,-1.0647196769714355,0.8985241651535034,-0.7546172142028809,-0.8499999642372131,-0.7421761751174927,-0.10959433764219284,0.9804109334945679,1.0,0.9780985116958618,-0.2489045411348343,-0.07704999297857285,0.0,-0.07467465847730637,-0.6467902660369873,-1.1429444551467896,-1.0,-1.1293563842773438,-0.8360169529914856,-0.27815985679626465,0.0,-0.2508050799369812
27.615384615384617,1,1,1,0,False,-0.004641726613044739,-0.000577062601223588,0.018670596182346344,0.08096715807914734,2.1612699129036628e-05,9.140931069850922e-06,0.14612267911434174,-0.012783892452716827,-0.0018847299506887794,-1.145775318145752,-0.000577062601223588,1.034537672996521,0.004205942153930664,-0.4006430208683014,-0.0018061221344396472,2.9119420051574707,-0.13610762357711792,0.9609577059745789,1.0,0.9727814197540283,0.11862268298864365,0.0821245089173317,0.0,0.035612527281045914,-0.32350394129753113,-1.0543471574783325,-1.0,-1.0647165775299072,0.8985241055488586,-0.7546176314353943,-0.8499999642372131,-0.7421761751174927,-0.10963209718465805,0.9804062843322754,1.0,0.9780937433242798,-0.24887631833553314,-0.077049121260643,0.0,-0.07467406988143921,-0.6467856764793396,-1.1429444551467896,-1.0,-1.1293563842773438,-0.8360117673873901,-0.27816033363342285,0.0,-0.2508050799369812
27.692307692307693,1,1,1,0,False,-0.004641860723495483,-0.0005771361757069826,0.01867050677537918,0.08096715807914734,2.93355460598832e-05,1.180451363325119e-05,0.1461181938648224,-0.012784386053681374,-0.001884785364381969,-1.145775318145752,-0.0005771361757069826,1.034537672996521,0.00420601898804307,-0.4006478190422058,-0.0018061777809634805,2.9119420051574707,-0.13587379455566406,0.9609606266021729,1.0,0.9727826118469238,0.11871159821748734,0.08212010562419891,0.0,0.035608138889074326,-0.3235560357570648,-1.0543458461761475,-1.0,-1.0647135972976685,0.8985145092010498,-0.7546176314353943,-0.8499999642372131,-0.7421761751174927,-0.10961652547121048,0.9804017543792725,1.0,0.9780900478363037,-0.24894572794437408,-0.07704859972000122,0.0,-0.07467373460531235,-0.646834135055542,-1.1429444551467896,-1.0,-1.1293563842773438,-0.8359746336936951,-0.27816033363342285,0.0,-0.2508048117160797
27.76923076923077,1,1,1,0,False,-0.004642054438591003,-0.000577229424379766,0.01867043226957321,0.08096789568662643,2.2544174498762004e-05,1.555774360895157e-05,0.14611157774925232,-0.012785173952579498,-0.001884792814962566,-1.145775318145752,-0.000577229424379766,1.034537672996521,0.004206116311252117,-0.4006529450416565,-0.001806211774237454,2.9119420051574707,-0.13600628077983856,0.9609630107879639,1.0,0.9727833867073059,0.11873791366815567,0.08211609721183777,0.0,0.0356062650680542,-0.3235761225223541,-1.0543445348739624,-1.0,-1.0647135972976685,0.8985285758972168,-0.7546176314353943,-0.8499999642372131,-0.7421761751174927,-0.10954167693853378,0.9803991913795471,1.0,0.9780880212783813,-0.2489372044801712,-0.07704851031303406,0.0,-0.07467367500066757,-0.6468230485916138,-1.1429444551467896,-1.0,-1.1293563842773438,-0.8359885811805725,-0.27816033363342285,0.0,-0.25080406665802
27.846153846153847,1,1,1,0,False,-0.004642173647880554,-0.0005773016018792987,0.018670447170734406,0.08096863329410553,1.0499597010493744e-05,9.685754776000977e-06,0.14610755443572998,-0.012785668484866619,-0.0018848314648494124,-1.145775318145752,-0.0005773016018792987,1.034537672996521,0.004206174053251743,-0.4006558358669281,-0.0018062301678583026,2.9119420051574707,-0.1361895352602005,0.960964560508728,1.0,0.9727837443351746,0.11875025928020477,0.08211387693881989,0.0,0.03560718148946762,-0.3235500752925873,-1.0543445348739624,-1.0,-1.0647135972976685,0.8985419869422913,-0.7546170949935913,-0.8499999642372131,-0.7421761751174927,-0.10949723422527313,0.9803981781005859,1.0,0.9780880212783813,-0.24888116121292114,-0.07704843580722809,0.0,-0.07467342168092728,-0.6468040943145752,-1.1429444551467896,-1.0,-1.1293563842773438,-0.8360112905502319,-0.2781599164009094,0.0,-0.25080305337905884
27.923076923076923,1,1,1,0,False,-0.004642203450202942,-0.0005773375160060823,0.01867050677537918,0.08096863329410553,9.386511919728946e-06,6.780028343200684e-06,0.14610655605793,-0.012785732746124268,-0.0018848275067284703,-1.145775318145752,-0.0005773375160060823,1.034537672996521,0.004206176847219467,-0.4006558954715729,-0.0018062377348542213,2.9119420051574707,-0.13630469143390656,0.9609642624855042,1.0,0.9727798700332642,0.11873237043619156,0.08211343735456467,0.0,0.03560957685112953,-0.3235186040401459,-1.0543445348739624,-1.0,-1.0647135972976685,0.8985550999641418,-0.7546155452728271,-0.8499999642372131,-0.7421761751174927,-0.10948595404624939,0.9803985953330994,1.0,0.9780898094177246,-0.24885857105255127,-0.07704741507768631,0.0,-0.07467137277126312,-0.6467776894569397,-1.1429444551467896,-1.0,-1.1293563842773438,-0.8360137343406677,-0.2781597673892975,0.0,-0.25080305337905884
28.0,1,1,1,0,False,-0.004642114043235779,-0.0005773014854639769,0.018670611083507538,0.08096789568662643,2.8873197152279317e-05,9.383074939250946e-06,0.14610961079597473,-0.01278530154377222,-0.0018847811734303832,-1.145775318145752,-0.0005773014854639769,1.034537672996521,0.004206125158816576,-0.4006551206111908,-0.0018062037415802479,2.91194224357605,-0.1362634003162384,0.9609606266021729,1.0,0.9727727174758911,0.11871325224637985,0.08211450278759003,0.0,0.035611752420663834,-0.32347118854522705,-1.0543445348739624,-1.0,-1.0647121667861938,0.8985514044761658,-0.7546136975288391,-0.8499999642372131,-0.7421761751174927,-0.10952917486429214,0.9804006814956665,1.0,0.9780921936035156,-0.2489137202501297,-0.0770452693104744,0.0,-0.07466928660869598,-0.6467697024345398,-1.1429444551467896,-1.0,-1.1293563842773438,-0.8359944224357605,-0.27816107869148254,0.0,-0.25080305337905884
28.07692307692308,1,1,1,0,False,-0.004641935229301453,-0.0005771723808720708,0.01867053657770157,0.08096642047166824,3.203407322871499e-05,1.1562369763851166e-05,0.14611567556858063,-0.012784500606358051,-0.0018847717437893152,-1.145775318145752,-0.0005771723808720708,1.034537672996521,0.004206063691526651,-0.4006537199020386,-0.001806212356314063,2.91194224357605,-0.1362954080104828,0.9609541893005371,1.0,0.9727655649185181,0.1187472939491272,0.0821162685751915,0.0,0.03561342507600784,-0.32347914576530457,-1.05433988571167,-1.0,-1.0647073984146118,0.8985596299171448,-0.7546132206916809,-0.8499999642372131,-0.7421761751174927,-0.1094878539443016,0.9804030656814575,1.0,0.9780945777893066,-0.24897678196430206,-0.07704432308673859,0.0,-0.07466994971036911,-0.6467742323875427,-1.1429424285888672,-1.0,-1.1293563842773438,-0.8359914422035217,-0.2781628668308258,0.0,-0.2508021295070648
28.153846153846157,1,1,1,0,False,-0.0046419501304626465,-0.0005771107971668243,0.018670566380023956,0.08096789568662643,3.626503166742623e-05,1.598149538040161e-05,0.14611512422561646,-0.012784660793840885,-0.0018847527680918574,-1.145775318145752,-0.0005771107971668243,1.034537672996521,0.004206150770187378,-0.40065139532089233,-0.0018061614828184247,2.9119417667388916,-0.1361948847770691,0.9609470367431641,1.0,0.9727616310119629,0.11881786584854126,0.08211865276098251,0.0,0.03561645746231079,-0.3235478401184082,-1.054335117340088,-1.0,-1.0647050142288208,0.8985560536384583,-0.7546132206916809,-0.8499999642372131,-0.7421761751174927,-0.10941660404205322,0.9804054498672485,1.0,0.9780969619750977,-0.24900667369365692,-0.07704633474349976,0.0,-0.07467405498027802,-0.6468185782432556,-1.1429386138916016,-1.0,-1.1293563842773438,-0.835986316204071,-0.2781637907028198,0.0,-0.2508009374141693
28.230769230769234,1,1,1,0,False,-0.004642054438591003,-0.0005771506112068892,0.018670566380023956,0.08096937090158463,2.768062950053718e-05,9.443610906600952e-06,0.14611156284809113,-0.012785173952579498,-0.0018847384490072727,-1.145775318145752,-0.0005771506112068892,1.034537672996521,0.004206195939332247,-0.40064868330955505,-0.001806102111004293,2.9119410514831543,-0.13602161407470703,0.960940957069397,1.0,0.9727601408958435,0.11888989061117172,0.08212215453386307,0.0,0.03562205284833908,-0.32362306118011475,-1.0543336868286133,-1.0,-1.0647050142288208,0.8985368609428406,-0.7546132206916809,-0.8499999642372131,-0.7421761751174927,-0.10936122387647629,0.9804081320762634,1.0,0.9781008362770081,-0.2490215003490448,-0.07705078274011612,0.0,-0.0746794044971466,-0.6468632221221924,-1.142937183380127,-1.0,-1.1293563842773438,-0.8359799981117249,-0.27816322445869446,0.0,-0.2507997453212738
28.30769230769231,1,1,1,0,False,-0.004642009735107422,-0.0005771519499830902,0.01867050677537918,0.08096863329410553,2.839755325112492e-05,1.0472722351551056e-05,0.14611311256885529,-0.0127849280834198,-0.001884706667624414,-1.145775318145752,-0.0005771519499830902,1.0345343351364136,0.004206160549074411,-0.40064698457717896,-0.0018060392467305064,2.911940097808838,-0.1361083686351776,0.9609372019767761,1.0,0.9727616310119629,0.11889903992414474,0.08212711662054062,0.0,0.03562997281551361,-0.32365748286247253,-1.0543336868286133,-1.0,-1.0647079944610596,0.8985356688499451,-0.7546132206916809,-0.8499999642372131,-0.7421761751174927,-0.10931789875030518,0.9804126620292664,1.0,0.9781062602996826,-0.24893362820148468,-0.07705545425415039,0.0,-0.07468319684267044,-0.6468620300292969,-1.142937183380127,-1.0,-1.1293590068817139,-0.8360083103179932,-0.2781611382961273,0.0,-0.2507992684841156
28.384615384615387,1,1,1,0,False,-0.004641830921173096,-0.0005770906573161483,0.018670476973056793,0.08096863329410553,4.306946721044369e-05,1.912936568260193e-05,0.1461191624403,-0.012784220278263092,-0.001884662196971476,-1.145775318145752,-0.0005770906573161483,1.034530758857727,0.004206049721688032,-0.4006447196006775,-0.001805999199859798,2.9119389057159424,-0.1360705941915512,0.9609360694885254,1.0,0.9727650880813599,0.11882390826940536,0.08213364332914352,0.0,0.03563797101378441,-0.3236399292945862,-1.0543369054794312,-1.0,-1.0647127628326416,0.8985210061073303,-0.7546129822731018,-0.8499999642372131,-0.7421761751174927,-0.10940373688936234,0.9804185032844543,1.0,0.9781122803688049,-0.24886943399906158,-0.07705798000097275,0.0,-0.07468405365943909,-0.6468547582626343,-1.1429399251937866,-1.0,-1.129363775253296,-0.8360211253166199,-0.2781599462032318,0.0,-0.2507992684841156
28.461538461538463,1,1,1,0,False,-0.004641503095626831,-0.0005769925191998482,0.01867038756608963,0.08096642047166824,3.5325847420608625e-05,1.5739351511001587e-05,0.1461302787065506,-0.012782827951014042,-0.0018846237799152732,-1.145775318145752,-0.0005769925191998482,1.034530758857727,0.00420583738014102,-0.400643527507782,-0.0018059592694044113,2.911938190460205,-0.13600097596645355,0.9609388113021851,1.0,0.9727713465690613,0.11873911321163177,0.08214002847671509,0.0,0.03564219921827316,-0.3235947787761688,-1.0543416738510132,-1.0,-1.0647175312042236,0.8985073566436768,-0.7546128630638123,-0.8499999642372131,-0.7421761751174927,-0.10950608551502228,0.9804230332374573,1.0,0.9781150817871094,-0.24886871874332428,-0.07705783098936081,0.0,-0.07468220591545105,-0.646837592124939,-1.1429446935653687,-1.0,-1.129365086555481,-0.8360297083854675,-0.2781587839126587,0.0,-0.2508004605770111
28.53846153846154,1,1,1,0,False,-0.004641249775886536,-0.0005769051495008171,0.018670283257961273,0.08096568286418915,1.9466866433504038e-05,1.428648829460144e-05,0.14613884687423706,-0.012781817466020584,-0.0018845803570002317,-1.145775318145752,-0.0005769051495008171,1.034530758857727,0.004205659031867981,-0.40064144134521484,-0.0018059476278722286,2.911938190460205,-0.13596704602241516,0.9609452486038208,1.0,0.9727784991264343,0.11866540461778641,0.08214347064495087,0.0,0.03564042970538139,-0.3235582411289215,-1.0543464422225952,-1.0,-1.064718246459961,0.89850252866745,-0.7546128630638123,-0.8499999642372131,-0.7421761751174927,-0.10958905518054962,0.9804238677024841,1.0,0.9781133532524109,-0.24889107048511505,-0.0770554319024086,0.0,-0.07467887550592422,-0.6468150019645691,-1.1429494619369507,-1.0,-1.129365086555481,-0.8360327482223511,-0.2781575918197632,0.0,-0.2508016526699066
28.615384615384617,1,1,1,0,False,-0.0046411603689193726,-0.0005768678965978324,0.01867004483938217,0.08096420764923096,3.643731542979367e-05,1.259148120880127e-05,0.14614185690879822,-0.01278140489012003,-0.0018846082966774702,-1.145775318145752,-0.0005768678965978324,1.034530758857727,0.004205597098916769,-0.40063995122909546,-0.0018059908179566264,2.911938428878784,-0.13603949546813965,0.9609540104866028,1.0,0.9727842807769775,0.11860822141170502,0.08214224874973297,0.0,0.035633329302072525,-0.32353508472442627,-1.0543500185012817,-1.0,-1.064718246459961,0.8985120058059692,-0.7546143531799316,-0.8499999642372131,-0.7421761751174927,-0.10962279140949249,0.9804207682609558,1.0,0.9781080484390259,-0.24889276921749115,-0.07705215364694595,0.0,-0.07467541098594666,-0.6467906832695007,-1.1429542303085327,-1.0,-1.129365086555481,-0.8360271453857422,-0.2781563997268677,0.0,-0.2508028447628021
28.692307692307693,1,1,1,0,False,-0.004641279578208923,-0.0005768940900452435,0.018669776618480682,0.08096568286418915,4.402458216645755e-05,1.1986121535301208e-05,0.14613783359527588,-0.012781995348632336,-0.0018846163293346763,-1.145775318145752,-0.0005768940900452435,1.034530758857727,0.004205690231174231,-0.40063905715942383,-0.001806039595976472,2.9119389057159424,-0.13607393205165863,0.9609614014625549,1.0,0.9727883338928223,0.11858734488487244,0.08213744312524796,0.0,0.03562350198626518,-0.3235224485397339,-1.0543500185012817,-1.0,-1.064718246459961,0.8985226154327393,-0.7546167373657227,-0.8499999642372131,-0.7421761751174927,-0.10963324457406998,0.9804145693778992,1.0,0.9781008958816528,-0.2489062249660492,-0.0770493671298027,0.0,-0.07467333227396011,-0.6467850208282471,-1.142956256866455,-1.0,-1.129365086555481,-0.8360180854797363,-0.2781561315059662,0.0,-0.25080403685569763
28.76923076923077,1,1,1,0,False,-0.004641503095626831,-0.0005769797717221081,0.01866965740919113,0.08096568286418915,4.723210076917894e-05,1.7706770449876785e-05,0.1461302936077118,-0.012782883830368519,-0.0018846929306164384,-1.145775318145752,-0.0005769797717221081,1.034530758857727,0.004205841571092606,-0.400637686252594,-0.0018060822039842606,2.9119393825531006,-0.13593022525310516,0.9609674215316772,1.0,0.9727903604507446,0.11862695962190628,0.08213039487600327,0.0,0.03561338037252426,-0.3235383927822113,-1.0543484687805176,-1.0,-1.0647141933441162,0.8985201120376587,-0.7546181082725525,-0.8499999642372131,-0.7421761751174927,-0.10964874923229218,0.98040771484375,1.0,0.9780937433242798,-0.24895772337913513,-0.07704783976078033,0.0,-0.07467270642518997,-0.6468128561973572,-1.142956256866455,-1.0,-1.129365086555481,-0.8359856605529785,-0.27815714478492737,0.0,-0.25080448389053345
28.846153846153847,1,1,1,0,False,-0.00464177131652832,-0.0005770532879978418,0.018669404089450836,0.08096789568662643,3.79598350264132e-05,1.2652017176151276e-05,0.14612117409706116,-0.012784091755747795,-0.0018847394967451692,-1.145775318145752,-0.0005770532879978418,1.034530758857727,0.00420601898804307,-0.400637149810791,-0.0018061492592096329,2.9119396209716797,-0.13608655333518982,0.9609717130661011,1.0,0.9727907180786133,0.1186332032084465,0.08212261646986008,0.0,0.035605333745479584,-0.3235325515270233,-1.0543450117111206,-1.0,-1.0647141933441162,0.8985344171524048,-0.7546195983886719,-0.8499999642372131,-0.7421761751174927,-0.10960311442613602,0.9804018139839172,1.0,0.9780886769294739,-0.24893048405647278,-0.07704766094684601,0.0,-0.07467315346002579,-0.6467952728271484,-1.142956256866455,-1.0,-1.129365086555481,-0.8359993100166321,-0.2781583368778229,0.0,-0.2508043050765991
28.923076923076923,1,1,1,0,False,-0.004642009735107422,-0.0005771795404143631,0.018669359385967255,0.08096789568662643,2.7711730581359006e-05,1.5224795788526535e-05,0.14611314237117767,-0.012785006314516068,-0.0018848100444301963,-1.145775318145752,-0.0005771795404143631,1.034530758857727,0.004206136800348759,-0.4006359577178955,-0.001806217129342258,2.911940336227417,-0.13613611459732056,0.9609740972518921,1.0,0.9727907180786133,0.11865004152059555,0.08211585879325867,0.0,0.03560032695531845,-0.3234977722167969,-1.054343819618225,-1.0,-1.0647141933441162,0.8985338807106018,-0.7546195983886719,-0.8499999642372131,-0.7421761751174927,-0.10960383713245392,0.9803974628448486,1.0,0.9780855178833008,-0.24888548254966736,-0.07704827189445496,0.0,-0.07467404007911682,-0.6467976570129395,-1.142956256866455,-1.0,-1.129365086555481,-0.8359988927841187,-0.2781594693660736,0.0,-0.2508031129837036
29.0,1,1,1,0,False,-0.004642128944396973,-0.0005772089352831244,0.018669135868549347,0.08096937090158463,1.5576886653434485e-05,2.203509211540222e-05,0.14610905945301056,-0.012785538099706173,-0.001884853234514594,-1.145775318145752,-0.0005772089352831244,1.034530758857727,0.004206204321235418,-0.40063586831092834,-0.0018062645103782415,2.911940813064575,-0.13608764111995697,0.9609756469726562,1.0,0.9727893471717834,0.11871109902858734,0.08211088925600052,0.0,0.0355987623333931,-0.32348570227622986,-1.05433988571167,-1.0,-1.0647099018096924,0.8985360860824585,-0.7546188831329346,-0.8499999642372131,-0.7421761751174927,-0.10958438366651535,0.9803950190544128,1.0,0.9780831336975098,-0.24890008568763733,-0.07704894244670868,0.0,-0.07467442750930786,-0.6468169093132019,-1.142956256866455,-1.0,-1.129365086555481,-0.8359911441802979,-0.2781594693660736,0.0,-0.2508019208908081
29.07692307692308,1,1,1,0,False,-0.00464223325252533,-0.0005772436852566898,0.01866895705461502,0.08096863329410553,8.917286322684959e-06,1.2137461453676224e-05,0.1461055427789688,-0.012785808183252811,-0.0018848479958251119,-1.145775318145752,-0.0005772436852566898,1.034530758857727,0.004206265322864056,-0.400634765625,-0.0018062676535919309,2.9119415283203125,-0.1360849142074585,0.9609756469726562,1.0,0.9727886915206909,0.11876395344734192,0.08210800588130951,0.0,0.03560063615441322,-0.32348257303237915,-1.0543357133865356,-1.0,-1.0647051334381104,0.8985356688499451,-0.7546166181564331,-0.8499999642372131,-0.7421761751174927,-0.10955651849508286,0.9803935289382935,1.0,0.9780830144882202,-0.24892574548721313,-0.07704908400774002,0.0,-0.0746743306517601,-0.6468247175216675,-1.142956256866455,-1.0,-1.129365086555481,-0.8359912037849426,-0.27815911173820496,0.0,-0.2508007287979126
29.153846153846157,1,1,1,0,False,-0.004642322659492493,-0.0005772921722382307,0.018668852746486664,0.08096937090158463,1.1035902389266994e-05,1.2349337339401245e-05,0.14610254764556885,-0.012786109000444412,-0.001884851255454123,-1.145775318145752,-0.0005772921722382307,1.034530758857727,0.004206328187137842,-0.4006355106830597,-0.0018063121242448688,2.9119417667388916,-0.1358889788389206,0.9609742760658264,1.0,0.9727870225906372,0.1188206672668457,0.08210749179124832,0.0,0.03560532256960869,-0.3234967887401581,-1.054333209991455,-1.0,-1.0647029876708984,0.8985241651535034,-0.7546145915985107,-0.8499999642372131,-0.7421761751174927,-0.10954898595809937,0.9803932905197144,1.0,0.9780830144882202,-0.24897398054599762,-0.07704900205135345,0.0,-0.07467421144247055,-0.6468652486801147,-1.142956256866455,-1.0,-1.129365086555481,-0.8359646797180176,-0.278158038854599,0.0,-0.2507995367050171
29.230769230769234,1,1,1,0,False,-0.004642397165298462,-0.0005773519515059888,0.01866888254880905,0.08096863329410553,1.6808120562927797e-05,1.1320225894451141e-05,0.14610004425048828,-0.012786314822733402,-0.0018848568433895707,-1.145775318145752,-0.0005773519515059888,1.034530758857727,0.004206338431686163,-0.40063929557800293,-0.00180627906229347,2.9119420051574707,-0.13628822565078735,0.9609718918800354,1.0,0.9727849364280701,0.1187996193766594,0.0821094736456871,0.0,0.03561154752969742,-0.32347699999809265,-1.054333209991455,-1.0,-1.0647029876708984,0.8985587358474731,-0.7546128630638123,-0.8499999642372131,-0.7421761751174927,-0.10946456342935562,0.9803938865661621,1.0,0.9780849814414978,-0.24888105690479279,-0.07704893499612808,0.0,-0.07467381656169891,-0.6468130946159363,-1.142956256866455,-1.0,-1.129365086555481,-0.8360100984573364,-0.2781568467617035,0.0,-0.25079888105392456
29.30769230769231,1,1,1,0,False,-0.004642292857170105,-0.0005772841395810246,0.01866895705461502,0.08096937090158463,3.508720692479983e-05,1.1138617992401123e-05,0.14610356092453003,-0.01278593111783266,-0.0018848007312044501,-1.145775318145752,-0.0005772841395810246,1.034530758857727,0.0042062862776219845,-0.40064120292663574,-0.0018062415765598416,2.911942481994629,-0.1363082081079483,0.960967481136322,1.0,0.972778856754303,0.11877869069576263,0.0821133404970169,0.0,0.0356176495552063,-0.3234489858150482,-1.054333209991455,-1.0,-1.0647023916244507,0.8985611796379089,-0.7546113133430481,-0.8499999642372131,-0.7421761751174927,-0.1094735786318779,0.9803961515426636,1.0,0.9780883193016052,-0.24888844788074493,-0.07704806327819824,0.0,-0.07467245310544968,-0.6467984914779663,-1.142956256866455,-1.0,-1.129365086555481,-0.8360012173652649,-0.27815675735473633,0.0,-0.25079888105392456
29.384615384615387,1,1,1,0,False,-0.004642054438591003,-0.0005771576543338597,0.018669001758098602,0.08096789568662643,4.219643960823305e-05,9.504146873950958e-06,0.14611157774925232,-0.012784882448613644,-0.001884781988337636,-1.145775318145752,-0.0005771576543338597,1.034530758857727,0.00420621270313859,-0.4006437361240387,-0.001806190935894847,2.911942481994629,-0.1363382488489151,0.9609606862068176,1.0,0.9727717041969299,0.11878100782632828,0.08211812376976013,0.0,0.03562235087156296,-0.3234604299068451,-1.0543301105499268,-1.0,-1.064698338508606,0.898566722869873,-0.7546102404594421,-0.8499999642372131,-0.7421761751174927,-0.109455406665802,0.9803996682167053,1.0,0.9780916571617126,-0.2489495426416397,-0.0770469605922699,0.0,-0.07467184215784073,-0.6467892527580261,-1.1429542303085327,-1.0,-1.129365086555481,-0.8359959125518799,-0.2781578600406647,0.0,-0.25079888105392456
29.461538461538463,1,1,1,0,False,-0.004641979932785034,-0.0005770857678726315,0.018669135868549347,0.08096863329410553,5.0112732424167916e-05,1.3257376849651337e-05,0.14611409604549408,-0.012784682214260101,-0.0018847144674509764,-1.145775318145752,-0.0005770857678726315,1.034530758857727,0.0042062015272676945,-0.4006460905075073,-0.0018061320297420025,2.911942481994629,-0.1363854855298996,0.96095210313797,1.0,0.9727638959884644,0.11877033114433289,0.08212319016456604,0.0,0.035625796765089035,-0.32348698377609253,-1.0543287992477417,-1.0,-1.064698338508606,0.8985708951950073,-0.7546102404594421,-0.8499999642372131,-0.7421761751174927,-0.10941765457391739,0.980403482913971,1.0,0.9780963659286499,-0.24896234273910522,-0.07704726606607437,0.0,-0.07467354089021683,-0.6467891931533813,-1.1429517269134521,-1.0,-1.129365086555481,-0.8359969258308411,-0.2781592607498169,0.0,-0.25079888105392456
29.53846153846154,1,1,1,0,False,-0.0046419501304626465,-0.0005770830321125686,0.01866941899061203,0.08096863329410553,4.820156755158678e-05,1.5436671674251556e-05,0.14611510932445526,-0.01278459932655096,-0.0018846860621124506,-1.145775318145752,-0.0005770830321125686,1.034530758857727,0.004206195939332247,-0.400646835565567,-0.0018060351721942425,2.9119417667388916,-0.13625122606754303,0.9609425663948059,1.0,0.9727567434310913,0.11881297081708908,0.08212792873382568,0.0,0.03562859073281288,-0.32357093691825867,-1.0543280839920044,-1.0,-1.064698338508606,0.8985611796379089,-0.7546102404594421,-0.8499999642372131,-0.7421761751174927,-0.10936511307954788,0.9804081320762634,1.0,0.9781011343002319,-0.2490285485982895,-0.07704976946115494,0.0,-0.07467745989561081,-0.6468142867088318,-1.1429481506347656,-1.0,-1.129365086555481,-0.8359839916229248,-0.27816087007522583,0.0,-0.25079888105392456
29.615384615384617,1,1,1,0,False,-0.004641860723495483,-0.0005770193529315293,0.018669508397579193,0.08096863329410553,4.143705882597715e-05,1.3802200555801392e-05,0.1461181491613388,-0.012784339487552643,-0.001884609111584723,-1.145775318145752,-0.0005770193529315293,1.034530758857727,0.0042061698623001575,-0.4006469249725342,-0.001805959502235055,2.911940813064575,-0.1362554132938385,0.9609342217445374,1.0,0.972752034664154,0.11882080882787704,0.08213233202695847,0.0,0.03563165292143822,-0.3236149549484253,-1.0543278455734253,-1.0,-1.0647004842758179,0.8985532522201538,-0.754611611366272,-0.8499999642372131,-0.7421761751174927,-0.10932448506355286,0.9804128408432007,1.0,0.9781062602996826,-0.24901528656482697,-0.07705409824848175,0.0,-0.07468269765377045,-0.646820604801178,-1.1429466009140015,-1.0,-1.129365086555481,-0.8359946012496948,-0.27816206216812134,0.0,-0.25079888105392456
29.692307692307693,1,1,1,0,False,-0.004641696810722351,-0.0005769311101175845,0.018669433891773224,0.08096715807914734,3.761675179703161e-05,1.3075768947601318e-05,0.14612369239330292,-0.012783654034137726,-0.001884575467556715,-1.145775318145752,-0.0005769311101175845,1.0345271825790405,0.004206101875752211,-0.40064501762390137,-0.001805908977985382,2.911940097808838,-0.1361379772424698,0.9609280228614807,1.0,0.9727510213851929,0.11884863674640656,0.08213691413402557,0.0,0.03563534840941429,-0.32366544008255005,-1.0543278455734253,-1.0,-1.0647052526474,0.8985303044319153,-0.7546133995056152,-0.8499999642372131,-0.7421761751174927,-0.10931994020938873,0.980418860912323,1.0,0.9781134128570557,-0.24901187419891357,-0.07705911993980408,0.0,-0.07468773424625397,-0.6468427777290344,-1.1429466009140015,-1.0,-1.129365086555481,-0.8360006213188171,-0.2781622111797333,0.0,-0.25079888105392456
29.76923076923077,1,1,1,0,False,-0.004641637206077576,-0.0005769743584096432,0.018669597804546356,0.08096789568662643,2.692789894354064e-05,1.150183379650116e-05,0.1461256891489029,-0.012783510610461235,-0.0018845879239961505,-1.145775318145752,-0.0005769743584096432,1.0345247983932495,0.004205962177366018,-0.4006447196006775,-0.0018059400608763099,2.911939859390259,-0.13585303723812103,0.9609253406524658,1.0,0.9727540612220764,0.11886560171842575,0.08214154094457626,0.0,0.035639215260744095,-0.32369622588157654,-1.0543311834335327,-1.0,-1.064710021018982,0.8985020518302917,-0.7546141147613525,-0.8499999642372131,-0.7421761751174927,-0.10936891287565231,0.9804245233535767,1.0,0.9781182408332825,-0.24904203414916992,-0.0770636647939682,0.0,-0.07469168305397034,-0.6468841433525085,-1.1429466009140015,-1.0,-1.129365086555481,-0.8359870314598083,-0.27816131711006165,0.0,-0.25079888105392456
29.846153846153847,1,1,1,0,False,-0.004641517996788025,-0.0005769747076556087,0.018669597804546356,0.08096715807914734,1.543560574646108e-05,1.4044344425201416e-05,0.14612974226474762,-0.012783024460077286,-0.0018845871090888977,-1.145775318145752,-0.0005769747076556087,1.0345247983932495,0.004205871839076281,-0.4006466865539551,-0.0018059012945741415,2.911939859390259,-0.13621117174625397,0.9609269499778748,1.0,0.9727593660354614,0.118776336312294,0.08214519917964935,0.0,0.03564168140292168,-0.3236788511276245,-1.0543359518051147,-1.0,-1.064714789390564,0.8985244035720825,-0.7546150088310242,-0.8499999642372131,-0.7421761751174927,-0.10936275124549866,0.98042893409729,1.0,0.9781215786933899,-0.24890561401844025,-0.0770665779709816,0.0,-0.07469281554222107,-0.6468177437782288,-1.142949104309082,-1.0,-1.129365086555481,-0.8360448479652405,-0.27815917134284973,0.0,-0.2507997751235962
29.923076923076923,1,1,1,0,False,-0.004641324281692505,-0.0005769566632807255,0.01866946369409561,0.08096642047166824,1.874569534265902e-05,1.0654330253601074e-05,0.1461363136768341,-0.012782283127307892,-0.0018845659215003252,-1.145775318145752,-0.0005769566632807255,1.0345247983932495,0.0042057158425450325,-0.4006466269493103,-0.001805916428565979,2.911940574645996,-0.13613608479499817,0.9609311819076538,1.0,0.9727617502212524,0.11868592351675034,0.08214722573757172,0.0,0.03564053028821945,-0.32361307740211487,-1.0543407201766968,-1.0,-1.064719557762146,0.8985126614570618,-0.7546162009239197,-0.8499999642372131,-0.7421761751174927,-0.10948295891284943,0.980431318283081,1.0,0.9781228303909302,-0.24891729652881622,-0.07706619054079056,0.0,-0.07469040155410767,-0.6467926502227783,-1.142953872680664,-1.0,-1.129365086555481,-0.8360336422920227,-0.2781580686569214,0.0,-0.2508021593093872
30.0,1,1,1,0,False,-0.004641219973564148,-0.0005768970004282892,0.018669404089450836,0.08096568286418915,1.2730314665532205e-05,1.0684598237276077e-05,0.14613986015319824,-0.012781898491084576,-0.0018845488084480166,-1.145775318145752,-0.0005768970004282892,1.0345247983932495,0.004205610603094101,-0.4006458520889282,-0.0018059391295537353,2.9119420051574707,-0.13605941832065582,0.9609341621398926,1.0,0.9727641344070435,0.11862250417470932,0.08214683085680008,0.0,0.03563447296619415,-0.3235524892807007,-1.0543454885482788,-1.0,-1.0647211074829102,0.8985095620155334,-0.7546176314353943,-0.8499999642372131,-0.7421761751174927,-0.10959373414516449,0.9804308414459229,1.0,0.978119969367981,-0.24898789823055267,-0.07706376165151596,0.0,-0.07468773424625397,-0.6467780470848083,-1.1429578065872192,-1.0,-1.129365086555481,-0.8360142111778259,-0.27815887331962585,0.0,-0.2508041262626648
30.07692307692308,1,1,1,0,False,-0.0046411603689193726,-0.0005768589326180518,0.01866937428712845,0.08096642047166824,2.219880661868956e-05,1.4225952327251434e-05,0.14614182710647583,-0.012781761586666107,-0.001884579542092979,-1.145775318145752,-0.0005768589326180518,1.0345247983932495,0.004205625504255295,-0.4006445109844208,-0.001805960084311664,2.911943197250366,-0.13612355291843414,0.9609383940696716,1.0,0.9727665185928345,0.11859529465436935,0.08214285969734192,0.0,0.03562508150935173,-0.3235330581665039,-1.0543458461761475,-1.0,-1.0647211074829102,0.8985232710838318,-0.7546197175979614,-0.8499999642372131,-0.7421761751174927,-0.10961208492517471,0.9804266691207886,1.0,0.9781134128570557,-0.24898749589920044,-0.07706204056739807,0.0,-0.07468712329864502,-0.646772027015686,-1.1429578065872192,-1.0,-1.129365086555481,-0.8360152244567871,-0.2781600058078766,0.0,-0.25080522894859314
30.153846153846157,1,1,1,0,False,-0.004641339182853699,-0.0005768982809968293,0.018669314682483673,0.08096715807914734,3.557852323865518e-05,1.319684088230133e-05,0.14613576233386993,-0.012782568112015724,-0.001884637982584536,-1.145775318145752,-0.0005768982809968293,1.0345247983932495,0.004205716773867607,-0.4006422758102417,-0.0018059988506138325,2.9119441509246826,-0.13608087599277496,0.9609431624412537,1.0,0.9727691411972046,0.11862444132566452,0.08213648200035095,0.0,0.0356152169406414,-0.3235366642475128,-1.0543458461761475,-1.0,-1.0647187232971191,0.8985267877578735,-0.7546217441558838,-0.8499999642372131,-0.7421761751174927,-0.10960923880338669,0.9804199934005737,1.0,0.9781062602996826,-0.24900752305984497,-0.07706217467784882,0.0,-0.0746883824467659,-0.6467871069908142,-1.1429578065872192,-1.0,-1.129365086555481,-0.8360077142715454,-0.27816087007522583,0.0,-0.25080522894859314
30.230769230769234,1,1,1,0,False,-0.0046415776014328,-0.000577008118852973,0.01866907626390457,0.08096789568662643,4.5114145905245095e-05,1.3136304914951324e-05,0.14612773060798645,-0.012783510610461235,-0.0018847077153623104,-1.145775318145752,-0.000577008118852973,1.0345247983932495,0.004205865319818258,-0.4006417989730835,-0.0018060620641335845,2.91194486618042,-0.1361238807439804,0.9609466791152954,1.0,0.9727715253829956,0.11866442114114761,0.08212871104478836,0.0,0.035607703030109406,-0.32355549931526184,-1.054342269897461,-1.0,-1.0647153854370117,0.8985344767570496,-0.7546221017837524,-0.8499999642372131,-0.7421761751174927,-0.10958319902420044,0.980413019657135,1.0,0.9780991673469543,-0.24896977841854095,-0.07706353813409805,0.0,-0.07468997687101364,-0.6467971205711365,-1.1429578065872192,-1.0,-1.129365086555481,-0.8360044360160828,-0.27816087007522583,0.0,-0.25080516934394836
30.30769230769231,1,1,1,0,False,-0.004641890525817871,-0.0005771580617874861,0.01866898685693741,0.08096937090158463,3.587478931876831e-05,1.3560056686401367e-05,0.14611712098121643,-0.012784806080162525,-0.0018847513711079955,-1.145775318145752,-0.0005771580617874861,1.0345247983932495,0.004206027835607529,-0.40064650774002075,-0.0018061241135001183,2.911945343017578,-0.13617061078548431,0.9609499573707581,1.0,0.9727741479873657,0.11870866268873215,0.0821218267083168,0.0,0.035604096949100494,-0.3235674798488617,-1.0543413162231445,-1.0,-1.0647153854370117,0.8985397815704346,-0.7546223998069763,-0.8499999642372131,-0.7421761751174927,-0.10953988879919052,0.9804072380065918,1.0,0.9780944585800171,-0.24892787635326385,-0.0770648941397667,0.0,-0.07469073683023453,-0.6468047499656677,-1.1429578065872192,-1.0,-1.129365086555481,-0.8360123038291931,-0.2781601846218109,0.0,-0.25080406665802
30.384615384615387,1,1,1,0,False,-0.004642054438591003,-0.0005772630102001131,0.018669001758098602,0.08097010850906372,2.4923032469814643e-05,1.1350493878126144e-05,0.14611154794692993,-0.012785437516868114,-0.0018847935134544969,-1.145775318145752,-0.0005772630102001131,1.0345247983932495,0.004206114448606968,-0.40064966678619385,-0.0018061802256852388,2.9119458198547363,-0.1361882984638214,0.9609524607658386,1.0,0.9727771878242493,0.11873464286327362,0.08211711049079895,0.0,0.03560439124703407,-0.3235422372817993,-1.0543413162231445,-1.0,-1.0647153854370117,0.8985370397567749,-0.7546214461326599,-0.8499999642372131,-0.7421761751174927,-0.10954683274030685,0.9804036617279053,1.0,0.9780920743942261,-0.24888300895690918,-0.07706493884325027,0.0,-0.07468970119953156,-0.6468117237091064,-1.1429578065872192,-1.0,-1.129365086555481,-0.8360201120376587,-0.2781589925289154,0.0,-0.2508028745651245
30.461538461538463,1,1,1,0,False,-0.004642099142074585,-0.0005773145239800215,0.018669046461582184,0.08096937090158463,1.5766532669658773e-05,1.1622905731201172e-05,0.14611007273197174,-0.012785459868609905,-0.0018848119070753455,-1.145775318145752,-0.0005773145239800215,1.0345247983932495,0.004206090699881315,-0.40065354108810425,-0.0018062213202938437,2.9119462966918945,-0.13612985610961914,0.960955023765564,1.0,0.9727796912193298,0.11872203648090363,0.08211471885442734,0.0,0.0356072373688221,-0.32349443435668945,-1.0543413162231445,-1.0,-1.0647153854370117,0.8985284566879272,-0.7546190619468689,-0.8499999642372131,-0.7421761751174927,-0.10959869623184204,0.9804011583328247,1.0,0.9780896902084351,-0.24883703887462616,-0.07706297188997269,0.0,-0.07468641549348831,-0.6468195915222168,-1.1429578065872192,-1.0,-1.129365086555481,-0.8360108733177185,-0.2781578004360199,0.0,-0.250802218914032
30.53846153846154,1,1,1,0,False,-0.004642069339752197,-0.0005773530574515462,0.018669135868549347,0.08096789568662643,1.025958226819057e-05,1.7918646335601807e-05,0.1461111158132553,-0.01278513390570879,-0.001884873490780592,-1.145775318145752,-0.0005773530574515462,1.0345247983932495,0.004206056706607342,-0.40065574645996094,-0.0018062731251120567,2.9119467735290527,-0.13629157841205597,0.9609575271606445,1.0,0.9727799296379089,0.1186939999461174,0.08211416006088257,0.0,0.03561012074351311,-0.3234652876853943,-1.0543413162231445,-1.0,-1.064712643623352,0.8985525369644165,-0.7546166777610779,-0.8499999642372131,-0.7421761751174927,-0.10958123207092285,0.9803987741470337,1.0,0.978087306022644,-0.24881280958652496,-0.07705911993980408,0.0,-0.07468120753765106,-0.6467868685722351,-1.1429578065872192,-1.0,-1.129365086555481,-0.8360262513160706,-0.27815669775009155,0.0,-0.2508021593093872
30.615384615384617,1,1,1,0,False,-0.004642069339752197,-0.000577340426389128,0.018669240176677704,0.08096789568662643,8.225400051742326e-06,9.080395102500916e-06,0.1461111158132553,-0.012785051017999649,-0.0018848347244784236,-1.145775318145752,-0.000577340426389128,1.0345247983932495,0.004206044599413872,-0.40065574645996094,-0.001806281739845872,2.911947011947632,-0.13628822565078735,0.96095871925354,1.0,0.9727758765220642,0.11868371069431305,0.0821143165230751,0.0,0.03561118245124817,-0.3234412670135498,-1.0543413162231445,-1.0,-1.06470787525177,0.8985617756843567,-0.7546142935752869,-0.8499999642372131,-0.7421761751174927,-0.10959016531705856,0.9803964495658875,1.0,0.9780858755111694,-0.24886512756347656,-0.07705356925725937,0.0,-0.074675053358078,-0.646773636341095,-1.1429578065872192,-1.0,-1.129365086555481,-0.8360052108764648,-0.27815699577331543,0.0,-0.2508021593093872
30.692307692307693,1,1,1,0,False,-0.004641994833946228,-0.0005772340809926391,0.018669016659259796,0.08096715807914734,1.4293788808572572e-05,1.210719347000122e-05,0.14611363410949707,-0.012784694321453571,-0.001884832396171987,-1.145775318145752,-0.0005772340809926391,1.0345247983932495,0.004206062760204077,-0.40065473318099976,-0.0018062565941363573,2.911947011947632,-0.13628000020980835,0.960956335067749,1.0,0.9727711081504822,0.11871135979890823,0.08211447298526764,0.0,0.03561127185821533,-0.32346343994140625,-1.054336667060852,-1.0,-1.064703106880188,0.8985625505447388,-0.7546135187149048,-0.8499999642372131,-0.7421761751174927,-0.10955625772476196,0.980396032333374,1.0,0.9780858755111694,-0.24894823133945465,-0.07704856246709824,0.0,-0.07467164844274521,-0.6467787623405457,-1.1429578065872192,-1.0,-1.129365086555481,-0.8359898328781128,-0.27815818786621094,0.0,-0.2508021593093872
30.76923076923077,1,1,1,0,False,-0.004642099142074585,-0.0005772144650109112,0.01866903156042099,0.08096863329410553,2.5756067770998925e-05,8.959323167800903e-06,0.14611007273197174,-0.01278519444167614,-0.0018848166801035404,-1.145775318145752,-0.0005772144650109112,1.0345247983932495,0.004206197801977396,-0.4006524384021759,-0.0018062284216284752,2.9119465351104736,-0.13619571924209595,0.960951566696167,1.0,0.9727663397789001,0.11877673864364624,0.08211508393287659,0.0,0.0356123149394989,-0.32351651787757874,-1.05433189868927,-1.0,-1.0647002458572388,0.8985626101493835,-0.7546135187149048,-0.8499999642372131,-0.7421761751174927,-0.10948378592729568,0.980396032333374,1.0,0.9780863523483276,-0.248973086476326,-0.07704684138298035,0.0,-0.0746723935008049,-0.6468210816383362,-1.142953872680664,-1.0,-1.129365086555481,-0.8359756469726562,-0.27815937995910645,0.0,-0.2508009970188141
30.846153846153847,1,1,1,0,False,-0.004642203450202942,-0.0005772382719442248,0.018668942153453827,0.08097158372402191,3.056952846236527e-05,7.748603820800781e-06,0.14610649645328522,-0.01278579793870449,-0.001884814235381782,-1.145775318145752,-0.0005772382719442248,1.0345247983932495,0.004206270910799503,-0.4006505608558655,-0.0018062153831124306,2.9119458198547363,-0.13618727028369904,0.9609466791152954,1.0,0.97276371717453,0.11882660537958145,0.08211705088615417,0.0,0.035616181790828705,-0.3235747814178467,-1.0543278455734253,-1.0,-1.0647002458572388,0.8985546827316284,-0.7546135187149048,-0.8499999642372131,-0.7421761751174927,-0.10940089076757431,0.9803977012634277,1.0,0.9780896306037903,-0.24897678196430206,-0.07704858481884003,0.0,-0.07467582821846008,-0.6468387246131897,-1.1429522037506104,-1.0,-1.129365086555481,-0.8359873294830322,-0.27816036343574524,0.0,-0.2507998049259186
30.923076923076923,1,1,1,0,False,-0.0046422481536865234,-0.0005772613221779466,0.01866891235113144,0.08097010850906372,2.7006526579498313e-05,9.685754776000977e-06,0.14610503613948822,-0.012785889208316803,-0.001884757773950696,-1.145775318145752,-0.0005772613221779466,1.0345247983932495,0.0042062923312187195,-0.40064769983291626,-0.0018061447190120816,2.911945343017578,-0.13611982762813568,0.9609419107437134,1.0,0.9727631211280823,0.11888624727725983,0.08212094008922577,0.0,0.035622820258140564,-0.3236154615879059,-1.0543278455734253,-1.0,-1.0647027492523193,0.8985390663146973,-0.7546135187149048,-0.8499999642372131,-0.7421761751174927,-0.10935390740633011,0.9804018139839172,1.0,0.9780949950218201,-0.24895977973937988,-0.07705198228359222,0.0,-0.07467947155237198,-0.646862268447876,-1.1429522037506104,-1.0,-1.129365086555481,-0.8359952569007874,-0.27815961837768555,0.0,-0.25079861283302307
31.0,1,1,1,0,False,-0.004642114043235779,-0.0005771954311057925,0.018668927252292633,0.08097010850906372,3.510036913212389e-05,1.1380761861801147e-05,0.14610958099365234,-0.012785340659320354,-0.001884732162579894,-1.145775318145752,-0.0005771954311057925,1.034521222114563,0.004206228069961071,-0.4006456136703491,-0.0018060760339722037,2.911945104598999,-0.13612474501132965,0.960939347743988,1.0,0.9727646112442017,0.11886988580226898,0.08212663233280182,0.0,0.03563109412789345,-0.3236277103424072,-1.0543286800384521,-1.0,-1.0647075176239014,0.8985289335250854,-0.7546135187149048,-0.8499999642372131,-0.7421761751174927,-0.10936176031827927,0.9804078340530396,1.0,0.9781021475791931,-0.2489115446805954,-0.07705472409725189,0.0,-0.07468115538358688,-0.646856427192688,-1.1429522037506104,-1.0,-1.129365086555481,-0.8360111117362976,-0.2781582474708557,0.0,-0.25079840421676636
31.07692307692308,1,1,1,0,False,-0.004641905426979065,-0.0005771560245193541,0.01866915076971054,0.08096863329410553,3.808602559729479e-05,1.6707926988601685e-05,0.14611659944057465,-0.012784463353455067,-0.0018846929306164384,-1.145775318145752,-0.0005771560245193541,1.034521222114563,0.004206066485494375,-0.40064406394958496,-0.001806064392440021,2.911945343017578,-0.13607487082481384,0.9609388709068298,1.0,0.97276771068573,0.11882278323173523,0.08213341236114502,0.0,0.03563828766345978,-0.3235972821712494,-1.0543334484100342,-1.0,-1.0647122859954834,0.8985183835029602,-0.7546135187149048,-0.8499999642372131,-0.7421761751174927,-0.10943052172660828,0.9804141521453857,1.0,0.9781076908111572,-0.24888458847999573,-0.07705561816692352,0.0,-0.07468083500862122,-0.6468514204025269,-1.1429529190063477,-1.0,-1.129365086555481,-0.8360176682472229,-0.27815699577331543,0.0,-0.2507988512516022
31.153846153846157,1,1,1,0,False,-0.004641637206077576,-0.0005770623683929443,0.01866907626390457,0.08096715807914734,2.546679570514243e-05,1.101754605770111e-05,0.14612571895122528,-0.012783341109752655,-0.00188465288374573,-1.145775318145752,-0.0005770623683929443,1.034521222114563,0.004205909091979265,-0.4006420969963074,-0.0018060102593153715,2.9119460582733154,-0.1359197348356247,0.9609410762786865,1.0,0.972772479057312,0.11877984553575516,0.08213935792446136,0.0,0.035641808062791824,-0.32356899976730347,-1.0543382167816162,-1.0,-1.0647145509719849,0.8985024094581604,-0.7546135187149048,-0.8499999642372131,-0.7421761751174927,-0.10952585935592651,0.9804183840751648,1.0,0.9781102538108826,-0.24892009794712067,-0.07705456763505936,0.0,-0.07467873394489288,-0.6468534469604492,-1.142957329750061,-1.0,-1.129365086555481,-0.836006224155426,-0.27815577387809753,0.0,-0.2508000433444977
31.230769230769234,1,1,1,0,False,-0.004641488194465637,-0.0005769935087300837,0.018669240176677704,0.08096642047166824,1.1365417776687536e-05,1.1865049600601196e-05,0.14613077044487,-0.012782695703208447,-0.0018846119055524468,-1.145775318145752,-0.0005769935087300837,1.034521222114563,0.00420576985925436,-0.4006410241127014,-0.0018060245783999562,2.9119465351104736,-0.13605932891368866,0.960945725440979,1.0,0.972777247428894,0.118714340031147,0.08214250206947327,0.0,0.03564095124602318,-0.32355162501335144,-1.0543417930603027,-1.0,-1.0647145509719849,0.8985185623168945,-0.7546135187149048,-0.8499999642372131,-0.7421761751174927,-0.10954830050468445,0.9804193377494812,1.0,0.9781091213226318,-0.24889713525772095,-0.07705235481262207,0.0,-0.07467614114284515,-0.6468201875686646,-1.1429575681686401,-1.0,-1.129365086555481,-0.8360211253166199,-0.2781544625759125,0.0,-0.2508012354373932
31.30769230769231,1,1,1,0,False,-0.004641398787498474,-0.00057692063273862,0.018669165670871735,0.08096715807914734,1.0904830560320988e-05,1.259148120880127e-05,0.14613379538059235,-0.0127824442461133,-0.0018846327438950539,-1.145775318145752,-0.00057692063273862,1.034521222114563,0.004205790814012289,-0.4006393551826477,-0.0018060487927868962,2.911947011947632,-0.13611282408237457,0.960950493812561,1.0,0.972780168056488,0.11864324659109116,0.08214250952005386,0.0,0.03563635051250458,-0.32353708148002625,-1.0543417930603027,-1.0,-1.0647145509719849,0.8985241651535034,-0.754615306854248,-0.8499999642372131,-0.7421761751174927,-0.10958259552717209,0.9804175496101379,1.0,0.9781061410903931,-0.24889525771141052,-0.07705014944076538,0.0,-0.07467449456453323,-0.6468002796173096,-1.1429575681686401,-1.0,-1.129365086555481,-0.836020827293396,-0.2781544327735901,0.0,-0.2508024275302887
31.384615384615387,1,1,1,0,False,-0.004641473293304443,-0.0005769503768533468,0.01866910606622696,0.08096715807914734,1.841869561758358e-05,1.695007085800171e-05,0.14613127708435059,-0.012782782316207886,-0.0018846552120521665,-1.145775318145752,-0.0005769503768533468,1.034521222114563,0.00420585460960865,-0.40063875913619995,-0.0018060607835650444,2.911947250366211,-0.13607077300548553,0.9609552621841431,1.0,0.972782552242279,0.11862903088331223,0.08214017748832703,0.0,0.03562900796532631,-0.3235456049442291,-1.0543417930603027,-1.0,-1.0647145509719849,0.8985275626182556,-0.7546175122261047,-0.8499999642372131,-0.7421761751174927,-0.10958804935216904,0.9804137349128723,1.0,0.978101372718811,-0.24892503023147583,-0.07704917341470718,0.0,-0.07467423379421234,-0.6468015909194946,-1.1429575681686401,-1.0,-1.129365086555481,-0.8360117673873901,-0.2781556248664856,0.0,-0.2508033514022827
31.461538461538463,1,1,1,0,False,-0.0046416521072387695,-0.0005770010175183415,0.018669061362743378,0.08096715807914734,2.6579020413919352e-05,1.3136304914951324e-05,0.14612524211406708,-0.012783528305590153,-0.0018846850143745542,-1.145775318145752,-0.0005770010175183415,1.034521222114563,0.004205948207527399,-0.40063732862472534,-0.0018060909351333976,2.91194748878479,-0.13604308664798737,0.9609600305557251,1.0,0.9727849364280701,0.11863698810338974,0.08213578164577484,0.0,0.03562071546912193,-0.32355159521102905,-1.0543417930603027,-1.0,-1.0647145509719849,0.8985251784324646,-0.7546192407608032,-0.8499999642372131,-0.7421761751174927,-0.10958947986364365,0.9804092645645142,1.0,0.978096604347229,-0.24895091354846954,-0.07704924792051315,0.0,-0.07467495650053024,-0.6468027830123901,-1.1429575681686401,-1.0,-1.129365086555481,-0.8360064029693604,-0.2781568169593811,0.0,-0.2508033514022827
31.53846153846154,1,1,1,0,False,-0.0046418458223342896,-0.0005771049181930721,0.01866907626390457,0.08096789568662643,3.0871688068145886e-05,1.3015232980251312e-05,0.1461186408996582,-0.01278433483093977,-0.001884740893729031,-1.145775318145752,-0.0005771049181930721,1.034521222114563,0.00420605530962348,-0.40063631534576416,-0.0018061373848468065,2.911947727203369,-0.13607539236545563,0.9609646797180176,1.0,0.9727863073348999,0.11864479631185532,0.08212996274232864,0.0,0.035613302141427994,-0.3235466480255127,-1.0543417930603027,-1.0,-1.0647145509719849,0.8985284566879272,-0.754619836807251,-0.8499999642372131,-0.7421761751174927,-0.10958351194858551,0.9804046750068665,1.0,0.9780924916267395,-0.2489217072725296,-0.07704997807741165,0.0,-0.0746757835149765,-0.646803081035614,-1.1429575681686401,-1.0,-1.129365086555481,-0.8360030055046082,-0.27815788984298706,0.0,-0.2508033514022827
31.615384615384617,1,1,1,0,False,-0.004641994833946228,-0.000577195140067488,0.01866907626390457,0.08096789568662643,2.7562520699575543e-05,1.7101410776376724e-05,0.14611361920833588,-0.012784906663000584,-0.001884780707769096,-1.145775318145752,-0.000577195140067488,1.034521222114563,0.0042061093263328075,-0.40063583850860596,-0.0018061873270198703,2.9119479656219482,-0.1360880434513092,0.9609670639038086,1.0,0.9727871417999268,0.11866961419582367,0.08212386071681976,0.0,0.03560807928442955,-0.3235454559326172,-1.0543417930603027,-1.0,-1.0647145509719849,0.8985266089439392,-0.7546200752258301,-0.8499999642372131,-0.7421761751174927,-0.10958072543144226,0.980401873588562,1.0,0.9780901074409485,-0.24891360104084015,-0.07705078274011612,0.0,-0.0746764987707138,-0.6468034982681274,-1.1429575681686401,-1.0,-1.129365086555481,-0.8360007405281067,-0.2781582772731781,0.0,-0.2508026957511902
31.692307692307693,1,1,1,0,False,-0.004642099142074585,-0.0005772617878392339,0.01866907626390457,0.08096863329410553,2.0029396182508208e-05,1.5920959413051605e-05,0.14611007273197174,-0.012785336002707481,-0.0018848320469260216,-1.145775318145752,-0.0005772617878392339,1.034521222114563,0.0042061456479132175,-0.400637686252594,-0.0018062252784147859,2.9119482040405273,-0.13607315719127655,0.9609694480895996,1.0,0.9727880954742432,0.11868457496166229,0.08211882412433624,0.0,0.035605501383543015,-0.3235054016113281,-1.0543417930603027,-1.0,-1.0647145509719849,0.8985256552696228,-0.7546200752258301,-0.8499999642372131,-0.7421761751174927,-0.1095980778336525,0.9803994297981262,1.0,0.9780877232551575,-0.24887077510356903,-0.07705124467611313,0.0,-0.07467672973871231,-0.6468172669410706,-1.1429575681686401,-1.0,-1.129365086555481,-0.8359969258308411,-0.2781582772731781,0.0,-0.2508015036582947
31.76923076923077,1,1,1,0,False,-0.004642173647880554,-0.0005773291341029108,0.018669135868549347,0.08096863329410553,1.1859010555781424e-05,7.748603820800781e-06,0.14610755443572998,-0.01278556976467371,-0.0018848649924620986,-1.145775318145752,-0.0005773291341029108,1.034521222114563,0.004206171724945307,-0.40064042806625366,-0.0018062697490677238,2.9119484424591064,-0.13610592484474182,0.9609717130661011,1.0,0.9727869629859924,0.11872467398643494,0.08211537450551987,0.0,0.035605091601610184,-0.32350561022758484,-1.0543417930603027,-1.0,-1.0647128820419312,0.8985394835472107,-0.7546185255050659,-0.8499999642372131,-0.7421761751174927,-0.10955999046564102,0.9803972840309143,1.0,0.9780867695808411,-0.24889352917671204,-0.07705093175172806,0.0,-0.07467535138130188,-0.6468108892440796,-1.1429575681686401,-1.0,-1.129365086555481,-0.8359963297843933,-0.27815788984298706,0.0,-0.2508011758327484
31.846153846153847,1,1,1,0,False,-0.004642173647880554,-0.0005773230805061758,0.018669046461582184,0.08096937090158463,5.553178652917268e-06,8.959323167800903e-06,0.14610755443572998,-0.0127855334430933,-0.0018848616164177656,-1.145775318145752,-0.0005773230805061758,1.034521222114563,0.004206134006381035,-0.4006434381008148,-0.0018062770832329988,2.9119484424591064,-0.1362641304731369,0.960970938205719,1.0,0.972782552242279,0.11870858073234558,0.08211323618888855,0.0,0.03560594096779823,-0.3234596848487854,-1.054338812828064,-1.0,-1.0647081136703491,0.8985562324523926,-0.7546161413192749,-0.8499999642372131,-0.7421761751174927,-0.10955200344324112,0.9803969264030457,1.0,0.9780867695808411,-0.2488986700773239,-0.07704915851354599,0.0,-0.07467304170131683,-0.6467814445495605,-1.1429575681686401,-1.0,-1.129365086555481,-0.8359987139701843,-0.2781583070755005,0.0,-0.2508011758327484
31.923076923076923,1,1,1,0,False,-0.0046421438455581665,-0.0005772653385065496,0.01866883784532547,0.08096937090158463,1.949067518580705e-05,8.293427526950836e-06,0.14610856771469116,-0.012785387225449085,-0.0018848722102120519,-1.145775318145752,-0.0005772653385065496,1.034521222114563,0.004206192679703236,-0.4006448984146118,-0.001806296524591744,2.9119484424591064,-0.13631393015384674,0.9609673619270325,1.0,0.9727762937545776,0.11872220039367676,0.08211249858140945,0.0,0.03560740128159523,-0.32344797253608704,-1.054334044456482,-1.0,-1.064703345298767,0.8985669016838074,-0.7546147704124451,-0.8499999642372131,-0.7421761751174927,-0.1095200628042221,0.9803968667984009,1.0,0.9780867695808411,-0.2489367425441742,-0.0770474374294281,0.0,-0.07467205077409744,-0.6467788219451904,-1.1429575681686401,-1.0,-1.129365086555481,-0.835992693901062,-0.278159499168396,0.0,-0.2508011758327484
32.0,1,1,1,0,False,-0.004642188549041748,-0.0005772322183474898,0.01866888254880905,0.08096937090158463,3.310395550215617e-05,1.7192214727401733e-05,0.14610707759857178,-0.012785538099706173,-0.001884839846752584,-1.145775318145752,-0.0005772322183474898,1.034521222114563,0.0042062727734446526,-0.4006471633911133,-0.0018062914023175836,2.9119482040405273,-0.1363319754600525,0.9609605669975281,1.0,0.9727691411972046,0.118769571185112,0.08211325109004974,0.0,0.035609714686870575,-0.3234776556491852,-1.0543292760849,-1.0,-1.064698576927185,0.8985738754272461,-0.7546139359474182,-0.8499999642372131,-0.7421761751174927,-0.10945595055818558,0.9803975820541382,1.0,0.9780887961387634,-0.24898454546928406,-0.07704736292362213,0.0,-0.07467333972454071,-0.6467902660369873,-1.1429539918899536,-1.0,-1.129365086555481,-0.8359898924827576,-0.2781607210636139,0.0,-0.2508002817630768
32.07692307692308,0,1,4,0,False,-0.004713296890258789,-0.0005827050772495568,0.018646039068698883,0.0811225101351738,0.016984567046165466,0.00015394296497106552,0.1437169909477234,0.1210542768239975,-0.0018833938520401716,-1.14475679397583,-0.0005827050772495568,1.035950779914856,0.004267353564500809,-0.4006669521331787,-0.0018042457522824407,2.9118025302886963,0.7425916194915771,0.9617340564727783,0.9727727770805359,0.9847618937492371,-0.38736075162887573,0.08065676689147949,0.035604946315288544,0.026741791516542435,0.6152316927909851,-1.053324818611145,-1.0646898746490479,-1.0586309432983398,0.6398051381111145,-0.7544208765029907,-0.7420767545700073,-0.7365384101867676,-0.6487240195274353,0.9775831699371338,0.9780917167663574,0.9687857031822205,0.4203961491584778,-0.07299958169460297,-0.07466334104537964,-0.06324317306280136,0.23015627264976501,-1.1430879831314087,-1.129347801208496,-1.126948595046997,-0.5276753902435303,-0.2796630859375,-0.25076669454574585,-0.2635657489299774
32.15384615384615,0,1,4,0,False,-0.005031421780586243,-0.0005890703178010881,0.018522463738918304,0.08187590539455414,0.06519804894924164,5.9052836149930954e-05,0.1333717703819275,0.12038344144821167,-0.0018843177240341902,-1.140092372894287,-0.0005890703178010881,1.0434352159500122,0.004575247410684824,-0.40069007873535156,-0.0017995943780988455,2.9114763736724854,0.7421965599060059,0.9671815633773804,0.9727897644042969,1.0081783533096313,-0.24421921372413635,0.072078175842762,0.035582706332206726,0.009973553009331226,0.6721615791320801,-1.047004222869873,-1.0646494626998901,-1.0416587591171265,0.7255523204803467,-0.7527401447296143,-0.7416132688522339,-0.724181592464447,-0.7647885084152222,0.9639040231704712,0.9781054258346558,0.9479060173034668,0.5546218156814575,-0.0575607605278492,-0.07461670786142349,-0.04163507744669914,0.15163959562778473,-1.1429659128189087,-1.1292669773101807,-1.120632290840149,-0.563940167427063,-0.28648558259010315,-0.2506100535392761,-0.288957804441452
32.23076923076923,0,1,4,0,False,-0.005350619554519653,-0.0004969811998307705,0.018361635506153107,0.08186205476522446,0.10363180935382843,3.8440339267253876e-05,0.12358521670103073,0.11972028762102127,-0.0018846637103706598,-1.1317694187164307,-0.0004969811998307705,1.0554441213607788,0.004992289934307337,-0.40069717168807983,-0.0017952545313164592,2.9107673168182373,0.8024650812149048,0.9784950613975525,0.9728295207023621,1.0333679914474487,-0.18836002051830292,0.056714978069067,0.03553072363138199,-0.002725709928199649,0.7603310346603394,-1.0334452390670776,-1.064555048942566,-1.0190719366073608,0.7203225493431091,-0.7457598447799683,-0.7405298352241516,-0.7097700834274292,-0.8619706630706787,0.9421038031578064,0.9781373739242554,0.9221976399421692,0.7263695001602173,-0.03405466675758362,-0.0745076984167099,-0.013053405098617077,0.0579170286655426,-1.1422752141952515,-1.1290781497955322,-1.1157907247543335,-0.6284438371658325,-0.29852235317230225,-0.2502439320087433,-0.31755825877189636
32.30769230769231,0,1,4,0,False,-0.005432754755020142,-0.00028469323297031224,0.01823475956916809,0.07972021400928497,0.12181371450424194,0.0001339055597782135,0.12118665128946304,0.11948472261428833,-0.001889181905426085,-1.1208596229553223,-0.00028469323297031224,1.068599820137024,0.005296334624290466,-0.4006938338279724,-0.0018022950971499085,2.9097542762756348,0.8390260338783264,0.9944701790809631,0.9729001522064209,1.0572303533554077,-0.17935346066951752,0.03857661411166191,0.035438355058431625,-0.010229908861219883,0.8023069500923157,-1.016377568244934,-1.0643872022628784,-0.995370090007782,0.6504356861114502,-0.733305037021637,-0.738604724407196,-0.6967229843139648,-0.9014375805854797,0.9170119166374207,0.9781942367553711,0.8958672881126404,0.7782899737358093,-0.004184236284345388,-0.07431400567293167,0.02010217308998108,0.020087985321879387,-1.1434035301208496,-1.1287425756454468,-1.114322543144226,-0.6764293909072876,-0.31597328186035156,-0.24959340691566467,-0.34590139985084534
32.38461538461539,0,1,4,0,False,-0.0052436888217926025,-4.484638338908553e-06,0.018019072711467743,0.07566619664430618,0.1287822425365448,0.00646606832742691,0.12683165073394775,0.11920733004808426,-0.0018963799811899662,-1.1089365482330322,-4.484638338908553e-06,1.0783993005752563,0.005389687605202198,-0.40068942308425903,-0.0018266730476170778,2.909414529800415,0.8467219471931458,1.0145220756530762,0.9730086326599121,1.0780965089797974,-0.10673168301582336,0.019062606617808342,0.03529650345444679,-0.013683754950761795,0.839683473110199,-0.9969918131828308,-1.0641294717788696,-0.9733567833900452,0.5877979397773743,-0.7164661884307861,-0.7356482148170471,-0.6869984865188599,-0.9157045483589172,0.8925331234931946,0.9782814979553223,0.8719642758369446,0.7756098508834839,0.02787761203944683,-0.07401654124259949,0.052084870636463165,-0.0018759886734187603,-1.1486226320266724,-1.1282272338867188,-1.1151659488677979,-0.7009024024009705,-0.3391663730144501,-0.24859432876110077,-0.3719261884689331
32.46153846153846,0,1,4,0,False,-0.0053802356123924255,2.696433057280956e-06,0.01774885505437851,0.07251866906881332,0.10828007757663727,0.005278290715068579,0.12273514270782471,0.11940600723028183,-0.0019091430585831404,-1.098123550415039,2.696433057280956e-06,1.0831469297409058,0.005501978565007448,-0.4006844460964203,-0.0018736857455223799,2.9109086990356445,0.8632577657699585,1.0386513471603394,0.9731608033180237,1.0952287912368774,-0.1235603541135788,0.0008129162015393376,0.035097528249025345,-0.013014153577387333,0.8421489000320435,-0.9792011380195618,-1.0637680292129517,-0.9542809724807739,0.5936649441719055,-0.6976648569107056,-0.7315012216567993,-0.6803187727928162,-0.8998356461524963,0.8706137537956238,0.9784039258956909,0.8521696329116821,0.7610023617744446,0.05752095580101013,-0.07359928637742996,0.07923149317502975,-0.08168390393257141,-1.1581298112869263,-1.1275043487548828,-1.1177772283554077,-0.7013931274414062,-0.3644459843635559,-0.24719293415546417,-0.39431172609329224
32.53846153846154,0,1,4,0,False,-0.005420476198196411,-1.0267173820466269e-05,0.01739244908094406,0.06939368695020676,0.07296446710824966,0.004111817572265863,0.12154734134674072,0.1193041279911995,-0.001812549540773034,-1.0884335041046143,-1.0267173820466269e-05,1.0854698419570923,0.005543265026062727,-0.4006757140159607,-0.0019264667062088847,2.913085699081421,0.8870140314102173,1.060699462890625,0.9733614325523376,1.1090461015701294,-0.1960328072309494,-0.007718217093497515,0.03483519330620766,-0.011468186043202877,0.8653871417045593,-0.9648699164390564,-1.063291311264038,-0.9384957551956177,0.6201076507568359,-0.6816829442977905,-0.726033627986908,-0.6753580570220947,-0.8740081191062927,0.8528417348861694,0.9785653948783875,0.8371158242225647,0.7520415782928467,0.08225810527801514,-0.07304917275905609,0.10058842599391937,-0.18754661083221436,-1.1685657501220703,-1.1265513896942139,-1.121625542640686,-0.7161705493927002,-0.3853260278701782,-0.2453453093767166,-0.4128877818584442
32.61538461538462,0,1,4,0,False,-0.005421653389930725,-4.103755600226577e-06,0.016937680542469025,0.0672546923160553,0.049004826694726944,0.0018976815044879913,0.12151271849870682,0.11893239617347717,-0.0017807030817493796,-1.0800271034240723,-4.103755600226577e-06,1.085323452949524,0.0055421823635697365,-0.4006722569465637,-0.0019609604496508837,2.9153592586517334,0.9006325006484985,1.0798439979553223,0.9736142158508301,1.120299220085144,-0.24341219663619995,-0.010862207971513271,0.034504592418670654,-0.012357097119092941,0.8728135228157043,-0.9519977569580078,-1.0626907348632812,-0.9261411428451538,0.6257007122039795,-0.6709344387054443,-0.719143271446228,-0.6704070568084717,-0.861641526222229,0.8398398160934448,0.9787687659263611,0.8265749216079712,0.7317417860031128,0.10110341012477875,-0.07235591113567352,0.11595895141363144,-0.13899216055870056,-1.1777244806289673,-1.1253503561019897,-1.1272823810577393,-0.721267580986023,-0.403297483921051,-0.24301688373088837,-0.4269694685935974
32.69230769230769,0,1,4,0,False,-0.00543232262134552,-4.69512229983593e-07,0.01653469353914261,0.06608443707227707,0.051815398037433624,0.0013415254652500153,0.1211993396282196,0.11845085024833679,-0.0017808388220146298,-1.0728726387023926,-4.69512229983593e-07,1.0846494436264038,0.005556687247008085,-0.4006674289703369,-0.0019772874657064676,2.917470932006836,0.9053652882575989,1.0964535474777222,0.9739220142364502,1.1293762922286987,-0.2683851718902588,-0.012829357758164406,0.03410208970308304,-0.0158592090010643,0.8814230561256409,-0.9400191307067871,-1.0619593858718872,-0.9167553782463074,0.6244310736656189,-0.6637077927589417,-0.7107542753219604,-0.665115475654602,-0.8474261164665222,0.8309786915779114,0.9790164828300476,0.8196930885314941,0.7237767577171326,0.11449216306209564,-0.07151185721158981,0.12629543244838715,-0.035158149898052216,-1.1841791868209839,-1.1238881349563599,-1.1317896842956543,-0.7374701499938965,-0.4188477098941803,-0.240182027220726,-0.43721672892570496
32.769230769230774,0,1,4,0,False,-0.005437873303890228,-2.1980999918014277e-06,0.016296938061714172,0.06544409692287445,0.060532346367836,0.0009071328677237034,0.12103655934333801,0.11804845929145813,-0.0017842329107224941,-1.067110300064087,-2.1980999918014277e-06,1.0831173658370972,0.005559692624956369,-0.40066564083099365,-0.0019857962615787983,2.9194273948669434,0.918226420879364,1.1111472845077515,0.974286675453186,1.1366474628448486,-0.3393217921257019,-0.015153756365180016,0.03362523391842842,-0.022060763090848923,0.8990926742553711,-0.9296184778213501,-1.0610929727554321,-0.9096643924713135,0.6056012511253357,-0.6581501364707947,-0.7008156776428223,-0.6594703793525696,-0.8467042446136475,0.8253621459007263,0.9793098568916321,0.8155276775360107,0.727241575717926,0.12349654734134674,-0.07051189243793488,0.1331605166196823,-0.12417171895503998,-1.1875678300857544,-1.122155785560608,-1.135027527809143,-0.7392022609710693,-0.43137866258621216,-0.23682352900505066,-0.4444274604320526
32.84615384615385,0,1,4,0,False,-0.005399331450462341,-4.122149732666003e-07,0.01623694598674774,0.06490413844585419,0.07260177284479141,0.0015878865960985422,0.12217036634683609,0.11771024018526077,-0.0017791643040254712,-1.062774658203125,-4.122149732666003e-07,1.0812419652938843,0.00552798667922616,-0.40066444873809814,-0.0019900985062122345,2.9210262298583984,0.9261787533760071,1.1244136095046997,0.9747092127799988,1.1425071954727173,-0.36746394634246826,-0.018964381888508797,0.033072713762521744,-0.03083506040275097,0.9089940190315247,-0.9210407733917236,-1.060089111328125,-0.9043181538581848,0.6064099073410034,-0.6533750295639038,-0.6893001198768616,-0.6534496545791626,-0.8449886441230774,0.8220116496086121,0.9796498417854309,0.8131401538848877,0.7307974100112915,0.12959785759449005,-0.06935326755046844,0.13793765008449554,-0.13536134362220764,-1.188565969467163,-1.1201485395431519,-1.1376087665557861,-0.7454923391342163,-0.44142311811447144,-0.23293212056159973,-0.4493294656276703
32.92307692307693,0,1,4,0,False,-0.005314260721206665,-3.1021303925626853e-07,0.016310162842273712,0.06422791630029678,0.07829068601131439,0.002262108027935028,0.12470167875289917,0.11741629242897034,-0.0017618825659155846,-1.0599076747894287,-3.1021303925626853e-07,1.078893780708313,0.005443752743303776,-0.40066462755203247,-0.001993610057979822,2.9224095344543457,0.929718017578125,1.1367247104644775,0.975189745426178,1.1472502946853638,-0.40845564007759094,-0.02445775829255581,0.03244428336620331,-0.041134804487228394,0.9174875020980835,-0.9139670729637146,-1.0589473247528076,-0.9003717303276062,0.5951672196388245,-0.6483576893806458,-0.6762023568153381,-0.6468009352684021,-0.8457202911376953,0.820113480091095,0.9800365567207336,0.8118296265602112,0.7331299781799316,0.1339421272277832,-0.06803544610738754,0.1415465623140335,-0.13559527695178986,-1.18828284740448,-1.1178655624389648,-1.1396372318267822,-0.7515398859977722,-0.44962161779403687,-0.22850604355335236,-0.45240718126296997
33.0,0,1,4,0,False,-0.005167871713638306,-4.5280426093086135e-06,0.01648905873298645,0.06320852786302567,0.08239547163248062,0.0029500387609004974,0.12915050983428955,0.11715832352638245,-0.0017272639088332653,-1.058488368988037,-4.5280426093086135e-06,1.0764561891555786,0.005292429123073816,-0.4006653428077698,-0.0019989260472357273,2.9236977100372314,0.9347613453865051,1.1483873128890991,0.9757277965545654,1.1510815620422363,-0.44584494829177856,-0.03117411397397518,0.03174067661166191,-0.05249160900712013,0.925285816192627,-0.9082843661308289,-1.0576690435409546,-0.8975826501846313,0.5841134786605835,-0.6425235271453857,-0.6615378260612488,-0.639391303062439,-0.8519452810287476,0.8190656900405884,0.9804694652557373,0.8110977411270142,0.7386853694915771,0.13731372356414795,-0.06655999273061752,0.14455214142799377,-0.13448408246040344,-1.1874194145202637,-1.1153093576431274,-1.1409885883331299,-0.7592728734016418,-0.4563159644603729,-0.22355052828788757,-0.4540218710899353
33.07692307692308,0,1,4,0,False,-0.004932194948196411,-6.58281010146311e-07,0.016765311360359192,0.06167159602046013,0.08710847795009613,0.003886409103870392,0.1365632861852646,0.1169140562415123,-0.0016807059291750193,-1.0584321022033691,-6.58281010146311e-07,1.073677659034729,0.0050623780116438866,-0.40066638588905334,-0.002005550777539611,2.9250075817108154,0.9375796914100647,1.1594488620758057,0.9763220548629761,1.1541996002197266,-0.47964733839035034,-0.03896176442503929,0.03096356801688671,-0.0643012747168541,0.9315313100814819,-0.9038688540458679,-1.0562571287155151,-0.8957738876342773,0.5729635953903198,-0.6357113718986511,-0.6453413963317871,-0.6310473084449768,-0.8563100099563599,0.8184098601341248,0.9809476137161255,0.8106312155723572,0.7435942888259888,0.14022555947303772,-0.06493040174245834,0.14728790521621704,-0.1395556479692459,-1.18607497215271,-1.1124862432479858,-1.1417165994644165,-0.7642880082130432,-0.46158093214035034,-0.21807733178138733,-0.45439133048057556
33.15384615384615,0,1,4,0,False,-0.0045895054936409,-6.281698460952612e-06,0.017270661890506744,0.05929616466164589,0.0974784567952156,0.005666650831699371,0.1479039341211319,0.11662279069423676,-0.0016206788131967187,-1.0595183372497559,-6.281698460952612e-06,1.0708097219467163,0.004712221212685108,-0.4006670117378235,-0.0020137284882366657,2.926173686981201,0.9429340362548828,1.169622778892517,0.9769706130027771,1.1567784547805786,-0.5364481210708618,-0.047843918204307556,0.030115487053990364,-0.07614511251449585,0.9390853643417358,-0.9015883207321167,-1.0547162294387817,-0.8948082327842712,0.5508031249046326,-0.6267644166946411,-0.6276656985282898,-0.6216192245483398,-0.8692842125892639,0.8179277181625366,0.981469452381134,0.810256838798523,0.7623608708381653,0.14295829832553864,-0.06315197795629501,0.1500154435634613,-0.1671530306339264,-1.1838759183883667,-1.109405279159546,-1.1420073509216309,-0.7745241522789001,-0.46556171774864197,-0.21210426092147827,-0.4536752700805664
33.23076923076923,0,1,4,0,False,-0.004126742482185364,-4.911009000352351e-06,0.017999261617660522,0.05608852952718735,0.10164400190114975,0.007104743272066116,0.1643010973930359,0.11638756096363068,-0.0015470680082216859,-1.0614418983459473,-4.911009000352351e-06,1.067886471748352,0.004242809489369392,-0.4006686806678772,-0.0020219082944095135,2.9269561767578125,0.9469376802444458,1.1788227558135986,0.9776708483695984,1.158983588218689,-0.5640989542007446,-0.058060064911842346,0.0291997529566288,-0.0881381556391716,0.9444360733032227,-0.9009629487991333,-1.0530524253845215,-0.8945469856262207,0.5356959104537964,-0.6156637072563171,-0.6085799932479858,-0.6111350655555725,-0.8794553875923157,0.8174632787704468,0.9820329546928406,0.8097493648529053,0.7726403474807739,0.1458350569009781,-0.061231691390275955,0.15311141312122345,-0.17507830262184143,-1.1807305812835693,-1.1060786247253418,-1.142180323600769,-0.7811049818992615,-0.4686952531337738,-0.20565472543239594,-0.45211267471313477
33.30769230769231,0,1,4,0,False,-0.003597170114517212,1.9754720597120468e-06,0.01879923790693283,0.052450235933065414,0.10842612385749817,0.0074439868330955505,0.18463262915611267,0.11632230132818222,-0.0014669084921479225,-1.0640373229980469,1.9754720597120468e-06,1.0650509595870972,0.00372016872279346,-0.40067028999328613,-0.0020295886788517237,2.92741322517395,0.9504954218864441,1.1874836683273315,0.9784197807312012,1.1609548330307007,-0.5831324458122253,-0.06880885362625122,0.028220415115356445,-0.09990279376506805,0.9479478597640991,-0.9011318683624268,-1.0512731075286865,-0.8949195146560669,0.527642011642456,-0.6034507751464844,-0.5881686806678772,-0.5994831323623657,-0.8857248425483704,0.8168143033981323,0.9826355576515198,0.8090612888336182,0.7790012359619141,0.14912967383861542,-0.05917802453041077,0.15665125846862793,-0.17774564027786255,-1.1773825883865356,-1.1025208234786987,-1.1420462131500244,-0.786010205745697,-0.47092118859291077,-0.19875721633434296,-0.4498375356197357
33.38461538461539,0,1,4,0,False,-0.0030390918254852295,9.34098878246914e-08,0.01966092735528946,0.048527978360652924,0.1074618548154831,0.008192937821149826,0.20790895819664001,0.11618613451719284,-0.0013822299661114812,-1.0672028064727783,9.34098878246914e-08,1.0620492696762085,0.003153333906084299,-0.4006720781326294,-0.0020382199436426163,2.927692413330078,0.9483744502067566,1.1957286596298218,0.9792137145996094,1.1627403497695923,-0.5781511068344116,-0.07946738600730896,0.02718217484652996,-0.1108478382229805,0.9475632309913635,-0.9020707607269287,-1.049386739730835,-0.8959001898765564,0.5307753086090088,-0.5897554755210876,-0.5665297508239746,-0.5865076780319214,-0.8795375823974609,0.8160484433174133,0.9832744002342224,0.8083565831184387,0.772393524646759,0.15275324881076813,-0.05700084567070007,0.1603923738002777,-0.1768750250339508,-1.1740800142288208,-1.098749041557312,-1.1414401531219482,-0.7817652821540833,-0.4721488952636719,-0.19144487380981445,-0.4468018114566803
33.46153846153846,0,1,4,0,False,-0.0024130642414093018,6.8064796323596966e-06,0.02056848257780075,0.044288065284490585,0.10749500244855881,0.008455784991383553,0.23630917072296143,0.1161440908908844,-0.0012940543238073587,-1.0707590579986572,6.8064796323596966e-06,1.0592149496078491,0.002530250931158662,-0.40067291259765625,-0.00204696087166667,2.927764415740967,0.9542604088783264,1.203490138053894,0.980048656463623,1.1643791198730469,-0.6096932291984558,-0.08953376114368439,0.026090329512953758,-0.12071110308170319,0.9507555961608887,-0.9036270380020142,-1.0474029779434204,-0.8974468111991882,0.5206893086433411,-0.5747862458229065,-0.5437735319137573,-0.5721160769462585,-0.8888310790061951,0.815310537815094,0.9839462041854858,0.8077759742736816,0.7862457633018494,0.15650464594364166,-0.054711248725652695,0.16417314112186432,-0.18790586292743683,-1.1707215309143066,-1.0947824716567993,-1.1403651237487793,-0.7910299897193909,-0.47223252058029175,-0.18375496566295624,-0.44299793243408203
33.53846153846154,0,1,4,0,False,-0.0016137659549713135,8.60235741129145e-05,0.021486453711986542,0.03952772542834282,0.11246605962514877,0.010497481562197208,0.2760850787162781,0.11571855843067169,-0.0012011358048766851,-1.0745000839233398,8.60235741129145e-05,1.0565820932388306,0.0018124580383300781,-0.40067291259765625,-0.0020533865317702293,2.9275896549224854,0.9559572339057922,1.210578441619873,0.980920135974884,1.1659396886825562,-0.6198680400848389,-0.09854252636432648,0.024950694292783737,-0.12970824539661407,0.9515083432197571,-0.905464231967926,-1.045332431793213,-0.8994922637939453,0.512869656085968,-0.5591274499893188,-0.5200213193893433,-0.5563753843307495,-0.8917851448059082,0.8146429061889648,0.9846474528312683,0.8072867393493652,0.7892364859580994,0.160366028547287,-0.05232144519686699,0.168051078915596,-0.19673769176006317,-1.167166829109192,-1.0906423330307007,-1.1389143466949463,-0.7941220998764038,-0.4711270332336426,-0.17572848498821259,-0.4385744631290436
33.61538461538462,0,1,4,0,False,-0.00040841102600097656,0.0003455630212556571,0.02239678055047989,0.03371422737836838,0.12614500522613525,0.014021553099155426,0.3432738184928894,0.11476108431816101,-0.0012455843389034271,-1.0781702995300293,0.0003455630212556571,1.0542267560958862,0.0008729886612854898,-0.40067076683044434,-0.002057274105027318,2.9270942211151123,0.9555078148841858,1.2168570756912231,0.9818233847618103,1.1673963069915771,-0.6214635372161865,-0.10607284307479858,0.023769542574882507,-0.1375686079263687,0.9502899646759033,-0.907410204410553,-1.0431864261627197,-0.9020029902458191,0.4975568354129791,-0.5429337024688721,-0.49540379643440247,-0.5393884181976318,-0.894424557685852,0.8141064047813416,0.9853742122650146,0.8069358468055725,0.7887336015701294,0.16423603892326355,-0.04984457418322563,0.1718188226222992,-0.2148342877626419,-1.1634910106658936,-1.0863513946533203,-1.137251853942871,-0.7953445911407471,-0.46895840764045715,-0.16740959882736206,-0.4334978759288788
33.69230769230769,0,1,4,0,False,0.0009070932865142822,0.0006639037164859474,0.02327420562505722,0.028146011754870415,0.07846302539110184,0.012834014371037483,0.40966713428497314,0.11513585597276688,-0.0013312028022482991,-1.0822694301605225,0.0006639037164859474,1.0521384477615356,-0.00016902615607250482,-0.40161991119384766,-0.002045069355517626,2.9268646240234375,0.9545562267303467,1.2233293056488037,0.9827532172203064,1.1687157154083252,-0.6121662259101868,-0.11341650784015656,0.02255353517830372,-0.14402766525745392,0.9494656920433044,-0.9096738696098328,-1.040977120399475,-0.9049516320228577,0.4586220681667328,-0.5258221626281738,-0.4700598120689392,-0.5213329792022705,-0.8959934115409851,0.8157698512077332,0.9861224889755249,0.8067230582237244,0.7817112803459167,0.1681283414363861,-0.04729461297392845,0.17530956864356995,-0.19059577584266663,-1.160674810409546,-1.081933856010437,-1.135583758354187,-0.8016514778137207,-0.46620285511016846,-0.1588452160358429,-0.42777228355407715
33.769230769230774,0,1,4,0,False,0.0003372877836227417,0.0001286723418161273,0.02420596033334732,0.02786717750132084,0.04486170783638954,0.007358797825872898,0.3758107125759125,0.1163400262594223,-0.0013431271072477102,-1.0864143371582031,0.0001286723418161273,1.050261378288269,-0.00015531887765973806,-0.40440958738327026,-0.002043851651251316,2.9274258613586426,0.9707865118980408,1.227781891822815,0.9837044477462769,1.1701008081436157,-0.6370068788528442,-0.11903761327266693,0.021309643983840942,-0.14938178658485413,0.9609139561653137,-0.9120597243309021,-1.0387170314788818,-0.9081783890724182,0.5631259083747864,-0.5074925422668457,-0.4441347122192383,-0.5020034909248352,-0.8883668780326843,0.8202685117721558,0.9868878722190857,0.806789219379425,0.8004376888275146,0.17222701013088226,-0.04468618705868721,0.17865796387195587,-0.19104383885860443,-1.1577398777008057,-1.0774149894714355,-1.1321524381637573,-0.8019347786903381,-0.4632776975631714,-0.1500844657421112,-0.4216011166572571
33.84615384615385,0,1,4,0,False,0.0001897960901260376,9.73910005086509e-07,0.024834759533405304,0.026834070682525635,0.03298249468207359,0.0009099284070543945,0.3679391145706177,0.11675716936588287,-0.0013592183822765946,-1.0888946056365967,9.73910005086509e-07,1.0485020875930786,-0.00012759014498442411,-0.4063931703567505,-0.002014700323343277,2.9273595809936523,0.9684177041053772,1.2281137704849243,0.984671413898468,1.1716734170913696,-0.6154720783233643,-0.1199154406785965,0.020045114681124687,-0.15389883518218994,0.9564604759216309,-0.9106537103652954,-1.0364195108413696,-0.9115859270095825,0.5752397775650024,-0.49458763003349304,-0.41777941584587097,-0.4809805750846863,-0.8799198269844055,0.8198983669281006,0.9876659512519836,0.8072171211242676,0.7932937741279602,0.17723284661769867,-0.04203447327017784,0.18215590715408325,-0.1883586347103119,-1.1512525081634521,-1.0728211402893066,-1.128427267074585,-0.7962208986282349,-0.457891583442688,-0.14117833971977234,-0.41487815976142883
33.92307692307693,0,1,4,0,False,0.00020925700664520264,-1.8849021216738038e-05,0.025172270834445953,0.025381915271282196,0.027169086039066315,0.0007604679558426142,0.3667246103286743,0.11631745100021362,-0.0013538456987589598,-1.0909802913665771,-1.8849021216738038e-05,1.046873927116394,-0.00016698571562301368,-0.4083276391029358,-0.0019718206021934748,2.9277284145355225,0.9688449501991272,1.2292431592941284,0.9856485724449158,1.1732021570205688,-0.6208192110061646,-0.11835602670907974,0.018767356872558594,-0.15715546905994415,0.9540273547172546,-0.9082135558128357,-1.0340980291366577,-0.9152743220329285,0.5630128383636475,-0.48230570554733276,-0.3911484479904175,-0.4588306248188019,-0.8768925070762634,0.8201020956039429,0.988452136516571,0.8080171942710876,0.7937652468681335,0.18244750797748566,-0.03935502469539642,0.18539659678936005,-0.1771114468574524,-1.1464569568634033,-1.0681791305541992,-1.1244056224822998,-0.795729398727417,-0.4508950710296631,-0.13217905163764954,-0.4074700176715851
34.0,0,1,4,0,False,0.00020760297775268555,-7.9701843787916e-05,0.025453664362430573,0.023838993161916733,0.025026580318808556,0.001100271474570036,0.36300891637802124,0.11570706963539124,-0.0013395784189924598,-1.0931882858276367,-7.9701843787916e-05,1.0453075170516968,-0.00023206933110486716,-0.4105103313922882,-0.001932275714352727,2.928781747817993,0.9715315103530884,1.231353759765625,0.9866300225257874,1.1746747493743896,-0.6375623941421509,-0.11630329489707947,0.0174839086830616,-0.1600555032491684,0.9547920823097229,-0.9063250422477722,-1.0317661762237549,-0.9192109107971191,0.5446433424949646,-0.4686046838760376,-0.36439889669418335,-0.4360637962818146,-0.8820148706436157,0.8211541771888733,0.989241898059845,0.8089810013771057,0.8016000986099243,0.18758918344974518,-0.03666364401578903,0.18859228491783142,-0.17550908029079437,-1.1430139541625977,-1.063516616821289,-1.1199899911880493,-0.8008794784545898,-0.4428686797618866,-0.12313969433307648,-0.39963117241859436
34.07692307692308,2,1,4,0,False,0.0001903623342514038,-0.00016472925199195743,0.0257878378033638,0.02225344441831112,0.026278218254446983,0.0011168431956321,0.35784921050071716,0.11504624038934708,-0.0013277821708470583,-1.0955262184143066,-0.00016472925199195743,1.043519377708435,-0.0003047817153856158,-0.4128730297088623,-0.0018919219728559256,2.9303700923919678,0.9729692935943604,1.2334872484207153,0.9876100420951843,1.1761183738708496,-0.6460610628128052,-0.11491618305444717,0.016202349215745926,-0.16314953565597534,0.9556437730789185,-0.9048463106155396,-1.029437780380249,-0.923320472240448,0.528086245059967,-0.4534762501716614,-0.337688684463501,-0.41298365592956543,-0.8873322606086731,0.8222754001617432,0.9900304675102234,0.8098545670509338,0.8078180551528931,0.19259154796600342,-0.03397621959447861,0.19198544323444366,-0.17757031321525574,-1.139586091041565,-1.0588608980178833,-1.1153545379638672,-0.8033637404441833,-0.4342776834964752,-0.11411362886428833,-0.391630619764328
34.15384615384615,2,1,4,0,False,0.00017121434211730957,-0.00025164661929011345,0.02618461102247238,0.020658761262893677,0.026532219722867012,0.001170039176940918,0.3526141345500946,0.11435244232416153,-0.0013208980672061443,-1.0978822708129883,-0.00025164661929011345,1.0413650274276733,-0.00037797720870003104,-0.4153110384941101,-0.0018497018609195948,2.9322926998138428,0.9740692973136902,1.2352994680404663,0.9885827898979187,1.1775250434875488,-0.6530836820602417,-0.11430428922176361,0.014930260367691517,-0.16641099750995636,0.9560281038284302,-0.9036864042282104,-1.027126431465149,-0.9275479912757874,0.514805018901825,-0.43744808435440063,-0.3111758530139923,-0.389722615480423,-0.8914248943328857,0.8231465220451355,0.9908131957054138,0.8105429410934448,0.813115656375885,0.19750463962554932,-0.03130865842103958,0.19560681283473969,-0.17879821360111237,-1.1358376741409302,-1.0542395114898682,-1.11067533493042,-0.8039743304252625,-0.42536914348602295,-0.10515426844358444,-0.38351112604141235
34.23076923076923,2,1,4,0,False,0.00014556944370269775,-0.0003424950991757214,0.026637889444828033,0.019083905965089798,0.026479385793209076,0.0012099475134164095,0.3471851050853729,0.11364913731813431,-0.0013171217869967222,-1.1001996994018555,-0.0003424950991757214,1.0388320684432983,-0.0004488606355153024,-0.41777920722961426,-0.0018070084042847157,2.9344325065612793,0.9749841094017029,1.2368462085723877,0.9895426034927368,1.1788862943649292,-0.6600369811058044,-0.11421605199575424,0.013675126247107983,-0.1697554886341095,0.9559968709945679,-0.9029879570007324,-1.024846076965332,-0.9318584203720093,0.5032744407653809,-0.42072319984436035,-0.28501638770103455,-0.3663433790206909,-0.8944513201713562,0.8237929344177246,0.9915854930877686,0.8110651969909668,0.8179000020027161,0.2024042010307312,-0.028676649555563927,0.199401393532753,-0.17967361211776733,-1.131934642791748,-1.0496797561645508,-1.1060192584991455,-0.8036038875579834,-0.416220098733902,-0.09631431847810745,-0.3752465546131134
34.30769230769231,2,1,4,0,False,0.00011499226093292236,-0.00043567808461375535,0.027141116559505463,0.017551202327013016,0.02636169269680977,0.0012256414629518986,0.3416626453399658,0.11295606940984726,-0.0013152521569281816,-1.1024551391601562,-0.00043567808461375535,1.0359529256820679,-0.000517194508574903,-0.4202532172203064,-0.0017642902676016092,2.9367122650146484,0.9757193922996521,1.2381842136383057,0.990483820438385,1.1801989078521729,-0.6665844917297363,-0.11449218541383743,0.01244427915662527,-0.17312832176685333,0.9557021856307983,-0.9028094410896301,-1.0226097106933594,-0.9362227320671082,0.49291515350341797,-0.4034249484539032,-0.2593631446361542,-0.34290507435798645,-0.8968084454536438,0.8242563009262085,0.9923428297042847,0.8114773035049438,0.8222169876098633,0.20734839141368866,-0.026095572859048843,0.203297421336174,-0.18050022423267365,-1.127982497215271,-1.0452083349227905,-1.1014087200164795,-0.802496612071991,-0.4068587124347687,-0.08764543384313583,-0.3668239414691925
34.38461538461539,2,1,4,0,False,8.159875869750977e-05,-0.0005287767271511257,0.027688615024089813,0.016087539494037628,0.02619229629635811,0.0012213434092700481,0.3361925482749939,0.11229069530963898,-0.00131468556355685,-1.104628086090088,-0.0005287767271511257,1.0327690839767456,-0.0005826435517519712,-0.4227035343647003,-0.0017216491978615522,2.9390769004821777,0.9762967824935913,1.2393357753753662,0.9914010167121887,1.1814603805541992,-0.6726166605949402,-0.11503640562295914,0.011244837194681168,-0.1764831393957138,0.9552111625671387,-0.9031476974487305,-1.020430564880371,-0.9406128525733948,0.4836253225803375,-0.38564836978912354,-0.23436442017555237,-0.3194826543331146,-0.8986814022064209,0.824553906917572,0.9930808544158936,0.8118312358856201,0.8260765075683594,0.21235239505767822,-0.02358034998178482,0.20722663402557373,-0.18143527209758759,-1.1240323781967163,-1.0408508777618408,-1.0968589782714844,-0.8007301092147827,-0.397318571805954,-0.0791977271437645,-0.35825350880622864
34.46153846153847,2,1,4,0,False,4.699826240539551e-05,-0.0006198394694365561,0.028275348246097565,0.01474994607269764,0.025960348546504974,0.0011935271322727203,0.33088818192481995,0.1116686537861824,-0.001315104658715427,-1.1067025661468506,-0.0006198394694365561,1.0293258428573608,-0.000644820393063128,-0.4250966012477875,-0.0016794485272839665,2.94148588180542,0.9767276644706726,1.24031400680542,0.9922890067100525,1.182669758796692,-0.6781103014945984,-0.11578478664159775,0.010083623230457306,-0.1797785758972168,0.9545331597328186,-0.9039828181266785,-1.0183206796646118,-0.9449998140335083,0.47543051838874817,-0.36747899651527405,-0.2101624608039856,-0.2961685061454773,-0.900111198425293,0.8247011303901672,0.9937953948974609,0.812166154384613,0.8294529914855957,0.21740122139453888,-0.02114529348909855,0.21112969517707825,-0.18252763152122498,-1.1201198101043701,-1.0366324186325073,-1.0923856496810913,-0.7983208298683167,-0.3876413106918335,-0.0710192620754242,-0.34956255555152893
34.53846153846154,2,1,4,0,False,1.3425946235656738e-05,-0.0007060574716888368,0.028897829353809357,0.01357133686542511,0.025860805064439774,0.001111016608774662,0.3259086310863495,0.11111219227313995,-0.0013136694906279445,-1.1086513996124268,-0.0007060574716888368,1.0256580114364624,-0.0007030958659015596,-0.4273959994316101,-0.001638231216929853,2.9439079761505127,0.977020263671875,1.2411084175109863,0.99314284324646,1.1838254928588867,-0.6836938261985779,-0.11677315086126328,0.008967122994363308,-0.18298140168190002,0.9537952542304993,-0.9052966833114624,-1.0162922143936157,-0.9493544101715088,0.46755024790763855,-0.34895092248916626,-0.18689239025115967,-0.2730696499347687,-0.901616632938385,0.8247063755989075,0.9944823980331421,0.8125072717666626,0.8325790166854858,0.22246332466602325,-0.018803996965289116,0.2149570882320404,-0.18486957252025604,-1.1162831783294678,-1.032576322555542,-1.0880126953125,-0.7953145503997803,-0.3778684437274933,-0.06315571069717407,-0.3407886028289795
34.61538461538462,2,1,4,0,False,-1.780688762664795e-05,-0.0007859248435124755,0.02955370396375656,0.01264835987240076,0.02572624385356903,0.00104118837043643,0.3213331699371338,0.11064761877059937,-0.0013070451095700264,-1.1104588508605957,-0.0007859248435124755,1.0218008756637573,-0.0007573089678771794,-0.42957577109336853,-0.0015985657228156924,2.9463307857513428,0.9772123694419861,1.2417099475860596,0.9939578175544739,1.1849260330200195,-0.6891477704048157,-0.11808063834905624,0.00790137704461813,-0.18609501421451569,0.9529672265052795,-0.9071388840675354,-1.0143558979034424,-0.9536471962928772,0.46005386114120483,-0.3300366997718811,-0.16468016803264618,-0.25030717253685,-0.9030190706253052,0.8245961666107178,0.9951381683349609,0.8128566741943359,0.8350300192832947,0.22750972211360931,-0.01656913571059704,0.21867434680461884,-0.18673580884933472,-1.112627387046814,-1.0287046432495117,-1.0837841033935547,-0.7917934656143188,-0.3680197596549988,-0.05564963445067406,-0.33197858929634094
34.69230769230769,2,1,4,0,False,-4.819035530090332e-05,-0.0008610371151007712,0.030237756669521332,0.01200523879379034,0.025570768862962723,0.0009678187780082226,0.31706297397613525,0.11027728766202927,-0.0012999357422813773,-1.1121125221252441,-0.0008610371151007712,1.0178133249282837,-0.0008074971847236156,-0.43161433935165405,-0.0015610111877322197,2.948744297027588,0.9772664308547974,1.2421385049819946,0.9947296977043152,1.1859703063964844,-0.6932817697525024,-0.11963959783315659,0.006891956552863121,-0.1891036331653595,0.9519602656364441,-0.9094958901405334,-1.0125218629837036,-0.9578501582145691,0.4542638063430786,-0.3108770549297333,-0.143641859292984,-0.22800540924072266,-0.9039223790168762,0.8243779540061951,0.9957592487335205,0.8132160902023315,0.8367379903793335,0.2324872761964798,-0.01445238757878542,0.22223909199237823,-0.18878939747810364,-1.1091831922531128,-1.0250375270843506,-1.079714298248291,-0.787453293800354,-0.35815975069999695,-0.048540253192186356,-0.32317933440208435
34.769230769230774,2,1,4,0,False,-7.79181718826294e-05,-0.0009310642490163445,0.030944906175136566,0.011713729240000248,0.025462282821536064,0.000902863685041666,0.31311094760894775,0.11000092327594757,-0.0012940103188157082,-1.1135904788970947,-0.0009310642490163445,1.0137420892715454,-0.0008530348422937095,-0.4334821105003357,-0.0015260200016200542,2.9511334896087646,0.9772024750709534,1.2423975467681885,0.995454728603363,1.1869559288024902,-0.6964246034622192,-0.12139364331960678,0.005943867843598127,-0.19195832312107086,0.9507883787155151,-0.9123119711875916,-1.0107992887496948,-0.9619367718696594,0.45004045963287354,-0.29160547256469727,-0.12388183921575546,-0.2062867134809494,-0.9044526219367981,0.8240438103675842,0.996342658996582,0.8135929107666016,0.8379031419754028,0.23733901977539062,-0.0124642513692379,0.22561092674732208,-0.19135238230228424,-1.105941891670227,-1.0215932130813599,-1.075821876525879,-0.7823631167411804,-0.3483562469482422,-0.041862837970256805,-0.314429372549057
34.84615384615385,2,1,4,0,False,-0.00010445713996887207,-0.0009940260788425803,0.03167115896940231,0.011723902076482773,0.02572072297334671,0.0007784925401210785,0.30958184599876404,0.10982814431190491,-0.0012895191321149468,-1.11488938331604,-0.0009940260788425803,1.0096231698989868,-0.0008941814303398132,-0.43515634536743164,-0.001493299612775445,2.9534833431243896,0.9770408272743225,1.242493987083435,0.9961294531822205,1.187880516052246,-0.6989388465881348,-0.12331332266330719,0.005061493720859289,-0.19461297988891602,0.9495077133178711,-0.9155166745185852,-1.009196162223816,-0.9658820033073425,0.4469732940196991,-0.2722947895526886,-0.10549143701791763,-0.1852722316980362,-0.9048671126365662,0.8236008882522583,0.9968855977058411,0.8139917850494385,0.8388092517852783,0.24202439188957214,-0.010613919235765934,0.2287614792585373,-0.19424626231193542,-1.1028815507888794,-1.0183876752853394,-1.0721310377120972,-0.776849091053009,-0.33865830302238464,-0.03564825281500816,-0.3057667315006256
34.92307692307693,2,1,4,0,False,-0.00012068450450897217,-0.001044797943904996,0.032416053116321564,0.012059730477631092,0.0256561990827322,0.0006255181506276131,0.30675262212753296,0.10977847129106522,-0.0012864901218563318,-1.116039514541626,-0.001044797943904996,1.0054463148117065,-0.0009332510526292026,-0.43662959337234497,-0.001460738480091095,2.9557671546936035,0.9767439365386963,1.2424217462539673,0.9967511296272278,1.1887415647506714,-0.7004870176315308,-0.12551932036876678,0.004248530138283968,-0.1970411092042923,0.9481372833251953,-0.9189866185188293,-1.0077190399169922,-0.9696623086929321,0.4446330964565277,-0.252914696931839,-0.08854768425226212,-0.16508114337921143,-0.9053918719291687,0.8230717182159424,0.9973857998847961,0.8144060969352722,0.8395140767097473,0.24650731682777405,-0.008909139782190323,0.23168423771858215,-0.19747547805309296,-1.0999256372451782,-1.0154342651367188,-1.0686689615249634,-0.770815372467041,-0.3291269838809967,-0.029922524467110634,-0.2972429096698761
35.0,2,1,4,0,False,-0.00013208389282226562,-0.0010867496021091938,0.03317529708147049,0.01265778113156557,0.025096029043197632,0.0005165534093976021,0.3044262230396271,0.1098409965634346,-0.0012820966076105833,-1.1169979572296143,-0.0010867496021091938,1.0012503862380981,-0.0009680285584181547,-0.4378920793533325,-0.0014311503618955612,2.9579696655273438,0.9762693643569946,1.2421841621398926,0.9973174929618835,1.1895357370376587,-0.7004038691520691,-0.12807483971118927,0.0035079054068773985,-0.19921061396598816,0.9465296864509583,-0.9227499961853027,-1.006373405456543,-0.9732567071914673,0.44266581535339355,-0.23364591598510742,-0.07311161607503891,-0.14582715928554535,-0.9059032201766968,0.8225077986717224,0.9978415369987488,0.8148254752159119,0.8393006324768066,0.2506852149963379,-0.0073560550808906555,0.23437201976776123,-0.20336921513080597,-1.0971449613571167,-1.0127437114715576,-1.065468668937683,-0.7631351351737976,-0.3198854327201843,-0.0247062835842371,-0.2888941168785095
35.07692307692308,2,1,4,0,False,-0.00014390051364898682,-0.0011282972991466522,0.033947981894016266,0.013394501060247421,0.031733203679323196,0.0010895263403654099,0.3021323084831238,0.11007341742515564,-0.0013072134461253881,-1.1177706718444824,-0.0011282972991466522,0.9970895051956177,-0.0010021094931289554,-0.43896642327308655,-0.0014014296466484666,2.960120677947998,0.9763740301132202,1.2414653301239014,0.9978269338607788,1.190260648727417,-0.7072641849517822,-0.13129493594169617,0.002841734094545245,-0.20108550786972046,0.9467703700065613,-0.9269647002220154,-1.0051630735397339,-0.9766463041305542,0.4423251450061798,-0.21409501135349274,-0.05922730267047882,-0.1276163011789322,-0.9080682992935181,0.8218690156936646,0.9982514381408691,0.81523597240448,0.8404362201690674,0.2546919584274292,-0.005959097761660814,0.23680251836776733,-0.19180814921855927,-1.094752311706543,-1.0103236436843872,-1.0625736713409424,-0.7588592171669006,-0.31069958209991455,-0.02001441828906536,-0.2807283103466034
35.15384615384615,2,1,4,0,False,-0.0001611262559890747,-0.0011681918986141682,0.03473619371652603,0.014344293624162674,0.030637430027127266,0.0004343455657362938,0.29993921518325806,0.11055421084165573,-0.0013381890021264553,-1.118215560913086,-0.0011681918986141682,0.9930161237716675,-0.0010283729061484337,-0.4397149085998535,-0.0013782515889033675,2.962240695953369,0.9755799174308777,1.240166425704956,0.9982784986495972,1.1909281015396118,-0.7067651152610779,-0.13473305106163025,0.00225122575648129,-0.20294378697872162,0.9441251754760742,-0.9317048192024231,-1.0040901899337769,-0.9798116683959961,0.4411410391330719,-0.19404928386211395,-0.04691995307803154,-0.11054089665412903,-0.908281147480011,0.8208745121955872,0.9986147880554199,0.8155959844589233,0.8382521271705627,0.25845614075660706,-0.004720805678516626,0.23901118338108063,-0.21490982174873352,-1.0929017066955566,-1.0081783533096313,-1.05984365940094,-0.7479227781295776,-0.3016253113746643,-0.015855450183153152,-0.2728748321533203
35.23076923076923,2,1,4,0,False,-0.00016680359840393066,-0.0011896390933543444,0.035511650145053864,0.01539456844329834,0.02816702052950859,0.00025558285415172577,0.29876402020454407,0.11103873699903488,-0.0013315648538991809,-1.118441104888916,-0.0011896390933543444,0.9891864061355591,-0.0010472940048202872,-0.44028961658477783,-0.0013646595180034637,2.9642629623413086,0.9745109677314758,1.239266037940979,0.9986720085144043,1.1915204524993896,-0.6997988224029541,-0.13843947649002075,0.0017366394167765975,-0.20454305410385132,0.941429078578949,-0.9366615414619446,-1.00315523147583,-0.9827424883842468,0.44130194187164307,-0.1750786453485489,-0.03619496524333954,-0.09468325227499008,-0.9076542258262634,0.8202207684516907,0.9989314079284668,0.8159263730049133,0.8360878825187683,0.26175808906555176,-0.003641721559688449,0.24091942608356476,-0.2201480120420456,-1.091260313987732,-1.006308913230896,-1.0576063394546509,-0.736802875995636,-0.2931321859359741,-0.012231203727424145,-0.2652232050895691
35.30769230769231,2,1,4,0,False,-0.0001682490110397339,-0.0012039138237014413,0.03626800328493118,0.016399456188082695,0.026716062799096107,0.0001963181421160698,0.2979833483695984,0.1115732342004776,-0.0013188510201871395,-1.1185321807861328,-0.0012039138237014413,0.9856582880020142,-0.0010629453463479877,-0.4407203197479248,-0.0013550672447308898,2.9661333560943604,0.9736822247505188,1.2385917901992798,0.999008059501648,1.1920287609100342,-0.6941883563995361,-0.14206945896148682,0.0012971940450370312,-0.20562396943569183,0.9389064311981201,-0.9416700601577759,-1.0023568868637085,-0.9854293465614319,0.4470537304878235,-0.15697063505649567,-0.027036063373088837,-0.08010752499103546,-0.9061963558197021,0.8196761012077332,0.9992018342018127,0.8162658214569092,0.8340013027191162,0.26464349031448364,-0.002720207441598177,0.2425069510936737,-0.22252115607261658,-1.089768886566162,-1.0047125816345215,-1.0557503700256348,-0.7262386679649353,-0.28509652614593506,-0.00913617666810751,-0.2577487528324127
35.38461538461539,2,1,4,0,False,-0.000169411301612854,-0.0012142880586907268,0.036998964846134186,0.017308391630649567,0.02525690570473671,0.00014855526387691498,0.2974167466163635,0.11216404289007187,-0.001307134167291224,-1.118534803390503,-0.0012142880586907268,0.9824549555778503,-0.001074545201845467,-0.4409760534763336,-0.0013489004923030734,2.9678092002868652,0.9727625250816345,1.2380235195159912,0.999288022518158,1.1924573183059692,-0.6881529688835144,-0.14542913436889648,0.0009310237946920097,-0.20617595314979553,0.9363667368888855,-0.9466021656990051,-1.0016915798187256,-0.9878641366958618,0.4559863805770874,-0.13971805572509766,-0.01940435916185379,-0.06686006486415863,-0.9042593836784363,0.8191144466400146,0.9994271397590637,0.8166424036026001,0.8313437700271606,0.2671217620372772,-0.0019523508381098509,0.24378569424152374,-0.22483952343463898,-1.0883597135543823,-1.0033823251724243,-1.054144024848938,-0.7152650356292725,-0.27747201919555664,-0.00655722850933671,-0.25050315260887146
35.46153846153847,2,1,4,0,False,-0.0001707226037979126,-0.0012214694870635867,0.037697963416576385,0.018132518976926804,0.023586833849549294,0.00010726973414421082,0.2970249056816101,0.11279506236314774,-0.0012975030113011599,-1.1185028553009033,-0.0012214694870635867,0.9796048402786255,-0.001082401373423636,-0.44104254245758057,-0.0013459214242175221,2.9692699909210205,0.9716532230377197,1.2375473976135254,0.9995143413543701,1.192807674407959,-0.6809643507003784,-0.1484927088022232,0.0006350936600938439,-0.20623363554477692,0.9337219595909119,-0.9513996243476868,-1.0011539459228516,-0.9900417923927307,0.4669433534145355,-0.1234356015920639,-0.013236595317721367,-0.05497220903635025,-0.9019383192062378,0.8185549378395081,0.9996092319488525,0.8170683979988098,0.8278700709342957,0.2691994607448578,-0.0013317872071638703,0.24475613236427307,-0.22647354006767273,-1.087012529373169,-1.0023071765899658,-1.0527300834655762,-0.7037461996078491,-0.2702465057373047,-0.004472983535379171,-0.24352876842021942
35.53846153846154,2,1,4,0,False,-0.00017192959785461426,-0.0012259224895387888,0.038359202444553375,0.018832368776202202,0.02179001271724701,6.834510713815689e-05,0.29678210616111755,0.11344768851995468,-0.0012901066802442074,-1.1184895038604736,-0.0012259224895387888,0.9771419763565063,-0.0010873241117224097,-0.4409175515174866,-0.0013457941822707653,2.9705071449279785,0.970329999923706,1.2371612787246704,0.9996901750564575,1.193078875541687,-0.6728254556655884,-0.15125921368598938,0.00040513515705242753,-0.20582549273967743,0.9308804869651794,-0.9560202360153198,-1.000736117362976,-0.9919617772102356,0.4798167645931244,-0.10823708027601242,-0.008443810045719147,-0.04445798695087433,-0.8991402387619019,0.8180270791053772,0.9997507333755493,0.8175472617149353,0.8235955238342285,0.27087604999542236,-0.0008495657821185887,0.24540774524211884,-0.22764067351818085,-1.0857223272323608,-1.001471757888794,-1.051481008529663,-0.6918576955795288,-0.26342079043388367,-0.00285337888635695,-0.2368525266647339
35.61538461538462,2,1,4,0,False,-0.0001729130744934082,-0.0012280144728720188,0.03897819668054581,0.019424449652433395,0.01996728777885437,4.509929567575455e-05,0.29666808247566223,0.1141030564904213,-0.0012845756718888879,-1.1185379028320312,-0.0012280144728720188,0.9750918745994568,-0.0010896907187998295,-0.44060271978378296,-0.0013479070039466023,2.971517562866211,0.968805193901062,1.2368524074554443,0.999819815158844,1.1932684183120728,-0.6635568737983704,-0.15371814370155334,0.00023559162218589336,-0.20497076213359833,0.9278705716133118,-0.960422694683075,-1.0004280805587769,-0.9936267137527466,0.4943501651287079,-0.09420908242464066,-0.004910190589725971,-0.03531133010983467,-0.8958514332771301,0.8175413608551025,0.9998550415039062,0.8180804252624512,0.8185622692108154,0.2721482515335083,-0.0004940340877510607,0.24572762846946716,-0.22766348719596863,-1.084478735923767,-1.0008559226989746,-1.0503737926483154,-0.6797417402267456,-0.25699615478515625,-0.0016592787578701973,-0.2304929494857788
35.69230769230769,2,1,4,0,False,-0.00017365813255310059,-0.0012282812967896461,0.03955134004354477,0.019900409504771233,0.01817627251148224,6.997957825660706e-05,0.29665347933769226,0.1147431805729866,-0.0012808024184778333,-1.118685007095337,-0.0012282812967896461,0.973469614982605,-0.0010901615023612976,-0.4401013255119324,-0.0013517329934984446,2.9723029136657715,0.9670528769493103,1.2366026639938354,0.9999085664749146,1.1933748722076416,-0.6536205410957336,-0.15585215389728546,0.00011952883505728096,-0.20369291305541992,0.9245937466621399,-0.9645689725875854,-1.0002171993255615,-0.9950436949729919,0.5103271007537842,-0.08141636848449707,-0.0024912150111049414,-0.027503959834575653,-0.8920534253120422,0.8171002864837646,0.9999264478683472,0.8186700344085693,0.8128810524940491,0.273015558719635,-0.0002506511809770018,0.24571001529693604,-0.22686555981636047,-1.0832712650299072,-1.0004342794418335,-1.0493890047073364,-0.6676076650619507,-0.2509691119194031,-0.0008418451179750264,-0.2244655191898346
35.769230769230774,2,1,4,0,False,-0.0001742541790008545,-0.0012271236628293991,0.04007633775472641,0.020274311304092407,0.016462169587612152,7.772818207740784e-05,0.296716570854187,0.11535091698169708,-0.0012783384881913662,-1.1189589500427246,-0.0012271236628293991,0.9722822904586792,-0.0010891298297792673,-0.43941593170166016,-0.0013567021815106273,2.9728691577911377,0.9650900959968567,1.2363964319229126,0.9999628663063049,1.193396806716919,-0.6429017186164856,-0.15764370560646057,4.859049295191653e-05,-0.20202070474624634,0.9210095405578613,-0.9684321284294128,-1.0000883340835571,-0.9962239265441895,0.5271085500717163,-0.06989673525094986,-0.0010127209825441241,-0.02098381146788597,-0.8877683281898499,0.8167057037353516,0.9999700784683228,0.819318413734436,0.8066419959068298,0.2734828591346741,-0.0001018939510686323,0.24535779654979706,-0.22523577511310577,-1.0820914506912231,-1.0001765489578247,-1.0485059022903442,-0.6556212306022644,-0.2453320026397705,-0.0003422242880333215,-0.2187826782464981
35.84615384615385,2,1,4,0,False,-0.00017471611499786377,-0.0012251008301973343,0.04055196791887283,0.020543022081255913,0.01486948598176241,9.056180715560913e-05,0.29682686924934387,0.11591237783432007,-0.0012769208988174796,-1.119380235671997,-0.0012251008301973343,0.9715245962142944,-0.0010870698606595397,-0.43855005502700806,-0.0013622824335470796,2.9732251167297363,0.9629154205322266,1.2362176179885864,0.9999901056289673,1.1933351755142212,-0.631528377532959,-0.15907739102840424,1.2911194062326103e-05,-0.19998762011528015,0.9170518517494202,-0.9719926118850708,-1.0000234842300415,-0.9971827268600464,0.5442403554916382,-0.0596640519797802,-0.0002690945693757385,-0.015673860907554626,-0.8830216526985168,0.8163588047027588,0.9999920725822449,0.8200276494026184,0.7999241948127747,0.2735619843006134,-2.7074689569417387e-05,0.2446824014186859,-0.22323539853096008,-1.080931305885315,-1.0000468492507935,-1.0477033853530884,-0.6438955664634705,-0.2400728166103363,-9.093392873182893e-05,-0.21345412731170654
35.92307692307693,2,1,4,0,False,-0.00013387203216552734,-0.0011910740286111832,0.04093164950609207,0.020828304812312126,0.011967215687036514,0.00023070257157087326,0.2986854910850525,0.11629609763622284,-0.0012738252989947796,-1.1200001239776611,-0.0011910740286111832,0.9710294008255005,-0.001091661979444325,-0.43751445412635803,-0.0013591169845312834,2.9734268188476562,0.9558661580085754,1.2359235286712646,0.9999991655349731,1.193185567855835,-0.6124571561813354,-0.1605430543422699,1.061252191902895e-06,-0.19761604070663452,0.9070801138877869,-0.9748691320419312,-1.0000019073486328,-0.9979397654533386,0.573784589767456,-0.051968250423669815,-2.2118572815088555e-05,-0.011471254751086235,-0.8702108860015869,0.8160101175308228,0.9999993443489075,0.8208094835281372,0.782933235168457,0.27316954731941223,-2.225438947789371e-06,0.2436821013689041,-0.22206956148147583,-1.0796184539794922,-1.0000038146972656,-1.0469658374786377,-0.6227852702140808,-0.2353113889694214,-7.4744307312357705e-06,-0.2084627002477646
36.0,2,1,4,0,False,-7.158517837524414e-05,-0.001139292842708528,0.04119805246591568,0.021036187186837196,0.015570900402963161,0.00012876000255346298,0.30152690410614014,0.11654475331306458,-0.0012727071298286319,-1.1208083629608154,-0.001139292842708528,0.9707778692245483,-0.0011034405324608088,-0.4363182783126831,-0.0013481549685820937,2.9735751152038574,0.9552081227302551,1.235711693763733,1.0,1.1928688287734985,-0.6067364811897278,-0.1613621860742569,0.0,-0.1947447508573532,0.903325617313385,-0.9771801829338074,-1.0,-0.9985199570655823,0.5901405811309814,-0.04657270386815071,0.0,-0.00824664905667305,-0.8637075424194336,0.815704882144928,1.0,0.8218324780464172,0.7779604196548462,0.2723885178565979,0.0,0.24210354685783386,-0.21772491931915283,-1.0784770250320435,-1.0,-1.0462963581085205,-0.6162578463554382,-0.23080341517925262,0.0,-0.20354804396629333
36.07692307692308,2,2,1,0,False,-0.0001967102289199829,-0.0012710212031379342,0.04142697900533676,0.021092785522341728,0.016004277393221855,5.9506855905056e-05,0.29432937502861023,0.10061989724636078,-0.0012710212031379342,-1.121795892715454,-0.0011163107119500637,0.9708839654922485,-0.0011076779337599874,-0.4349173307418823,-0.0013464393559843302,2.9736454486846924,-0.1125592291355133,1.2355588674545288,1.1925796270370483,1.1923449039459229,-0.7111491560935974,-0.16103246808052063,-0.1925285905599594,-0.19224242866039276,0.6134417057037354,-0.9793946146965027,-0.9988560080528259,-0.9981058835983276,0.8671972751617432,-0.0414348803460598,-0.006377129349857569,-0.0042054965160787106,-0.4283057153224945,0.8154305219650269,0.822711706161499,0.8223848342895508,0.5965768694877625,0.2713986933231354,0.24070195853710175,0.24150638282299042,-0.15878444910049438,-1.0776249170303345,-1.0457757711410522,-1.0458334684371948,-0.3026699423789978,-0.226303830742836,-0.20008698105812073,-0.19973967969417572
36.15384615384615,2,2,1,0,False,-0.00022362172603607178,-0.0012799102114513516,0.041568391025066376,0.021853407844901085,0.03576691448688507,0.0005727307870984077,0.2938474714756012,0.10304658859968185,-0.0012799102114513516,-1.1225645542144775,-0.0010565186385065317,0.9723352193832397,-0.0011086786398664117,-0.4335753917694092,-0.001361480331979692,2.9724583625793457,-0.49178963899612427,1.233581304550171,1.192480206489563,1.185050129890442,-0.6634942293167114,-0.15846948325634003,-0.1919906586408615,-0.1980815976858139,0.4499671757221222,-0.9785390496253967,-0.9988566040992737,-0.9867940545082092,0.854289710521698,-0.03293139860033989,-0.006373838987201452,0.025108328089118004,-0.5388689637184143,0.8131574988365173,0.8228031992912292,0.8128808736801147,0.5870539546012878,0.27336472272872925,0.24057775735855103,0.25997886061668396,0.19891712069511414,-1.0756962299346924,-1.0457521677017212,-1.045218586921692,-0.06027982011437416,-0.22166459262371063,-0.19998374581336975,-0.20351020991802216
36.23076923076923,2,2,1,0,False,-0.0004528164863586426,-0.0013350017834454775,0.04160907119512558,0.024441512301564217,0.0573422946035862,0.001437547616660595,0.2908705770969391,0.10107584297657013,-0.0013350017834454775,-1.1221089363098145,-0.0008862396352924407,0.9750372171401978,-0.0010518539929762483,-0.43217575550079346,-0.0014409244759008288,2.968724489212036,-0.5045905113220215,1.2254893779754639,1.1921237707138062,1.1697630882263184,-0.7087080478668213,-0.1528986096382141,-0.1900612711906433,-0.21061459183692932,0.5155143737792969,-0.9697030186653137,-0.9988587498664856,-0.971106231212616,0.8487985730171204,-0.015605460852384567,-0.006362036801874638,0.06755184382200241,-0.6609649062156677,0.8046165108680725,0.8231313228607178,0.7949520349502563,0.670164942741394,0.2827409505844116,0.24013230204582214,0.28971099853515625,0.22856636345386505,-1.0693018436431885,-1.0456674098968506,-1.0395662784576416,0.01711036078631878,-0.21666906774044037,-0.19961345195770264,-0.2063877135515213
36.30769230769231,2,2,1,0,False,-0.0008587539196014404,-0.0014331418788060546,0.04159880429506302,0.02863525040447712,0.07093776762485504,0.001577385701239109,0.2856122553348541,0.09854642301797867,-0.0014331418788060546,-1.1199874877929688,-0.0005830122972838581,0.9774240851402283,-0.0009242708329111338,-0.43077170848846436,-0.0015618451870977879,2.9627292156219482,-0.4857617914676666,1.2124606370925903,1.191372275352478,1.1530542373657227,-0.73858642578125,-0.14829029142856598,-0.18599268794059753,-0.22451092302799225,0.591874361038208,-0.9543161392211914,-0.9988632202148438,-0.9541488885879517,0.8314221501350403,0.008461322635412216,-0.0063371495343744755,0.10895290970802307,-0.7205474972724915,0.7913959622383118,0.8238232135772705,0.7732620239257812,0.7302915453910828,0.298425555229187,0.239192932844162,0.32274433970451355,0.1974741816520691,-1.0586860179901123,-1.0454888343811035,-1.0321258306503296,0.054165951907634735,-0.211953803896904,-0.19883258640766144,-0.20554199814796448
36.38461538461539,2,2,1,0,False,-0.001211792230606079,-0.001509348745457828,0.041509948670864105,0.034466199576854706,0.0801486074924469,0.0009191175922751427,0.2815687358379364,0.09652180224657059,-0.001509348745457828,-1.1169252395629883,-0.000296174141112715,0.9781655073165894,-0.0008029878954403102,-0.4301661252975464,-0.0016431633848696947,2.955069065093994,-0.46933484077453613,1.1979535818099976,1.1901135444641113,1.1385303735733032,-0.7426376938819885,-0.1483750343322754,-0.17917859554290771,-0.23687763512134552,0.6603155732154846,-0.934689462184906,-0.9988706707954407,-0.9368758201599121,0.8104082942008972,0.0379684641957283,-0.006295467726886272,0.143458291888237,-0.7225307822227478,0.7774184346199036,0.8249819874763489,0.7518645524978638,0.7638298869132996,0.31868427991867065,0.23761968314647675,0.35472336411476135,0.17289406061172485,-1.045944094657898,-1.045189619064331,-1.0257458686828613,0.05949968844652176,-0.20749422907829285,-0.1975248008966446,-0.20208245515823364
36.46153846153847,2,2,1,0,False,-0.0012765824794769287,-0.00157068797852844,0.04139003902673721,0.04035911709070206,0.07829035818576813,0.0007194699719548225,0.2783394455909729,0.09567306190729141,-0.00157068797852844,-1.113572597503662,-0.00029085183632560074,0.9774388074874878,-0.000652229180559516,-0.43113553524017334,-0.0016994847683236003,2.946763277053833,-0.4524798095226288,1.1853532791137695,1.1882601976394653,1.1271158456802368,-0.7352455854415894,-0.15561005473136902,-0.1691458374261856,-0.24604420363903046,0.6913192272186279,-0.9149203300476074,-0.9988816976547241,-0.920251190662384,0.8017030954360962,0.06963822990655899,-0.006234097294509411,0.1697881817817688,-0.6944535374641418,0.7661065459251404,0.8266881108283997,0.7337784171104431,0.7663081288337708,0.3407566249370575,0.23530328273773193,0.3827420771121979,0.13177508115768433,-1.0348001718521118,-1.0447490215301514,-1.0213711261749268,0.06509394943714142,-0.2058783918619156,-0.1955992579460144,-0.19754420220851898
36.53846153846154,2,2,1,0,False,-0.0013205856084823608,-0.0016021177871152759,0.041313447058200836,0.0457124263048172,0.0642039105296135,0.00034178607165813446,0.27669358253479004,0.09541729092597961,-0.0016021177871152759,-1.110264778137207,-0.0002769410202745348,0.976493239402771,-0.0003684561525005847,-0.4331035017967224,-0.0017292243428528309,2.9386651515960693,-0.43697503209114075,1.1749475002288818,1.1857479810714722,1.1186600923538208,-0.725878894329071,-0.1642388105392456,-0.15554600954055786,-0.25118178129196167,0.6745052933692932,-0.8992890119552612,-0.998896598815918,-0.905647873878479,0.8118360042572021,0.09835231304168701,-0.0061509073711931705,0.18912628293037415,-0.6320847272872925,0.7550487518310547,0.8290008306503296,0.7207183837890625,0.7528497576713562,0.3646964728832245,0.23216331005096436,0.4049740135669708,0.07573916018009186,-1.0270944833755493,-1.0441519021987915,-1.019554853439331,0.07617253065109253,-0.20621450245380402,-0.19298911094665527,-0.19271759688854218
36.61538461538462,2,2,1,0,False,-0.0016018301248550415,-0.0016334325773641467,0.04124877601861954,0.050580818206071854,0.06393783539533615,0.0005639530718326569,0.27505961060523987,0.09547066688537598,-0.0016334325773641467,-1.1070764064788818,-0.000270325894234702,0.9762174487113953,-0.00010384730558143929,-0.43486854434013367,-0.001764428336173296,2.9312214851379395,-0.434444397687912,1.167502522468567,1.182534098625183,1.112528681755066,-0.7122712731361389,-0.17137864232063293,-0.13814719021320343,-0.25200971961021423,0.6438641548156738,-0.8886668682098389,-0.9989157319068909,-0.8943600058555603,0.8261411786079407,0.12368053197860718,-0.006044479086995125,0.2034936398267746,-0.5543714761734009,0.7446044683456421,0.83195960521698,0.713553249835968,0.7214496731758118,0.38716667890548706,0.22814622521400452,0.42073503136634827,0.06484874337911606,-1.0238206386566162,-1.04338800907135,-1.0201516151428223,0.06293696910142899,-0.20756180584430695,-0.18964985013008118,-0.18782521784305573
36.69230769230769,2,2,1,0,False,-0.001544564962387085,-0.0016641939291730523,0.04115261882543564,0.055300451815128326,0.06008320674300194,0.003225212451070547,0.273460328578949,0.09572798758745193,-0.0016641939291730523,-1.1046562194824219,-0.00023749771935399622,0.9769583940505981,-0.00018775482021737844,-0.43619778752326965,-0.0018094750121235847,2.92466402053833,-0.410073846578598,1.1638680696487427,1.1785954236984253,1.1079468727111816,-0.6976910829544067,-0.17637892067432404,-0.1168256476521492,-0.24841900169849396,0.6059088706970215,-0.8824667930603027,-0.9989390969276428,-0.8868196606636047,0.8420682549476624,0.14644943177700043,-0.005914055742323399,0.2145557552576065,-0.4827307164669037,0.7387309074401855,0.8355854749679565,0.7122034430503845,0.6838967800140381,0.4030614495277405,0.22322344779968262,0.42986708879470825,0.04693349078297615,-1.0246050357818604,-1.0424517393112183,-1.021903157234192,0.008999953046441078,-0.20844469964504242,-0.18555772304534912,-0.1840541511774063
36.769230769230774,2,2,1,0,False,-0.0014157891273498535,-0.0016731636133044958,0.04103384166955948,0.05887019261717796,0.04263219237327576,0.002161073498427868,0.2729950249195099,0.09646255522966385,-0.0016731636133044958,-1.103654384613037,-0.00025295064551755786,0.9786137342453003,-0.00039056004607118666,-0.4369105398654938,-0.0018321076640859246,2.919198989868164,-0.3721698820590973,1.1627259254455566,1.1739277839660645,1.104860544204712,-0.7012643814086914,-0.17893484234809875,-0.09155745804309845,-0.24049584567546844,0.5636671185493469,-0.8796658515930176,-0.9989668130874634,-0.8828504681587219,0.8578073382377625,0.1658182144165039,-0.00575949065387249,0.22346928715705872,-0.42555007338523865,0.7364724278450012,0.839882493019104,0.7156792879104614,0.6611530184745789,0.41337451338768005,0.21738946437835693,0.4330790042877197,0.02072894386947155,-1.0281234979629517,-1.0413422584533691,-1.0243237018585205,-0.04303119331598282,-0.20885956287384033,-0.1807081401348114,-0.18291577696800232
36.84615384615385,2,2,1,0,False,-0.0013006925582885742,-0.0016658796230331063,0.040944747626781464,0.06093902513384819,0.044750940054655075,0.001820331672206521,0.2733728289604187,0.09720171988010406,-0.0016658796230331063,-1.1040148735046387,-0.0003601503267418593,0.9809162020683289,-0.0004823303024750203,-0.4363682270050049,-0.0018270736327394843,2.915058135986328,-0.3601030111312866,1.1622215509414673,1.1685436964035034,1.1029722690582275,-0.7147622108459473,-0.17806506156921387,-0.06241020932793617,-0.22859959304332733,0.49941378831863403,-0.8796708583831787,-0.9989988207817078,-0.8821379542350769,0.8735933899879456,0.18131844699382782,-0.005581197328865528,0.23098529875278473,-0.3639995753765106,0.7350529432296753,0.8448391556739807,0.7227626442909241,0.627271294593811,0.4206717014312744,0.21065986156463623,0.4316786825656891,0.024008743464946747,-1.033565640449524,-1.0400625467300415,-1.0269966125488281,-0.09813100844621658,-0.2099114954471588,-0.17511406540870667,-0.18443013727664948
36.92307692307693,2,2,1,0,False,-0.001172974705696106,-0.0016420615138486028,0.040927641093730927,0.06217053532600403,0.054042864590883255,0.0017553765792399645,0.2746104598045349,0.09783172607421875,-0.0016420615138486028,-1.1057922840118408,-0.0005008965963497758,0.9835497140884399,-0.0005467829178087413,-0.4342012405395508,-0.0017977193929255009,2.9125115871429443,-0.34067007899284363,1.161755084991455,1.162470817565918,1.101462721824646,-0.7331069111824036,-0.17364467680454254,-0.02953467145562172,-0.21303315460681915,0.43639829754829407,-0.881949782371521,-0.9990348815917969,-0.8846189975738525,0.8845978379249573,0.19405731558799744,-0.00538009824231267,0.23754794895648956,-0.2951146066188812,0.7342486381530762,0.8504298329353333,0.7327455282211304,0.5817294716835022,0.4251885414123535,0.20306946337223053,0.42619797587394714,0.024457139894366264,-1.0402400493621826,-1.0386189222335815,-1.0291922092437744,-0.1804315596818924,-0.21174654364585876,-0.16880443692207336,-0.188540518283844
37.0,2,2,1,0,False,-0.0010372698307037354,-0.001595228910446167,0.04103577882051468,0.06299585849046707,0.06304280459880829,0.001716648694127798,0.2770538330078125,0.09833720326423645,-0.001595228910446167,-1.1092288494110107,-0.0006295701023191214,0.9861261248588562,-0.0006353812641464174,-0.4303610920906067,-0.0017357104225084186,2.9118010997772217,-0.32021424174308777,1.1608827114105225,1.1557508707046509,1.100021243095398,-0.7618463635444641,-0.1668270230293274,0.006843395531177521,-0.19399628043174744,0.3980729877948761,-0.8858940005302429,-0.9990748167037964,-0.8895642161369324,0.8886849284172058,0.20502105355262756,-0.00515757454559207,0.24325236678123474,-0.23580387234687805,0.7341678738594055,0.8566161394119263,0.7450757026672363,0.5332227945327759,0.42699292302131653,0.1946703940629959,0.4169396758079529,0.03599247708916664,-1.0472899675369263,-1.0370216369628906,-1.0305991172790527,-0.2767603397369385,-0.21475492417812347,-0.1618225872516632,-0.19578638672828674
37.07692307692308,2,2,1,0,False,-0.0008624941110610962,-0.0015329897869378328,0.04130399972200394,0.06337344646453857,0.07327784597873688,0.001873921137303114,0.2803214490413666,0.09856706857681274,-0.0015329897869378328,-1.114272117614746,-0.000767192745115608,0.9885348677635193,-0.0007471027201972902,-0.42476385831832886,-0.001652053091675043,2.9130825996398926,-0.29318052530288696,1.1593773365020752,1.1484379768371582,1.098501443862915,-0.8032628297805786,-0.1574992686510086,0.0464317686855793,-0.17175254225730896,0.3982718586921692,-0.891398549079895,-0.9991182684898376,-0.8956226706504822,0.8871431350708008,0.2143200784921646,-0.0049154129810631275,0.24798133969306946,-0.201433464884758,0.7346363067626953,0.8633483648300171,0.758966863155365,0.49633124470710754,0.42600202560424805,0.18553011119365692,0.40442416071891785,0.03794686496257782,-1.0544368028640747,-1.0352834463119507,-1.0310428142547607,-0.374282568693161,-0.21936973929405212,-0.15422458946704865,-0.20627978444099426
37.15384615384615,2,2,1,0,False,-0.0006626248359680176,-0.001459212857298553,0.04173528403043747,0.06334143877029419,0.082011878490448,0.0019613350741565228,0.2842250168323517,0.09842158854007721,-0.001459212857298553,-1.1206657886505127,-0.000914609816391021,0.9908713698387146,-0.0008719500037841499,-0.41741958260536194,-0.0015516143757849932,2.916266918182373,-0.26818394660949707,1.1569408178329468,1.1405967473983765,1.0968958139419556,-0.8417829275131226,-0.14555267989635468,0.08887995779514313,-0.1465582400560379,0.4266943037509918,-0.8978244662284851,-0.9991648197174072,-0.9010978937149048,0.8833855986595154,0.22206462919712067,-0.004655758384615183,0.25162360072135925,-0.20057371258735657,0.7353203296661377,0.8705669641494751,0.7732107043266296,0.47668272256851196,0.42252087593078613,0.17572955787181854,0.38975217938423157,0.034876029938459396,-1.0610688924789429,-1.0334196090698242,-1.0307921171188354,-0.4674428105354309,-0.2257208675146103,-0.1460777372121811,-0.2195684015750885
37.23076923076923,2,2,1,0,False,-0.0004509538412094116,-0.0013770496007055044,0.04230160266160965,0.06302709132432938,0.0886458083987236,0.0019376957789063454,0.288610577583313,0.09784910082817078,-0.0013770496007055044,-1.1280105113983154,-0.001063691102899611,0.9933589696884155,-0.0010001246118918061,-0.40850287675857544,-0.0014370694989338517,2.9209892749786377,-0.2513695955276489,1.1533626317977905,1.1323013305664062,1.0950266122817993,-0.8652604818344116,-0.13081537187099457,0.13378767669200897,-0.11842068284749985,0.45908597111701965,-0.9042530059814453,-0.9992141127586365,-0.9048011898994446,0.8813467025756836,0.2284657210111618,-0.0043810587376356125,0.2542419135570526,-0.2111208736896515,0.7358128428459167,0.8782037496566772,0.7865848541259766,0.46754899621009827,0.41719627380371094,0.16536113619804382,0.3741768002510071,0.03811503201723099,-1.0665217638015747,-1.0314477682113647,-1.0300774574279785,-0.5389107465744019,-0.23363542556762695,-0.13745884597301483,-0.2346593290567398
37.30769230769231,2,2,1,0,False,-0.00023767352104187012,-0.0012891519581899047,0.04295762628316879,0.06255977600812912,0.09293089807033539,0.001843743957579136,0.2933467626571655,0.09685531258583069,-0.0012891519581899047,-1.13588547706604,-0.0012069708900526166,0.9961978197097778,-0.0011241646716371179,-0.3982982635498047,-0.0013101034564897418,2.926769971847534,-0.23310580849647522,1.148626446723938,1.1236331462860107,1.0926425457000732,-0.8795364499092102,-0.11291195452213287,0.18071286380290985,-0.08719043433666229,0.4830678403377533,-0.9098576903343201,-0.9992656111717224,-0.9064711332321167,0.879793643951416,0.23391403257846832,-0.004094018135219812,0.2560504078865051,-0.2140217423439026,0.7357801198959351,0.8861836791038513,0.7985807061195374,0.46728938817977905,0.410883367061615,0.15452691912651062,0.35865896940231323,0.03485153242945671,-1.0702738761901855,-1.029387354850769,-1.0289615392684937,-0.5824099779129028,-0.24253474175930023,-0.12845273315906525,-0.24987341463565826
37.38461538461539,2,2,1,0,False,-4.4792890548706055e-05,-0.0011965633602812886,0.0436510369181633,0.06200049817562103,0.09450755268335342,0.001715105026960373,0.2983851730823517,0.09552201628684998,-0.0011965633602812886,-1.1439502239227295,-0.0013413371052592993,0.9994868636131287,-0.0012404702138155699,-0.38713526725769043,-0.0011704821372404695,2.9331326484680176,-0.20457462966442108,1.1430771350860596,1.1146800518035889,1.0897612571716309,-0.8887398838996887,-0.09147829562425613,0.22918029129505157,-0.05281775817275047,0.49620866775512695,-0.9142123460769653,-0.9993187785148621,-0.9065221548080444,0.8790915012359619,0.23880553245544434,-0.003797543700784445,0.2572758197784424,-0.1946372091770172,0.7352818250656128,0.8944258689880371,0.8095324039459229,0.48052656650543213,0.40449705719947815,0.14333662390708923,0.3439294695854187,0.019262706860899925,-1.072110652923584,-1.0272592306137085,-1.0277243852615356,-0.6105197072029114,-0.2514478862285614,-0.11915064603090286,-0.26347336173057556
37.46153846153847,2,2,1,0,False,-0.00010387599468231201,-0.0010979576036334038,0.044331617653369904,0.06134190037846565,0.09326460212469101,0.0016236957162618637,0.3038064241409302,0.09397755563259125,-0.0010979576036334038,-1.1519982814788818,-0.0014676422579213977,1.0032294988632202,-0.0013498228508979082,-0.3753240704536438,-0.0010153319453820586,2.939650774002075,-0.1629766821861267,1.1374293565750122,1.1055344343185425,1.0867149829864502,-0.8947591781616211,-0.06639178842306137,0.2786898612976074,-0.015423470176756382,0.4946555197238922,-0.917394757270813,-0.9993730783462524,-0.9056622982025146,0.8789309859275818,0.24336320161819458,-0.003494694596156478,0.25812026858329773,-0.13847346603870392,0.7348752617835999,0.9028452634811401,0.82044917345047,0.5037553906440735,0.39886611700057983,0.1319057196378708,0.3306369483470917,-0.00886115338653326,-1.0722365379333496,-1.0250853300094604,-1.026820182800293,-0.6285366415977478,-0.25931310653686523,-0.10964853316545486,-0.27436330914497375
37.53846153846154,2,2,1,0,False,-0.00011518597602844238,-0.0009414062951691449,0.04496251791715622,0.06051671877503395,0.08249333500862122,0.0014808308333158493,0.3125297427177429,0.09248357266187668,-0.0009414062951691449,-1.1600172519683838,-0.0015847652684897184,1.0073128938674927,-0.0014506973093375564,-0.3630458116531372,-0.0008470039465464652,2.945939302444458,-0.11882882565259933,1.1330207586288452,1.0962918996810913,1.0839554071426392,-0.8976967930793762,-0.036866068840026855,0.3287244737148285,0.0247242022305727,0.4681415557861328,-0.919802188873291,-0.9994279742240906,-0.9047432541847229,0.8760129809379578,0.2470989227294922,-0.003188633592799306,0.25871700048446655,-0.01754365861415863,0.7356173992156982,0.9113539457321167,0.832905650138855,0.5216271281242371,0.39441433548927307,0.1203535795211792,0.3191143274307251,-0.051419779658317566,-1.071128487586975,-1.022888422012329,-1.0267270803451538,-0.641444742679596,-0.26559388637542725,-0.10004565864801407,-0.28207719326019287
37.61538461538462,2,2,1,0,False,-5.027651786804199e-05,-0.0006844864692538977,0.04553612321615219,0.05930320546030998,0.06820850074291229,0.0013702921569347382,0.3271505832672119,0.09128548204898834,-0.0006844864692538977,-1.1683788299560547,-0.0016914625884965062,1.0113805532455444,-0.0015456716064363718,-0.35038524866104126,-0.0006560049368999898,2.9516255855560303,-0.07704543322324753,1.131435513496399,1.0870492458343506,1.081558346748352,-0.8938648700714111,-0.002435477217659354,0.3787592053413391,0.06728751957416534,0.3995093107223511,-0.9219643473625183,-0.9994829297065735,-0.9049438238143921,0.8757416605949402,0.24858373403549194,-0.002882571890950203,0.2590669095516205,0.17200209200382233,0.7391524314880371,0.919862687587738,0.8492307662963867,0.5328400731086731,0.3911762237548828,0.10880141705274582,0.3089042901992798,-0.10595221072435379,-1.0691097974777222,-1.0206913948059082,-1.0279186964035034,-0.6452187299728394,-0.27031826972961426,-0.09044275432825089,-0.2866179645061493
37.69230769230769,2,2,1,0,False,0.00041225552558898926,-6.277448846958578e-05,0.04610688239336014,0.0577058270573616,0.0378565788269043,0.0005861697718501091,0.3640405833721161,0.09088391065597534,-6.277448846958578e-05,-1.1763842105865479,-0.0017522515263408422,1.015149474143982,-0.0015878003323450685,-0.3368767499923706,-0.0004810731625184417,2.9563562870025635,-0.050474122166633606,1.1314196586608887,1.0779037475585938,1.0794240236282349,-0.8886449933052063,0.03924670070409775,0.4282686114311218,0.11188016086816788,0.32675573229789734,-0.9253945350646973,-0.9995372295379639,-0.907400369644165,0.8547524809837341,0.24662230908870697,-0.0025797237176448107,0.25911399722099304,0.3261648416519165,0.7477797269821167,0.9282820224761963,0.8710067868232727,0.5153241753578186,0.3877444863319397,0.09737055003643036,0.299407422542572,-0.1698165237903595,-1.0675022602081299,-1.0185176134109497,-1.0307239294052124,-0.6459654569625854,-0.27469444274902344,-0.08094067871570587,-0.28812554478645325
37.769230769230774,2,2,1,0,False,-4.4539570808410645e-05,-2.6150715711992234e-05,0.04688110202550888,0.053840480744838715,0.029627807438373566,0.0007606344297528267,0.36515358090400696,0.09072098881006241,-2.6150715711992234e-05,-1.1816368103027344,-0.0017997350078076124,1.0184980630874634,-0.0016561717493459582,-0.3265959322452545,-5.031885848438833e-06,2.960411787033081,-0.08401545882225037,1.1247326135635376,1.0689506530761719,1.0759832859039307,-0.86245197057724,0.08507157862186432,0.47673630714416504,0.15830931067466736,0.1363510638475418,-0.9331278204917908,-0.9995903968811035,-0.91399747133255,0.8726637363433838,0.23749478161334991,-0.002283247886225581,0.25785449147224426,0.49658748507499695,0.7704237103462219,0.9365242719650269,0.8984206318855286,0.49262431263923645,0.38722726702690125,0.0861801952123642,0.2888835072517395,-0.18270659446716309,-1.0655509233474731,-1.0163893699645996,-1.0344992876052856,-0.6895675659179688,-0.2777175009250641,-0.07163853198289871,-0.2844606041908264
37.84615384615385,2,2,1,0,False,-0.0002675652503967285,9.251127721654484e-07,0.05034492164850235,0.04890252649784088,0.10773421078920364,0.0068669370375573635,0.3516596555709839,0.09141869097948074,9.251127721654484e-07,-1.1853563785552979,-0.0018811464542523026,1.0237456560134888,-0.001731959404423833,-0.31784653663635254,0.0002017273654928431,2.955327033996582,0.19969269633293152,1.118812918663025,1.0602824687957764,1.0738276243209839,-0.7510207295417786,0.13872098922729492,0.5236613750457764,0.2068321406841278,-0.02433464489877224,-0.9548557996749878,-0.9996418952941895,-0.924951434135437,0.8701227307319641,0.23076269030570984,-0.001996207982301712,0.2572208046913147,0.40197402238845825,0.8007476925849915,0.9445041418075562,0.9279022216796875,0.40511879324913025,0.3793603181838989,0.07534599304199219,0.2784356474876404,-0.2655850350856781,-1.0433090925216675,-1.014328956604004,-1.0400375127792358,-0.5775716304779053,-0.2767959237098694,-0.06263244897127151,-0.27864935994148254
37.92307692307693,2,2,1,0,False,-0.0006911605596542358,3.369333626324078e-06,0.05287996679544449,0.04244294390082359,0.08841142058372498,0.0031304836738854647,0.3267660140991211,0.09303443878889084,3.369333626324078e-06,-1.1880223751068115,-0.0018890892388299108,1.0318557024002075,-0.0018051827792078257,-0.31335973739624023,0.0006552414852194488,2.9506688117980957,0.28002452850341797,1.1110998392105103,1.0519869327545166,1.0764219760894775,-0.6891346573829651,0.1955692172050476,0.5685692429542542,0.2569887042045593,-0.3001256287097931,-0.987768292427063,-0.9996911883354187,-0.9424979090690613,0.8559480309486389,0.22164520621299744,-0.0017215072875842452,0.25680503249168396,0.4669647812843323,0.8406260013580322,0.9521409869194031,0.9534188508987427,0.24433168768882751,0.36561375856399536,0.06497754156589508,0.2613241970539093,-0.26818186044692993,-1.041925072669983,-1.012357234954834,-1.04521906375885,-0.6428861618041992,-0.2708438038825989,-0.05401352047920227,-0.2698242664337158
38.0,2,2,1,0,False,-0.001217484474182129,4.375566732051084e-06,0.05505429953336716,0.03594785928726196,0.1113291084766388,0.0038102709222584963,0.29724225401878357,0.09340173006057739,4.375566732051084e-06,-1.187990665435791,-0.0018803711282089353,1.0405277013778687,-0.0018615017179399729,-0.31206923723220825,0.0011880169622600079,2.9465365409851074,0.3205765187740326,1.1060436964035034,1.0441457033157349,1.0812387466430664,-0.6737385988235474,0.25067663192749023,0.6110172867774963,0.3077707290649414,-0.3723224401473999,-1.0224592685699463,-0.9997377395629883,-0.9661030769348145,0.8524937033653259,0.21365855634212494,-0.0014618533896282315,0.2559465765953064,0.5284653902053833,0.8774451613426208,0.9593595266342163,0.9762860536575317,0.2355414777994156,0.3459223806858063,0.05517701804637909,0.23773349821567535,-0.23400889337062836,-1.0458005666732788,-1.0104933977127075,-1.049538493156433,-0.6097447872161865,-0.26219016313552856,-0.045866694301366806,-0.26049506664276123
38.07692307692308,2,2,1,0,False,-0.0018508285284042358,-1.1842315643662005e-06,0.057274214923381805,0.03060166724026203,0.1331474930047989,0.00498490035533905,0.26388019323349,0.09305411577224731,-1.1842315643662005e-06,-1.1863629817962646,-0.0018684185342863202,1.0492249727249146,-0.0018980978056788445,-0.31141719222068787,0.0018336434150114655,2.9428513050079346,0.4057987332344055,1.106103539466858,1.0368328094482422,1.087278127670288,-0.6689263582229614,0.30327367782592773,0.6506059169769287,0.35799339413642883,-0.34010323882102966,-1.0566928386688232,-0.9997811913490295,-0.9897943735122681,0.8553387522697449,0.21015134453773499,-0.0012196905445307493,0.25513121485710144,0.5366519093513489,0.9072439074516296,0.9660918116569519,0.9973387718200684,0.24813419580459595,0.3210749328136444,0.04603668674826622,0.2134528011083603,-0.28129467368125916,-1.0495765209197998,-1.008755087852478,-1.053027868270874,-0.6862651109695435,-0.25349581241607666,-0.03826865926384926,-0.2527669072151184
38.15384615384615,2,2,1,0,False,-0.0025672465562820435,-1.4315352927951608e-05,0.05558636039495468,0.027652433142066002,0.12665364146232605,0.0057291495613753796,0.22908921539783478,0.09249413013458252,-1.4315352927951608e-05,-1.183687686920166,-0.0018577711889520288,1.0577632188796997,-0.0019258310785517097,-0.3106902241706848,0.0025428200606256723,2.9395601749420166,0.40592309832572937,1.1087610721588135,1.030112862586975,1.0937623977661133,-0.6693787574768066,0.35434290766716003,0.6869841814041138,0.40673691034317017,-0.38748666644096375,-1.0877702236175537,-0.999821126461029,-1.0101940631866455,0.837152361869812,0.20907005667686462,-0.0009971654508262873,0.25462859869003296,0.5534319877624512,0.9327916502952576,0.9722781777381897,1.0161256790161133,0.2186167985200882,0.2958669662475586,0.03763757646083832,0.191209077835083,-0.31696829199790955,-1.052785873413086,-1.007157802581787,-1.0561083555221558,-0.6847603917121887,-0.2471715807914734,-0.031286779791116714,-0.24834920465946198
38.23076923076923,2,2,1,0,False,-0.003244459629058838,8.500669537170324e-06,0.051517315208911896,0.02757255546748638,0.1141408309340477,0.006112944800406694,0.1991206854581833,0.09177492558956146,8.500669537170324e-06,-1.1805059909820557,-0.0018446146277710795,1.0658026933670044,-0.0019474201835691929,-0.30949828028678894,0.003242473816499114,2.9366157054901123,0.3692856729030609,1.112407922744751,1.0240399837493896,1.0987070798873901,-0.6624370217323303,0.40313538908958435,0.719859778881073,0.4534454643726349,-0.5717038512229919,-1.1140185594558716,-0.9998571872711182,-1.0286881923675537,0.8256106376647949,0.20834319293498993,-0.0007960659568198025,0.254149466753006,0.6394842863082886,0.9553608894348145,0.9778688549995422,1.033247947692871,0.17042939364910126,0.27223828434944153,0.030047161504626274,0.1708420217037201,-0.23605839908123016,-1.0557836294174194,-1.0057142972946167,-1.0585265159606934,-0.6351557374000549,-0.24321627616882324,-0.02497713826596737,-0.24526521563529968
38.30769230769231,2,2,1,0,False,-0.003945410251617432,1.3830569514539093e-05,0.04766278713941574,0.030094871297478676,0.11610795557498932,0.004476943984627724,0.17107254266738892,0.09137566387653351,1.3830569514539093e-05,-1.1772568225860596,-0.0018344990676268935,1.0729435682296753,-0.0019641669932752848,-0.30787432193756104,0.003947585355490446,2.933985471725464,0.4073682129383087,1.1153466701507568,1.018655776977539,1.1016230583190918,-0.6543375849723816,0.44997772574424744,0.7490072250366211,0.4975503385066986,-0.6203134059906006,-1.1365035772323608,-0.9998891949653625,-1.046861171722412,0.8296319842338562,0.2077362835407257,-0.0006177714094519615,0.2535478472709656,0.6755830645561218,0.9757742285728455,0.9828255772590637,1.0498120784759521,0.17913655936717987,0.25012874603271484,0.02331751212477684,0.15259027481079102,-0.2555696666240692,-1.0580854415893555,-1.0044344663619995,-1.0601447820663452,-0.6551375389099121,-0.23969310522079468,-0.01938301883637905,-0.24171431362628937
38.38461538461539,2,2,1,0,False,-0.004634663462638855,1.14178783405805e-05,0.043991975486278534,0.03437093645334244,0.14218638837337494,0.0037771379575133324,0.14637090265750885,0.09074554592370987,1.14178783405805e-05,-1.1741528511047363,-0.0018239534692838788,1.079088807106018,-0.001977218547835946,-0.30573248863220215,0.004624077584594488,2.9316396713256836,0.46219849586486816,1.117433786392212,1.0139881372451782,1.1032373905181885,-0.6438942551612854,0.49407050013542175,0.7742754817008972,0.5386232137680054,-0.6160012483596802,-1.1564338207244873,-0.9999169111251831,-1.0640504360198975,0.8451554179191589,0.20760588347911835,-0.00046320585533976555,0.252936989068985,0.6856732368469238,0.9948433637619019,0.9871225953102112,1.0655570030212402,0.2673020362854004,0.2296358197927475,0.017483502626419067,0.13667859137058258,-0.36853688955307007,-1.0597004890441895,-1.0033249855041504,-1.0611088275909424,-0.7371411919593811,-0.23592281341552734,-0.01453341543674469,-0.23797670006752014
38.46153846153847,2,2,1,0,False,-0.005224347114562988,2.7840809707413428e-05,0.040555424988269806,0.039196014404296875,0.09732552617788315,0.0003152713179588318,0.12742018699645996,0.09023226797580719,2.7840809707413428e-05,-1.1712841987609863,-0.001755401841364801,1.0846868753433228,-0.0019858975429087877,-0.30307844281196594,0.005263343919068575,2.929532766342163,0.4448542892932892,1.1190189123153687,1.0100494623184204,1.1038984060287476,-0.615486741065979,0.534274160861969,0.7955971360206604,0.5764560103416443,-0.6816846132278442,-1.1747889518737793,-0.9999402761459351,-1.0796517133712769,0.843052864074707,0.20694956183433533,-0.0003327817830722779,0.25234857201576233,0.7102550864219666,1.012841820716858,0.9907484650611877,1.079845905303955,0.21418173611164093,0.210488423705101,0.012560702860355377,0.12216605991125107,-0.3414955139160156,-1.0605844259262085,-1.0023887157440186,-1.0614954233169556,-0.7376847863197327,-0.2323896437883377,-0.010441266000270844,-0.23457738757133484
38.53846153846154,2,2,1,0,False,-0.005823150277137756,2.0061415852978826e-05,0.037181608378887177,0.044577911496162415,0.084182970225811,0.0008320252527482808,0.11013977229595184,0.08962106704711914,2.0061415852978826e-05,-1.1686625480651855,-0.0017051444156095386,1.089760661125183,-0.001999747706577182,-0.30056798458099365,0.0058684032410383224,2.9276561737060547,0.4572555422782898,1.1188931465148926,1.0068355798721313,1.1036748886108398,-0.5991224646568298,0.572039783000946,0.8129960298538208,0.6109735369682312,-0.7163752913475037,-1.19182288646698,-0.999959409236908,-1.0934898853302002,0.8402857184410095,0.20619286596775055,-0.00022635317873209715,0.25176072120666504,0.720320463180542,1.0301826000213623,0.9937072396278381,1.0924783945083618,0.16020023822784424,0.1926540583372116,0.008543601259589195,0.1078810840845108,-0.3100827634334564,-1.0611592531204224,-1.0016248226165771,-1.0618592500686646,-0.7315340638160706,-0.22911794483661652,-0.0071019926108419895,-0.23159250617027283
38.61538461538462,2,2,1,0,False,-0.006421089172363281,2.771730942185968e-05,0.03399617224931717,0.05021165311336517,0.09614856541156769,0.0,0.09475091844797134,0.0826316699385643,2.771730942185968e-05,-1.1664047241210938,-0.0016633927589282393,1.0941449403762817,-0.001967071322724223,-0.2982667088508606,0.006466726306825876,2.9259841442108154,0.4662228524684906,1.1176029443740845,1.0043232440948486,1.103144645690918,-0.5972303152084351,0.6071138978004456,0.8265959024429321,0.6420402526855469,-0.7489233613014221,-1.2065143585205078,-0.9999743103981018,-1.105539321899414,0.8349384069442749,0.20529933273792267,-0.00014316286251414567,0.251230925321579,0.7453442215919495,1.0466217994689941,0.9960199594497681,1.103427767753601,0.17262738943099976,0.1782335638999939,0.005403619725257158,0.09358800202608109,-0.3318258821964264,-1.0615489482879639,-1.0010275840759277,-1.062259554862976,-0.7348054647445679,-0.22612200677394867,-0.004491837229579687,-0.22909408807754517
38.69230769230769,2,2,1,0,False,-0.006983116269111633,3.3458476536907256e-05,0.031103454530239105,0.05565732344985008,0.050623223185539246,8.246322977356613e-05,0.08188076317310333,0.08203572034835815,3.3458476536907256e-05,-1.1643249988555908,-0.0016173433978110552,1.0971022844314575,-0.0018648755503818393,-0.2971436083316803,0.007060789968818426,2.924482583999634,0.46113821864128113,1.1154379844665527,1.0024700164794922,1.1021291017532349,-0.5726972818374634,0.638229250907898,0.8366284966468811,0.6696897149085999,-0.785217821598053,-1.2176402807235718,-0.9999853372573853,-1.116341233253479,0.8189908266067505,0.20182880759239197,-8.179377618944272e-05,0.2505633533000946,0.781884491443634,1.062574028968811,0.9977260828018188,1.113474726676941,0.16261789202690125,0.17014698684215546,0.0030872703064233065,0.08108694851398468,-0.358696311712265,-1.062290072441101,-1.0005871057510376,-1.0629090070724487,-0.7536247372627258,-0.22373740375041962,-0.002566338051110506,-0.22675281763076782
38.769230769230774,2,2,1,0,False,-0.007696308195590973,-3.0722232622792944e-05,0.028249584138393402,0.061821311712265015,0.0843217521905899,0.005731585901230574,0.06760592758655548,0.08105340600013733,-3.0722232622792944e-05,-1.162325382232666,-0.0015733862528577447,1.0994590520858765,-0.0017919818637892604,-0.29684561491012573,0.007705934811383486,2.9231483936309814,0.494827538728714,1.1113333702087402,1.0012112855911255,1.1010560989379883,-0.5787978768348694,0.6670843362808228,0.8434427976608276,0.6938547492027283,-0.7680181860923767,-1.2289003133773804,-0.9999927878379822,-1.1257870197296143,0.8114208579063416,0.19889387488365173,-4.011081182397902e-05,0.2494795173406601,0.7565376162528992,1.0774204730987549,0.998884916305542,1.1225427389144897,0.011133179999887943,0.16149550676345825,0.0015139649622142315,0.06928203254938126,-0.3005099296569824,-1.063434362411499,-1.0002878904342651,-1.063726544380188,-0.7184297442436218,-0.22152739763259888,-0.0012585052754729986,-0.2250976711511612
38.84615384615385,2,2,1,0,False,-0.008084140717983246,1.3569370821642224e-05,0.026128850877285004,0.06606096029281616,0.027301674708724022,0.0016809343360364437,0.06073717027902603,0.08076880872249603,1.3569370821642224e-05,-1.1603784561157227,-0.0015315883792936802,1.1015046834945679,-0.0017109004547819495,-0.296450138092041,0.008166425861418247,2.9219493865966797,0.5042256712913513,1.1105931997299194,1.0004597902297974,1.100599765777588,-0.5758552551269531,0.6897495985031128,0.8475112318992615,0.7143017649650574,-0.8037713170051575,-1.2385094165802002,-0.9999972581863403,-1.1336557865142822,0.8021300435066223,0.196468323469162,-1.5224341041175649e-05,0.24801035225391388,0.7807312607765198,1.088733434677124,0.99957674741745,1.1301705837249756,0.05951235443353653,0.151045024394989,0.0005746360984630883,0.057273391634225845,-0.37198296189308167,-1.0642791986465454,-1.000109314918518,-1.0648342370986938,-0.7834240794181824,-0.22042308747768402,-0.00047767459182068706,-0.2247428447008133
38.92307692307693,2,2,1,0,False,-0.008532010018825531,4.944242027704604e-05,0.024074293673038483,0.07043801993131638,0.056259773671627045,0.0,0.05352940782904625,0.08021187782287598,4.944242027704604e-05,-1.1586635112762451,-0.0014950706390663981,1.1033762693405151,-0.001628897967748344,-0.29678016901016235,0.008642084896564484,2.9208855628967285,0.5432087779045105,1.1086567640304565,1.0001033544540405,1.1008591651916504,-0.5721486806869507,0.7102961540222168,0.8494405746459961,0.7311006784439087,-0.7853038311004639,-1.2474567890167236,-0.9999994039535522,-1.1399811506271362,0.771758496761322,0.19370444118976593,-3.4225499803142156e-06,0.24608296155929565,0.7611755728721619,1.0994071960449219,0.9999048709869385,1.1362665891647339,-0.0035101401153951883,0.14051541686058044,0.00012918264837935567,0.04445938020944595,-0.43040087819099426,-1.0657061338424683,-1.0000245571136475,-1.0663261413574219,-0.8166569471359253,-0.2204386442899704,-0.00010738494893303141,-0.2256782352924347
39.0,2,2,1,0,False,-0.009013429284095764,4.7290577640524134e-05,0.02232924848794937,0.07451654225587845,0.060664039105176926,0.0004290770448278636,0.04658772796392441,0.07962650805711746,4.7290577640524134e-05,-1.1570634841918945,-0.0014581404393538833,1.1052063703536987,-0.001539719640277326,-0.2974945902824402,0.00912218913435936,2.9199323654174805,0.5506599545478821,1.1074938774108887,1.0000039339065552,1.1016987562179565,-0.5614006519317627,0.7271268367767334,0.8499786257743835,0.7445399761199951,-0.7761140465736389,-1.2550795078277588,-1.0,-1.1448827981948853,0.765682578086853,0.19024235010147095,-1.311394584035952e-07,0.24367839097976685,0.7532364130020142,1.1087744235992432,0.9999963641166687,1.1409416198730469,-0.13168182969093323,0.1294502466917038,4.949801677867072e-06,0.031059619039297104,-0.3863770067691803,-1.0674320459365845,-1.0000009536743164,-1.0682451725006104,-0.811489999294281,-0.2216617316007614,-4.114594503334956e-06,-0.22770410776138306
39.07692307692308,2,2,1,0,False,-0.009401246905326843,6.710838351864368e-05,0.021005935966968536,0.07768619060516357,0.04112289845943451,0.0,0.041558705270290375,-0.045615822076797485,6.710838351864368e-05,-1.155625343322754,-0.0014244698686525226,1.1069434881210327,-0.0014443104155361652,-0.29830020666122437,0.00953974574804306,2.919079065322876,0.5594666004180908,1.107630968093872,1.0,1.102960467338562,-0.555991530418396,0.7401313781738281,0.8500000834465027,0.7550023198127747,-0.772689163684845,-1.2607309818267822,-1.0,-1.1485095024108887,0.7495036125183105,0.18642400205135345,0.0,0.24082089960575104,0.7430524230003357,1.1158794164657593,1.0,1.1442991495132446,-0.16972777247428894,0.11769644170999527,0.0,0.017430109903216362,-0.388075590133667,-1.0695018768310547,-1.0,-1.0704963207244873,-0.8299019932746887,-0.22393661737442017,0.0,-0.23060552775859833
39.15384615384615,2,2,1,0,False,-0.009859547019004822,4.299214924685657e-05,0.019907645881175995,0.08077384531497955,0.03884216398000717,0.0005264831706881523,0.036211684346199036,-0.04663747549057007,4.299214924685657e-05,-1.1545758247375488,-0.0013908675173297524,1.1085487604141235,-0.0013425309443846345,-0.29929327964782715,0.009974788874387741,2.9183199405670166,0.5565009713172913,1.108157753944397,1.0,1.1044902801513672,-0.561640739440918,0.750532329082489,0.8500000834465027,0.7629297375679016,-0.7832323312759399,-1.2650161981582642,-1.0,-1.1510244607925415,0.7421307563781738,0.1819736808538437,0.0,0.23751915991306305,0.7483489513397217,1.1219538450241089,1.0,1.146429419517517,-0.15807227790355682,0.10585807263851166,0.0,0.003898284398019314,-0.39971092343330383,-1.0718332529067993,-1.0,-1.0727612972259521,-0.8356008529663086,-0.22703219950199127,0.0,-0.2341364175081253
39.23076923076923,2,2,1,0,False,-0.010096222162246704,0.00010929693962680176,0.019230492413043976,0.08249523490667343,0.016581209376454353,0.001339903101325035,0.033674679696559906,-0.04721028730273247,0.00010929693962680176,-1.1536304950714111,-0.0013677938841283321,1.1099210977554321,-0.0014073812635615468,-0.2999805808067322,0.010288546793162823,2.9176394939422607,0.5639206171035767,1.1096707582473755,1.0,1.1060796976089478,-0.5551899671554565,0.7578423023223877,0.8500000834465027,0.7687740921974182,-0.7751088738441467,-1.2669084072113037,-1.0,-1.1527340412139893,0.7254102826118469,0.17789334058761597,0.0,0.23401640355587006,0.7281355857849121,1.1252268552780151,1.0,1.1475889682769775,-0.1812926083803177,0.09374186396598816,0.0,-0.008685250766575336,-0.40894466638565063,-1.0739657878875732,-1.0,-1.0747064352035522,-0.847757875919342,-0.23056194186210632,0.0,-0.23790216445922852
39.30769230769231,2,2,1,0,False,-0.0099349245429039,0.0003557301824912429,0.018818818032741547,0.0823337733745575,0.01756858266890049,0.0009683938696980476,0.0353790745139122,-0.047098204493522644,0.0003557301824912429,-1.152785301208496,-0.0013622916303575039,1.110831618309021,-0.0014884595293551683,-0.3002181649208069,0.010385019704699516,2.9170303344726562,0.5617141723632812,1.1113959550857544,1.0,1.1076122522354126,-0.5392498970031738,0.7631393671035767,0.8500000834465027,0.7731397747993469,-0.7586754560470581,-1.2668911218643188,-1.0,-1.1536245346069336,0.7092490792274475,0.17421646416187286,0.0,0.23023755848407745,0.6956785321235657,1.1266049146652222,1.0,1.1475824117660522,-0.22102701663970947,0.08201072365045547,0.0,-0.020276987925171852,-0.4209391474723816,-1.0759273767471313,-1.0,-1.0765197277069092,-0.8585016131401062,-0.234297975897789,0.0,-0.24173898994922638
39.38461538461539,2,2,1,0,False,-0.009335480630397797,0.0007955758483149111,0.018519409000873566,0.08028703927993774,0.04077336564660072,0.00069428700953722,0.04237757623195648,-0.04630199447274208,0.0007955758483149111,-1.1520299911499023,-0.0013694742228835821,1.111369013786316,-0.0015466122422367334,-0.3002343475818634,0.010238686576485634,2.9164860248565674,0.5523523688316345,1.1128804683685303,1.0,1.1088093519210815,-0.5190184116363525,0.7671750783920288,0.8500000834465027,0.7765999436378479,-0.7277140021324158,-1.2660175561904907,-1.0,-1.1535351276397705,0.6961901783943176,0.17045798897743225,0.0,0.22623392939567566,0.6457436680793762,1.1272180080413818,1.0,1.1461275815963745,-0.2730390131473541,0.0705258697271347,0.0,-0.03163470700383186,-0.4279765188694,-1.0777652263641357,-1.0,-1.0783308744430542,-0.866411030292511,-0.2380925714969635,0.0,-0.24549423158168793
39.46153846153847,2,2,1,0,False,-0.008178748190402985,0.001491278293542564,0.018286675214767456,0.07599899172782898,0.07232391834259033,0.0004514772444963455,0.05915156751871109,-0.04432045295834541,0.001491278293542564,-1.1513564586639404,-0.0013901633210480213,1.1117042303085327,-0.0015860091662034392,-0.3002105951309204,0.00979545433074236,2.9160008430480957,0.5358430743217468,1.1138275861740112,1.0,1.109413504600525,-0.49933141469955444,0.7704782485961914,0.8500000834465027,0.7795640826225281,-0.6697855591773987,-1.2645907402038574,-1.0,-1.152058482170105,0.6831994652748108,0.16645491123199463,0.0,0.22215533256530762,0.5634990334510803,1.127037763595581,1.0,1.142735242843628,-0.3341796398162842,0.058794617652893066,0.0,-0.04356802627444267,-0.4189229905605316,-1.0794581174850464,-1.0,-1.0799916982650757,-0.8699622750282288,-0.24178370833396912,0.0,-0.24898947775363922
39.53846153846154,2,2,1,0,False,-0.006303533911705017,0.0025347271002829075,0.018152199685573578,0.06890282779932022,0.11192166060209274,0.0006488244980573654,0.09763458371162415,-0.03974240645766258,0.0025347271002829075,-1.1507542133331299,-0.0014293077401816845,1.1119872331619263,-0.0016069465782493353,-0.30022168159484863,0.008986495435237885,2.9155681133270264,0.5081992745399475,1.1140118837356567,1.0,1.1091772317886353,-0.49488529562950134,0.7733592987060547,0.8500000834465027,0.7821980118751526,-0.5776657462120056,-1.2622262239456177,-1.0,-1.1484357118606567,0.6658494472503662,0.1622597575187683,0.0,0.21803469955921173,0.4403034448623657,1.1252648830413818,1.0,1.136536955833435,-0.3961508870124817,0.0463021844625473,0.0,-0.0566183477640152,-0.38036754727363586,-1.080705165863037,-1.0,-1.08094322681427,-0.8657982349395752,-0.24517178535461426,0.0,-0.2519811987876892
39.61538461538462,2,2,1,0,False,-0.003577969968318939,0.004008329939097166,0.018186107277870178,0.058510471135377884,0.15670530498027802,0.01863708719611168,0.18540170788764954,-0.03333062678575516,0.004008329939097166,-1.150214672088623,-0.001490678871050477,1.1123584508895874,-0.0016084928065538406,-0.300314724445343,0.007760956883430481,2.91518235206604,0.46767541766166687,1.1131788492202759,1.0,1.107810139656067,-0.517595648765564,0.7758404016494751,0.8500000834465027,0.784309983253479,-0.4650478959083557,-1.2580853700637817,-1.0,-1.141802191734314,0.6518651843070984,0.15790273249149323,0.0,0.21375519037246704,0.26231804490089417,1.1208034753799438,1.0,1.1263971328735352,-0.4443682134151459,0.03268861398100853,0.0,-0.07074395567178726,-0.31188642978668213,-1.0807955265045166,-1.0,-1.080228567123413,-0.8480328917503357,-0.2479594200849533,0.0,-0.25406864285469055
39.69230769230769,2,2,1,0,False,2.3171305656433105e-05,0.005944790784269571,0.01848042756319046,0.044732797890901566,0.19931800663471222,0.023634210228919983,0.3693014681339264,-0.01408496592193842,0.005944790784269571,-1.149733304977417,-0.0015747369034215808,1.1128679513931274,-0.001590539701282978,-0.30062630772590637,0.006122390739619732,2.9148387908935547,0.4197347164154053,1.1110252141952515,1.0,1.1050044298171997,-0.5605266094207764,0.7776447534561157,0.8500000834465027,0.7854685187339783,-0.3669552505016327,-1.251128077507019,-1.0,-1.1318806409835815,0.6626777648925781,0.15355439484119415,0.0,0.20965984463691711,0.011809023097157478,1.1124820709228516,1.0,1.1107215881347656,-0.4717540442943573,0.017955293878912926,0.0,-0.08516158908605576,-0.23183229565620422,-1.0788356065750122,-1.0,-1.0770094394683838,-0.8122732639312744,-0.2496577501296997,0.0,-0.254619836807251
39.769230769230774,2,2,1,0,False,0.004350021481513977,0.008297272957861423,0.019151754677295685,0.02817564830183983,0.23152033984661102,0.026731472462415695,0.6587288975715637,0.024548780173063278,0.008297272957861423,-1.1493055820465088,-0.001673500519245863,1.1133393049240112,-0.0015555708669126034,-0.3015044331550598,0.004169104155153036,2.914533853530884,0.3977004587650299,1.1073840856552124,1.0,1.1008648872375488,-0.5880268812179565,0.7784243226051331,0.8500000834465027,0.7854444980621338,-0.31134742498397827,-1.2405129671096802,-1.0,-1.119606614112854,0.6950504183769226,0.15022149682044983,0.0,0.20686760544776917,-0.23772701621055603,1.0990214347839355,1.0,1.0881190299987793,-0.4641367793083191,0.0024597644805908203,0.0,-0.09853049367666245,-0.1702883243560791,-1.0742931365966797,-1.0,-1.0711358785629272,-0.7586600184440613,-0.2495739758014679,0.0,-0.2528393268585205
39.84615384615385,2,2,1,0,False,0.009052008390426636,0.01092801708728075,0.020307011902332306,0.010375305078923702,0.24275493621826172,0.026731956750154495,0.9225047826766968,0.05570434778928757,0.01092801708728075,-1.148926019668579,-0.001755261910147965,1.1130918264389038,-0.0015078089199960232,-0.30336612462997437,0.0021068407222628593,2.9142611026763916,0.41058704257011414,1.1028006076812744,1.0,1.096392273902893,-0.5890613198280334,0.7781965136528015,0.8500000834465027,0.7846059203147888,-0.2912781238555908,-1.225743055343628,-1.0,-1.1067887544631958,0.7236812710762024,0.1503399759531021,0.0,0.2062571793794632,-0.4077323079109192,1.079666256904602,1.0,1.0595645904541016,-0.41451314091682434,-0.012874561361968517,0.0,-0.10895097255706787,-0.1646767407655716,-1.067555546760559,-1.0,-1.0636965036392212,-0.7120083570480347,-0.24697208404541016,0.0,-0.2482319474220276
39.92307692307693,2,2,1,3,False,0.013617873191833496,0.01356771495193243,0.02190745621919632,0.008727842010557652,0.22965463995933533,0.024315662682056427,0.9902765154838562,0.06564843654632568,0.01356771495193243,-1.1485872268676758,-0.0018129227682948112,1.1114708185195923,-0.0014534072251990438,-0.3065541982650757,0.00017669725639279932,2.9140164852142334,0.4122909605503082,1.098440170288086,1.0,1.0927002429962158,-0.5670494437217712,0.7773637175559998,0.8500000834465027,0.7836300134658813,-0.29213905334472656,-1.2080293893814087,-1.0,-1.095088005065918,0.7451136708259583,0.15474985539913177,0.0,0.2076924592256546,-0.4975382387638092,1.0557070970535278,1.0,1.0284072160720825,-0.35139185190200806,-0.026743104681372643,0.0,-0.11457709968090057,-0.19276770949363708,-1.0601041316986084,-1.0,-1.0567245483398438,-0.6971592903137207,-0.24185548722743988,0.0,-0.24153083562850952
40.0,2,2,1,7,False,0.015038803219795227,0.014740466140210629,0.023431964218616486,0.014041915535926819,0.062145620584487915,0.0006186170503497124,1.0,0.07451281696557999,0.014740466140210629,-1.148315668106079,-0.0017993475776165724,1.1104353666305542,-0.0014443573309108615,-0.312832236289978,-0.00017335980373900384,2.91324782371521,0.2599366009235382,1.0946578979492188,1.0,1.0888785123825073,-0.5745468735694885,0.7766985893249512,0.8500000834465027,0.7831606864929199,-0.03920837119221687,-1.1927287578582764,-1.0,-1.0834943056106567,0.8558430075645447,0.16718214750289917,0.0,0.21159562468528748,-0.5516093373298645,1.0338141918182373,1.0,0.9979286193847656,-0.01850728690624237,-0.03361525386571884,0.0,-0.11238247901201248,-0.1988164484500885,-1.0515679121017456,-1.0,-1.0520719289779663,-0.7006033658981323,-0.24136734008789062,0.0,-0.23444794118404388
40.07692307692308,2,2,2,11,True,0.015117168426513672,0.015107829123735428,0.025142215192317963,0.013853881508111954,0.032219115644693375,0.0007672328501939774,1.0,0.07995473593473434,0.015107829123735428,-1.1478919982910156,-0.001826526247896254,1.1080955266952515,-0.001501324470154941,-0.3207283020019531,0.00011985038872808218,2.9123332500457764,0.23994724452495575,1.089653730392456,1.0,1.0827255249023438,-0.3815387189388275,0.776027262210846,0.8500000834465027,0.782644510269165,-0.3932734727859497,-1.1733829975128174,-1.0,-1.0695306062698364,0.8927361965179443,0.1757926195859909,0.0,0.2192964106798172,-0.301160991191864,1.0090782642364502,1.0,0.9722645878791809,-0.2901005446910858,-0.03649499639868736,0.0,-0.09571494162082672,-0.033031709492206573,-1.0463813543319702,-1.0,-1.047945261001587,-0.7130185961723328,-0.23168641328811646,0.0,-0.22784778475761414
40.15384615384615,2,2,2,15,True,0.014349430799484253,0.01506190188229084,0.026852793991565704,0.010841656476259232,0.11543431133031845,0.0003709038719534874,1.0,0.09255555272102356,0.01506190188229084,-1.1458117961883545,-0.0018502520397305489,1.1026817560195923,-0.0015055614057928324,-0.328077107667923,0.0007801214815117419,2.9123146533966064,0.4537893831729889,1.0838062763214111,1.0,1.0764703750610352,-0.3454943597316742,0.7766985297203064,0.8500000834465027,0.7851558923721313,-0.3760555684566498,-1.148521065711975,-1.0,-1.0635558366775513,0.8978946805000305,0.18482621014118195,0.0,0.22897139191627502,-0.10397738218307495,0.9837491512298584,1.0,0.9575228095054626,0.19393523037433624,-0.02985888160765171,0.0,-0.079557403922081,0.0007327253115363419,-1.0446523427963257,-1.0,-1.0424315929412842,-0.6950961351394653,-0.22278092801570892,0.0,-0.22251646220684052
40.23076923076923,2,2,2,19,True,0.009940460324287415,0.013024356216192245,0.027729474008083344,0.007812519557774067,0.34345459938049316,0.0009797746315598488,0.7725069522857666,0.054529715329408646,0.013024356216192245,-1.1419062614440918,-0.0018744516419246793,1.0962456464767456,-0.0015492136590182781,-0.3355601131916046,0.0030356880743056536,2.91230845451355,0.7558848261833191,1.0813088417053223,1.0,1.0780750513076782,-0.39389339089393616,0.779639482498169,0.8500000834465027,0.789097785949707,-0.630161702632904,-1.1326239109039307,-1.0,-1.064394235610962,0.8396479487419128,0.19723577797412872,0.0,0.23787349462509155,0.5533748269081116,0.9708766937255859,1.0,0.9596456289291382,0.6050919890403748,-0.01408791821449995,0.0,-0.05028093606233597,0.24891901016235352,-1.0388559103012085,-1.0,-1.0329704284667969,-0.6831992268562317,-0.2173105627298355,0.0,-0.2185807079076767
40.30769230769231,2,2,2,0,False,0.00036075711250305176,0.008107302710413933,0.027535058557987213,0.04463672637939453,0.6299129724502563,0.0017226720228791237,0.050067123025655746,-0.03425605967640877,0.008107302710413933,-1.1420583724975586,-0.0018884778255596757,1.0903600454330444,-0.0016552252927795053,-0.34385865926742554,0.007546634878963232,2.9123103618621826,0.8135040998458862,1.0873987674713135,1.0,1.0888530015945435,-0.4274804890155792,0.7830122709274292,0.8500000834465027,0.7924022078514099,-0.7474538087844849,-1.127524495124817,-1.0,-1.0736889839172363,0.7994144558906555,0.2072848677635193,0.0,0.24300791323184967,0.6742624640464783,0.9790356755256653,1.0,0.9815428853034973,0.6362895369529724,0.014062553644180298,0.0,-0.007372444029897451,0.4205130636692047,-1.027417778968811,-1.0,-1.0164676904678345,-0.7182431221008301,-0.21312925219535828,0.0,-0.21552015841007233
40.38461538461539,2,2,2,0,False,-0.014363683760166168,0.0006327282753773034,0.02656242996454239,0.10096069425344467,0.8339259028434753,0.1072862297296524,8.940454426920041e-05,-0.1745164394378662,0.0006327282753773034,-1.1420717239379883,-0.0016653415514156222,1.0858412981033325,-0.0017768717370927334,-0.35379746556282043,0.014666340313851833,2.9122960567474365,0.8403269648551941,1.099646806716919,1.0,1.1034215688705444,-0.5608132481575012,0.7857560515403748,0.8500000834465027,0.7940443158149719,-0.7649244070053101,-1.1282905340194702,-1.0,-1.0877948999404907,0.7694941759109497,0.21274156868457794,0.0,0.24429741501808167,0.6395600438117981,1.0040074586868286,1.0,1.010879397392273,0.669450044631958,0.05154697969555855,0.0,0.03698011487722397,0.4300142526626587,-1.0103493928909302,-1.0,-0.9961520433425903,-0.7709186673164368,-0.2104208767414093,0.0,-0.2148171216249466
40.46153846153847,2,2,2,0,False,-0.01826409250497818,-0.0011295935837551951,0.02623828500509262,0.1173972338438034,0.19904683530330658,0.0006732810288667679,0.0015684859827160835,-0.04123535007238388,-0.0011295935837551951,-1.1362848281860352,-0.0015358197269961238,1.0739611387252808,-0.0014596775872632861,-0.3527742624282837,0.017233118414878845,2.9121615886688232,0.1071280688047409,1.0957145690917969,1.0,1.1150251626968384,-0.7041900753974915,0.8010538816452026,0.8500000834465027,0.7920234799385071,-0.6710617542266846,-1.1053682565689087,-1.0,-1.101611614227295,0.7112376093864441,0.20884522795677185,0.0,0.24230808019638062,0.9494904279708862,1.0009970664978027,1.0,1.041015386581421,0.8586047887802124,0.07644011825323105,0.0,0.0797743946313858,-0.03279212489724159,-0.9928545355796814,-1.0,-0.9798644781112671,-0.5902252793312073,-0.20915211737155914,0.0,-0.21315307915210724
40.53846153846154,2,2,2,0,False,-0.016836315393447876,-0.0009141003247350454,0.025905512273311615,0.11008746176958084,0.23327910900115967,0.000158725306391716,0.002880745567381382,-0.04081246629357338,-0.0009141003247350454,-1.1392924785614014,-0.0015639379853382707,1.0591684579849243,-0.001169712864793837,-0.3491833209991455,0.01604781113564968,2.912113904953003,0.25425252318382263,1.110007882118225,1.0,1.1151741743087769,-0.5399948358535767,0.8022528290748596,0.8500000834465027,0.7882057428359985,-0.9220995903015137,-1.0985956192016602,-1.0,-1.1145459413528442,0.5660038590431213,0.20116738975048065,0.0,0.23506809771060944,0.9014349579811096,1.021022915840149,1.0,1.0728036165237427,0.361898273229599,0.1061985120177269,0.0,0.11643476039171219,-0.20075973868370056,-0.9851764440536499,-1.0,-0.9777006506919861,-0.9277571439743042,-0.20649246871471405,0.0,-0.21277442574501038
40.61538461538462,2,2,2,0,False,-0.014673486351966858,-0.000661441357806325,0.02534521371126175,0.09794227033853531,0.185001403093338,0.004301383160054684,0.0069908383302390575,-0.04123498871922493,-0.000661441357806325,-1.1501820087432861,-0.0015496863052248955,1.0474642515182495,-0.0010753360111266375,-0.3471693992614746,0.014133797027170658,2.912083387374878,0.4225179851055145,1.1318219900131226,1.0,1.1082209348678589,-0.477008581161499,0.7896296381950378,0.8500000834465027,0.7866163849830627,-0.8335660696029663,-1.1160898208618164,-1.0,-1.1285896301269531,0.7035276293754578,0.1943323165178299,0.0,0.22518281638622284,0.7234336137771606,1.0566951036453247,1.0,1.098922848701477,-0.1809137612581253,0.1278584599494934,0.0,0.1240825355052948,-0.1995200365781784,-0.9861953854560852,-1.0,-0.9852988719940186,-0.9374586343765259,-0.2106522023677826,0.0,-0.221510112285614
40.69230769230769,2,2,2,0,False,-0.012055769562721252,9.016514013637789e-06,0.02422977238893509,0.08524592220783234,0.18045298755168915,0.002548261545598507,0.01794358529150486,-0.04177039489150047,9.016514013637789e-06,-1.1602249145507812,-0.001550321001559496,1.0401691198349,-0.001313312561251223,-0.34604185819625854,0.012197344563901424,2.912067413330078,0.48493462800979614,1.1415029764175415,1.0,1.1025398969650269,-0.515728771686554,0.7758205533027649,0.8500000834465027,0.7866585850715637,-0.7013281583786011,-1.1446418762207031,-1.0,-1.138541340827942,0.7391717433929443,0.1919870674610138,0.0,0.21956749260425568,0.602389395236969,1.0876996517181396,1.0,1.1148227453231812,-0.3683907985687256,0.13493205606937408,0.0,0.10107320547103882,-0.17318309843540192,-0.993264377117157,-1.0,-0.9956781268119812,-0.8919999003410339,-0.2204216867685318,0.0,-0.2327461987733841
40.769230769230774,2,2,2,0,False,-0.011689707636833191,0.00017454175394959748,0.019133158028125763,0.08639400452375412,0.06204210966825485,0.003283780999481678,0.020240355283021927,-0.0446312315762043,0.00017454175394959748,-1.1581981182098389,-0.0014634852996096015,1.0397309064865112,-0.001320896204560995,-0.3523591458797455,0.011932849884033203,2.9120819568634033,0.5330572724342346,1.112729787826538,1.0,1.0999022722244263,-0.6527212262153625,0.7785616517066956,0.8500000834465027,0.786029577255249,-0.6778005361557007,-1.1847578287124634,-1.0,-1.1422759294509888,0.7701624035835266,0.18573006987571716,0.0,0.21757814288139343,0.5814239978790283,1.126542329788208,1.0,1.120820164680481,-0.4433192312717438,0.13202229142189026,0.0,0.06208830326795578,0.000693289446644485,-1.0022610425949097,-1.0,-1.004195213317871,-0.796635091304779,-0.23005683720111847,0.0,-0.24001774191856384
40.84615384615385,2,2,2,0,False,-0.010586574673652649,0.0005710683180950582,0.016725927591323853,0.08355037122964859,0.12125809490680695,0.002311505377292633,0.028908850625157356,-0.04583176225423813,0.0005710683180950582,-1.1564159393310547,-0.0013671163469552994,1.043383002281189,-0.00138766597956419,-0.35980743169784546,0.011296107433736324,2.9120612144470215,0.4726523756980896,1.1044888496398926,1.0,1.0992932319641113,-0.5918908715248108,0.7786844968795776,0.8500000834465027,0.7841111421585083,-0.5876323580741882,-1.213830828666687,-1.0,-1.1421595811843872,0.7477934956550598,0.17264194786548615,0.0,0.21831859648227692,0.625444233417511,1.1452245712280273,1.0,1.1228963136672974,-0.43867096304893494,0.11036282032728195,0.0,0.020109472796320915,-0.0668044164776802,-1.007190465927124,-1.0,-1.0079412460327148,-0.8267282843589783,-0.23559452593326569,0.0,-0.243127703666687
40.92307692307693,2,2,2,0,False,-0.0073318034410476685,0.0021369706373661757,0.016580060124397278,0.07157305628061295,0.20828674733638763,0.0012538814917206764,0.07456892728805542,-0.04104933515191078,0.0021369706373661757,-1.1548540592193604,-0.0014203565660864115,1.0476256608963013,-0.0014688533265143633,-0.3624061346054077,0.009651079773902893,2.9120445251464844,0.4268920421600342,1.1031949520111084,1.0,1.0981826782226562,-0.5567272901535034,0.7769270539283752,0.8500000834465027,0.7827762365341187,-0.5450604557991028,-1.2253813743591309,-1.0,-1.138527512550354,0.7377493977546692,0.1661321073770523,0.0,0.2193497121334076,0.49251818656921387,1.1413662433624268,1.0,1.1231138706207275,-0.4566730856895447,0.08371968567371368,0.0,-0.017475055530667305,-0.05990470573306084,-1.0104280710220337,-1.0,-1.0100337266921997,-0.8275774717330933,-0.23840054869651794,0.0,-0.2450091391801834
41.0,2,2,2,0,False,-0.003269486129283905,0.004222532268613577,0.01702161878347397,0.056366413831710815,0.22236527502536774,0.025735534727573395,0.19696971774101257,-0.034461550414562225,0.004222532268613577,-1.1534743309020996,-0.0015297981444746256,1.0518711805343628,-0.0014911863254383206,-0.36090290546417236,0.007688522804528475,2.9120359420776367,0.3680109679698944,1.1018483638763428,1.0,1.0956435203552246,-0.5547314882278442,0.7756541967391968,0.8500000834465027,0.7822924852371216,-0.5273799300193787,-1.2288341522216797,-1.0,-1.1329764127731323,0.7636104226112366,0.16348426043987274,0.0,0.22028368711471558,0.36231735348701477,1.1306190490722656,1.0,1.1190470457077026,-0.48063668608665466,0.05753442272543907,0.0,-0.0488705076277256,-0.04169294610619545,-1.0122911930084229,-1.0,-1.0109686851501465,-0.812727153301239,-0.24015255272388458,0.0,-0.24607114493846893
41.07692307692308,2,2,2,0,False,0.0008884966373443604,0.006413470953702927,0.017381727695465088,0.04094284772872925,0.22068317234516144,0.025362148880958557,0.4222521483898163,-0.0017918340163305402,0.006413470953702927,-1.1522462368011475,-0.0016369185177609324,1.0563634634017944,-0.0015055884141474962,-0.35743582248687744,0.005729758646339178,2.912029266357422,0.29582735896110535,1.09857976436615,1.0,1.0911731719970703,-0.5458791851997375,0.7752099633216858,0.8500000834465027,0.782291829586029,-0.4977077841758728,-1.2298035621643066,-1.0,-1.1268213987350464,0.7955630421638489,0.1625719517469406,0.0,0.22215978801250458,0.24043452739715576,1.1199053525924683,1.0,1.1103296279907227,-0.5187285542488098,0.032903291285037994,0.0,-0.07469336688518524,-0.04372292757034302,-1.0127356052398682,-1.0,-1.010990858078003,-0.7859721183776855,-0.24099335074424744,0.0,-0.24593159556388855
41.15384615384615,2,2,2,0,False,0.005203656852245331,0.008723997510969639,0.017664410173892975,0.025067610666155815,0.23327894508838654,0.026510031893849373,0.7167190909385681,0.03140091523528099,0.008723997510969639,-1.1511476039886475,-0.0017275625141337514,1.0609365701675415,-0.0015115378191694617,-0.3533455729484558,0.0037407903000712395,2.912019968032837,0.22395171225070953,1.0931320190429688,1.0,1.0845861434936523,-0.5340340733528137,0.7752894759178162,0.8500000834465027,0.7826380729675293,-0.47841396927833557,-1.2289148569107056,-1.0,-1.1205230951309204,0.8182767033576965,0.16399818658828735,0.0,0.22536985576152802,0.09838151931762695,1.1090704202651978,1.0,1.097496509552002,-0.5418457388877869,0.009930213913321495,0.0,-0.09617496281862259,-0.0638287141919136,-1.0123322010040283,-1.0,-1.0108095407485962,-0.7584770917892456,-0.24053168296813965,0.0,-0.24422793090343475
41.23076923076923,2,2,2,0,False,0.00993560254573822,0.011301585473120213,0.018004663288593292,0.007751244120299816,0.26169082522392273,0.029393844306468964,0.9306410551071167,0.053948525339365005,0.011301585473120213,-1.150163173675537,-0.0017885228153318167,1.0647855997085571,-0.001493948046118021,-0.3493509292602539,0.001609858125448227,2.912008762359619,0.16161595284938812,1.085707664489746,1.0,1.0761693716049194,-0.5193146467208862,0.7756966352462769,0.8500000834465027,0.7832823395729065,-0.47685930132865906,-1.2252044677734375,-1.0,-1.114607810974121,0.8349677920341492,0.16927747428417206,0.0,0.22956226766109467,-0.07066222280263901,1.0966334342956543,1.0,1.080708384513855,-0.5407323241233826,-0.01126124244183302,0.0,-0.11368127912282944,-0.10183465480804443,-1.0119946002960205,-1.0,-1.0112518072128296,-0.7364182472229004,-0.2385818362236023,0.0,-0.2410537600517273
41.30769230769231,2,2,2,3,True,0.014358863234519958,0.013882325030863285,0.018330082297325134,0.009385963901877403,0.14132262766361237,0.01711699180305004,1.0,0.07995941489934921,0.013882325030863285,-1.1484715938568115,-0.0017790375277400017,1.0685173273086548,-0.0014432099414989352,-0.3467910885810852,-0.0003141085908282548,2.9124674797058105,0.07388970255851746,1.0766831636428833,1.0,1.0664349794387817,-0.4336647093296051,0.776685893535614,0.8500000834465027,0.7842358350753784,-0.4389331638813019,-1.2205264568328857,-1.0,-1.109724521636963,0.8640684485435486,0.18031950294971466,0.0,0.23416365683078766,-0.21746613085269928,1.0837035179138184,1.0,1.060114860534668,-0.5821971893310547,-0.029219575226306915,0.0,-0.12731878459453583,-0.23005425930023193,-1.0142916440963745,-1.0,-1.0130614042282104,-0.7335942387580872,-0.23818951845169067,0.0,-0.23694264888763428
41.38461538461539,2,2,2,7,True,0.015181422233581543,0.014758385717868805,0.01851317286491394,0.011905524879693985,0.07524538785219193,0.0011270586401224136,1.0,0.09276333451271057,0.014758385717868805,-1.1448848247528076,-0.001767946407198906,1.0722774267196655,-0.0014970020856708288,-0.3474540114402771,-0.00027449746266938746,2.9137353897094727,0.15211690962314606,1.0663795471191406,1.0,1.055970549583435,-0.387212872505188,0.7779744863510132,0.8500000834465027,0.7867065668106079,-0.48007306456565857,-1.2150580883026123,-1.0,-1.1049128770828247,0.8882293105125427,0.19342510402202606,0.0,0.2396804541349411,-0.19446179270744324,1.0722774267196655,1.0,1.038253903388977,-0.46724382042884827,-0.041157372295856476,0.0,-0.13792671263217926,-0.13849695026874542,-1.0155487060546875,-1.0,-1.0162397623062134,-0.7226100564002991,-0.24290630221366882,0.0,-0.23292985558509827
41.46153846153847,2,2,2,11,True,0.015552371740341187,0.01540049072355032,0.019165702164173126,0.01214837096631527,0.07841216027736664,0.0014898573281243443,1.0,0.10187911242246628,0.01540049072355032,-1.1396117210388184,-0.0017941108671948314,1.073706030845642,-0.0015879205893725157,-0.3493416905403137,1.3911094356444664e-05,2.91318941116333,0.3414198160171509,1.057701587677002,1.0,1.0495574474334717,-0.4193354845046997,0.7805796265602112,0.8500000834465027,0.7898375391960144,-0.4708724021911621,-1.205844759941101,-1.0,-1.1015994548797607,0.8881784081459045,0.20212695002555847,0.0,0.2455461472272873,-0.08171114325523376,1.0558853149414062,1.0,1.0196703672409058,-0.26055654883384705,-0.052958134561777115,0.0,-0.14047473669052124,-0.08438210189342499,-1.0131794214248657,-1.0,-1.018863558769226,-0.7223882079124451,-0.24035881459712982,0.0,-0.229140505194664
41.53846153846154,2,2,2,15,True,0.01623281091451645,0.01607528328895569,0.020265154540538788,0.013663259334862232,0.05504531040787697,0.0009637611801736057,1.0,0.11007359623908997,0.01607528328895569,-1.132850170135498,-0.001823222148232162,1.0729087591171265,-0.001654291176237166,-0.35109132528305054,-1.4095780898060184e-06,2.911978006362915,0.3475075364112854,1.0543326139450073,1.0,1.0491816997528076,-0.38564273715019226,0.7833333611488342,0.8500000834465027,0.7926730513572693,-0.4473761022090912,-1.195340871810913,-1.0,-1.098970651626587,0.8884851336479187,0.2086443454027176,0.0,0.2508062422275543,0.04406485706567764,1.0381016731262207,1.0,1.0083789825439453,-0.06722011417150497,-0.06236923858523369,0.0,-0.1318141520023346,-0.10099482536315918,-1.0145549774169922,-1.0,-1.0202069282531738,-0.7384592294692993,-0.2306748330593109,0.0,-0.2258843183517456
41.61538461538462,2,2,2,19,True,0.01653425395488739,0.016390711069107056,0.021117962896823883,0.014550581574440002,0.017241299152374268,0.0006810116465203464,1.0,0.11732853204011917,0.016390711069107056,-1.1247649192810059,-0.0018421729328110814,1.0707825422286987,-0.0016527564730495214,-0.35289353132247925,1.3557997817770229e-06,2.911022663116455,0.3286968171596527,1.0553308725357056,1.0,1.0517252683639526,-0.3590594530105591,0.7859066128730774,0.8500000834465027,0.7953397631645203,-0.4690283238887787,-1.185733675956726,-1.0,-1.0967059135437012,0.8698621988296509,0.21610939502716064,0.0,0.25493618845939636,0.14650820195674896,1.0271435976028442,1.0,1.0045493841171265,0.11879142373800278,-0.06156519800424576,0.0,-0.1112903356552124,-0.10271288454532623,-1.0169084072113037,-1.0,-1.0209521055221558,-0.7684347629547119,-0.22375687956809998,0.0,-0.22435341775417328
41.69230769230769,2,2,2,23,True,0.01647031307220459,0.016362853348255157,0.021349020302295685,0.014810439199209213,0.06723319739103317,8.517410606145859e-05,1.0,0.12354063242673874,0.016362853348255157,-1.1154963970184326,-0.0018502831226214767,1.0677107572555542,-0.0015815915539860725,-0.3551936447620392,2.5941764761228114e-05,2.911083221435547,0.25514936447143555,1.0577881336212158,1.0,1.0540740489959717,-0.30797797441482544,0.7885781526565552,0.8500000834465027,0.7982183694839478,-0.5257277488708496,-1.1770745515823364,-1.0,-1.0957332849502563,0.8464605808258057,0.22248122096061707,0.0,0.2571638524532318,0.22600537538528442,1.0254426002502441,1.0,1.0068435668945312,0.21688774228096008,-0.04944619536399841,0.0,-0.08222027868032455,-0.13028141856193542,-1.020342230796814,-1.0,-1.021498441696167,-0.774623453617096,-0.2209542840719223,0.0,-0.22462283074855804
41.769230769230774,2,2,2,27,True,0.0158073753118515,0.01592065766453743,0.020834870636463165,0.013165592215955257,0.10875734686851501,1.1259689927101135e-05,1.0,0.12885402143001556,0.01592065766453743,-1.1051669120788574,-0.0018523645121604204,1.0642975568771362,-0.001471747294999659,-0.3585972189903259,0.00022899631585460156,2.9111814498901367,0.27330097556114197,1.0591987371444702,1.0,1.0547080039978027,-0.29279670119285583,0.791653573513031,0.8500000834465027,0.8014365434646606,-0.5872412323951721,-1.1714767217636108,-1.0,-1.0970127582550049,0.8221978545188904,0.22738775610923767,0.0,0.25737887620925903,0.35649406909942627,1.032686471939087,1.0,1.0138294696807861,0.2818377614021301,-0.029247621074318886,0.0,-0.05002059414982796,-0.10753466933965683,-1.0217068195343018,-1.0,-1.0221824645996094,-0.7756460309028625,-0.2212982326745987,0.0,-0.22581042349338531
41.84615384615385,2,2,2,31,True,0.014575600624084473,0.01510578952729702,0.019777633249759674,0.009796134196221828,0.13995122909545898,0.0,1.0,0.13338011503219604,0.01510578952729702,-1.093883991241455,-0.0018494226969778538,1.0608855485916138,-0.0013567161513492465,-0.36311620473861694,0.0006306460709311068,2.911268472671509,0.3113991320133209,1.059679627418518,1.0,1.055185317993164,-0.29039353132247925,0.7949000597000122,0.8500000834465027,0.804557204246521,-0.6400831341743469,-1.1695225238800049,-1.0,-1.1006463766098022,0.7996017336845398,0.2295278012752533,0.0,0.25578320026397705,0.47624245285987854,1.0465964078903198,1.0,1.0252032279968262,0.3290657699108124,-0.0055091483518481255,0.0,-0.018437251448631287,-0.06839949637651443,-1.0221649408340454,-1.0,-1.0221048593521118,-0.7742453813552856,-0.2224845439195633,0.0,-0.2272021621465683
41.92307692307693,2,2,2,35,True,0.012859925627708435,0.01398481521755457,0.018461711704730988,0.00679221423342824,0.1605214774608612,0.0013935985043644905,1.0,0.13722224533557892,0.01398481521755457,-1.0817506313323975,-0.001844236277975142,1.0574978590011597,-0.001437769620679319,-0.36831891536712646,0.0012113696429878473,2.911346912384033,0.3476544916629791,1.0604928731918335,1.0,1.0565636157989502,-0.3070092499256134,0.7979059219360352,0.8500000834465027,0.8071827292442322,-0.6849704384803772,-1.1704646348953247,-1.0,-1.106102705001831,0.7804821729660034,0.22865676879882812,0.0,0.25280073285102844,0.5702370405197144,1.0647109746932983,1.0,1.039867877960205,0.3655875027179718,0.018985658884048462,0.0,0.010428830049932003,-0.0335930697619915,-1.0216315984725952,-1.0,-1.0207087993621826,-0.7785664200782776,-0.22373686730861664,0.0,-0.22848498821258545
42.0,2,2,2,39,True,0.010719478130340576,0.012610751204192638,0.017096668481826782,0.00955588836222887,0.17218001186847687,0.0009104004129767418,0.9886775016784668,0.1392510086297989,0.012610751204192638,-1.0688586235046387,-0.0018386831507086754,1.0541621446609497,-0.0015177648747339845,-0.3737846910953522,0.001964346971362829,2.911416530609131,0.38100147247314453,1.062313199043274,1.0,1.0590853691101074,-0.3453506529331207,0.8002539277076721,0.8500000834465027,0.8089003562927246,-0.727661669254303,-1.1735838651657104,-1.0,-1.1127519607543945,0.7622489929199219,0.2253856211900711,0.0,0.2488991618156433,0.641275942325592,1.084984302520752,1.0,1.0562574863433838,0.38618502020835876,0.04254889488220215,0.0,0.03561387583613396,-0.004395897500216961,-1.0199191570281982,-1.0,-1.0180612802505493,-0.7884320020675659,-0.2249048352241516,0.0,-0.22977812588214874
42.07692307692308,2,2,2,0,False,0.008222267031669617,0.011041870340704918,0.015825457870960236,0.017256656661629677,0.17608216404914856,0.0004551699385046959,0.9056466817855835,0.062408410012722015,0.011041870340704918,-1.0624771118164062,-0.0018338382942602038,1.050909399986267,-0.0015616619493812323,-0.37922847270965576,0.002880588872358203,2.9114787578582764,0.4665546119213104,1.0652185678482056,1.0,1.062701940536499,-0.40465641021728516,0.8015430569648743,0.8500000834465027,0.8093213438987732,-0.7216969132423401,-1.1782234907150269,-1.0,-1.1200467348098755,0.7795538902282715,0.22039690613746643,0.0,0.24450306594371796,0.7157329320907593,1.1056829690933228,1.0,1.0729467868804932,-0.2046917974948883,0.06403878331184387,0.0,0.05537639558315277,0.40740668773651123,-1.01715886592865,-1.0,-1.013992190361023,-0.8543229699134827,-0.22616666555404663,0.0,-0.23144346475601196
42.15384615384615,2,2,2,0,False,0.005611613392829895,0.009439798071980476,0.014810793101787567,0.026184190064668655,0.15540313720703125,2.28220596909523e-05,0.753208577632904,0.04520168900489807,0.009439798071980476,-1.0624794960021973,-0.0018328515579923987,1.0477629899978638,-0.0015627661487087607,-0.38410869240760803,0.0038847506511956453,2.911539077758789,0.4493308365345001,1.0692977905273438,1.0,1.0674378871917725,-0.4480292797088623,0.8014510273933411,0.8500000834465027,0.8082802891731262,-0.7813353538513184,-1.1843303442001343,-1.0,-1.1271708011627197,0.7964978218078613,0.21334195137023926,0.0,0.24131061136722565,0.7672798037528992,1.124193787574768,1.0,1.089505910873413,-0.009596469812095165,0.07960475981235504,0.0,0.057225197553634644,0.16329728066921234,-1.011518120765686,-1.0,-1.0054072141647339,-0.8147038221359253,-0.2281605452299118,0.0,-0.23407725989818573
42.23076923076923,2,2,2,0,False,0.003009319305419922,0.007922126911580563,0.014094971120357513,0.03530527651309967,0.13027888536453247,0.018687210977077484,0.5704466104507446,0.018657097592949867,0.007922126911580563,-1.0624439716339111,-0.001810243004001677,1.045087218284607,-0.0015128342201933265,-0.38766515254974365,0.00496417423710227,2.911585807800293,0.4827114939689636,1.074148178100586,1.0,1.072538137435913,-0.5248632431030273,0.8000364899635315,0.8500000834465027,0.8059118986129761,-0.8218751549720764,-1.1927258968353271,-1.0,-1.134243369102478,0.8053966164588928,0.2060777097940445,0.0,0.2397984266281128,0.7882493138313293,1.1387640237808228,1.0,1.1049411296844482,-0.029538990929722786,0.08607784658670425,0.0,0.04944315552711487,0.1508481651544571,-1.0036821365356445,-1.0,-0.9968990683555603,-0.8177120089530945,-0.23045271635055542,0.0,-0.23657798767089844
42.30769230769231,2,2,2,0,False,0.0007352530956268311,0.006651986390352249,0.01370810717344284,0.043179675936698914,0.09316384792327881,0.015502776950597763,0.414280503988266,0.0003448378120083362,0.006651986390352249,-1.0624058246612549,-0.0017273746198043227,1.0430971384048462,-0.0014309672405943274,-0.38949054479599,0.005976561922580004,2.911621570587158,0.48791950941085815,1.0794310569763184,1.0,1.0778229236602783,-0.5760140419006348,0.7971815466880798,0.8500000834465027,0.8022142052650452,-0.8409609198570251,-1.2021352052688599,-1.0,-1.1412676572799683,0.8090419173240662,0.20186971127986908,0.0,0.239481583237648,0.7902269959449768,1.1490368843078613,1.0,1.1182399988174438,-0.08144759386777878,0.08577734231948853,0.0,0.03788940608501434,0.12587276101112366,-0.9963313937187195,-1.0,-0.9899851083755493,-0.8250272274017334,-0.232611283659935,0.0,-0.2388119399547577
42.38461538461539,2,2,2,0,False,-0.0008039772510528564,0.005741577595472336,0.013488583266735077,0.048280373215675354,0.05163941904902458,0.010373201221227646,0.32030391693115234,-0.016756221652030945,0.005741577595472336,-1.0623772144317627,-0.0016818938311189413,1.0418273210525513,-0.0013494896702468395,-0.38976335525512695,0.006622536573559046,2.911649465560913,0.4868297874927521,1.084624171257019,1.0,1.0826205015182495,-0.5941959619522095,0.7931975722312927,0.8500000834465027,0.7977635264396667,-0.8366708159446716,-1.212334156036377,-1.0,-1.147712230682373,0.8085037469863892,0.19887706637382507,0.0,0.23979511857032776,0.7738083600997925,1.1568474769592285,1.0,1.1288511753082275,-0.15944890677928925,0.08081457763910294,0.0,0.024083059281110764,0.08593360334634781,-0.9906949400901794,-1.0,-0.9854132533073425,-0.8320196270942688,-0.23463253676891327,0.0,-0.24094881117343903
42.46153846153847,2,2,2,0,False,-0.001235470175743103,0.005359262228012085,0.013331301510334015,0.04924275726079941,0.037073273211717606,0.003529489040374756,0.2962617874145508,-0.01974380575120449,0.005359262228012085,-1.0623486042022705,-0.001663006143644452,1.0412806272506714,-0.0014111739583313465,-0.38877010345458984,0.00670107314363122,2.9116716384887695,0.46847373247146606,1.0890371799468994,1.0,1.0864365100860596,-0.5797440409660339,0.788834273815155,0.8500000834465027,0.7934405207633972,-0.7907426357269287,-1.222661018371582,-1.0,-1.1526923179626465,0.8069012761116028,0.19646145403385162,0.0,0.24027958512306213,0.7220906615257263,1.1628456115722656,1.0,1.1362937688827515,-0.26074326038360596,0.0723218023777008,0.0,0.007859457284212112,0.03447701036930084,-0.9873724579811096,-1.0,-0.9835729598999023,-0.8349934816360474,-0.23664994537830353,0.0,-0.24300730228424072
42.53846153846154,2,2,2,0,False,-0.0001172870397567749,0.005718418397009373,0.013206973671913147,0.04448016732931137,0.11090637743473053,0.015227701514959335,0.3607235550880432,-0.009678631089627743,0.005718418397009373,-1.0623199939727783,-0.0016754776006564498,1.0414975881576538,-0.0014409767463803291,-0.38666605949401855,0.005985516123473644,2.911689043045044,0.4041593074798584,1.092126727104187,1.0,1.0885897874832153,-0.5322020053863525,0.7849398255348206,0.8500000834465027,0.7901251912117004,-0.6755000948905945,-1.232253074645996,-1.0,-1.1547174453735352,0.806881844997406,0.19418789446353912,0.0,0.2407228648662567,0.6111767888069153,1.1666371822357178,1.0,1.1396983861923218,-0.3777865171432495,0.060475777834653854,0.0,-0.01139620691537857,-0.016257992014288902,-0.9865643978118896,-1.0,-0.9844691157341003,-0.8351630568504333,-0.23862694203853607,0.0,-0.24484485387802124
42.61538461538462,2,2,2,0,False,0.002991713583469391,0.007057575508952141,0.013112396001815796,0.032386649399995804,0.2148633897304535,0.02927495166659355,0.5677971839904785,0.005818909499794245,0.007057575508952141,-1.0622913837432861,-0.001724903006106615,1.0426369905471802,-0.0014257244765758514,-0.3835209012031555,0.0042741624638438225,2.91170334815979,0.2352077066898346,1.092826247215271,1.0,1.0873408317565918,-0.4835607707500458,0.7822988033294678,0.8500000834465027,0.7884871959686279,-0.5259464383125305,-1.2398054599761963,-1.0,-1.1518572568893433,0.8096436858177185,0.19188034534454346,0.0,0.24110418558120728,0.383356511592865,1.167107105255127,1.0,1.1373322010040283,-0.5071340203285217,0.045044198632240295,0.0,-0.034206148236989975,-0.0568339005112648,-0.9880415201187134,-1.0,-0.9876558184623718,-0.8317462205886841,-0.24046343564987183,0.0,-0.24634352326393127
42.69230769230769,2,2,2,0,False,0.008609533309936523,0.009711267426609993,0.013100728392601013,0.01104860007762909,0.35103780031204224,0.04574442654848099,0.7165554761886597,0.007670383434742689,0.009711267426609993,-1.062262773513794,-0.0017766255186870694,1.0447014570236206,-0.001403870526701212,-0.3794214129447937,0.0013877073070034385,2.911714553833008,0.07286586612462997,1.088965892791748,1.0,1.080217957496643,-0.5569060444831848,0.7811682224273682,0.8500000834465027,0.7880245447158813,-0.47551819682121277,-1.243082880973816,-1.0,-1.1439781188964844,0.8107426762580872,0.19028745591640472,0.0,0.24151882529258728,-0.014481588266789913,1.1618822813034058,1.0,1.1255571842193604,-0.5464094281196594,0.02529306523501873,0.0,-0.0597466304898262,-0.02792208269238472,-0.9911001920700073,-1.0,-0.9919615387916565,-0.7850858569145203,-0.24195873737335205,0.0,-0.24697189033031464
42.769230769230774,2,2,2,2,True,0.012877002358436584,0.012154403142631054,0.012985505163669586,0.005545815918594599,0.11504749953746796,0.003459842409938574,1.0,0.06834058463573456,0.012154403142631054,-1.0618717670440674,-0.0016917218454182148,1.050618290901184,-0.0014144591987133026,-0.378013014793396,-0.000581517000682652,2.913479804992676,0.006551420781761408,1.0791990756988525,1.0,1.0682692527770996,-0.42692896723747253,0.7809774279594421,0.8500000834465027,0.7873546481132507,-0.39514297246932983,-1.244421124458313,-1.0,-1.1338603496551514,0.8844632506370544,0.2003863900899887,0.0,0.2423393428325653,-0.13500772416591644,1.1536318063735962,1.0,1.1019278764724731,-0.6987404227256775,0.007178888190537691,0.0,-0.08489621430635452,-0.01717822439968586,-0.999875545501709,-1.0,-0.9958288669586182,-0.7600573897361755,-0.24833668768405914,0.0,-0.24513281881809235
42.84615384615385,2,2,2,6,True,0.013756521046161652,0.013196742162108421,0.013441011309623718,0.00811195932328701,0.08441641926765442,0.001507587730884552,1.0,0.08001342415809631,0.013196742162108421,-1.0595202445983887,-0.0017108948668465018,1.0556408166885376,-0.001341943978331983,-0.37878525257110596,-0.00041226146277040243,2.914926290512085,0.12989692389965057,1.066670536994934,1.0,1.0550130605697632,-0.43348005414009094,0.7808383107185364,0.8500000834465027,0.7884172201156616,-0.5723481178283691,-1.236060380935669,-1.0,-1.124556541442871,0.8989928960800171,0.2055419236421585,0.0,0.24563829600811005,-0.1971157342195511,1.136554479598999,1.0,1.074153184890747,-0.5376312136650085,-0.011596395634114742,0.0,-0.10984349995851517,-0.07024586200714111,-0.997604489326477,-1.0,-0.9987902641296387,-0.7007272243499756,-0.25737765431404114,0.0,-0.24115970730781555
42.92307692307693,2,2,2,10,True,0.01437292993068695,0.014184823259711266,0.01475757360458374,0.008829687722027302,0.12689897418022156,0.007894414477050304,1.0,0.09269656240940094,0.014184823259711266,-1.0553507804870605,-0.0017538024112582207,1.0579036474227905,-0.0014718270394951105,-0.37983906269073486,-1.5588655514875427e-05,2.914123773574829,0.37060117721557617,1.056089162826538,1.0,1.0473586320877075,-0.46967437863349915,0.781836211681366,0.8500000834465027,0.7899739742279053,-0.5368618965148926,-1.2230005264282227,-1.0,-1.119141697883606,0.9016606211662292,0.21067778766155243,0.0,0.250276654958725,-0.09139079600572586,1.1100642681121826,1.0,1.0481997728347778,-0.35319286584854126,-0.03231126815080643,0.0,-0.12515540421009064,-0.003692485159263015,-0.9938441514968872,-1.0,-1.0017355680465698,-0.6956294178962708,-0.25385263562202454,0.0,-0.2353416532278061
43.0,2,2,2,14,True,0.015384048223495483,0.015220061875879765,0.01672174036502838,0.01114528439939022,0.10651712119579315,0.002621644176542759,1.0,0.10301389545202255,0.015220061875879765,-1.0495860576629639,-0.0017904973356053233,1.0578027963638306,-0.0015884643653407693,-0.38018831610679626,2.277701923958375e-06,2.912497043609619,0.3737943470478058,1.0523167848587036,1.0,1.047202706336975,-0.4166809022426605,0.7831778526306152,0.8500000834465027,0.791777491569519,-0.45759761333465576,-1.2094486951828003,-1.0,-1.1145598888397217,0.9118515253067017,0.21572427451610565,0.0,0.2550455927848816,-0.028071850538253784,1.0810450315475464,1.0,1.0290546417236328,-0.18095937371253967,-0.05169849470257759,0.0,-0.12842059135437012,-0.05954960361123085,-0.9956799745559692,-1.0,-1.0035816431045532,-0.7227957248687744,-0.24121719598770142,0.0,-0.2290123701095581
43.07692307692308,2,2,2,18,True,0.015996508300304413,0.015847377479076385,0.01845712959766388,0.012872575782239437,0.06007074564695358,0.0015637176111340523,1.0,0.11135216057300568,0.015847377479076385,-1.0423903465270996,-0.0018173545831814408,1.0564268827438354,-0.0016422370681539178,-0.38039636611938477,-1.5958015637806966e-06,2.9107589721679688,0.36696764826774597,1.0539305210113525,1.0,1.050973892211914,-0.4310476779937744,0.7847957015037537,0.8500000834465027,0.7936233878135681,-0.4464482069015503,-1.1977837085723877,-1.0,-1.1095079183578491,0.8954733610153198,0.2229945808649063,0.0,0.2592773139476776,0.09397773444652557,1.0595452785491943,1.0,1.0176986455917358,0.034326039254665375,-0.06056978926062584,0.0,-0.11762220412492752,-0.0568590871989727,-0.9980587363243103,-1.0,-1.0051156282424927,-0.7553567886352539,-0.23072077333927155,0.0,-0.2249232530593872
43.15384615384615,2,2,2,22,True,0.016170576214790344,0.01603209786117077,0.019517429172992706,0.013706815429031849,0.017322862520813942,0.0006555037689395249,1.0,0.11842222511768341,0.01603209786117077,-1.033911943435669,-0.001833236194215715,1.05475914478302,-0.001626975485123694,-0.38118240237236023,-5.097315920465917e-07,2.9090166091918945,0.31808969378471375,1.0579497814178467,1.0,1.055501937866211,-0.40424948930740356,0.7862592935562134,0.8500000834465027,0.7949228882789612,-0.504575788974762,-1.1887599229812622,-1.0,-1.1051963567733765,0.8642728924751282,0.2303972989320755,0.0,0.26194289326667786,0.20397241413593292,1.048832654953003,1.0,1.0141711235046387,0.15232788026332855,-0.05758800730109215,0.0,-0.09416642785072327,-0.05837470293045044,-0.9994821548461914,-1.0,-1.0062998533248901,-0.7764717936515808,-0.22385568916797638,0.0,-0.22377990186214447
43.23076923076923,2,2,2,26,True,0.016030073165893555,0.015896325930953026,0.019793100655078888,0.013935388997197151,0.07243970781564713,0.0006053098477423191,1.0,0.12443745136260986,0.015896325930953026,-1.0242884159088135,-0.0018355174688622355,1.0529311895370483,-0.0015523482579737902,-0.38278013467788696,8.094660870483494e-07,2.9083316326141357,0.24655626714229584,1.061495065689087,1.0,1.0581722259521484,-0.3283086121082306,0.7876878976821899,0.8500000834465027,0.7965635061264038,-0.5710868239402771,-1.1813130378723145,-1.0,-1.1033889055252075,0.8395783305168152,0.235385462641716,0.0,0.2623436450958252,0.2986396253108978,1.0480892658233643,1.0,1.0171306133270264,0.19183431565761566,-0.044345397502183914,0.0,-0.06516776978969574,-0.10800425708293915,-1.0035450458526611,-1.0,-1.0076390504837036,-0.773338258266449,-0.22021536529064178,0.0,-0.22453956305980682
43.30769230769231,2,2,2,30,True,0.01568181812763214,0.015581469982862473,0.01934719830751419,0.013711162842810154,0.10674341022968292,8.753500878810883e-05,1.0,0.1295596808195114,0.015581469982862473,-1.013645887374878,-0.001836947281844914,1.0504461526870728,-0.0014395363396033645,-0.3850984573364258,2.5523882868583314e-05,2.9079601764678955,0.23500582575798035,1.062625765800476,1.0,1.0574381351470947,-0.3008127808570862,0.7898332476615906,0.8500000834465027,0.7991671562194824,-0.6204366087913513,-1.1753766536712646,-1.0,-1.1045477390289307,0.8312238454818726,0.23706099390983582,0.0,0.2610149085521698,0.3722035586833954,1.0548350811004639,1.0,1.0244219303131104,0.2293761968612671,-0.024531690403819084,0.0,-0.0367017425596714,-0.09734969586133957,-1.0073930025100708,-1.0,-1.0099767446517944,-0.7711459398269653,-0.22009924054145813,0.0,-0.22586843371391296
43.38461538461539,2,2,2,34,True,0.015268296003341675,0.015189547091722488,0.018338777124881744,0.013260327279567719,0.10940809547901154,0.0017787283286452293,1.0,0.13380266726016998,0.015189547091722488,-1.002082109451294,-0.0018350473837926984,1.0474270582199097,-0.0013681622222065926,-0.3880210518836975,3.980849214713089e-05,2.9080350399017334,0.32735905051231384,1.060991883277893,1.0,1.0547590255737305,-0.2815605103969574,0.7927550077438354,0.8500000834465027,0.8023235201835632,-0.6374703049659729,-1.172707438468933,-1.0,-1.107384443283081,0.8264673352241516,0.23652876913547516,0.0,0.25897568464279175,0.43579089641571045,1.0667057037353516,1.0,1.0340814590454102,0.23461243510246277,-0.002756773494184017,0.0,-0.011118167079985142,-0.07840051501989365,-1.010914921760559,-1.0,-1.0132060050964355,-0.7731134295463562,-0.2208457738161087,0.0,-0.22711773216724396
43.46153846153847,2,2,2,38,True,0.014860041439533234,0.014763613231480122,0.01709809899330139,0.012937240302562714,0.10755766928195953,0.0017382486257702112,1.0,0.13743819296360016,0.014763613231480122,-0.9896910786628723,-0.0018346179276704788,1.0443085432052612,-0.0015046106418594718,-0.39135870337486267,3.4603552194312215e-05,2.908440351486206,0.1987220048904419,1.0586332082748413,1.0,1.0524638891220093,-0.2777309715747833,0.7958706021308899,0.8500000834465027,0.8053572177886963,-0.6145534515380859,-1.1729167699813843,-1.0,-1.1108156442642212,0.8309481739997864,0.23430757224559784,0.0,0.2567175328731537,0.42134854197502136,1.0811917781829834,1.0,1.0446192026138306,0.22163811326026917,0.018227538093924522,0.0,0.009871115908026695,-0.18417051434516907,-1.014374017715454,-1.0,-1.0163663625717163,-0.7761803269386292,-0.22334024310112,0.0,-0.2282421737909317
43.53846153846154,2,2,2,42,True,0.014383621513843536,0.014310336671769619,0.015871860086917877,0.012025082483887672,0.08705013245344162,0.0011736713349819183,1.0,0.14050157368183136,0.014310336671769619,-0.9765723347663879,-0.0018203810323029757,1.0419389009475708,-0.001585234422236681,-0.3948593735694885,5.100665657664649e-05,2.908383846282959,0.2530878186225891,1.0562955141067505,1.0,1.050684928894043,-0.33192017674446106,0.7988594770431519,0.8500000834465027,0.8080670237541199,-0.6384976506233215,-1.1765509843826294,-1.0,-1.113946557044983,0.8262143731117249,0.23222362995147705,0.0,0.25478148460388184,0.4396914839744568,1.0954456329345703,1.0,1.0543155670166016,0.17226442694664001,0.03509172424674034,0.0,0.025486934930086136,-0.1340261697769165,-1.017723798751831,-1.0,-1.0200493335723877,-0.7870900630950928,-0.22277478873729706,0.0,-0.22939425706863403
43.61538461538462,2,2,2,46,True,0.014131933450698853,0.013983274810016155,0.014882296323776245,0.011895507574081421,0.05371985584497452,0.00042159424629062414,1.0,0.14311015605926514,0.013983274810016155,-0.9628022313117981,-0.0018116544233635068,1.03984797000885,-0.001650637248530984,-0.3981398940086365,-2.4005468731047586e-05,2.9082605838775635,0.3075283467769623,1.054876446723938,1.0,1.0494768619537354,-0.29445523023605347,0.8012413382530212,0.8500000834465027,0.8098772168159485,-0.6299146413803101,-1.1801131963729858,-1.0,-1.116679072380066,0.8392113447189331,0.22957579791545868,0.0,0.2533693313598633,0.42600351572036743,1.107549786567688,1.0,1.0623716115951538,0.16937536001205444,0.04885786026716232,0.0,0.03573153167963028,-0.15851213037967682,-1.021083116531372,-1.0,-1.023604154586792,-0.7880207300186157,-0.222934752702713,0.0,-0.23072044551372528
43.69230769230769,2,2,2,50,True,0.013831600546836853,0.013677243143320084,0.014181993901729584,0.011621774174273014,0.03815239667892456,0.0023463566321879625,1.0,0.14484122395515442,0.013677243143320084,-0.9484469890594482,-0.001808643457479775,1.038173794746399,-0.0016952042933553457,-0.4009140729904175,-2.2260363039094955e-05,2.9082019329071045,0.16290704905986786,1.0541712045669556,1.0,1.0492030382156372,-0.31492453813552856,0.8027342557907104,0.8500000834465027,0.8108255863189697,-0.6015973091125488,-1.1836271286010742,-1.0,-1.1188507080078125,0.8544773459434509,0.22723962366580963,0.0,0.2526794672012329,0.3571554124355316,1.1166001558303833,1.0,1.068447232246399,0.17116867005825043,0.0588855966925621,0.0,0.0417761504650116,-0.25419729948043823,-1.0242505073547363,-1.0,-1.0268394947052002,-0.7995970845222473,-0.22510643303394318,0.0,-0.23216837644577026
43.769230769230774,2,2,2,54,True,0.013579435646533966,0.013440912589430809,0.013758085668087006,0.011267619207501411,0.03186926618218422,0.0011784397065639496,1.0,0.14642885327339172,0.013440912589430809,-0.933570921421051,-0.0018033405067399144,1.0368787050247192,-0.0017170564970001578,-0.40312671661376953,-1.4301415376394289e-06,2.9081032276153564,0.23414230346679688,1.0537703037261963,1.0,1.0489877462387085,-0.35924839973449707,0.8034144043922424,0.8500000834465027,0.8110952377319336,-0.6105532646179199,-1.1869480609893799,-1.0,-1.1202141046524048,0.8548539876937866,0.22586864233016968,0.0,0.2527434825897217,0.36550813913345337,1.1223329305648804,1.0,1.0720255374908447,0.1530955582857132,0.06538817286491394,0.0,0.0450926199555397,-0.20521648228168488,-1.0274821519851685,-1.0,-1.0300387144088745,-0.8009636998176575,-0.22621417045593262,0.0,-0.23367883265018463
43.84615384615385,2,2,2,58,True,0.013445049524307251,0.013310663402080536,0.013577170670032501,0.01111851166933775,0.006216637324541807,0.0001696217805147171,1.0,0.1481287032365799,0.013310663402080536,-0.91823410987854,-0.0018000890268012881,1.0358659029006958,-0.001733096782118082,-0.4049836993217468,-6.843870323791634e-07,2.9076623916625977,0.24026770889759064,1.053550124168396,1.0,1.0486295223236084,-0.35612913966178894,0.8035126328468323,0.8500000834465027,0.8108565807342529,-0.5915970206260681,-1.18926203250885,-1.0,-1.1207563877105713,0.8610951900482178,0.22549864649772644,0.0,0.2533835768699646,0.3055085837841034,1.1251312494277954,1.0,1.072930097579956,0.14211060106754303,0.06981218606233597,0.0,0.04653166979551315,-0.2121540904045105,-1.0299043655395508,-1.0,-1.0330655574798584,-0.8027816414833069,-0.22739028930664062,0.0,-0.2351905107498169
43.92307692307693,2,2,2,62,True,0.01342456042766571,0.013281695544719696,0.013604655861854553,0.011166656389832497,0.010444173589348793,0.0001676240935921669,1.0,0.1502310335636139,0.013281695544719696,-0.9024779796600342,-0.0017998559633269906,1.035044550895691,-0.0017481799004599452,-0.4065808653831482,-5.485565452545416e-06,2.9072494506835938,0.21187461912631989,1.053215742111206,1.0,1.0481078624725342,-0.35648417472839355,0.803164005279541,0.8500000834465027,0.8103255033493042,-0.5720807313919067,-1.190556526184082,-1.0,-1.1204724311828613,0.8673017621040344,0.22592692077159882,0.0,0.25439509749412537,0.22418729960918427,1.1251612901687622,1.0,1.07107675075531,0.12974365055561066,0.07244240492582321,0.0,0.046556971967220306,-0.2309102565050125,-1.031908392906189,-1.0,-1.0357977151870728,-0.8036234378814697,-0.22959691286087036,0.0,-0.23656480014324188
44.0,2,2,2,66,True,0.013503745198249817,0.013350877910852432,0.01380845159292221,0.011336180381476879,0.023423919454216957,0.00022576226911041886,1.0,0.1526864916086197,0.013350877910852432,-0.8863487243652344,-0.001800177851691842,1.0345219373703003,-0.0017595263198018074,-0.4082106351852417,-1.1734293366316706e-05,2.9065563678741455,0.1891755908727646,1.0524626970291138,1.0,1.0469592809677124,-0.35686489939689636,0.8025997281074524,0.8500000834465027,0.8096984028816223,-0.5543831586837769,-1.1909798383712769,-1.0,-1.1194194555282593,0.8723976612091064,0.22724632918834686,0.0,0.2556381821632385,0.13196808099746704,1.1225030422210693,1.0,1.066179871559143,0.10980597138404846,0.07347126305103302,0.0,0.045342136174440384,-0.2449885606765747,-1.0333071947097778,-1.0,-1.0384080410003662,-0.8015902638435364,-0.2319379597902298,0.0,-0.23770661652088165
44.07692307692308,2,2,2,70,True,0.013709858059883118,0.013535622507333755,0.014178425073623657,0.011713729240000248,0.035647571086883545,0.00019940642232540995,1.0,0.15534068644046783,0.013535622507333755,-0.8698911666870117,-0.0018009609775617719,1.0342258214950562,-0.0017688957741484046,-0.410101056098938,-3.0437395253102295e-05,2.905590295791626,0.17438937723636627,1.0510822534561157,1.0,1.0451641082763672,-0.3578319251537323,0.801986813545227,0.8500000834465027,0.8091021180152893,-0.5382851958274841,-1.190414309501648,-1.0,-1.1177300214767456,0.876334011554718,0.2293277531862259,0.0,0.25699931383132935,0.034781716763973236,1.1170825958251953,1.0,1.058198094367981,0.09103214740753174,0.07312706857919693,0.0,0.04298197478055954,-0.25442931056022644,-1.0342025756835938,-1.0,-1.040953516960144,-0.7962357997894287,-0.23447605967521667,0.0,-0.23849056661128998
44.15384615384615,2,2,2,74,True,0.0139494389295578,0.013789128512144089,0.014715470373630524,0.01215817965567112,0.044280756264925,5.218200385570526e-05,1.0,0.15791688859462738,0.013789128512144089,-0.8531394004821777,-0.0018019475974142551,1.0341166257858276,-0.0017742003547027707,-0.4124763607978821,-1.639215406612493e-05,2.9044296741485596,0.1742493361234665,1.0491786003112793,1.0,1.0430294275283813,-0.3598829507827759,0.8014151453971863,0.8500000834465027,0.8085795640945435,-0.5258908867835999,-1.1888500452041626,-1.0,-1.1156084537506104,0.8793268799781799,0.23208025097846985,0.0,0.2583746910095215,-0.043479081243276596,1.10897958278656,1.0,1.0475313663482666,0.09076429903507233,0.07170915603637695,0.0,0.03989628702402115,-0.2580729126930237,-1.0349034070968628,-1.0,-1.0433484315872192,-0.7886384725570679,-0.2371233105659485,0.0,-0.23878268897533417
44.23076923076923,2,2,2,78,True,0.014256790280342102,0.014106598682701588,0.015466593205928802,0.012723537161946297,0.046537380665540695,0.001106363139115274,1.0,0.16002796590328217,0.014106598682701588,-0.836125373840332,-0.0018044242169708014,1.0338586568832397,-0.0017765782540664077,-0.4151756465435028,1.541991423437139e-06,2.903472900390625,0.15609395503997803,1.0471524000167847,1.0,1.0410805940628052,-0.31784576177597046,0.8009085655212402,0.8500000834465027,0.8082180023193359,-0.5417091250419617,-1.1856884956359863,-1.0,-1.1134165525436401,0.8828933835029602,0.23442240059375763,0.0,0.25967785716056824,-0.078481525182724,1.0978903770446777,1.0,1.0355414152145386,0.13879626989364624,0.06914221495389938,0.0,0.03737834468483925,-0.27542024850845337,-1.0372748374938965,-1.0,-1.0454061031341553,-0.7767952680587769,-0.2377305030822754,0.0,-0.23848100006580353
44.30769230769231,2,2,2,82,True,0.014620214700698853,0.014471297152340412,0.01640266925096512,0.013531750068068504,0.040863536298274994,0.0006610808195546269,1.0,0.162169948220253,0.014471297152340412,-0.8188756108283997,-0.0018117799190804362,1.032795786857605,-0.0017813460435718298,-0.41771674156188965,1.9540375433280133e-06,2.9031667709350586,0.1843559294939041,1.0453386306762695,1.0,1.0393742322921753,-0.3281831443309784,0.8007463216781616,0.8500000834465027,0.8083754181861877,-0.52739018201828,-1.1805942058563232,-1.0,-1.1116700172424316,0.8862561583518982,0.236043781042099,0.0,0.2609303295612335,-0.058306559920310974,1.084498405456543,1.0,1.0240061283111572,0.21810472011566162,0.066602922976017,0.0,0.03746949881315231,-0.2685881555080414,-1.0408072471618652,-1.0,-1.0472365617752075,-0.7783584594726562,-0.23630940914154053,0.0,-0.23769167065620422
44.38461538461539,2,2,2,86,True,0.014903329312801361,0.014783897437155247,0.017390243709087372,0.014414763078093529,0.022941824048757553,0.0002440204843878746,1.0,0.16425146162509918,0.014783897437155247,-0.8014156818389893,-0.0018221540376543999,1.0306185483932495,-0.001795741030946374,-0.4198811650276184,2.556449908297509e-05,2.9039247035980225,0.14137917757034302,1.0439201593399048,1.0,1.0379176139831543,-0.3038177788257599,0.8009622097015381,0.8500000834465027,0.8089014291763306,-0.5537135004997253,-1.1739698648452759,-1.0,-1.1104302406311035,0.8854489922523499,0.237172931432724,0.0,0.26207539439201355,-0.03337110951542854,1.0709412097930908,1.0,1.0146368741989136,0.3168918490409851,0.06628664582967758,0.0,0.042307280004024506,-0.2705535292625427,-1.0457262992858887,-1.0,-1.048845887184143,-0.7807621359825134,-0.23396286368370056,0.0,-0.23680607974529266
44.46153846153847,2,2,2,90,True,0.014350920915603638,0.014652855694293976,0.018146082758903503,0.013088399544358253,0.06314434111118317,0.00011320225894451141,1.0,0.1662357747554779,0.014652855694293976,-0.7837746143341064,-0.0018300943775102496,1.0279842615127563,-0.0018006981117650867,-0.42213761806488037,0.0004155556089244783,2.904792070388794,0.23069016635417938,1.0425078868865967,1.0,1.0365204811096191,-0.3677692711353302,0.8014936447143555,0.8500000834465027,0.8094164133071899,-0.5619596838951111,-1.168594479560852,-1.0,-1.1099098920822144,0.8722201585769653,0.23968328535556793,0.0,0.2628887891769409,0.15994296967983246,1.0608338117599487,1.0,1.0091729164123535,0.4336927831172943,0.07033752650022507,0.0,0.05265592783689499,-0.2063744068145752,-1.0481935739517212,-1.0,-1.049844741821289,-0.7850492596626282,-0.23273976147174835,0.0,-0.2361350655555725
44.53846153846154,2,2,2,94,True,0.012289158999919891,0.01367882639169693,0.018564224243164062,0.01035229954868555,0.14783331751823425,8.045230060815811e-05,1.0,0.1681700199842453,0.01367882639169693,-0.7659637928009033,-0.0018361262045800686,1.0257047414779663,-0.0017858264036476612,-0.4246724843978882,0.001458148006349802,2.9055685997009277,0.4227311611175537,1.0425388813018799,1.0,1.0385633707046509,-0.37391138076782227,0.8016015887260437,0.8500000834465027,0.8091224431991577,-0.6690590977668762,-1.1659059524536133,-1.0,-1.110678791999817,0.8316946625709534,0.24213248491287231,0.0,0.26270049810409546,0.47723668813705444,1.0570521354675293,1.0,1.0122132301330566,0.5577058792114258,0.07928498089313507,0.0,0.06850189715623856,-0.08452652394771576,-1.048439621925354,-1.0,-1.0483423471450806,-0.7694092392921448,-0.23204858601093292,0.0,-0.2356690764427185
44.61538461538462,2,2,2,0,False,0.008218511939048767,0.011559153907001019,0.01865439862012863,0.01864149048924446,0.26575136184692383,8.396338671445847e-05,0.8630012273788452,0.06397785246372223,0.011559153907001019,-0.7531862258911133,-0.0018418105319142342,1.0238808393478394,-0.001743785454891622,-0.42717480659484863,0.003345932811498642,2.9062678813934326,0.5546776652336121,1.0470807552337646,1.0,1.0464744567871094,-0.38671308755874634,0.8011539578437805,0.8500000834465027,0.8084540367126465,-0.7976595163345337,-1.1659443378448486,-1.0,-1.1150193214416504,0.7540766596794128,0.2420261651277542,0.0,0.2600821256637573,0.6676142811775208,1.0620936155319214,1.0,1.0259650945663452,0.627457320690155,0.09381183236837387,0.0,0.08895919471979141,0.1059567853808403,-1.0455695390701294,-1.0,-1.0422861576080322,-0.7267109751701355,-0.23109477758407593,0.0,-0.23436817526817322
44.69230769230769,2,2,2,0,False,0.0018027424812316895,0.008142596110701561,0.018424853682518005,0.041299521923065186,0.38768890500068665,9.41939651966095e-05,0.3283995985984802,-0.0037307373713701963,0.008142596110701561,-0.752974271774292,-0.001848309999331832,1.022501826286316,-0.0016497618053108454,-0.4296778738498688,0.006274634040892124,2.9069037437438965,0.6270978450775146,1.0568822622299194,1.0,1.058980941772461,-0.4358757436275482,0.8002174496650696,0.8500000834465027,0.8070069551467896,-0.8239321708679199,-1.1695255041122437,-1.0,-1.1223524808883667,0.7741368412971497,0.236823171377182,0.0,0.2554234266281128,0.8144059777259827,1.0761587619781494,1.0,1.047528624534607,0.3294268846511841,0.11107518523931503,0.0,0.10021980106830597,0.346649706363678,-1.0363965034484863,-1.0,-1.0264099836349487,-0.7422147989273071,-0.2293587476015091,0.0,-0.23267711699008942
44.769230769230774,2,2,2,0,False,-0.0069574639201164246,0.003627130761742592,0.018081702291965485,0.0740426704287529,0.47881242632865906,0.06257615238428116,0.03475368395447731,-0.08324780315160751,0.003627130761742592,-0.7529339790344238,-0.0017453915206715465,1.0217641592025757,-0.0014630373334512115,-0.4319102168083191,0.010449495166540146,2.907459020614624,0.6993001103401184,1.0699621438980103,1.0,1.0734946727752686,-0.5251939296722412,0.7986859083175659,0.8500000834465027,0.8047393560409546,-0.8581885099411011,-1.1758896112442017,-1.0,-1.131260871887207,0.769197940826416,0.22847296297550201,0.0,0.25034064054489136,0.8314544558525085,1.0942599773406982,1.0,1.0719586610794067,0.43157270550727844,0.12543217837810516,0.0,0.1048826277256012,0.34542930126190186,-1.0201510190963745,-1.0,-1.0067976713180542,-0.749743640422821,-0.2271968126296997,0.0,-0.23086833953857422
44.84615384615385,2,2,2,0,False,-0.015575319528579712,-0.0006069224327802658,0.01803402602672577,0.10650067776441574,0.1636325865983963,0.048411644995212555,0.004847395233809948,-0.06934700906276703,-0.0006069224327802658,-0.7507030963897705,-0.0014982379507273436,1.0209664106369019,-0.0013309959322214127,-0.43164047598838806,0.014993859454989433,2.9079089164733887,0.6736627817153931,1.0800373554229736,1.0,1.0884032249450684,-0.6519184708595276,0.7985817193984985,0.8500000834465027,0.8009517192840576,-0.9132840037345886,-1.177490234375,-1.0,-1.1406059265136719,0.7505782246589661,0.22175388038158417,0.0,0.2454434037208557,0.8717196583747864,1.1047043800354004,1.0,1.0947425365447998,0.5697506666183472,0.134428933262825,0.0,0.11035333573818207,0.21660734713077545,-1.0017938613891602,-1.0,-0.9887149930000305,-0.7103602886199951,-0.22542744874954224,0.0,-0.22952573001384735
44.92307692307693,2,2,2,0,False,-0.015808328986167908,-0.000647808366920799,0.017984889447689056,0.10780259966850281,0.10730568319559097,0.00010527204722166061,0.004410174675285816,-0.041605688631534576,-0.000647808366920799,-0.7456206679344177,-0.0014803417725488544,1.0157467126846313,-0.001171577489003539,-0.4251638650894165,0.015270554460585117,2.908295154571533,0.3046046793460846,1.0803178548812866,1.0,1.0964971780776978,-0.667151153087616,0.8030604720115662,0.8500000834465027,0.7947719097137451,-0.9188635945320129,-1.168347716331482,-1.0,-1.1491200923919678,0.6702456474304199,0.21336166560649872,0.0,0.2407393604516983,0.9372639656066895,1.1048749685287476,1.0,1.1154942512512207,0.40284979343414307,0.14162127673625946,0.0,0.12089793384075165,-0.16710123419761658,-0.9902620911598206,-1.0,-0.9815881252288818,-0.8399202227592468,-0.22255420684814453,0.0,-0.22715219855308533
45.0,2,2,2,0,False,-0.014379963278770447,-0.0005200505256652832,0.017785772681236267,0.10016274452209473,0.13828884065151215,0.0016426434740424156,0.007743604481220245,-0.041855551302433014,-0.0005200505256652832,-0.7465305328369141,-0.0014704144559800625,1.011170744895935,-0.0012194839073345065,-0.4193379580974579,0.013987703248858452,2.908663511276245,0.42458459734916687,1.0934289693832397,1.0,1.0962547063827515,-0.5278447866439819,0.7959194779396057,0.8500000834465027,0.7895239591598511,-0.8788721561431885,-1.1757839918136597,-1.0,-1.156969666481018,0.6776959896087646,0.2036905288696289,0.0,0.23342254757881165,0.8344003558158875,1.1230705976486206,1.0,1.1329305171966553,-0.13477154076099396,0.1485658437013626,0.0,0.11957161873579025,-0.21304625272750854,-0.9886602163314819,-1.0,-0.9861556887626648,-0.9080143570899963,-0.22240331768989563,0.0,-0.23004178702831268
45.07692307692308,2,2,2,0,False,-0.012443728744983673,-0.00027752347523346543,0.017422668635845184,0.09006836265325546,0.1336537003517151,0.0012877816334366798,0.015665143728256226,-0.042584020644426346,-0.00027752347523346543,-0.7507004737854004,-0.0014579276321455836,1.0098897218704224,-0.0013299928978085518,-0.41485723853111267,0.012294589541852474,2.9090094566345215,0.4660927355289459,1.1073530912399292,1.0,1.0947970151901245,-0.5041356086730957,0.7833195924758911,0.8500000834465027,0.7871049046516418,-0.7338846325874329,-1.1955389976501465,-1.0,-1.1616592407226562,0.7321463823318481,0.19613271951675415,0.0,0.22693394124507904,0.7081162333488464,1.1448109149932861,1.0,1.1435972452163696,-0.39124181866645813,0.1462404578924179,0.0,0.09491915255784988,-0.15461313724517822,-0.9940215945243835,-1.0,-0.9953306913375854,-0.890468955039978,-0.2271200269460678,0.0,-0.2367945909500122
45.15384615384615,2,2,2,0,False,-0.009761273860931396,0.0007094363099895418,0.01578475534915924,0.07983165979385376,0.13036952912807465,4.370696842670441e-05,0.037307411432266235,-0.04193795099854469,0.0007094363099895418,-0.7521719932556152,-0.0014534295769408345,1.0121599435806274,-0.0013625997817143798,-0.41181880235671997,0.01062104757875204,2.9093263149261475,0.4452563524246216,1.103909969329834,1.0,1.0939265489578247,-0.5618084669113159,0.7791936993598938,0.8500000834465027,0.7863085269927979,-0.6268391013145447,-1.2183125019073486,-1.0,-1.1608283519744873,0.7460784912109375,0.18790830671787262,0.0,0.22337955236434937,0.6072545647621155,1.1613850593566895,1.0,1.1469744443893433,-0.552160918712616,0.13188372552394867,0.0,0.05454950034618378,-0.09941621124744415,-1.0016494989395142,-1.0,-1.0035829544067383,-0.8152714967727661,-0.2336769700050354,0.0,-0.24292342364788055
45.23076923076923,2,2,2,0,False,-0.005917578935623169,0.002425080630928278,0.014366962015628815,0.06601399183273315,0.24665962159633636,0.0007497984915971756,0.10501708090305328,-0.03591720759868622,0.002425080630928278,-0.7521843910217285,-0.0014630762161687016,1.0174509286880493,-0.0013560412917286158,-0.409381628036499,0.00855578575283289,2.9096016883850098,0.3205413520336151,1.0984508991241455,1.0,1.0920155048370361,-0.5228264927864075,0.7791606783866882,0.8500000834465027,0.7858551740646362,-0.47446128726005554,-1.2366598844528198,-1.0,-1.154626727104187,0.738349199295044,0.17602430284023285,0.0,0.22202488780021667,0.4797740876674652,1.1689051389694214,1.0,1.1443637609481812,-0.5836374759674072,0.10575966536998749,0.0,0.008351584896445274,-0.04017624258995056,-1.0077303647994995,-1.0,-1.008959412574768,-0.8239800930023193,-0.23864684998989105,0.0,-0.24596132338047028
45.307692307692314,2,2,2,0,False,0.00018288195133209229,0.005370959173887968,0.014186002314090729,0.04325142130255699,0.3576047122478485,0.04550125449895859,0.28772687911987305,-0.0331372432410717,0.005370959173887968,-0.7522063255310059,-0.001573257613927126,1.024232029914856,-0.0013997704954817891,-0.40417271852493286,0.005463715177029371,2.909849166870117,0.2395758032798767,1.0945103168487549,1.0,1.0869570970535278,-0.6127707958221436,0.7788037657737732,0.8500000834465027,0.7854406237602234,-0.423345685005188,-1.2441155910491943,-1.0,-1.1437281370162964,0.7251952290534973,0.16760902106761932,0.0,0.221181258559227,0.18256841599941254,1.1616510152816772,1.0,1.134819507598877,-0.5315790176391602,0.07328405976295471,0.0,-0.034522321075201035,0.03382159024477005,-1.0110268592834473,-1.0,-1.0104259252548218,-0.7817454934120178,-0.24122267961502075,0.0,-0.2469521462917328
45.38461538461539,2,2,2,0,False,0.007988989353179932,0.009314100258052349,0.014657445251941681,0.013702466152608395,0.4330292344093323,0.05298325791954994,0.4891499876976013,-0.018321998417377472,0.009314100258052349,-0.752234935760498,-0.0017129918560385704,1.0314306020736694,-0.0014986952301114798,-0.3967422842979431,0.001648387755267322,2.910071849822998,0.207566499710083,1.088289737701416,1.0,1.0794031620025635,-0.6512260437011719,0.777790367603302,0.8500000834465027,0.7839103937149048,-0.4227374196052551,-1.2428292036056519,-1.0,-1.1313133239746094,0.7630775570869446,0.16392213106155396,0.0,0.220773845911026,-0.12600937485694885,1.1457433700561523,1.0,1.1156152486801147,-0.48492559790611267,0.03987886384129524,0.0,-0.06810835003852844,0.042664989829063416,-1.010706901550293,-1.0,-1.0086045265197754,-0.703009843826294,-0.24147573113441467,0.0,-0.24487543106079102
45.46153846153847,2,2,2,1,True,0.013031333684921265,0.012306658551096916,0.015156961977481842,0.00578773720189929,0.13135971128940582,0.003986929077655077,1.0,0.07508697360754013,0.012306658551096916,-0.7521651387214661,-0.0016843043267726898,1.0410553216934204,-0.0014888487057760358,-0.39185830950737,-0.0005800912040285766,2.912418842315674,0.03333770111203194,1.079928994178772,1.0,1.07086181640625,-0.41349315643310547,0.7764672636985779,0.8500000834465027,0.7821447849273682,-0.32590919733047485,-1.2384295463562012,-1.0,-1.119746446609497,0.8799847364425659,0.17499439418315887,0.0,0.22245393693447113,-0.17091774940490723,1.1302649974822998,1.0,1.088010311126709,-0.6813942790031433,0.014816245064139366,0.0,-0.0929720550775528,-0.08474256843328476,-1.0144343376159668,-1.0,-1.0065343379974365,-0.7138957381248474,-0.2467203587293625,0.0,-0.23909327387809753
45.53846153846154,2,2,2,5,True,0.013691738247871399,0.013270300813019276,0.016003333032131195,0.007827763445675373,0.08965172618627548,0.0007692910730838776,1.0,0.08635736256837845,0.013270300813019276,-0.7503416538238525,-0.0017242331523448229,1.0484143495559692,-0.0013792761601507664,-0.389731228351593,-0.0002901714760810137,2.9146430492401123,0.22946415841579437,1.0700860023498535,1.0,1.060078740119934,-0.41769543290138245,0.7758938074111938,0.8500000834465027,0.7836164832115173,-0.5160965323448181,-1.2255793809890747,-1.0,-1.110398530960083,0.9039334654808044,0.18232178688049316,0.0,0.22865593433380127,-0.1827489733695984,1.110227346420288,1.0,1.0595591068267822,-0.45519959926605225,-0.005580479744821787,0.0,-0.11490384489297867,-0.09294214844703674,-1.0085108280181885,-1.0,-1.0066577196121216,-0.6563839912414551,-0.2520322799682617,0.0,-0.23228280246257782
45.61538461538462,2,2,2,9,True,0.014363765716552734,0.014211401343345642,0.017656877636909485,0.008386530913412571,0.12212670594453812,0.0035217588301748037,1.0,0.09742344915866852,0.014211401343345642,-0.7466354370117188,-0.0017852592281997204,1.0517064332962036,-0.0014630584046244621,-0.38723158836364746,6.828638106526341e-06,2.9143643379211426,0.44545987248420715,1.0622303485870361,1.0,1.0555384159088135,-0.42238762974739075,0.7776135802268982,0.8500000834465027,0.7863351106643677,-0.45013219118118286,-1.2093864679336548,-1.0,-1.1050236225128174,0.9115541577339172,0.18729731440544128,0.0,0.236917182803154,-0.0013577444478869438,1.080868124961853,1.0,1.0367300510406494,-0.25301992893218994,-0.029279006645083427,0.0,-0.12468746304512024,-0.016670404002070427,-1.0048085451126099,-1.0,-1.0072673559188843,-0.6437662243843079,-0.23770786821842194,0.0,-0.224421426653862
45.69230769230769,2,2,2,13,True,0.015242263674736023,0.015092823654413223,0.019640780985355377,0.010472513735294342,0.09051677584648132,0.0011955248191952705,1.0,0.10731600224971771,0.015092823654413223,-0.7412810325622559,-0.001826615771278739,1.0519574880599976,-0.0015793537022545934,-0.3836125135421753,3.499807917251019e-06,2.913872480392456,0.429960161447525,1.061503291130066,1.0,1.0580730438232422,-0.4050256311893463,0.7799921035766602,0.8500000834465027,0.7892829775810242,-0.39219051599502563,-1.1937073469161987,-1.0,-1.0999759435653687,0.90200275182724,0.19516102969646454,0.0,0.2450626641511917,0.08287167549133301,1.053499698638916,1.0,1.023189902305603,0.007212423719465733,-0.04583103582262993,0.0,-0.1193983256816864,-0.05769652500748634,-1.0064399242401123,-1.0,-1.0073015689849854,-0.7143372893333435,-0.2212684154510498,0.0,-0.21757657825946808
45.769230769230774,2,2,2,17,True,0.01523694396018982,0.0153321148827672,0.02095230668783188,0.010369558818638325,0.04024076089262962,0.00019916333258152008,1.0,0.11566906422376633,0.0153321148827672,-0.7344604134559631,-0.0018467316403985023,1.0510233640670776,-0.0016013000858947635,-0.3806164264678955,0.00021542789181694388,2.9136767387390137,0.40719443559646606,1.0649771690368652,1.0,1.0626773834228516,-0.43084171414375305,0.7826419472694397,0.8500000834465027,0.7919864654541016,-0.4962593913078308,-1.181190013885498,-1.0,-1.0956648588180542,0.8658941984176636,0.20641979575157166,0.0,0.25149697065353394,0.221457377076149,1.0385397672653198,1.0,1.0176937580108643,0.20600217580795288,-0.04695151001214981,0.0,-0.09890943020582199,-0.007643842604011297,-1.0080331563949585,-1.0,-1.0076361894607544,-0.7577353119850159,-0.21317468583583832,0.0,-0.2148042917251587
45.84615384615385,2,2,2,21,True,0.014010891318321228,0.014750562608242035,0.0212656632065773,0.006486989092081785,0.09148559719324112,8.117873221635818e-05,1.0,0.12276619672775269,0.014750562608242035,-0.7263180613517761,-0.0018540885066613555,1.0498937368392944,-0.001564548583701253,-0.37952303886413574,0.0008287039818242192,2.913499593734741,0.4025040864944458,1.0692965984344482,1.0,1.0670644044876099,-0.40304309129714966,0.7849909067153931,0.8500000834465027,0.7940557599067688,-0.6511794328689575,-1.1732404232025146,-1.0,-1.0954844951629639,0.8175877928733826,0.2169419527053833,0.0,0.2547190487384796,0.4371175765991211,1.037554383277893,1.0,1.0205391645431519,0.2775140404701233,-0.034669630229473114,0.0,-0.06833935528993607,0.036881253123283386,-1.0079309940338135,-1.0,-1.006658673286438,-0.7701709270477295,-0.2113231122493744,0.0,-0.21554183959960938
45.92307692307693,2,2,2,25,True,0.011782318353652954,0.013502377085387707,0.0207059308886528,0.00393665162846446,0.16026383638381958,2.5425106287002563e-05,0.9996709823608398,0.12872692942619324,0.013502377085387707,-0.716991662979126,-0.0018560717580839992,1.048366904258728,-0.001504716812632978,-0.3803585469722748,0.0017802329966798425,2.913341760635376,0.4099477529525757,1.073222279548645,1.0,1.070665955543518,-0.3854723274707794,0.7870768904685974,0.8500000834465027,0.7959753274917603,-0.7380670309066772,-1.1697933673858643,-1.0,-1.1006834506988525,0.7719151377677917,0.22292712330818176,0.0,0.2542749047279358,0.5841087102890015,1.0480600595474243,1.0,1.0317267179489136,0.342075914144516,-0.014139585196971893,0.0,-0.034813642501831055,0.08630471676588058,-1.006424903869629,-1.0,-1.0040760040283203,-0.7696493864059448,-0.21250027418136597,0.0,-0.21794535219669342
46.0,2,2,2,0,False,0.008657783269882202,0.0116973165422678,0.019479922950267792,0.014084300957620144,0.21438872814178467,0.0,0.9232338666915894,0.07109391689300537,0.0116973165422678,-0.7096951007843018,-0.0018544885097071528,1.0464187860488892,-0.0014538575196638703,-0.38284942507743835,0.0030735230538994074,2.913201332092285,0.43785104155540466,1.0765272378921509,1.0,1.0738158226013184,-0.3967116177082062,0.7890717387199402,0.8500000834465027,0.7977609038352966,-0.789150059223175,-1.1709749698638916,-1.0,-1.1094787120819092,0.7319087386131287,0.22361214458942413,0.0,0.25061702728271484,0.6672754883766174,1.0672516822814941,1.0,1.0483057498931885,0.35716813802719116,0.010139252990484238,0.0,-0.0026283334009349346,0.15036344528198242,-1.0034383535385132,-1.0,-0.9997091889381409,-0.7778106331825256,-0.21482022106647491,0.0,-0.22074390947818756
46.07692307692308,2,2,2,0,False,0.004921771585941315,0.009542998857796192,0.01796519011259079,0.027779333293437958,0.2322271168231964,0.00010539311915636063,0.6980491876602173,0.04457572102546692,0.009542998857796192,-0.7095661163330078,-0.0018515650881454349,1.0441986322402954,-0.001437130500562489,-0.3865097463130951,0.004639817401766777,2.913079023361206,0.4779979884624481,1.079854965209961,1.0,1.0775032043457031,-0.4264064133167267,0.7907634377479553,0.8500000834465027,0.7989832758903503,-0.8005218505859375,-1.1758071184158325,-1.0,-1.1191792488098145,0.7620093822479248,0.2191467136144638,0.0,0.2457936406135559,0.7657233476638794,1.0906692743301392,1.0,1.0674203634262085,0.058969542384147644,0.033261604607105255,0.0,0.01647680625319481,0.2689029276371002,-0.9977961778640747,-1.0,-0.9910352826118469,-0.793258547782898,-0.21768975257873535,0.0,-0.2241838127374649
46.15384615384615,2,2,2,0,False,0.0009338259696960449,0.007303531747311354,0.016546577215194702,0.04262097552418709,0.2271430492401123,0.02944178879261017,0.42375314235687256,-0.004260116722434759,0.007303531747311354,-0.7095367908477783,-0.0018465216271579266,1.042028784751892,-0.0014739586040377617,-0.39027339220046997,0.006376464385539293,2.912964105606079,0.5061269402503967,1.0837169885635376,1.0,1.0816301107406616,-0.5088302493095398,0.7917128205299377,0.8500000834465027,0.7991286516189575,-0.8479600548744202,-1.1835401058197021,-1.0,-1.1288909912109375,0.7599635124206543,0.21113459765911102,0.0,0.2415185570716858,0.8085236549377441,1.1132241487503052,1.0,1.0869755744934082,0.045013412833213806,0.04974105954170227,0.0,0.023827601224184036,0.26517602801322937,-0.9893547296524048,-1.0,-0.9813493490219116,-0.8022370934486389,-0.2208247184753418,0.0,-0.22756190598011017
46.23076923076923,2,2,2,0,False,-0.0028710216283798218,0.005280022509396076,0.01552058756351471,0.056541770696640015,0.1805499941110611,0.025139860808849335,0.21529521048069,-0.026498012244701385,0.005280022509396076,-0.7095060348510742,-0.0017145279562100768,1.0400551557540894,-0.0015368659514933825,-0.3930875062942505,0.008164294064044952,2.9128527641296387,0.5131804347038269,1.0880612134933472,1.0,1.0860668420791626,-0.5888073444366455,0.7912474870681763,0.8500000834465027,0.7975031733512878,-0.8829321265220642,-1.1917699575424194,-1.0,-1.138500690460205,0.7586925625801086,0.2051399201154709,0.0,0.2379869520664215,0.8324698805809021,1.1312267780303955,1.0,1.1050512790679932,0.02785070799291134,0.05985940247774124,0.0,0.025370897725224495,0.2469741553068161,-0.9808478355407715,-1.0,-0.9728970527648926,-0.813148021697998,-0.2238065004348755,0.0,-0.23073819279670715
46.307692307692314,2,2,2,0,False,-0.006026819348335266,0.0035937915090471506,0.014810815453529358,0.06782962381839752,0.13649462163448334,0.020706206560134888,0.10469435900449753,-0.03790070116519928,0.0035937915090471506,-0.709477424621582,-0.0016216221265494823,1.038244605064392,-0.001597385504283011,-0.3946968913078308,0.009644776582717896,2.912750482559204,0.5118936896324158,1.0925945043563843,1.0,1.0900880098342896,-0.6430785655975342,0.7889404296875,0.8500000834465027,0.7941725254058838,-0.9026107788085938,-1.2004743814468384,-1.0,-1.1476356983184814,0.7553964257240295,0.2002861499786377,0.0,0.23513852059841156,0.8454161882400513,1.1456571817398071,1.0,1.120686650276184,-0.030555760487914085,0.06508941948413849,0.0,0.023114122450351715,0.2129889875650406,-0.9738810062408447,-1.0,-0.9666969180107117,-0.8297779560089111,-0.22670352458953857,0.0,-0.23395831882953644
46.38461538461539,2,2,2,0,False,-0.008298099040985107,0.0023345421068370342,0.014252819120883942,0.07569142431020737,0.08144119381904602,0.014693047851324081,0.05720005929470062,-0.04244806990027428,0.0023345421068370342,-0.7094488143920898,-0.0015527448849752545,1.0367246866226196,-0.0016499062767252326,-0.3953167498111725,0.010676718316972256,2.912656545639038,0.5149883031845093,1.0964900255203247,1.0,1.0933821201324463,-0.6676519513130188,0.785245954990387,0.8500000834465027,0.7898412942886353,-0.9039787650108337,-1.209827184677124,-1.0,-1.1557588577270508,0.7529738545417786,0.19590114057064056,0.0,0.2328243851661682,0.8419656753540039,1.1577506065368652,1.0,1.1334724426269531,-0.10621903836727142,0.06626615673303604,0.0,0.017110055312514305,0.15982744097709656,-0.9691992402076721,-1.0,-0.9632951021194458,-0.8401768803596497,-0.22979409992694855,0.0,-0.23737971484661102
46.46153846153847,2,2,2,0,False,-0.009323358535766602,0.0016612834297120571,0.013799458742141724,0.07886160165071487,0.014933917671442032,0.006464635953307152,0.04253026470541954,-0.043984461575746536,0.0016612834297120571,-0.7094201445579529,-0.0015079834265634418,1.035629391670227,-0.0016861357726156712,-0.39504581689834595,0.011060330085456371,2.912569999694824,0.5122556090354919,1.0995862483978271,1.0,1.0959910154342651,-0.6634196639060974,0.7809281349182129,0.8500000834465027,0.7854084372520447,-0.8816636204719543,-1.2195184230804443,-1.0,-1.162273645401001,0.7513424754142761,0.19170258939266205,0.0,0.23094698786735535,0.8153932690620422,1.1675516366958618,1.0,1.1431516408920288,-0.20219485461711884,0.06350725144147873,0.0,0.00715990224853158,0.0873551070690155,-0.9672315716743469,-1.0,-0.9630460143089294,-0.8441949486732483,-0.23306703567504883,0.0,-0.24077145755290985
46.53846153846154,2,2,2,0,False,-0.008712366223335266,0.0017490776954218745,0.013437449932098389,0.0759754404425621,0.08099522441625595,0.00011955853551626205,0.050834424793720245,-0.04440437629818916,0.0017490776954218745,-0.7093963623046875,-0.0014973310753703117,1.0350817441940308,-0.0016980705549940467,-0.3938482403755188,0.010581300593912601,2.9124908447265625,0.48532935976982117,1.101845383644104,1.0,1.0977588891983032,-0.6264644861221313,0.7768273949623108,0.8500000834465027,0.7817252278327942,-0.806214451789856,-1.229065179824829,-1.0,-1.166343331336975,0.7527757287025452,0.18757487833499908,0.0,0.22945807874202728,0.7448156476020813,1.1747443675994873,1.0,1.1492924690246582,-0.31557705998420715,0.05671273171901703,0.0,-0.007109646685421467,0.012787260115146637,-0.9682399034500122,-1.0,-0.9660791754722595,-0.8453602194786072,-0.23628872632980347,0.0,-0.2438400387763977
46.61538461538462,2,2,2,0,False,-0.006088122725486755,0.002783175092190504,0.013150915503501892,0.06570333987474442,0.1861063838005066,0.0007501011714339256,0.10309700667858124,-0.04009213671088219,0.002783175092190504,-0.7093772888183594,-0.0015310472808778286,1.0353010892868042,-0.0016777069540694356,-0.3916446566581726,0.009048518724739552,2.912419080734253,0.38745811581611633,1.1028474569320679,1.0,1.0978505611419678,-0.5511347055435181,0.7737674713134766,0.8500000834465027,0.779606819152832,-0.6450180411338806,-1.2377501726150513,-1.0,-1.1662704944610596,0.7574928998947144,0.18344837427139282,0.0,0.22842028737068176,0.5977099537849426,1.178797721862793,1.0,1.1508129835128784,-0.44320711493492126,0.0456649474799633,0.0,-0.025879137217998505,-0.04355167597532272,-0.9720805287361145,-1.0,-0.9719411730766296,-0.8416937589645386,-0.23923024535179138,0.0,-0.246353417634964
46.69230769230769,2,2,2,0,False,-0.0010858923196792603,0.004980895668268204,0.012923039495944977,0.04672003164887428,0.30776768922805786,0.04350744187831879,0.26761290431022644,-0.04450106993317604,0.004980895668268204,-0.7093582153320312,-0.0016179663361981511,1.0366324186325073,-0.0016139816725626588,-0.38838517665863037,0.0063146199099719524,2.912355661392212,0.18755370378494263,1.101110577583313,1.0,1.0937833786010742,-0.5448116660118103,0.7724550366401672,0.8500000834465027,0.7794651389122009,-0.5009204745292664,-1.244087815284729,-1.0,-1.1601321697235107,0.7671850919723511,0.17940954864025116,0.0,0.22794024646282196,0.3004581332206726,1.1785266399383545,1.0,1.145401954650879,-0.5407723188400269,0.030217718333005905,0.0,-0.04898354038596153,-0.024762626737356186,-0.9779323935508728,-1.0,-0.9792448282241821,-0.8220757246017456,-0.2416839301586151,0.0,-0.24806813895702362
46.769230769230774,2,2,2,0,False,0.006573490798473358,0.008569053374230862,0.012822382152080536,0.017850907519459724,0.447387158870697,0.05988242104649544,0.4129214882850647,-0.04213797301054001,0.008569053374230862,-0.7093391418457031,-0.0017358430195599794,1.0390955209732056,-0.001488113310188055,-0.38428425788879395,0.0023255839478224516,2.912301778793335,0.08332712948322296,1.094201683998108,1.0,1.0837163925170898,-0.6321396231651306,0.7724971771240234,0.8500000834465027,0.7797397971153259,-0.475303590297699,-1.2459020614624023,-1.0,-1.149379014968872,0.7797518372535706,0.17657175660133362,0.0,0.2281624972820282,-0.11307481676340103,1.171643614768982,1.0,1.1289364099502563,-0.5303536653518677,0.010293078608810902,0.0,-0.07349879294633865,0.03015359491109848,-0.9838261008262634,-1.0,-0.9852302074432373,-0.7401103973388672,-0.24310290813446045,0.0,-0.24778147041797638
46.84615384615385,2,2,2,1,True,0.012833505868911743,0.01197416614741087,0.012762397527694702,0.005930163897573948,0.14851641654968262,0.009471881203353405,0.9999953508377075,0.06710010766983032,0.01197416614741087,-0.7092387676239014,-0.0016651719342917204,1.045573353767395,-0.0013217476662248373,-0.38317573070526123,-0.0007173272897489369,2.9138545989990234,0.033028244972229004,1.0821865797042847,1.0,1.0708554983139038,-0.45655760169029236,0.7730223536491394,0.8500000834465027,0.779225766658783,-0.3113575875759125,-1.2457882165908813,-1.0,-1.1376010179519653,0.8682385683059692,0.18834002315998077,0.0,0.2293982356786728,-0.1919781118631363,1.160844087600708,1.0,1.100205898284912,-0.6997887492179871,-0.007519688457250595,0.0,-0.09506023675203323,-0.05536637082695961,-0.9934639930725098,-1.0,-0.9892074465751648,-0.7390252947807312,-0.2474532127380371,0.0,-0.2433626651763916
46.92307692307693,2,2,2,5,True,0.013695254921913147,0.013030820526182652,0.013319000601768494,0.008527491241693497,0.08649642765522003,0.001496812328696251,1.0,0.0804554894566536,0.013030820526182652,-0.7073788642883301,-0.0016868433449417353,1.0516530275344849,-0.0014074994251132011,-0.3851602077484131,-0.000519829336553812,2.9154040813446045,0.1492205262184143,1.0689334869384766,1.0,1.057395100593567,-0.4566383361816406,0.7730075120925903,0.8500000834465027,0.7807952761650085,-0.568875253200531,-1.23661470413208,-1.0,-1.1265069246292114,0.8980515003204346,0.19648922979831696,0.0,0.23402655124664307,-0.23910494148731232,1.1422793865203857,1.0,1.0687167644500732,-0.5327727794647217,-0.024174097925424576,0.0,-0.1167808324098587,-0.04463835433125496,-0.9911739826202393,-1.0,-0.9921595454216003,-0.6761026382446289,-0.25566035509109497,0.0,-0.23738300800323486
47.0,2,2,2,9,True,0.014169096946716309,0.014003952033817768,0.01488717645406723,0.008741489611566067,0.12841564416885376,0.0046561299823224545,1.0,0.09481516480445862,0.014003952033817768,-0.7036468982696533,-0.0017414441099390388,1.0541588068008423,-0.001531642279587686,-0.38726669549942017,1.4828646271780599e-05,2.914034605026245,0.4353591203689575,1.0584057569503784,1.0,1.0502701997756958,-0.5043560862541199,0.7746590971946716,0.8500000834465027,0.7831593155860901,-0.5091166496276855,-1.22092604637146,-1.0,-1.1197352409362793,0.9042830467224121,0.20331402122974396,0.0,0.24080945551395416,-0.1017628088593483,1.112749695777893,1.0,1.0410643815994263,-0.26943907141685486,-0.04248621687293053,0.0,-0.12874026596546173,0.04165427014231682,-0.9853572845458984,-1.0,-0.9952547550201416,-0.6717501282691956,-0.25138235092163086,0.0,-0.23029057681560516
47.07692307692308,2,2,2,13,True,0.015262007713317871,0.015092270448803902,0.017190776765346527,0.011267619207501411,0.10581167042255402,0.004608910996466875,1.0,0.10509642213582993,0.015092270448803902,-0.6982638835906982,-0.0017915468197315931,1.0535920858383179,-0.0016375805716961622,-0.38799983263015747,-1.3879468497179914e-05,2.912151575088501,0.45289283990859985,1.055733561515808,1.0,1.0518951416015625,-0.47476503252983093,0.7766764760017395,0.8500000834465027,0.7855791449546814,-0.40517422556877136,-1.2043325901031494,-1.0,-1.1134519577026367,0.9138510823249817,0.20932896435260773,0.0,0.24777543544769287,-0.006017123814672232,1.0803035497665405,1.0,1.0224539041519165,-0.00837728101760149,-0.05950924754142761,0.0,-0.12589812278747559,0.002392292721197009,-0.9881852865219116,-1.0,-0.996454656124115,-0.7149869799613953,-0.23494887351989746,0.0,-0.22324268519878387
47.15384615384615,2,2,2,17,True,0.015799105167388916,0.015658870339393616,0.01915328949689865,0.012900328263640404,0.048859719187021255,0.0015702202217653394,1.0,0.11393636465072632,0.015658870339393616,-0.6914138793945312,-0.0018230467103421688,1.0516520738601685,-0.0016643363051116467,-0.38836073875427246,-6.11858240517904e-07,2.9105172157287598,0.40601858496665955,1.0591256618499756,1.0,1.0571413040161133,-0.49332356452941895,0.7787448167800903,0.8500000834465027,0.787813663482666,-0.4197711646556854,-1.189647912979126,-1.0,-1.1064828634262085,0.8924110531806946,0.21835388243198395,0.0,0.25391116738319397,0.10767001658678055,1.0573980808258057,1.0,1.0124276876449585,0.23138201236724854,-0.06323812156915665,0.0,-0.10651826113462448,0.008260246366262436,-0.9909578561782837,-1.0,-0.9974522590637207,-0.7478481531143188,-0.22294388711452484,0.0,-0.21939152479171753
47.23076923076923,2,2,2,21,True,0.01588258147239685,0.015765566378831863,0.02025695890188217,0.013836660422384739,0.04654405266046524,0.0001598149538040161,1.0,0.12139926105737686,0.015765566378831863,-0.6832482814788818,-0.0018381475238129497,1.0491429567337036,-0.0016078774351626635,-0.3892101049423218,1.5859986888244748e-05,2.9101014137268066,0.3348971903324127,1.0639384984970093,1.0,1.0616872310638428,-0.4236159324645996,0.780663013458252,0.8500000834465027,0.7896460294723511,-0.5053895115852356,-1.177010178565979,-1.0,-1.1009341478347778,0.8525574207305908,0.22711311280727386,0.0,0.2577347159385681,0.2181071788072586,1.0469509363174438,1.0,1.0101317167282104,0.3053473234176636,-0.05272606387734413,0.0,-0.07463284581899643,-0.001456730766221881,-0.995122492313385,-1.0,-0.9984050393104553,-0.7560474872589111,-0.21641309559345245,0.0,-0.21865683794021606
47.307692307692314,2,2,2,25,True,0.015643224120140076,0.015566516667604446,0.020420677959918976,0.01436090562492609,0.09731686860322952,9.473878890275955e-05,1.0,0.12760759890079498,0.015566516667604446,-0.6739070415496826,-0.0018451964715495706,1.0459505319595337,-0.0014840527437627316,-0.3910074830055237,4.2335483158240095e-05,2.9102394580841064,0.22869479656219482,1.0668176412582397,1.0,1.0628018379211426,-0.35919538140296936,0.7828668355941772,0.8500000834465027,0.792201578617096,-0.5688644051551819,-1.1661996841430664,-1.0,-1.0989240407943726,0.822618305683136,0.2330285608768463,0.0,0.2586608827114105,0.30283045768737793,1.0474361181259155,1.0,1.0139356851577759,0.33945563435554504,-0.03119972161948681,0.0,-0.03955357149243355,-0.05979737639427185,-0.9988726377487183,-1.0,-0.9999926090240479,-0.7463318705558777,-0.2150181531906128,0.0,-0.21941281855106354
47.38461538461539,2,2,2,29,True,0.014938220381736755,0.015042196027934551,0.019740380346775055,0.01342561561614275,0.12438603490591049,7.3248520493507385e-06,1.0,0.13291077315807343,0.015042196027934551,-0.6635096073150635,-0.0018476052209734917,1.0425103902816772,-0.0013395835412666202,-0.39395517110824585,0.0002103453443851322,2.910433530807495,0.2636781632900238,1.0667691230773926,1.0,1.061413049697876,-0.33025237917900085,0.7858151197433472,0.8500000834465027,0.795441210269928,-0.6195554733276367,-1.1601060628890991,-1.0,-1.1004667282104492,0.8108319640159607,0.2358492910861969,0.0,0.25742706656455994,0.42874231934547424,1.0567082166671753,1.0,1.0227835178375244,0.351541668176651,-0.005038639530539513,0.0,-0.006510694976896048,-0.055208832025527954,-1.001459002494812,-1.0,-1.002277135848999,-0.7414840459823608,-0.2157975286245346,0.0,-0.2202576845884323
47.46153846153847,2,2,2,33,True,0.013805285096168518,0.014241298660635948,0.018539130687713623,0.011372927576303482,0.13696974515914917,0.0017112912610173225,1.0,0.13730917870998383,0.014241298660635948,-0.6521639823913574,-0.0018441617721691728,1.0391701459884644,-0.0014790582936257124,-0.3977346122264862,0.0005316035239957273,2.910600185394287,0.31026169657707214,1.065322756767273,1.0,1.059977650642395,-0.32971879839897156,0.7891764640808105,0.8500000834465027,0.7987717986106873,-0.6594365239143372,-1.1591542959213257,-1.0,-1.1045377254486084,0.7973925471305847,0.23541231453418732,0.0,0.2548670172691345,0.5183507204055786,1.0718175172805786,1.0,1.0354512929916382,0.35492175817489624,0.020956186577677727,0.0,0.021883996203541756,-0.031120698899030685,-1.003621220588684,-1.0,-1.0041966438293457,-0.7455757260322571,-0.21654967963695526,0.0,-0.220927894115448
47.53846153846154,2,2,2,37,True,0.012361101806163788,0.01324411015957594,0.017173118889331818,0.009994909167289734,0.1376342624425888,0.0011188862845301628,1.0,0.1410677582025528,0.01324411015957594,-0.6399722099304199,-0.0018380827968940139,1.036070466041565,-0.0015765540301799774,-0.4018169641494751,0.0009718156070448458,2.9107487201690674,0.339376837015152,1.0644408464431763,1.0,1.0598697662353516,-0.3484281897544861,0.7923821806907654,0.8500000834465027,0.8016173243522644,-0.6944819092750549,-1.1619892120361328,-1.0,-1.1101082563400269,0.7887186408042908,0.23235583305358887,0.0,0.2516312599182129,0.5844796299934387,1.0897800922393799,1.0,1.0502066612243652,0.3538724482059479,0.04454006999731064,0.0,0.044676344841718674,-0.02653353475034237,-1.005119800567627,-1.0,-1.005204439163208,-0.7568543553352356,-0.21719935536384583,0.0,-0.2216714322566986
47.61538461538462,2,2,2,41,True,0.010769195854663849,0.012155154719948769,0.015878938138484955,0.01131512876600027,0.12821821868419647,0.0006621424108743668,0.9895351529121399,0.14306585490703583,0.012155154719948769,-0.6270267963409424,-0.0018319888040423393,1.0332392454147339,-0.0016362105961889029,-0.4057180881500244,0.001471256953664124,2.910879611968994,0.3543296456336975,1.0648483037948608,1.0,1.0610132217407227,-0.3794476091861725,0.7949063777923584,0.8500000834465027,0.8035269379615784,-0.7254554629325867,-1.167156457901001,-1.0,-1.116442322731018,0.7839021682739258,0.22773313522338867,0.0,0.24825114011764526,0.631547212600708,1.1081585884094238,1.0,1.0654598474502563,0.34407877922058105,0.06473610550165176,0.0,0.06201532110571861,-0.0379696749150753,-1.005948781967163,-1.0,-1.0056867599487305,-0.7723844647407532,-0.2180328220129013,0.0,-0.22284545004367828
47.69230769230769,2,2,2,0,False,0.009175926446914673,0.011068267747759819,0.014758855104446411,0.014894716441631317,0.11093726754188538,0.0003442075103521347,0.9461211562156677,0.07030197978019714,0.011068267747759819,-0.6206197738647461,-0.0018268736312165856,1.0306888818740845,-0.0016686595045030117,-0.40913140773773193,0.001977531472221017,2.9109957218170166,0.4203042685985565,1.066278100013733,1.0,1.0629452466964722,-0.43676528334617615,0.7964007258415222,0.8500000834465027,0.8042652606964111,-0.7051048278808594,-1.1736842393875122,-1.0,-1.1229636669158936,0.8027843832969666,0.22247843444347382,0.0,0.24515382945537567,0.6667141914367676,1.1253989934921265,1.0,1.0800144672393799,-0.27080580592155457,0.08118202537298203,0.0,0.073074571788311,0.38984835147857666,-1.0065251588821411,-1.0,-1.0056486129760742,-0.8327732682228088,-0.21936799585819244,0.0,-0.2247612476348877
47.769230769230774,2,2,2,0,False,0.00791311264038086,0.010178277269005775,0.013914398849010468,0.01829288899898529,0.06749559938907623,6.295740604400635e-06,0.890483558177948,0.0631699413061142,0.010178277269005775,-0.6206178665161133,-0.001825582468882203,1.0284324884414673,-0.001673635677434504,-0.41157692670822144,0.0023615702521055937,2.911104917526245,0.37818437814712524,1.0684911012649536,1.0,1.065493106842041,-0.4439060688018799,0.7966660261154175,0.8500000834465027,0.80376797914505,-0.7275903224945068,-1.1814250946044922,-1.0,-1.1287152767181396,0.8297508358955383,0.21613164246082306,0.0,0.24357514083385468,0.6826807260513306,1.1393166780471802,1.0,1.093328833580017,-0.10975347459316254,0.09056239575147629,0.0,0.06575601547956467,0.09819559752941132,-1.004693865776062,-1.0,-1.0011473894119263,-0.7883376479148865,-0.22160448133945465,0.0,-0.227471262216568
47.84615384615385,2,2,2,0,False,0.0072394609451293945,0.00964600034058094,0.01334334909915924,0.019930340349674225,0.025294702500104904,0.0,0.8543792366981506,0.056736480444669724,0.00964600034058094,-0.6205804347991943,-0.0018235442694276571,1.0269266366958618,-0.0016494379378855228,-0.41239649057388306,0.0025165153201669455,2.911195755004883,0.37793806195259094,1.0709799528121948,1.0,1.0678789615631104,-0.4748634994029999,0.7959325909614563,0.8500000834465027,0.8024722337722778,-0.708537220954895,-1.1911743879318237,-1.0,-1.1332014799118042,0.8405968546867371,0.2097446620464325,0.0,0.2437828630208969,0.6489288210868835,1.1486194133758545,1.0,1.1043109893798828,-0.1711481809616089,0.08986726403236389,0.0,0.048764411360025406,0.07009264826774597,-1.0006657838821411,-1.0,-0.9967077374458313,-0.7888405919075012,-0.22398297488689423,0.0,-0.22979001700878143
47.92307692307693,2,2,2,0,False,0.00732538104057312,0.009539387188851833,0.012986928224563599,0.019030731171369553,0.04537653550505638,0.00515730120241642,0.8592026233673096,0.05492950603365898,0.009539387188851833,-0.6205422878265381,-0.0018195485463365912,1.0265830755233765,-0.0016163985710591078,-0.4115084707736969,0.0023468579165637493,2.911271572113037,0.3597094416618347,1.073189377784729,1.0,1.0697847604751587,-0.4828190207481384,0.7944504618644714,0.8500000834465027,0.8006330132484436,-0.6509206295013428,-1.2017945051193237,-1.0,-1.1358036994934082,0.8449371457099915,0.20523737370967865,0.0,0.24505621194839478,0.5779099464416504,1.1539554595947266,1.0,1.111720323562622,-0.2614574730396271,0.08169222623109818,0.0,0.027491945773363113,0.05238837003707886,-0.9969431161880493,-1.0,-0.9935769438743591,-0.7889809012413025,-0.2260369509458542,0.0,-0.23164546489715576
48.0,2,2,2,0,False,0.008631452918052673,0.01007559709250927,0.012847930192947388,0.014007915742695332,0.1170201525092125,0.014247503131628036,0.9242253303527832,0.05903066322207451,0.01007559709250927,-0.6205041408538818,-0.0018142814515158534,1.02739417552948,-0.0015988853992894292,-0.4089807868003845,0.001615176792256534,2.911334753036499,0.28382471203804016,1.0745898485183716,1.0,1.0704073905944824,-0.4640216827392578,0.7926163673400879,0.8500000834465027,0.7987990379333496,-0.5403299331665039,-1.2111002206802368,-1.0,-1.13539457321167,0.8452950716018677,0.20274879038333893,0.0,0.24671486020088196,0.43784835934638977,1.1552389860153198,1.0,1.11436927318573,-0.3665333390235901,0.068320631980896,0.0,0.0036343089304864407,0.015158189460635185,-0.9943709373474121,-1.0,-0.992013156414032,-0.7897728085517883,-0.227737158536911,0.0,-0.23307470977306366
48.07692307692308,2,2,2,1,True,0.011759936809539795,0.011566907167434692,0.012918733060359955,0.006195604335516691,0.22117578983306885,0.027132486924529076,0.9937347769737244,0.06342870742082596,0.011566907167434692,-0.6203179359436035,-0.001807018299587071,1.0291792154312134,-0.0016210759058594704,-0.4049450755119324,3.479787483229302e-05,2.9113872051239014,0.12539033591747284,1.0738961696624756,1.0,1.0678057670593262,-0.4702931344509125,0.79099041223526,0.8500000834465027,0.7974742650985718,-0.4462847113609314,-1.2171274423599243,-1.0,-1.1308584213256836,0.8386325836181641,0.2018839418888092,0.0,0.24827198684215546,0.17519941926002502,1.151685118675232,1.0,1.1101933717727661,-0.48115071654319763,0.050827495753765106,0.0,-0.022452659904956818,-0.03542966768145561,-0.9933282732963562,-1.0,-0.9924293160438538,-0.7835639119148254,-0.22915750741958618,0.0,-0.23413507640361786
48.15384615384615,2,2,2,5,True,0.012905031442642212,0.01244654506444931,0.012878470122814178,0.0071178763173520565,0.07059035450220108,0.0,1.0,0.08175329118967056,0.01244654506444931,-0.6184816956520081,-0.0017379976343363523,1.034366488456726,-0.001550660701468587,-0.40295153856277466,-0.0003163753426633775,2.91428279876709,0.0821857899427414,1.0689616203308105,1.0,1.0606532096862793,-0.4075833261013031,0.7900377511978149,0.8500000834465027,0.7967297434806824,-0.4779331684112549,-1.220109462738037,-1.0,-1.1230876445770264,0.8821684122085571,0.20814795792102814,0.0,0.24986642599105835,0.03672385960817337,1.1466165781021118,1.0,1.0972543954849243,-0.5734103322029114,0.03556550294160843,0.0,-0.05089513957500458,-0.006857452914118767,-1.0000975131988525,-1.0,-0.9945073127746582,-0.7332414984703064,-0.2381739616394043,0.0,-0.23414920270442963
48.23076923076923,2,2,2,9,True,0.013554468750953674,0.013238489627838135,0.013369634747505188,0.007918612100183964,0.07747355848550797,0.00030794646590948105,1.0,0.0927416980266571,0.013238489627838135,-0.6147558689117432,-0.0017528317403048277,1.038056492805481,-0.001469751470722258,-0.4009815454483032,-0.0001737441634759307,2.9158804416656494,0.1924748718738556,1.0614482164382935,1.0,1.052453875541687,-0.43340468406677246,0.7896988391876221,0.8500000834465027,0.7968985438346863,-0.5162478685379028,-1.2144110202789307,-1.0,-1.1164222955703735,0.8928269147872925,0.2097054421901703,0.0,0.25258517265319824,-0.01436456385999918,1.1325141191482544,1.0,1.0794508457183838,-0.4304792881011963,0.016813015565276146,0.0,-0.07721007615327835,-0.03194830194115639,-0.9976988434791565,-1.0,-0.9965537786483765,-0.7093324661254883,-0.24500331282615662,0.0,-0.23199094831943512
48.307692307692314,2,2,2,13,True,0.014189735054969788,0.014033550396561623,0.014429673552513123,0.008372304029762745,0.10199078917503357,0.0019411144312471151,1.0,0.10440283268690109,0.014033550396561623,-0.6093680262565613,-0.0017787341494113207,1.0405415296554565,-0.0013525583781301975,-0.39886027574539185,1.6647684333293e-06,2.916003942489624,0.35599976778030396,1.0552704334259033,1.0,1.0484505891799927,-0.45200759172439575,0.7896873354911804,0.8500000834465027,0.7970407605171204,-0.4775260388851166,-1.2066709995269775,-1.0,-1.1117854118347168,0.8989031314849854,0.2123740017414093,0.0,0.25577789545059204,0.0867386907339096,1.1123511791229248,1.0,1.0618317127227783,-0.29776549339294434,-0.00438984390348196,0.0,-0.09354724735021591,-0.014453872106969357,-0.996044397354126,-1.0,-0.9983990788459778,-0.699038028717041,-0.2408686876296997,0.0,-0.22839666903018951
48.38461538461539,2,2,2,17,True,0.014916494488716125,0.014760106801986694,0.015841126441955566,0.009832574054598808,0.0898279920220375,0.0023023756220936775,1.0,0.113493911921978,0.014760106801986694,-0.6025009155273438,-0.0017996716778725386,1.0417855978012085,-0.001437951810657978,-0.3961891531944275,2.4522080366295995e-06,2.9152865409851074,0.35976824164390564,1.0539398193359375,1.0,1.049643635749817,-0.451442688703537,0.7895215749740601,0.8500000834465027,0.7969529628753662,-0.4738609194755554,-1.19871985912323,-1.0,-1.1078791618347168,0.8940184116363525,0.2167026549577713,0.0,0.2588844895362854,0.13339558243751526,1.0922549962997437,1.0,1.0486599206924438,-0.13258999586105347,-0.022302305325865746,0.0,-0.0980323925614357,-0.024267369881272316,-0.9965057969093323,-1.0,-0.9999169111251831,-0.7349969148635864,-0.23276956379413605,0.0,-0.22498494386672974
48.46153846153847,2,2,2,21,True,0.01532350480556488,0.015176484361290932,0.017044536769390106,0.01113993488252163,0.0506119579076767,0.0011397212510928512,1.0,0.120765320956707,0.015176484361290932,-0.5943227410316467,-0.0018162023043259978,1.042439579963684,-0.0014911916805431247,-0.3938961625099182,-2.5983933937823167e-06,2.914153575897217,0.3317299485206604,1.0560390949249268,1.0,1.0529603958129883,-0.44250577688217163,0.7892696261405945,0.8500000834465027,0.7968264818191528,-0.47968780994415283,-1.1916065216064453,-1.0,-1.1045074462890625,0.8786066174507141,0.22253912687301636,0.0,0.26125651597976685,0.20824094116687775,1.0782710313796997,1.0,1.040925145149231,0.012744242325425148,-0.031271494925022125,0.0,-0.09066377580165863,-0.05508027225732803,-0.9973728060722351,-1.0,-1.0015116930007935,-0.7543839812278748,-0.22668905556201935,0.0,-0.22319595515727997
48.53846153846154,2,2,2,25,True,0.015419505536556244,0.01528042834252119,0.017711617052555084,0.011895507574081421,0.014189769513905048,0.00012010335922241211,1.0,0.1269214004278183,0.01528042834252119,-0.5849676132202148,-0.001826050109229982,1.0428839921951294,-0.0014893690822646022,-0.39252325892448425,-3.0176161089912057e-06,2.9123709201812744,0.31082749366760254,1.0591692924499512,1.0,1.0560569763183594,-0.41411450505256653,0.7891457676887512,0.8500000834465027,0.7968706488609314,-0.5265130400657654,-1.18634831905365,-1.0,-1.1023868322372437,0.8560566902160645,0.22834311425685883,0.0,0.26230764389038086,0.283130407333374,1.0723732709884644,1.0,1.0384451150894165,0.10552209615707397,-0.030983105301856995,0.0,-0.07391494512557983,-0.07084926962852478,-0.9972192645072937,-1.0,-1.0033870935440063,-0.7628503441810608,-0.22287340462207794,0.0,-0.22300706803798676
48.61538461538462,2,2,2,29,True,0.015269197523593903,0.015137162059545517,0.017780624330043793,0.011945510283112526,0.035668157041072845,0.0007493456359952688,1.0,0.13215911388397217,0.015137162059545517,-0.5745599269866943,-0.0018244406674057245,1.0434216260910034,-0.001449103932827711,-0.39235126972198486,-2.6644449917512247e-06,2.910731554031372,0.3036762773990631,1.0616581439971924,1.0,1.0581523180007935,-0.3644753396511078,0.7894389033317566,0.8500000834465027,0.7975144982337952,-0.5895496606826782,-1.1832571029663086,-1.0,-1.1024214029312134,0.8341865539550781,0.23247259855270386,0.0,0.261726975440979,0.3621121048927307,1.073773741722107,1.0,1.0404648780822754,0.12260722368955612,-0.02374780736863613,0.0,-0.05282264202833176,-0.07370177656412125,-0.9995558857917786,-1.0,-1.0054603815078735,-0.757986843585968,-0.21956218779087067,0.0,-0.22369468212127686
48.69230769230769,2,2,2,33,True,0.015002496540546417,0.014872785657644272,0.017406389117240906,0.011870427057147026,0.07606121897697449,0.0010565574048087,1.0,0.13672950863838196,0.014872785657644272,-0.5632081031799316,-0.0018216401804238558,1.043247103691101,-0.0013822431210428476,-0.393008828163147,2.0917805159115233e-06,2.909909963607788,0.31120288372039795,1.0630688667297363,1.0,1.058726191520691,-0.32285580039024353,0.7905325889587402,0.8500000834465027,0.7991820573806763,-0.6206584572792053,-1.1804081201553345,-1.0,-1.104657530784607,0.8322948217391968,0.23335064947605133,0.0,0.2598865032196045,0.41623491048812866,1.0800130367279053,1.0,1.0458009243011475,0.17668388783931732,-0.011476944200694561,0.0,-0.032130010426044464,-0.08730613440275192,-1.0037949085235596,-1.0,-1.0079796314239502,-0.7509852051734924,-0.21856161952018738,0.0,-0.22449684143066406
48.769230769230774,2,2,2,37,True,0.014655500650405884,0.014550569467246532,0.01667928695678711,0.01153942197561264,0.07572191208600998,0.0010743318125605583,1.0,0.1405744105577469,0.014550569467246532,-0.5510218143463135,-0.0018184868386015296,1.0423692464828491,-0.0013880720362067223,-0.3943641185760498,1.5917885320959613e-05,2.9090161323547363,0.3125890791416168,1.0627813339233398,1.0,1.057529091835022,-0.29598724842071533,0.7925791144371033,0.8500000834465027,0.8015474677085876,-0.6193598508834839,-1.1789401769638062,-1.0,-1.1079473495483398,0.8327420949935913,0.23245680332183838,0.0,0.2576747536659241,0.4348132312297821,1.089307427406311,1.0,1.0527420043945312,0.1980595588684082,0.0029919676017016172,0.0,-0.013245879672467709,-0.11655601859092712,-1.0076154470443726,-1.0,-1.0113093852996826,-0.7524949908256531,-0.2180444449186325,0.0,-0.22521740198135376
48.84615384615385,2,2,2,41,True,0.014323122799396515,0.014219263568520546,0.01576816290616989,0.011283477768301964,0.07408744096755981,0.0011125300079584122,1.0,0.14402702450752258,0.014219263568520546,-0.5380765199661255,-0.0018154814606532454,1.0409566164016724,-0.0014708483358845115,-0.3961426615715027,1.9554237951524556e-05,2.9087228775024414,0.32351037859916687,1.0613605976104736,1.0,1.055790662765503,-0.3166593611240387,0.7949994802474976,0.8500000834465027,0.8040458559989929,-0.6293603181838989,-1.1792463064193726,-1.0,-1.111290693283081,0.8257552981376648,0.23071472346782684,0.0,0.25562670826911926,0.44595998525619507,1.1000899076461792,1.0,1.0598723888397217,0.17917026579380035,0.017540037631988525,0.0,0.0030818497762084007,-0.10206488519906998,-1.0116957426071167,-1.0,-1.0150076150894165,-0.7633212804794312,-0.21865591406822205,0.0,-0.22587785124778748
48.92307692307693,2,2,2,45,True,0.014010593295097351,0.013900619000196457,0.014868587255477905,0.011021592654287815,0.06042660027742386,0.0008517410606145859,1.0,0.14695917069911957,0.013900619000196457,-0.5244607925415039,-0.0018091258825734258,1.0396064519882202,-0.0015357182128354907,-0.398291677236557,1.4883949006616604e-05,2.9083287715911865,0.31154173612594604,1.059701681137085,1.0,1.0542166233062744,-0.32905182242393494,0.7973970770835876,0.8500000834465027,0.8062285780906677,-0.6234560608863831,-1.181107997894287,-1.0,-1.1141375303268433,0.8286424279212952,0.22895708680152893,0.0,0.2539510130882263,0.4370673894882202,1.1105576753616333,1.0,1.066107153892517,0.1617637574672699,0.030451728031039238,0.0,0.016009047627449036,-0.12314849346876144,-1.015537977218628,-1.0,-1.0186980962753296,-0.7680361270904541,-0.21875858306884766,0.0,-0.22657674551010132
49.0,2,2,2,49,True,0.013773992657661438,0.013643872924149036,0.014130860567092896,0.010923813097178936,0.040977150201797485,0.0003582518547773361,1.0,0.14879858493804932,0.013643872924149036,-0.510246992111206,-0.0018029052298516035,1.0384174585342407,-0.0015860836720094085,-0.40057480335235596,-5.62686591365491e-06,2.907806158065796,0.28973281383514404,1.0582106113433838,1.0,1.0527921915054321,-0.33721914887428284,0.7993746995925903,0.8500000834465027,0.8078221678733826,-0.603632926940918,-1.1833500862121582,-1.0,-1.1162225008010864,0.8362717628479004,0.22739192843437195,0.0,0.2528037428855896,0.404509961605072,1.119187593460083,1.0,1.0707002878189087,0.1587265580892563,0.0411616675555706,0.0,0.025434445589780807,-0.15459059178829193,-1.018954873085022,-1.0,-1.0223064422607422,-0.770601749420166,-0.21896305680274963,0.0,-0.22738158702850342
49.07692307692308,2,2,2,53,True,0.013592496514320374,0.01345048937946558,0.013631992042064667,0.010945617221295834,0.025780759751796722,0.0002957787364721298,1.0,0.150081604719162,0.01345048937946558,-0.4954945147037506,-0.0017995649250224233,1.0373467206954956,-0.0016255989903584123,-0.4027535021305084,-1.3360675438889302e-05,2.907376527786255,0.2628661096096039,1.0570790767669678,1.0,1.0518505573272705,-0.34348416328430176,0.8007188439369202,0.8500000834465027,0.8087534308433533,-0.5826814770698547,-1.1851575374603271,-1.0,-1.1174672842025757,0.844494640827179,0.2261924147605896,0.0,0.25224459171295166,0.36133089661598206,1.125185251235962,1.0,1.0733811855316162,0.16982141137123108,0.04964509233832359,0.0,0.032150641083717346,-0.18561924993991852,-1.0219476222991943,-1.0,-1.0255920886993408,-0.7731543779373169,-0.22014588117599487,0.0,-0.22824928164482117
49.15384615384615,2,2,2,57,True,0.013462051749229431,0.013323142193257809,0.013373963534832,0.011037804186344147,0.012998723424971104,0.0002726539969444275,1.0,0.15158173441886902,0.013323142193257809,-0.4802647829055786,-0.0017975280061364174,1.036462426185608,-0.0016557262279093266,-0.40483564138412476,-7.612738045281731e-06,2.9067986011505127,0.23898723721504211,1.0561689138412476,1.0,1.050913691520691,-0.35243797302246094,0.8014258742332458,0.8500000834465027,0.8090952634811401,-0.5667344927787781,-1.1863112449645996,-1.0,-1.1178288459777832,0.8510583639144897,0.22574226558208466,0.0,0.2522653639316559,0.3043481409549713,1.1284098625183105,1.0,1.0738433599472046,0.1677243709564209,0.05619104579091072,0.0,0.037031080573797226,-0.20196983218193054,-1.0244914293289185,-1.0,-1.0286755561828613,-0.7770897150039673,-0.22153045237064362,0.0,-0.2291974276304245
49.23076923076923,2,2,2,61,True,0.01341654360294342,0.013281028717756271,0.01332661509513855,0.0112092774361372,0.0025087762624025345,0.0003155134618282318,1.0,0.15359553694725037,0.013281028717756271,-0.464608758687973,-0.0017968519823625684,1.0357111692428589,-0.0016809336375445127,-0.4068928360939026,9.269394354305405e-07,2.9060933589935303,0.2162715196609497,1.0550764799118042,1.0,1.049486756324768,-0.36502158641815186,0.8015993237495422,0.8500000834465027,0.8090124130249023,-0.5493931174278259,-1.1865864992141724,-1.0,-1.11739182472229,0.8564655184745789,0.2260677069425583,0.0,0.2527788579463959,0.22877159714698792,1.1289114952087402,1.0,1.071666955947876,0.1534038484096527,0.06119512766599655,0.0,0.04032205790281296,-0.21189090609550476,-1.0266579389572144,-1.0,-1.031620979309082,-0.779325544834137,-0.2232924997806549,0.0,-0.23020993173122406
49.307692307692314,2,2,2,65,True,0.013492301106452942,0.013350320979952812,0.013472720980644226,0.011554908007383347,0.01401854120194912,0.0003245938569307327,1.0,0.15600141882896423,0.013350320979952812,-0.44857215881347656,-0.0017978476826101542,1.0350345373153687,-0.0017044453416019678,-0.40906965732574463,-3.4479542136978125e-06,2.9052326679229736,0.18348577618598938,1.0534608364105225,1.0,1.0475553274154663,-0.36424028873443604,0.8014031648635864,0.8500000834465027,0.8086262941360474,-0.5362687110900879,-1.185875654220581,-1.0,-1.1162357330322266,0.8640604019165039,0.22704720497131348,0.0,0.25365275144577026,0.13045242428779602,1.1265552043914795,1.0,1.066558599472046,0.13139711320400238,0.06470343470573425,0.0,0.041994765400886536,-0.22633984684944153,-1.0284525156021118,-1.0,-1.0343551635742188,-0.78018718957901,-0.2253400981426239,0.0,-0.23115143179893494
49.38461538461539,2,2,2,69,True,0.013654649257659912,0.013509063981473446,0.013823583722114563,0.011980388313531876,0.027246398851275444,0.0006177719915285707,1.0,0.1589602679014206,0.013509063981473446,-0.4321936368942261,-0.0017996181268244982,1.034441351890564,-0.001723774359561503,-0.4115041196346283,-9.707889603305375e-07,2.9042794704437256,0.17938297986984253,1.0514954328536987,1.0,1.0453346967697144,-0.37619295716285706,0.8009380102157593,0.8500000834465027,0.8080535531044006,-0.5219900012016296,-1.1842846870422363,-1.0,-1.1144490242004395,0.8684868216514587,0.22871726751327515,0.0,0.2547607719898224,0.043695081025362015,1.1212626695632935,1.0,1.058543086051941,0.12244502454996109,0.06670456379652023,0.0,0.04238909110426903,-0.22680750489234924,-1.0298259258270264,-1.0,-1.0368810892105103,-0.7772228717803955,-0.2274838238954544,0.0,-0.23185481131076813
49.46153846153847,2,2,2,73,True,0.013909377157688141,0.013760778121650219,0.01437462866306305,0.012558501213788986,0.03683892637491226,0.000633000920061022,1.0,0.16203553974628448,0.013760778121650219,-0.41551268100738525,-0.0018028540071099997,1.0338305234909058,-0.0017411229200661182,-0.41430115699768066,-3.2623138395138085e-06,2.9031054973602295,0.1761951744556427,1.049163579940796,1.0,1.042770504951477,-0.3876629173755646,0.8003317713737488,0.8500000834465027,0.8074150681495667,-0.5052633881568909,-1.1817148923873901,-1.0,-1.11232328414917,0.8710783123970032,0.23092083632946014,0.0,0.2559739947319031,-0.03709908574819565,1.113052487373352,1.0,1.0479750633239746,0.13270337879657745,0.06744632124900818,0.0,0.04198551923036575,-0.234117329120636,-1.0309067964553833,-1.0,-1.0392684936523438,-0.7710608839988708,-0.22950024902820587,0.0,-0.23220305144786835
49.53846153846154,2,2,2,77,True,0.014213904738426208,0.014066594652831554,0.015124887228012085,0.013224317692220211,0.04247450456023216,0.000659913697745651,1.0,0.16467279195785522,0.014066594652831554,-0.3985574245452881,-0.0018064252799376845,1.0330666303634644,-0.0017550522461533546,-0.4174124598503113,1.639568836253602e-06,2.9022140502929688,0.1758851408958435,1.046773910522461,1.0,1.0405030250549316,-0.38176679611206055,0.7996515035629272,0.8500000834465027,0.8067362904548645,-0.4997745454311371,-1.1781420707702637,-1.0,-1.1099631786346436,0.873348593711853,0.23331139981746674,0.0,0.2571926712989807,-0.08121030032634735,1.1021817922592163,1.0,1.0358775854110718,0.1604194939136505,0.06719961017370224,0.0,0.04177839681506157,-0.2411317676305771,-1.0326708555221558,-1.0,-1.0414217710494995,-0.7639006972312927,-0.2304529994726181,0.0,-0.23212361335754395
49.61538461538462,2,2,2,81,True,0.01454981416463852,0.01440359652042389,0.01606818288564682,0.014075834304094315,0.03663612902164459,0.00048284887452609837,1.0,0.16676506400108337,0.01440359652042389,-0.3813605308532715,-0.0018122416222468019,1.031711220741272,-0.0017706274520605803,-0.4205188751220703,1.5669571666876436e-06,2.902009963989258,0.16865487396717072,1.0446927547454834,1.0,1.038594126701355,-0.3599103093147278,0.7990290522575378,0.8500000834465027,0.8062825798988342,-0.5089218616485596,-1.1729005575180054,-1.0,-1.107842206954956,0.8766785264015198,0.23507308959960938,0.0,0.2583332359790802,-0.08539849519729614,1.089076042175293,1.0,1.023932933807373,0.22726908326148987,0.06679604947566986,0.0,0.0433054193854332,-0.24592545628547668,-1.0362812280654907,-1.0,-1.043265700340271,-0.7601746916770935,-0.22974292933940887,0.0,-0.2316136211156845
49.69230769230769,2,2,2,85,True,0.014819435775279999,0.01470190193504095,0.01710287481546402,0.015018262900412083,0.02044685371220112,0.0003394251689314842,1.0,0.16890095174312592,0.01470190193504095,-0.3639482259750366,-0.0018216392491012812,1.0292569398880005,-0.0017934771021828055,-0.4232838451862335,2.7223357392358594e-05,2.9029853343963623,0.1275356262922287,1.0429800748825073,1.0,1.0368258953094482,-0.3316318094730377,0.7987020611763,0.8500000834465027,0.8062891364097595,-0.5384504795074463,-1.1658509969711304,-1.0,-1.1063672304153442,0.8760502934455872,0.23607733845710754,0.0,0.25938713550567627,-0.04200601577758789,1.0752322673797607,1.0,1.0138872861862183,0.34132155776023865,0.06806804239749908,0.0,0.048685114830732346,-0.24101188778877258,-1.0415221452713013,-1.0,-1.0448540449142456,-0.7616727352142334,-0.22795379161834717,0.0,-0.23087960481643677
49.769230769230774,2,2,2,89,True,0.014255955815315247,0.014567794278264046,0.017936930060386658,0.013832352124154568,0.06633921712636948,0.00011059921234846115,1.0,0.17098841071128845,0.014567794278264046,-0.3463510274887085,-0.0018299365183338523,1.0262631177902222,-0.0018035996472463012,-0.4260290861129761,0.00042302272049710155,2.9039530754089355,0.221688374876976,1.0412225723266602,1.0,1.035032033920288,-0.3905969262123108,0.798816442489624,0.8500000834465027,0.8065146803855896,-0.5407728552818298,-1.15990149974823,-1.0,-1.1058014631271362,0.8631717562675476,0.23830892145633698,0.0,0.26013898849487305,0.1594572514295578,1.0642658472061157,1.0,1.007989525794983,0.47291746735572815,0.07311274111270905,0.0,0.05961339548230171,-0.18614739179611206,-1.0442103147506714,-1.0,-1.0458078384399414,-0.7637973427772522,-0.22683250904083252,0.0,-0.2302422672510147
49.84615384615385,2,2,2,93,True,0.012026011943817139,0.013513798825442791,0.018415138125419617,0.01139910239726305,0.16175489127635956,9.437557309865952e-05,1.0,0.17304342985153198,0.013513798825442791,-0.3285790681838989,-0.0018366635777056217,1.0236610174179077,-0.0017883130349218845,-0.42896130681037903,0.0015488025965169072,2.904820680618286,0.4311845004558563,1.0410128831863403,1.0,1.037018060684204,-0.3846575617790222,0.7987166047096252,0.8500000834465027,0.8061723709106445,-0.6598839163780212,-1.1569838523864746,-1.0,-1.1066232919692993,0.8189319372177124,0.24071553349494934,0.0,0.25989165902137756,0.49170148372650146,1.059845209121704,1.0,1.0111660957336426,0.5951834917068481,0.08299713581800461,0.0,0.07633505016565323,-0.04878387600183487,-1.04445219039917,-1.0,-1.0441724061965942,-0.7418591976165771,-0.2261267453432083,0.0,-0.22968626022338867
49.92307692307693,2,2,2,0,False,0.007574528455734253,0.011202063411474228,0.01854243129491806,0.02117176540195942,0.29115667939186096,9.062234312295914e-05,0.7958585619926453,0.061374593526124954,0.011202063411474228,-0.3158271312713623,-0.0018429424380883574,1.021593451499939,-0.0017404401442036033,-0.43181875348091125,0.003619525348767638,2.905601978302002,0.5675010681152344,1.0457347631454468,1.0,1.045382022857666,-0.396350622177124,0.7983112931251526,0.8500000834465027,0.8057118654251099,-0.7933238744735718,-1.1571300029754639,-1.0,-1.111320972442627,0.7427623271942139,0.2404704988002777,0.0,0.25711923837661743,0.6738577485084534,1.0647865533828735,1.0,1.0254417657852173,0.6506510376930237,0.09851495921611786,0.0,0.09745185822248459,0.1568625271320343,-1.0413005352020264,-1.0,-1.0375350713729858,-0.6936850547790527,-0.2249472737312317,0.0,-0.2279665321111679
50.0,2,2,2,0,False,0.0005365461111068726,0.00747541431337595,0.01834540069103241,0.04626474902033806,0.42654654383659363,0.056894123554229736,0.22699342668056488,-0.047606147825717926,0.00747541431337595,-0.31561610102653503,-0.0018494671676307917,1.0200523138046265,-0.001634532236494124,-0.4347319006919861,0.006852695252746344,2.9063103199005127,0.6449594497680664,1.0560864210128784,1.0,1.0585904121398926,-0.4470442533493042,0.7976198196411133,0.8500000834465027,0.8045740723609924,-0.8152105808258057,-1.160997986793518,-1.0,-1.119071364402771,0.7768133878707886,0.23499798774719238,0.0,0.2526216208934784,0.8041237592697144,1.0790327787399292,1.0,1.0472462177276611,0.380459725856781,0.11669807136058807,0.0,0.10970399528741837,0.37297186255455017,-1.0315992832183838,-1.0,-1.0211594104766846,-0.7225263714790344,-0.22278839349746704,0.0,-0.22593273222446442
50.07692307692308,2,2,2,0,False,-0.009071886539459229,0.0025772727094590664,0.018110431730747223,0.08224965631961823,0.5216972827911377,0.0679008960723877,0.014498158358037472,-0.08850561827421188,0.0025772727094590664,-0.3155752420425415,-0.0017051479080691934,1.0191949605941772,-0.001428157789632678,-0.43739670515060425,0.011488586664199829,2.9069294929504395,0.7178338170051575,1.0699249505996704,1.0,1.0739644765853882,-0.537392258644104,0.7963902950286865,0.8500000834465027,0.8025862574577332,-0.8459072113037109,-1.1669644117355347,-1.0,-1.128310203552246,0.7742395401000977,0.22766996920108795,0.0,0.24815092980861664,0.8166526556015015,1.0965895652770996,1.0,1.0714812278747559,0.4888104200363159,0.13226032257080078,0.0,0.11579973995685577,0.37104877829551697,-1.0150535106658936,-1.0,-1.0013903379440308,-0.7310227751731873,-0.22040025889873505,0.0,-0.22407206892967224
50.15384615384615,2,2,2,0,False,-0.016238033771514893,-0.0008138198172673583,0.01814265549182892,0.10995446145534515,0.08901071548461914,0.010148491710424423,0.0036989080253988504,-0.038624007254838943,-0.0008138198172673583,-0.31135058403015137,-0.0014908924931660295,1.0170599222183228,-0.001265504863113165,-0.4356623888015747,0.015491758473217487,2.907414674758911,0.2961171269416809,1.0748779773712158,1.0,1.0893752574920654,-0.7753328680992126,0.7998909950256348,0.8500000834465027,0.7989081144332886,-0.8147458434104919,-1.1634560823440552,-1.0,-1.137763261795044,0.7774227261543274,0.22134344279766083,0.0,0.2441406548023224,0.9180728197097778,1.1000611782073975,1.0,1.0939065217971802,0.7609025835990906,0.1404034048318863,0.0,0.12347951531410217,-0.06424164026975632,-0.996708333492279,-1.0,-0.9840419888496399,-0.5761959552764893,-0.21842367947101593,0.0,-0.22239989042282104
50.23076923076923,2,2,2,0,False,-0.015839755535125732,-0.0007032936555333436,0.018080592155456543,0.10840971767902374,0.12554460763931274,0.0011871103197336197,0.004346627742052078,-0.03615926206111908,-0.0007032936555333436,-0.3071258068084717,-0.001492969342507422,1.0108705759048462,-0.0011488542659208179,-0.4290706515312195,0.0152578204870224,2.9078614711761475,0.3026132583618164,1.0785861015319824,1.0,1.0960643291473389,-0.6387438178062439,0.8034893870353699,0.8500000834465027,0.7927843332290649,-0.919247567653656,-1.156287431716919,-1.0,-1.1458648443222046,0.6264173984527588,0.2126183658838272,0.0,0.2395823746919632,0.9283096194267273,1.1042020320892334,1.0,1.1148605346679688,0.3452940285205841,0.15032391250133514,0.0,0.13526371121406555,-0.19176067411899567,-0.9874265193939209,-1.0,-0.9799419641494751,-0.8538990616798401,-0.2150120586156845,0.0,-0.219544917345047
50.307692307692314,2,2,2,0,False,-0.014128565788269043,-0.0005357739282771945,0.017864316701889038,0.09929348528385162,0.14684104919433594,0.0017790915444493294,0.008507253602147102,-0.03653816878795624,-0.0005357739282771945,-0.30908024311065674,-0.0014786095125600696,1.0063060522079468,-0.001273525063879788,-0.42359063029289246,0.013725553639233112,2.908278465270996,0.42488792538642883,1.0938163995742798,1.0,1.0952115058898926,-0.513054370880127,0.7946808338165283,0.8500000834465027,0.788214921951294,-0.8368268013000488,-1.167279601097107,-1.0,-1.1537047624588013,0.6803680658340454,0.2028682678937912,0.0,0.23151105642318726,0.7866575717926025,1.1252247095108032,1.0,1.131954312324524,-0.17865489423274994,0.15714754164218903,0.0,0.13033601641654968,-0.20821307599544525,-0.9877707958221436,-1.0,-0.9864871501922607,-0.9015013575553894,-0.21540381014347076,0.0,-0.22360248863697052
50.38461538461539,2,2,2,0,False,-0.01206350326538086,-0.00023177661933004856,0.017462104558944702,0.08865981549024582,0.14478003978729248,0.0012051500380039215,0.017838362604379654,-0.037294209003448486,-0.00023177661933004856,-0.31359899044036865,-0.0014652784448117018,1.005468487739563,-0.0013814893318340182,-0.41950684785842896,0.011967060156166553,2.9086685180664062,0.4629094898700714,1.1075693368911743,1.0,1.0936297178268433,-0.49223288893699646,0.7817046642303467,0.8500000834465027,0.7864948511123657,-0.6754909753799438,-1.1893361806869507,-1.0,-1.1575876474380493,0.7327792644500732,0.19541621208190918,0.0,0.22502653300762177,0.6648452877998352,1.1471413373947144,1.0,1.1413873434066772,-0.40360894799232483,0.15314893424510956,0.0,0.1012636125087738,-0.11611613631248474,-0.9942564964294434,-1.0,-0.9960217475891113,-0.8756406903266907,-0.22118215262889862,0.0,-0.23138518631458282
50.46153846153847,2,2,2,0,False,-0.009336136281490326,0.0008504551369696856,0.01563110202550888,0.07855534553527832,0.13681408762931824,0.0,0.042369574308395386,-0.03635093942284584,0.0008504551369696856,-0.31451416015625,-0.0014560052659362555,1.0083619356155396,-0.0013995470944792032,-0.41709795594215393,0.010341121815145016,2.909024715423584,0.4219179153442383,1.101822018623352,1.0,1.0926073789596558,-0.5553957223892212,0.7789734601974487,0.8500000834465027,0.7861731648445129,-0.5777004957199097,-1.2129652500152588,-1.0,-1.1554855108261108,0.7496812343597412,0.1863153725862503,0.0,0.22172391414642334,0.5700960159301758,1.1629642248153687,1.0,1.143378496170044,-0.5543026924133301,0.1366494596004486,0.0,0.05759286507964134,-0.060293685644865036,-1.0017203092575073,-1.0,-1.0033419132232666,-0.7920845150947571,-0.22848455607891083,0.0,-0.23784975707530975
50.53846153846154,2,2,2,0,False,-0.005382642149925232,0.002671165857464075,0.014419235289096832,0.06426319479942322,0.25230857729911804,0.0008383626118302345,0.11899074912071228,-0.02906692400574684,0.002671165857464075,-0.31456097960472107,-0.0014706249348819256,1.0141438245773315,-0.0013873216230422258,-0.4146621823310852,0.00826996099203825,2.9093329906463623,0.3154248893260956,1.0967320203781128,1.0,1.0902621746063232,-0.5433595180511475,0.7791599035263062,0.8500000834465027,0.7859172224998474,-0.44235360622406006,-1.2301193475723267,-1.0,-1.148209810256958,0.7281083464622498,0.17413762211799622,0.0,0.22064641118049622,0.4443969130516052,1.1674590110778809,1.0,1.1396018266677856,-0.5694166421890259,0.1082974225282669,0.0,0.009735260158777237,-0.002985418075695634,-1.0067793130874634,-1.0,-1.0073180198669434,-0.8019469380378723,-0.23353581130504608,0.0,-0.24072670936584473
50.61538461538462,2,2,2,0,False,0.0005866289138793945,0.005617775488644838,0.01441895216703415,0.04197113215923309,0.3449780344963074,0.04274686798453331,0.3204084634780884,-0.020907899364829063,0.005617775488644838,-0.31461194157600403,-0.0015836211387068033,1.021232008934021,-0.00141968356911093,-0.40919703245162964,0.005300421733409166,2.9096107482910156,0.25267526507377625,1.0927520990371704,1.0,1.085257887840271,-0.6277843117713928,0.7787598967552185,0.8500000834465027,0.7852603793144226,-0.402556449174881,-1.236134648323059,-1.0,-1.1369789838790894,0.7189530730247498,0.16599208116531372,0.0,0.2197151780128479,0.18252429366111755,1.1576721668243408,1.0,1.1295554637908936,-0.5099861025810242,0.07480210810899734,0.0,-0.03329251706600189,0.05164672061800957,-1.008875846862793,-1.0,-1.0075711011886597,-0.7588036060333252,-0.23591937124729156,0.0,-0.2414408028125763
50.69230769230769,2,2,2,0,False,0.007865868508815765,0.009349378757178783,0.014998666942119598,0.01442303042858839,0.39913472533226013,0.047915853559970856,0.5716120004653931,0.0028126738034188747,0.009349378757178783,-0.314664363861084,-0.001717519131489098,1.028654932975769,-0.0014956285012885928,-0.4015358090400696,0.0017896565841510892,2.9098594188690186,0.20838338136672974,1.086869716644287,1.0,1.078246831893921,-0.6522514224052429,0.7774891257286072,0.8500000834465027,0.7834672331809998,-0.3959806263446808,-1.2341350317001343,-1.0,-1.1247423887252808,0.7600572109222412,0.16231590509414673,0.0,0.21924234926700592,-0.09690199047327042,1.1407700777053833,1.0,1.1110687255859375,-0.47936075925827026,0.04133963584899902,0.0,-0.06638721376657486,0.05177808552980423,-1.0077130794525146,-1.0,-1.0052083730697632,-0.6843532919883728,-0.23588785529136658,0.0,-0.23911505937576294
50.769230769230774,2,2,2,1,True,0.01315634697675705,0.01243683323264122,0.01561390608549118,0.006098640151321888,0.1401340663433075,0.0071760546416044235,1.0,0.07995045930147171,0.01243683323264122,-0.31461238861083984,-0.0017041044775396585,1.037843108177185,-0.0014966067392379045,-0.39578038454055786,-0.0005731225828640163,2.9117424488067627,0.07656115293502808,1.0791062116622925,1.0,1.0703027248382568,-0.44848236441612244,0.7759489417076111,0.8500000834465027,0.7813664674758911,-0.2498258501291275,-1.2290382385253906,-1.0,-1.1136177778244019,0.8643896579742432,0.17136870324611664,0.0,0.22067461907863617,-0.16119764745235443,1.124295949935913,1.0,1.0848385095596313,-0.6606059074401855,0.015506425872445107,0.0,-0.09035854041576385,-0.10808882117271423,-1.00980544090271,-1.0,-1.0027616024017334,-0.6851493120193481,-0.2394023984670639,0.0,-0.23307622969150543
50.84615384615385,2,2,2,5,True,0.013753443956375122,0.013325903564691544,0.016399167478084564,0.007986069656908512,0.08512122184038162,0.0007011275738477707,1.0,0.09171323478221893,0.013325903564691544,-0.31281065940856934,-0.0017316649900749326,1.0455294847488403,-0.0013861566549167037,-0.39321640133857727,-0.0002971949870698154,2.914067268371582,0.2247612625360489,1.069926142692566,1.0,1.0603066682815552,-0.4283870756626129,0.7748649716377258,0.8500000834465027,0.7823069095611572,-0.4677068591117859,-1.2173320055007935,-1.0,-1.1040219068527222,0.901548445224762,0.17953717708587646,0.0,0.22648411989212036,-0.1775863915681839,1.105884075164795,1.0,1.0573763847351074,-0.4406997561454773,-0.003736715530976653,0.0,-0.11121657490730286,-0.06699392199516296,-1.0050462484359741,-1.0,-1.0025742053985596,-0.6373817920684814,-0.244564026594162,0.0,-0.22597306966781616
50.92307692307693,2,2,2,9,True,0.014316193759441376,0.014170619659125805,0.01796630024909973,0.008177822455763817,0.11786950379610062,0.0022492744028568268,1.0,0.10278190672397614,0.014170619659125805,-0.309120774269104,-0.0017890154849737883,1.0492557287216187,-0.0014526740415021777,-0.3904421925544739,1.8012982764048502e-05,2.9139883518218994,0.42176440358161926,1.0624810457229614,1.0,1.056052565574646,-0.4432414770126343,0.7762390971183777,0.8500000834465027,0.7847601175308228,-0.4024629294872284,-1.2014966011047363,-1.0,-1.0981252193450928,0.9091734290122986,0.18434922397136688,0.0,0.23480728268623352,-0.011698164977133274,1.0781240463256836,1.0,1.0353556871414185,-0.25276753306388855,-0.026201743632555008,0.0,-0.12015441805124283,-0.02087053656578064,-1.0011814832687378,-1.0,-1.0030579566955566,-0.6282477378845215,-0.23054249584674835,0.0,-0.21817940473556519
51.0,2,2,2,13,True,0.015062510967254639,0.014972196891903877,0.019899867475032806,0.009862837381660938,0.08254198729991913,0.0011641671881079674,1.0,0.11260118335485458,0.014972196891903877,-0.303786039352417,-0.0018290500156581402,1.0499483346939087,-0.0015661026118323207,-0.38651931285858154,5.311481800163165e-05,2.913611650466919,0.44364050030708313,1.061946153640747,1.0,1.0587230920791626,-0.43062782287597656,0.7783699631690979,0.8500000834465027,0.7873935699462891,-0.3643961548805237,-1.1855218410491943,-1.0,-1.0927209854125977,0.8951370716094971,0.1921168714761734,0.0,0.24314114451408386,0.1043434888124466,1.051659107208252,1.0,1.0226082801818848,0.06655829399824142,-0.04164424166083336,0.0,-0.11357592046260834,-0.03063853830099106,-1.0027459859848022,-1.0,-1.0031524896621704,-0.7012011408805847,-0.2144855409860611,0.0,-0.21155716478824615
51.07692307692308,2,2,2,17,True,0.014521986246109009,0.014931764453649521,0.021145574748516083,0.00789599772542715,0.06505516916513443,0.00019577331840991974,1.0,0.12104792147874832,0.014931764453649521,-0.29698121547698975,-0.0018481941660866141,1.0495179891586304,-0.0015913889510557055,-0.3834102153778076,0.0005107881152071059,2.913447380065918,0.446152925491333,1.0657802820205688,1.0,1.0639177560806274,-0.461673766374588,0.7806581258773804,0.8500000834465027,0.7897049188613892,-0.5303031206130981,-1.1729037761688232,-1.0,-1.0890122652053833,0.849934458732605,0.20397748053073883,0.0,0.24956561625003815,0.2911929488182068,1.0380737781524658,1.0,1.0184048414230347,0.27876970171928406,-0.04084576293826103,0.0,-0.09054132550954819,0.06529130786657333,-1.0038448572158813,-1.0,-1.0028971433639526,-0.7386675477027893,-0.2071681171655655,0.0,-0.20908309519290924
51.15384615384615,2,2,2,21,True,0.012393146753311157,0.013874925673007965,0.021382473409175873,0.0027404725551605225,0.14543239772319794,9.976327419281006e-05,1.0,0.12826447188854218,0.013874925673007965,-0.28885337710380554,-0.0018567790975794196,1.0486706495285034,-0.001568399602547288,-0.38235148787498474,0.001539743971079588,2.9132986068725586,0.4592452943325043,1.07100510597229,1.0,1.069555401802063,-0.4342227578163147,0.7826257348060608,0.8500000834465027,0.7914277911186218,-0.7068468332290649,-1.1652207374572754,-1.0,-1.0911115407943726,0.7885432243347168,0.2144949734210968,0.0,0.2522898316383362,0.521392822265625,1.0391463041305542,1.0,1.0237735509872437,0.35837608575820923,-0.026305386796593666,0.0,-0.05701907351613045,0.14028200507164001,-1.0027568340301514,-1.0,-1.0002163648605347,-0.7437195777893066,-0.20555339753627777,0.0,-0.2098691165447235
51.23076923076923,2,2,2,0,False,0.008805841207504272,0.011916328221559525,0.02070438116788864,0.01361518632620573,0.23440060019493103,4.0801241993904114e-05,0.919430673122406,0.0763666182756424,0.011916328221559525,-0.2823350429534912,-0.0018603404751047492,1.047207236289978,-0.0015367710730060935,-0.3834924101829529,0.0031262715347111225,2.9131669998168945,0.47748863697052,1.0764080286026,1.0,1.074936032295227,-0.42154279351234436,0.7843799591064453,0.8500000834465027,0.7930405139923096,-0.7852908968925476,-1.1628944873809814,-1.0,-1.0992738008499146,0.7296236157417297,0.21972183883190155,0.0,0.2506600618362427,0.6431413292884827,1.052814245223999,1.0,1.037651777267456,0.4068378806114197,-0.00332067022100091,0.0,-0.020732348784804344,0.2274421602487564,-0.9992622137069702,-1.0,-0.9947078824043274,-0.7452958226203918,-0.20658090710639954,0.0,-0.2119734138250351
51.307692307692314,2,2,2,0,False,0.003981992602348328,0.009254192002117634,0.019415326416492462,0.031422484666109085,0.29383283853530884,0.00031684525310993195,0.5802614688873291,0.03700508549809456,0.009254192002117634,-0.28222551941871643,-0.0018605899531394243,1.0452364683151245,-0.0015346846776083112,-0.38657450675964355,0.0052539580501616,2.9130520820617676,0.520251452922821,1.0817369222640991,1.0,1.0803985595703125,-0.4361114203929901,0.7860544323921204,0.8500000834465027,0.7944507598876953,-0.7991657257080078,-1.1655757427215576,-1.0,-1.10992431640625,0.7464239001274109,0.21840453147888184,0.0,0.24646367132663727,0.7532655596733093,1.0748966932296753,1.0,1.0565334558486938,0.1818404495716095,0.022005287930369377,0.0,0.006207045633345842,0.35166358947753906,-0.9923974275588989,-1.0,-0.9844502806663513,-0.7668601274490356,-0.20879875123500824,0.0,-0.21505551040172577
51.38461538461539,2,2,2,0,False,-0.0017342716455459595,0.006185087375342846,0.017979584634304047,0.052822962403297424,0.3174958825111389,0.04156665876507759,0.23146557807922363,-0.030286522582173347,0.006185087375342846,-0.28220176696777344,-0.0018360986141487956,1.043129801750183,-0.0015886269975453615,-0.3906983733177185,0.007874400354921818,2.9129414558410645,0.566929280757904,1.0872184038162231,1.0,1.0861001014709473,-0.5242896676063538,0.7873803973197937,0.8500000834465027,0.7951030731201172,-0.8509287238121033,-1.1718660593032837,-1.0,-1.121267318725586,0.7334438562393188,0.21216347813606262,0.0,0.24160991609096527,0.8042095899581909,1.099238634109497,1.0,1.077196478843689,0.19556434452533722,0.04352140426635742,0.0,0.02338545024394989,0.3649758994579315,-0.9822792410850525,-1.0,-0.9726943373680115,-0.782310426235199,-0.21167978644371033,0.0,-0.21851570904254913
51.46153846153847,2,2,2,0,False,-0.0076313018798828125,0.0031838242430239916,0.016917914152145386,0.07454696297645569,0.29617375135421753,0.03858780488371849,0.06209580600261688,-0.04805764555931091,0.0031838242430239916,-0.2821744382381439,-0.0016577530186623335,1.0409725904464722,-0.0016631741309538484,-0.3945287764072418,0.010762304998934269,2.912834882736206,0.5794970989227295,1.0932116508483887,1.0,1.092115044593811,-0.6164289712905884,0.7874306440353394,0.8500000834465027,0.7939484119415283,-0.8916717171669006,-1.1781657934188843,-1.0,-1.1326651573181152,0.7198721170425415,0.2069263607263565,0.0,0.23663920164108276,0.8414272665977478,1.119700312614441,1.0,1.0970020294189453,0.21174244582653046,0.06020407751202583,0.0,0.03538277745246887,0.3592431843280792,-0.9717763662338257,-1.0,-0.9618710875511169,-0.7952308058738708,-0.21477201581001282,0.0,-0.22211803495883942
51.53846153846154,2,2,2,0,False,-0.013383626937866211,0.00030245145899243653,0.016194358468055725,0.09543804824352264,0.2783784866333008,0.03701253980398178,0.01046925038099289,-0.05380360409617424,0.00030245145899243653,-0.28215062618255615,-0.0015130077954381704,1.0386065244674683,-0.001737287500873208,-0.39776259660720825,0.013625389896333218,2.9127373695373535,0.5913766026496887,1.099452018737793,1.0,1.0978307723999023,-0.6919817924499512,0.7854856848716736,0.8500000834465027,0.7907631993293762,-0.922086775302887,-1.1844429969787598,-1.0,-1.1436055898666382,0.7017701864242554,0.20225168764591217,0.0,0.23168008029460907,0.8701583743095398,1.1368799209594727,1.0,1.1147574186325073,0.18693076074123383,0.07335059344768524,0.0,0.0437500886619091,0.356829434633255,-0.9626126885414124,-1.0,-0.952981173992157,-0.8152568936347961,-0.21803271770477295,0.0,-0.22597859799861908
51.61538461538462,2,2,2,0,False,-0.014722056686878204,-0.0003721263783518225,0.01606941968202591,0.09985290467739105,0.06613504886627197,6.719492375850677e-05,0.006831722799688578,-0.03843238949775696,-0.0003721263783518225,-0.2807353734970093,-0.0014577653491869569,1.034061312675476,-0.0016586746787652373,-0.39736151695251465,0.014438100159168243,2.912614107131958,0.43122854828834534,1.1013118028640747,1.0,1.1012285947799683,-0.7241355776786804,0.7851029634475708,0.8500000834465027,0.7858758568763733,-0.9038934707641602,-1.1835905313491821,-1.0,-1.153449296951294,0.6775543689727783,0.19652165472507477,0.0,0.22664007544517517,0.8948516249656677,1.1411988735198975,1.0,1.1302180290222168,0.16265711188316345,0.07927723973989487,0.0,0.0494534932076931,0.026026526466012,-0.9557061791419983,-1.0,-0.9487429261207581,-0.8296370506286621,-0.22163285315036774,0.0,-0.22987355291843414
51.69230769230769,2,2,2,0,False,-0.0138334259390831,-0.00027172346017323434,0.01595776528120041,0.09492062777280807,0.08903412520885468,0.0,0.009562120772898197,-0.03865069895982742,-0.00027172346017323434,-0.28230345249176025,-0.0014558405382558703,1.028891682624817,-0.001591936801560223,-0.39557701349258423,0.013663145713508129,2.9125282764434814,0.4636191129684448,1.107859492301941,1.0,1.1008034944534302,-0.6387022137641907,0.7795987129211426,0.8500000834465027,0.7811685800552368,-0.8703225255012512,-1.1890342235565186,-1.0,-1.1610065698623657,0.6954261064529419,0.19043874740600586,0.0,0.22152002155780792,0.818548321723938,1.1515016555786133,1.0,1.1425234079360962,-0.17079485952854156,0.08408431708812714,0.0,0.047971755266189575,-0.002808334305882454,-0.9560583233833313,-1.0,-0.953152060508728,-0.8760197758674622,-0.2256096452474594,0.0,-0.23458810150623322
51.769230769230774,2,2,2,0,False,-0.012216940522193909,6.018565545673482e-05,0.015525445342063904,0.0873659998178482,0.10874483734369278,0.00012046657502651215,0.016968291252851486,-0.039053935557603836,6.018565545673482e-05,-0.28495272994041443,-0.0014511541230604053,1.025840401649475,-0.0015895897522568703,-0.3939610719680786,0.01239926740527153,2.912459135055542,0.4745185673236847,1.1132450103759766,1.0,1.0995999574661255,-0.6018146872520447,0.7719117403030396,0.8500000834465027,0.7783705592155457,-0.7768808603286743,-1.202878713607788,-1.0,-1.1652008295059204,0.7294077277183533,0.18529485166072845,0.0,0.21810857951641083,0.7165842652320862,1.1648519039154053,1.0,1.1496647596359253,-0.3677982985973358,0.08246968686580658,0.0,0.032130807638168335,-0.018163353204727173,-0.9613876938819885,-1.0,-0.9614566564559937,-0.8577170372009277,-0.23084880411624908,0.0,-0.24015749990940094
51.84615384615385,2,2,2,0,False,-0.009799361228942871,0.0009688917198218405,0.013816319406032562,0.078841932117939,0.15209071338176727,0.00039239414036273956,0.03688003867864609,-0.039743177592754364,0.0009688917198218405,-0.28463876247406006,-0.001440970809198916,1.0257588624954224,-0.001615040237084031,-0.3940958082675934,0.010925760492682457,2.912400722503662,0.4232412874698639,1.105633020401001,1.0,1.0982667207717896,-0.5757874250411987,0.770643949508667,0.8500000834465027,0.7771105766296387,-0.6611870527267456,-1.2210304737091064,-1.0,-1.165067434310913,0.7468994855880737,0.17824134230613708,0.0,0.2169554978609085,0.6271582245826721,1.1792268753051758,1.0,1.1509846448898315,-0.4895826280117035,0.07351482659578323,0.0,0.005345684941858053,-0.031491123139858246,-0.9692515134811401,-1.0,-0.9707984328269958,-0.8194864392280579,-0.23586244881153107,0.0,-0.24392645061016083
51.92307692307693,2,2,2,0,False,-0.0050721243023872375,0.0030004014261066914,0.01301305741071701,0.06143517047166824,0.2991437017917633,0.0013561872765421867,0.11845449358224869,-0.03397739678621292,0.0030004014261066914,-0.2843313217163086,-0.0014925096184015274,1.0278722047805786,-0.0016036045271903276,-0.39340850710868835,0.008310530334711075,2.9123408794403076,0.2546614408493042,1.1017881631851196,1.0,1.094809651374817,-0.5531858801841736,0.7702774405479431,0.8500000834465027,0.7773503661155701,-0.47960415482521057,-1.2340492010116577,-1.0,-1.1591445207595825,0.7302995324134827,0.17057815194129944,0.0,0.21729953587055206,0.40555480122566223,1.1830531358718872,1.0,1.1467357873916626,-0.5543168783187866,0.05485645681619644,0.0,-0.026750853285193443,-0.006374982185661793,-0.9772450923919678,-1.0,-0.9792973399162292,-0.8146833777427673,-0.2390274703502655,0.0,-0.24566355347633362
52.0,2,2,2,0,False,0.0023982226848602295,0.006493045948445797,0.012941278517246246,0.03354048728942871,0.42795097827911377,0.0575503334403038,0.29594293236732483,-0.04627079516649246,0.006493045948445797,-0.2840672731399536,-0.0016389770898967981,1.0312978029251099,-0.001511483220383525,-0.3904058337211609,0.004408443346619606,2.91229248046875,0.14418809115886688,1.0960556268692017,1.0,1.08669114112854,-0.6496070027351379,0.770599901676178,0.8500000834465027,0.7778512239456177,-0.44138187170028687,-1.2388083934783936,-1.0,-1.1480494737625122,0.7347651720046997,0.16587841510772705,0.0,0.21765799820423126,0.0055781165137887,1.1754399538040161,1.0,1.1335324048995972,-0.5126410722732544,0.031013643369078636,0.0,-0.058031536638736725,0.06247805804014206,-0.9839480519294739,-1.0,-0.9851090908050537,-0.742184579372406,-0.24049542844295502,0.0,-0.2455032467842102
52.07692307692308,2,2,2,0,False,0.011892423033714294,0.01122849341481924,0.013331398367881775,0.0027836323715746403,0.38552242517471313,0.06865166872739792,0.6793885827064514,-0.018042629584670067,0.01122849341481924,-0.2838611602783203,-0.001745604327879846,1.0357657670974731,-0.001412040670402348,-0.3865266442298889,-0.0003939928428735584,2.9123518466949463,0.18127669394016266,1.0864309072494507,1.0,1.0757728815078735,-0.6823896765708923,0.7707563042640686,0.8500000834465027,0.7771481871604919,-0.45281460881233215,-1.236536979675293,-1.0,-1.135514259338379,0.7585551738739014,0.16642597317695618,0.0,0.21845032274723053,-0.29812541604042053,1.1595511436462402,1.0,1.1082497835159302,-0.45812374353408813,0.0051868571899831295,0.0,-0.08305579423904419,0.05391012877225876,-0.988246738910675,-1.0,-0.9877658486366272,-0.6420197486877441,-0.24000397324562073,0.0,-0.24134090542793274
52.15384615384615,2,2,2,3,True,0.01339530199766159,0.01259338017553091,0.01357974112033844,0.007993529550731182,0.09083276987075806,0.0007468322291970253,1.0,0.08283790946006775,0.01259338017553091,-0.2828664779663086,-0.0016627258155494928,1.0448569059371948,-0.0013207880547270179,-0.38819485902786255,-0.0006647897535003722,2.9155702590942383,0.05053644999861717,1.0745563507080078,1.0,1.0639065504074097,-0.4386119842529297,0.7703647017478943,0.8500000834465027,0.7774180769920349,-0.48233020305633545,-1.2336690425872803,-1.0,-1.1231211423873901,0.886846125125885,0.18340912461280823,0.0,0.22223633527755737,-0.23012787103652954,1.1458479166030884,1.0,1.0766528844833374,-0.6261639595031738,-0.010527662001550198,0.0,-0.10523738712072372,0.04106981307268143,-0.9949062466621399,-1.0,-0.9902025461196899,-0.6738975048065186,-0.24899259209632874,0.0,-0.2341376394033432
52.23076923076923,2,2,2,7,True,0.01379770040512085,0.013546012341976166,0.014903344213962555,0.008336630649864674,0.11768446117639542,0.0018798233941197395,1.0,0.09615840762853622,0.013546012341976166,-0.2798771858215332,-0.0017238163854926825,1.049232840538025,-0.0014513414353132248,-0.38988715410232544,-0.00013254999066703022,2.915235757827759,0.39335423707962036,1.063575267791748,1.0,1.0544639825820923,-0.4972549080848694,0.7716305255889893,0.8500000834465027,0.7799038887023926,-0.488071471452713,-1.2180567979812622,-1.0,-1.1144838333129883,0.9044645428657532,0.18972940742969513,0.0,0.2299071103334427,-0.14175483584403992,1.1188431978225708,1.0,1.0477339029312134,-0.30502963066101074,-0.02878149412572384,0.0,-0.12175627797842026,-0.005981040187180042,-0.9862976670265198,-1.0,-0.9925344586372375,-0.6375558972358704,-0.2501418888568878,0.0,-0.22647568583488464
52.307692307692314,2,2,2,11,True,0.014723047614097595,0.014574002474546432,0.017156772315502167,0.009728973731398582,0.11508941650390625,0.0029843540396541357,1.0,0.1070985347032547,0.014574002474546432,-0.2751270532608032,-0.0017867658752948046,1.0498908758163452,-0.0015883094165474176,-0.38998982310295105,4.1499442886561155e-06,2.9138920307159424,0.46424904465675354,1.058902382850647,1.0,1.0544672012329102,-0.47109800577163696,0.7736583352088928,0.8500000834465027,0.7824463844299316,-0.3657273054122925,-1.2006274461746216,-1.0,-1.1077669858932495,0.91096031665802,0.19534873962402344,0.0,0.23860852420330048,-0.010497086681425571,1.0850625038146973,1.0,1.0273222923278809,-0.04835551604628563,-0.04865358769893646,0.0,-0.12221792340278625,0.018407713621854782,-0.9874873757362366,-1.0,-0.9937486052513123,-0.6713383197784424,-0.23117610812187195,0.0,-0.21857114136219025
52.38461538461539,2,2,2,15,True,0.015404239296913147,0.015273655764758587,0.019355811178684235,0.011667842976748943,0.06070605665445328,0.0004420941695570946,1.0,0.11656152456998825,0.015273655764758587,-0.2688533067703247,-0.00182529806625098,1.0483375787734985,-0.0016382659086957574,-0.389013409614563,1.5337987861130387e-05,2.913006544113159,0.4443056881427765,1.0615631341934204,1.0,1.0597625970840454,-0.49096792936325073,0.7758560180664062,0.8500000834465027,0.784996747970581,-0.3668449819087982,-1.183613896369934,-1.0,-1.1003297567367554,0.8920507431030273,0.20473746955394745,0.0,0.24657759070396423,0.09771023690700531,1.0584096908569336,1.0,1.0161415338516235,0.2655709683895111,-0.05571071058511734,0.0,-0.10467690974473953,0.018241234123706818,-0.9913684129714966,-1.0,-0.9942624568939209,-0.7229616045951843,-0.2163533717393875,0.0,-0.21347445249557495
52.46153846153847,2,2,2,19,True,0.015376433730125427,0.015395799651741982,0.020679689943790436,0.01229468546807766,0.040479693561792374,0.00018415041267871857,1.0,0.12443770468235016,0.015395799651741982,-0.2612115144729614,-0.0018446751637384295,1.0458306074142456,-0.001590526895597577,-0.38854697346687317,0.00013680473784916103,2.9128880500793457,0.33284053206443787,1.066691517829895,1.0,1.0646859407424927,-0.4390355050563812,0.7781805992126465,0.8500000834465027,0.7873895764350891,-0.4615623950958252,-1.1685606241226196,-1.0,-1.0941135883331299,0.8443809747695923,0.2154322862625122,0.0,0.25205913186073303,0.1753978282213211,1.045325756072998,1.0,1.0123450756072998,0.3545498549938202,-0.04607328400015831,0.0,-0.07263955473899841,0.018115835264325142,-0.9950616359710693,-1.0,-0.9950542449951172,-0.7351247072219849,-0.20962844789028168,0.0,-0.21208566427230835
52.53846153846154,2,2,2,23,True,0.014236606657505035,0.014785164035856724,0.020893551409244537,0.009722844697535038,0.10969031602144241,7.004011422395706e-05,1.0,0.13117468357086182,0.014785164035856724,-0.25233614444732666,-0.001851830747909844,1.0432778596878052,-0.0014912800397723913,-0.389901340007782,0.0006362267304211855,2.9127955436706543,0.35013189911842346,1.0702266693115234,1.0,1.0670583248138428,-0.40806856751441956,0.7806134223937988,0.8500000834465027,0.7898215651512146,-0.6053441166877747,-1.1581676006317139,-1.0,-1.0923800468444824,0.7998408675193787,0.22476239502429962,0.0,0.2539721429347992,0.37743064761161804,1.0457441806793213,1.0,1.0152530670166016,0.3957161605358124,-0.024255748838186264,0.0,-0.03522947058081627,0.062316037714481354,-0.9960519671440125,-1.0,-0.9952590465545654,-0.7202083468437195,-0.20846621692180634,0.0,-0.21254105865955353
52.61538461538462,2,2,2,27,True,0.012128308415412903,0.013560736551880836,0.020266897976398468,0.006879409309476614,0.17142823338508606,1.9310973584651947e-05,1.0,0.13691943883895874,0.013560736551880836,-0.24235202372074127,-0.0018534308765083551,1.0405622720718384,-0.0013882616767659783,-0.39300695061683655,0.0014916943619027734,2.9127137660980225,0.4018321931362152,1.0721818208694458,1.0,1.0687142610549927,-0.3904385268688202,0.7832067012786865,0.8500000834465027,0.7923846244812012,-0.6878252029418945,-1.1529382467269897,-1.0,-1.096087098121643,0.7641845941543579,0.2291918694972992,0.0,0.2524890899658203,0.5475873947143555,1.0562958717346191,1.0,1.025719165802002,0.4477517604827881,0.0028290997724980116,0.0,0.0011890237219631672,0.11575670540332794,-0.9957560300827026,-1.0,-0.9940189123153687,-0.7114331722259521,-0.2087867259979248,0.0,-0.2131272852420807
52.69230769230769,2,2,2,0,False,0.008997306227684021,0.01173799205571413,0.019109539687633514,0.01358011830598116,0.226392462849617,0.0009436346590518951,0.9320657849311829,0.07731734961271286,0.01173799205571413,-0.23463010787963867,-0.0018518128199502826,1.0376566648483276,-0.001364214695058763,-0.3973274827003479,0.0027688685804605484,2.9126429557800293,0.46259984374046326,1.0741840600967407,1.0,1.0713446140289307,-0.40914371609687805,0.7858439683914185,0.8500000834465027,0.79481440782547,-0.7557579874992371,-1.1528844833374023,-1.0,-1.1036500930786133,0.7288892865180969,0.22844579815864563,0.0,0.24839220941066742,0.6527361869812012,1.0743027925491333,1.0,1.0419706106185913,0.46411406993865967,0.031035419553518295,0.0,0.03394503891468048,0.1992444097995758,-0.9939287900924683,-1.0,-0.9906309843063354,-0.7195290923118591,-0.20909644663333893,0.0,-0.2134690135717392
52.769230769230774,2,2,2,0,False,0.0048965513706207275,0.009397708810865879,0.01777767390012741,0.027845777571201324,0.2590615451335907,7.615424692630768e-05,0.6776203513145447,0.04769792780280113,0.009397708810865879,-0.23449432849884033,-0.0018500752048566937,1.0347176790237427,-0.0013886869419366121,-0.4022948145866394,0.004502541851252317,2.9125843048095703,0.5250706672668457,1.0776435136795044,1.0,1.0760338306427002,-0.44835782051086426,0.7880691885948181,0.8500000834465027,0.796451985836029,-0.7805075645446777,-1.1571485996246338,-1.0,-1.112680435180664,0.7630742788314819,0.22299617528915405,0.0,0.24371936917304993,0.7605842351913452,1.0961647033691406,1.0,1.0613986253738403,0.1799861639738083,0.05649186670780182,0.0,0.05282954126596451,0.3360358476638794,-0.988951563835144,-1.0,-0.9821538329124451,-0.7530831694602966,-0.20975853502750397,0.0,-0.21501614153385162
52.84615384615385,2,2,2,0,False,-2.1770596504211426e-05,0.006703704129904509,0.016589030623435974,0.04594920575618744,0.2862706184387207,0.03738870844244957,0.3374534845352173,-0.014632961712777615,0.006703704129904509,-0.23446595668792725,-0.00184868392534554,1.0320831537246704,-0.0013558464124798775,-0.40702253580093384,0.006697120610624552,2.912527561187744,0.5665755867958069,1.0829229354858398,1.0,1.0821313858032227,-0.5425224900245667,0.7892939448356628,0.8500000834465027,0.7966981530189514,-0.8441454768180847,-1.1650282144546509,-1.0,-1.1225638389587402,0.7562683820724487,0.21431227028369904,0.0,0.23979249596595764,0.8103204369544983,1.1175148487091064,1.0,1.0818010568618774,0.18911513686180115,0.07463056594133377,0.0,0.060306742787361145,0.34777316451072693,-0.9804285168647766,-1.0,-0.9718329906463623,-0.7665509581565857,-0.21130990982055664,0.0,-0.21730533242225647
52.92307692307693,2,2,2,0,False,-0.005473904311656952,0.003911070991307497,0.015811040997505188,0.06598959118127823,0.2702005207538605,0.03593463450670242,0.11359052360057831,-0.04002556577324867,0.003911070991307497,-0.2344348430633545,-0.0016938225599005818,1.0297383069992065,-0.0014618606073781848,-0.41069531440734863,0.009344208054244518,2.912466049194336,0.5906396508216858,1.089420199394226,1.0,1.089041829109192,-0.6316194534301758,0.7888184785842896,0.8500000834465027,0.7948586940765381,-0.8870683908462524,-1.1734026670455933,-1.0,-1.1330467462539673,0.7493510246276855,0.20872780680656433,0.0,0.23642897605895996,0.8388270139694214,1.1347441673278809,1.0,1.1009925603866577,0.20419669151306152,0.08662581443786621,0.0,0.06308084726333618,0.3551779091358185,-0.9711053967475891,-1.0,-0.961998701095581,-0.780834436416626,-0.2133701741695404,0.0,-0.22002805769443512
53.0,2,2,2,0,False,-0.010895609855651855,0.0011948085157200694,0.015394948422908783,0.08567190170288086,0.2581541836261749,0.03503894433379173,0.02521916665136814,-0.050458453595638275,0.0011948085157200694,-0.23440968990325928,-0.001556812203489244,1.0276762247085571,-0.0015729948645457625,-0.4131494164466858,0.01204038504511118,2.9124093055725098,0.5934924483299255,1.0966078042984009,1.0,1.0957728624343872,-0.7000928521156311,0.7862081527709961,0.8500000834465027,0.7910541296005249,-0.918232798576355,-1.1818231344223022,-1.0,-1.1434550285339355,0.7354905605316162,0.20444750785827637,0.0,0.2333788126707077,0.8642165660858154,1.1484111547470093,1.0,1.1178737878799438,0.16661596298217773,0.09427426755428314,0.0,0.06356965750455856,0.3497827649116516,-0.962641179561615,-1.0,-0.9536229372024536,-0.8034392595291138,-0.21586044132709503,0.0,-0.22326505184173584
53.07692307692308,2,2,2,0,False,-0.014126770198345184,-0.0003726153518073261,0.015253141522407532,0.09732469171285629,0.017215926200151443,0.0038112688343971968,0.008555528707802296,-0.03893788531422615,-0.0003726153518073261,-0.23289036750793457,-0.0014614121755585074,1.0249658823013306,-0.0015989391831681132,-0.4132751524448395,0.013827522285282612,2.9123306274414062,0.4529552757740021,1.0996530055999756,1.0,1.1012762784957886,-0.7823709845542908,0.784276008605957,0.8500000834465027,0.7858675718307495,-0.9120239019393921,-1.1863471269607544,-1.0,-1.1531627178192139,0.7171114087104797,0.19982321560382843,0.0,0.2302556037902832,0.8956257104873657,1.153995394706726,1.0,1.1322354078292847,0.2070198506116867,0.09632541239261627,0.0,0.06186448037624359,0.0653650090098381,-0.955355167388916,-1.0,-0.947760820388794,-0.793854296207428,-0.21910470724105835,0.0,-0.22700732946395874
53.15384615384615,2,2,2,0,False,-0.01361951231956482,-0.00028769782511517406,0.015219122171401978,0.09444715827703476,0.06667522341012955,0.0,0.01033161673694849,-0.03873197361826897,-0.00028769782511517406,-0.2322392463684082,-0.0014605342876166105,1.0208574533462524,-0.0015398927498608828,-0.4109058976173401,0.013429109938442707,2.9122707843780518,0.4771808981895447,1.103353500366211,1.0,1.1029893159866333,-0.6770955920219421,0.7806782722473145,0.8500000834465027,0.7804206013679504,-0.882687509059906,-1.1907347440719604,-1.0,-1.1608846187591553,0.6938883066177368,0.19444231688976288,0.0,0.2265273779630661,0.8372347950935364,1.1593043804168701,1.0,1.1438699960708618,-0.09060220420360565,0.09684278815984726,0.0,0.05735376849770546,0.012820931151509285,-0.9539170265197754,-1.0,-0.9498975872993469,-0.8607757091522217,-0.22249817848205566,0.0,-0.2310558259487152
53.23076923076923,2,2,2,0,False,-0.012423276901245117,-0.00013546856644097716,0.015055365860462189,0.08832867443561554,0.09573471546173096,0.00043277163058519363,0.015809355303645134,-0.03924529626965523,-0.00013546856644097716,-0.23387481272220612,-0.0014531404012814164,1.0185807943344116,-0.0015509601216763258,-0.40869224071502686,0.01239779032766819,2.9122276306152344,0.48441794514656067,1.1109546422958374,1.0,1.1026835441589355,-0.6157547235488892,0.772595226764679,0.8500000834465027,0.77689528465271,-0.7980664372444153,-1.2039844989776611,-1.0,-1.165524959564209,0.728029191493988,0.18924139440059662,0.0,0.22293074429035187,0.7405917048454285,1.1708118915557861,1.0,1.151058316230774,-0.3151303827762604,0.09320228546857834,0.0,0.041869740933179855,-0.0011873256880789995,-0.9579849243164062,-1.0,-0.9573968052864075,-0.8638272881507874,-0.22719916701316833,0.0,-0.23636727035045624
53.307692307692314,2,2,2,0,False,-0.010090917348861694,0.0006963946507312357,0.014046721160411835,0.07942402362823486,0.14585797488689423,0.00038416124880313873,0.03374412655830383,-0.039440322667360306,0.0006963946507312357,-0.23426532745361328,-0.0014550240011885762,1.0188122987747192,-0.0015791457844898105,-0.40710318088531494,0.010937036015093327,2.912191390991211,0.44452446699142456,1.108832836151123,1.0,1.1015608310699463,-0.5902960896492004,0.769148588180542,0.8500000834465027,0.775451123714447,-0.6829186677932739,-1.2203150987625122,-1.0,-1.1658622026443481,0.7415651082992554,0.18322166800498962,0.0,0.22093462944030762,0.6360810399055481,1.1814147233963013,1.0,1.1528453826904297,-0.48084765672683716,0.08252659440040588,0.0,0.015469004400074482,-0.01651848293840885,-0.9651874899864197,-1.0,-0.9664117097854614,-0.8202725648880005,-0.232456773519516,0.0,-0.24109876155853271
53.38461538461539,2,2,2,0,False,-0.005712196230888367,0.002587138442322612,0.013262860476970673,0.06329339742660522,0.2782631516456604,0.0011276639997959137,0.10574960708618164,-0.03427033871412277,0.002587138442322612,-0.23424041271209717,-0.0014993917429819703,1.0211070775985718,-0.0015762802213430405,-0.4051412343978882,0.008523405529558659,2.91215443611145,0.2845703661441803,1.1051950454711914,1.0,1.0983431339263916,-0.5529458522796631,0.7686097621917725,0.8500000834465027,0.775668740272522,-0.49162018299102783,-1.2331892251968384,-1.0,-1.1606340408325195,0.7325634956359863,0.1753929853439331,0.0,0.2202744483947754,0.4482671320438385,1.1850072145462036,1.0,1.1490416526794434,-0.5529693365097046,0.0635649785399437,0.0,-0.017395244911313057,-0.0011855449993163347,-0.9731451869010925,-1.0,-0.9751061797142029,-0.8178566098213196,-0.23651285469532013,0.0,-0.24374663829803467
53.46153846153847,2,2,2,0,False,0.001334458589553833,0.0058802952989935875,0.013098597526550293,0.037069711834192276,0.4067597985267639,0.054886508733034134,0.282252699136734,-0.0434301495552063,0.0058802952989935875,-0.23422370851039886,-0.0016294288216158748,1.0248185396194458,-0.001501366263255477,-0.40118408203125,0.00484559265896678,2.9121251106262207,0.1499861180782318,1.0996865034103394,1.0,1.0905221700668335,-0.6451330780982971,0.7690519690513611,0.8500000834465027,0.7764139771461487,-0.4322067201137543,-1.2387430667877197,-1.0,-1.1497844457626343,0.7341892719268799,0.16946956515312195,0.0,0.2198794186115265,0.07298990339040756,1.1783044338226318,1.0,1.1370915174484253,-0.5196710228919983,0.03900924697518349,0.0,-0.050358157604932785,0.06971744447946548,-0.9801563024520874,-1.0,-0.9814240336418152,-0.7540632486343384,-0.23881816864013672,0.0,-0.2444484531879425
53.53846153846154,2,2,2,0,False,0.010779738426208496,0.010511904954910278,0.01339760422706604,0.002210787730291486,0.5287441611289978,0.06763273477554321,0.2963583171367645,-0.06004762277007103,0.010511904954910278,-0.23420943319797516,-0.0017508103046566248,1.0292764902114868,-0.0014128024922683835,-0.3958420157432556,0.00010474200826138258,2.912100076675415,0.16106519103050232,1.0900596380233765,1.0,1.0791921615600586,-0.6840764284133911,0.7692520022392273,0.8500000834465027,0.7760550379753113,-0.4315965473651886,-1.237028956413269,-1.0,-1.13674795627594,0.7621666789054871,0.16719941794872284,0.0,0.2200990915298462,-0.26598042249679565,1.1630598306655884,1.0,1.1133915185928345,-0.46557173132896423,0.011666062287986279,0.0,-0.0773608386516571,0.06971760839223862,-0.9842594265937805,-1.0,-0.9845450520515442,-0.6475829482078552,-0.23854100704193115,0.0,-0.24119824171066284
53.61538461538462,2,2,2,3,True,0.01307898759841919,0.01229016948491335,0.013549238443374634,0.007291610352694988,0.0977790504693985,0.0005520880222320557,1.0,0.08207110315561295,0.01229016948491335,-0.23345351219177246,-0.0016597933135926723,1.0393680334091187,-0.0013438647147268057,-0.3964841067790985,-0.0006520253955386579,2.91524338722229,0.02264036238193512,1.0778708457946777,1.0,1.067085862159729,-0.43749237060546875,0.7692305445671082,0.8500000834465027,0.7761240601539612,-0.46324431896209717,-1.2346986532211304,-1.0,-1.1237068176269531,0.8856890201568604,0.18381771445274353,0.0,0.22291846573352814,-0.22294209897518158,1.1498650312423706,1.0,1.0820692777633667,-0.654572069644928,-0.00510451989248395,0.0,-0.09981914609670639,0.05529899522662163,-0.9920560121536255,-1.0,-0.9868832230567932,-0.6754926443099976,-0.24762672185897827,0.0,-0.2342597395181656
53.69230769230769,2,2,2,7,True,0.013632752001285553,0.01331334374845028,0.014720231294631958,0.008250387385487556,0.11192889511585236,0.0018491921946406364,1.0,0.09513120353221893,0.01331334374845028,-0.23064148426055908,-0.0017187471967190504,1.0446659326553345,-0.0014223925536498427,-0.3972557783126831,-0.00019783827883657068,2.9151952266693115,0.35969415307044983,1.0661368370056152,1.0,1.0563453435897827,-0.49307844042778015,0.7704131007194519,0.8500000834465027,0.7786873579025269,-0.5019010305404663,-1.2194620370864868,-1.0,-1.1145365238189697,0.9044262766838074,0.18974535167217255,0.0,0.22998929023742676,-0.16441871225833893,1.12403404712677,1.0,1.0524948835372925,-0.34406495094299316,-0.023770561441779137,0.0,-0.11827952414751053,-0.022031011059880257,-0.9837711453437805,-1.0,-0.9895334839820862,-0.6295047998428345,-0.2502468526363373,0.0,-0.22651627659797668
53.769230769230774,2,2,2,11,True,0.014511793851852417,0.014348777942359447,0.01684926450252533,0.009315846487879753,0.12357596307992935,0.005960892885923386,1.0,0.10584230720996857,0.014348777942359447,-0.22605420649051666,-0.0017808089032769203,1.0462967157363892,-0.0015651303110644221,-0.39684373140335083,3.0580238217225997e-06,2.913731336593628,0.4355894923210144,1.060102939605713,1.0,1.0550496578216553,-0.404197096824646,0.7725723385810852,0.8500000834465027,0.781450092792511,-0.33509817719459534,-1.202191948890686,-1.0,-1.1080633401870728,0.8972312211990356,0.19520895183086395,0.0,0.2384006679058075,0.0017298440216109157,1.0905189514160156,1.0,1.030748963356018,-0.17959009110927582,-0.044600650668144226,0.0,-0.12151636183261871,0.050811558961868286,-0.9846286177635193,-1.0,-0.9913446307182312,-0.6264263987541199,-0.23219889402389526,0.0,-0.21826007962226868
53.84615384615385,2,2,2,15,True,0.015282869338989258,0.015144403092563152,0.0190654918551445,0.01131512876600027,0.07267573475837708,0.0007901342469267547,1.0,0.1158687099814415,0.015144403092563152,-0.21992146968841553,-0.001820876495912671,1.0454405546188354,-0.001630996586754918,-0.3952222466468811,6.91830791765824e-06,2.9125380516052246,0.4381989538669586,1.0617313385009766,1.0,1.0595152378082275,-0.44825872778892517,0.7751699686050415,0.8500000834465027,0.784567654132843,-0.35332760214805603,-1.1851619482040405,-1.0,-1.1006430387496948,0.8925308585166931,0.2039988934993744,0.0,0.24626266956329346,0.07681570202112198,1.0625100135803223,1.0,1.0183196067810059,0.1746472418308258,-0.05439499765634537,0.0,-0.1083129271864891,0.003923788666725159,-0.9884111285209656,-1.0,-0.9921983480453491,-0.7138204574584961,-0.21660611033439636,0.0,-0.2121826410293579
53.92307692307693,2,2,2,19,True,0.015468545258045197,0.015410754829645157,0.020504482090473175,0.012458430603146553,0.028885381296277046,0.0002092123031616211,1.0,0.1239679604768753,0.015410754829645157,-0.21239995956420898,-0.0018430751515552402,1.0433686971664429,-0.0016017972957342863,-0.39386123418807983,6.686389679089189e-05,2.9124929904937744,0.3366124629974365,1.0664830207824707,1.0,1.0645124912261963,-0.44288745522499084,0.7778868675231934,0.8500000834465027,0.7872769832611084,-0.44592228531837463,-1.16998291015625,-1.0,-1.0943222045898438,0.8517112731933594,0.2141161859035492,0.0,0.2519661486148834,0.16618432104587555,1.0473363399505615,1.0,1.013569951057434,0.32571449875831604,-0.04825102910399437,0.0,-0.0794459730386734,0.00033397041261196136,-0.9929826259613037,-1.0,-0.9934467673301697,-0.7318339347839355,-0.20834143459796906,0.0,-0.2102205902338028
54.0,2,2,2,23,True,0.01458027958869934,0.014959274791181087,0.020846940577030182,0.010551895946264267,0.09375075250864029,8.711125701665878e-05,1.0,0.1307925283908844,0.014959274791181087,-0.20363618433475494,-0.0018512324895709753,1.0411189794540405,-0.0015110684325918555,-0.3942073881626129,0.0004733569221571088,2.9124433994293213,0.3382161855697632,1.0701349973678589,1.0,1.0669746398925781,-0.4161480665206909,0.7804993391036987,0.8500000834465027,0.7897503972053528,-0.5934326648712158,-1.1591885089874268,-1.0,-1.0921183824539185,0.8060969114303589,0.22361166775226593,0.0,0.25426366925239563,0.3487834632396698,1.0459271669387817,1.0,1.0155329704284668,0.3704576790332794,-0.02893156372010708,0.0,-0.043464142829179764,0.05068414285778999,-0.9947507977485657,-1.0,-0.9943755269050598,-0.72176593542099,-0.20663228631019592,0.0,-0.21062831580638885
54.07692307692308,2,2,2,27,True,0.012731894850730896,0.01388599257916212,0.02029576152563095,0.007184555754065514,0.15477944910526276,1.9976869225502014e-05,1.0,0.13660341501235962,0.01388599257916212,-0.19375143945217133,-0.0018533202819526196,1.038714051246643,-0.0014095647493377328,-0.3964248299598694,0.00122189917601645,2.91239857673645,0.3791802227497101,1.0719795227050781,1.0,1.0682867765426636,-0.3948670029640198,0.7830691933631897,0.8500000834465027,0.7922188639640808,-0.6781859993934631,-1.1536166667938232,-1.0,-1.0953587293624878,0.7709479331970215,0.22872601449489594,0.0,0.2531525194644928,0.5193065404891968,1.0552037954330444,1.0,1.0248124599456787,0.4194379150867462,-0.003337440313771367,0.0,-0.007568538188934326,0.091038778424263,-0.9951593279838562,-1.0,-0.9939371943473816,-0.7139772772789001,-0.2070358693599701,0.0,-0.21153055131435394
54.15384615384616,2,2,2,31,True,0.009955942630767822,0.012253873981535435,0.019170455634593964,0.010814132168889046,0.20583556592464447,0.0009929109364748001,0.9710343480110168,0.0820012018084526,0.012253873981535435,-0.18286669254302979,-0.0018517466960474849,1.0360745191574097,-0.0013481281930580735,-0.40000778436660767,0.0023381749633699656,2.912360191345215,0.43283554911613464,1.0734971761703491,1.0,1.0701754093170166,-0.4026831090450287,0.7856345176696777,0.8500000834465027,0.7946012616157532,-0.7436487674713135,-1.1531888246536255,-1.0,-1.102554202079773,0.7383837103843689,0.22871169447898865,0.0,0.24941714107990265,0.6284911036491394,1.0721956491470337,1.0,1.039965033531189,0.43974897265434265,0.02393578365445137,0.0,0.025065293535590172,0.16458089649677277,-0.9941785335540771,-1.0,-0.9916177988052368,-0.7195137143135071,-0.20771551132202148,0.0,-0.2122984230518341
54.23076923076923,2,2,2,0,False,0.006298959255218506,0.010134792886674404,0.017805837094783783,0.022923734039068222,0.23752060532569885,0.0003361562266945839,0.7855669260025024,0.06032891571521759,0.010134792886674404,-0.18315505981445312,-0.0018490819493308663,1.0333346128463745,-0.0013901900965720415,-0.40442991256713867,0.003852234221994877,2.91232967376709,0.5045021176338196,1.0760191679000854,1.0,1.0737688541412354,-0.4299255311489105,0.7878826856613159,0.8500000834465027,0.7963553071022034,-0.7593258023262024,-1.1570522785186768,-1.0,-1.1115188598632812,0.7678590416908264,0.22419118881225586,0.0,0.24460887908935547,0.7374580502510071,1.0935789346694946,1.0,1.0583828687667847,0.1173219308257103,0.049527011811733246,0.0,0.04694189503788948,0.344839483499527,-0.9907222986221313,-1.0,-0.9850987195968628,-0.7569392323493958,-0.20857836306095123,0.0,-0.21384741365909576
54.307692307692314,2,2,2,0,False,0.0020023584365844727,0.007732444442808628,0.01655726134777069,0.03855806216597557,0.2528877854347229,0.032886043190956116,0.4842296242713928,0.01259817648679018,0.007732444442808628,-0.1831299066543579,-0.0018476145341992378,1.0307618379592896,-0.0013603498227894306,-0.4087446331977844,0.005724006798118353,2.9123005867004395,0.5292490124702454,1.080267071723938,1.0,1.0788869857788086,-0.5097677707672119,0.7893084287643433,0.8500000834465027,0.7969798445701599,-0.8267455101013184,-1.1644487380981445,-1.0,-1.121053695678711,0.7654770016670227,0.21606402099132538,0.0,0.24072159826755524,0.794277548789978,1.1147406101226807,1.0,1.078185796737671,0.14565956592559814,0.06821926683187485,0.0,0.054647162556648254,0.32050326466560364,-0.9833845496177673,-1.0,-0.975557804107666,-0.7598134279251099,-0.21029850840568542,0.0,-0.21622894704341888
54.38461538461539,2,2,2,0,False,-0.00285416841506958,0.005177712999284267,0.015620999038219452,0.05647106096148491,0.24425962567329407,0.0327167846262455,0.21139392256736755,-0.02588365599513054,0.005177712999284267,-0.18309974670410156,-0.0017526362789794803,1.0285595655441284,-0.001426163362339139,-0.4122103452682495,0.00801124144345522,2.9122653007507324,0.5662243366241455,1.08574378490448,1.0,1.0848747491836548,-0.5986130237579346,0.7893289923667908,0.8500000834465027,0.7957658171653748,-0.8732935786247253,-1.1735434532165527,-1.0,-1.131189227104187,0.7606104016304016,0.20927906036376953,0.0,0.23761850595474243,0.8226907253265381,1.1327848434448242,1.0,1.0972343683242798,0.16221967339515686,0.08008355647325516,0.0,0.0562782809138298,0.33577853441238403,-0.9747137427330017,-1.0,-0.9662162661552429,-0.7710684537887573,-0.2124180942773819,0.0,-0.2188938409090042
54.46153846153847,2,2,2,0,False,-0.007619529962539673,0.0027574950363487005,0.01509685069322586,0.07381106168031693,0.2248775213956833,0.031012697145342827,0.06856496632099152,-0.0419735424220562,0.0027574950363487005,-0.18307220935821533,-0.001620418974198401,1.0266584157943726,-0.001529394881799817,-0.4143338203430176,0.010352184996008873,2.9122300148010254,0.5601391196250916,1.092132568359375,1.0,1.0910195112228394,-0.6702792644500732,0.7873355746269226,0.8500000834465027,0.7925935983657837,-0.9074193239212036,-1.1825257539749146,-1.0,-1.1413761377334595,0.7506231069564819,0.20494896173477173,0.0,0.23500961065292358,0.8503191471099854,1.1466315984725952,1.0,1.114180326461792,0.11912615597248077,0.08697433024644852,0.0,0.05535190925002098,0.3253727853298187,-0.9665544629096985,-1.0,-0.9580568671226501,-0.7946601510047913,-0.21482662856578827,0.0,-0.22190983593463898
54.53846153846154,2,2,2,0,False,-0.012050837278366089,0.0005290002445690334,0.014761105179786682,0.08972711116075516,0.19830793142318726,0.02811804786324501,0.017889617010951042,-0.04688851162791252,0.0005290002445690334,-0.18304836750030518,-0.0015106373466551304,1.0250426530838013,-0.0016292458167299628,-0.4154455363750458,0.012556413188576698,2.9121954441070557,0.5613047480583191,1.098207712173462,1.0,1.096332311630249,-0.7185323238372803,0.7836254835128784,0.8500000834465027,0.7880075573921204,-0.9268524646759033,-1.1917171478271484,-1.0,-1.1510120630264282,0.7387834787368774,0.20109248161315918,0.0,0.2325272262096405,0.8668970465660095,1.1581827402114868,1.0,1.1286259889602661,0.060660503804683685,0.09046132117509842,0.0,0.05175798758864403,0.30635300278663635,-0.9598062038421631,-1.0,-0.9517736434936523,-0.8131496906280518,-0.21774499118328094,0.0,-0.22553038597106934
54.61538461538462,2,2,2,0,False,-0.013653546571731567,-0.00026946538127958775,0.014663070440292358,0.09522765874862671,0.021633340045809746,2.2262101992964745e-05,0.010190766304731369,-0.039069585502147675,-0.00026946538127958775,-0.1815565675497055,-0.001453252974897623,1.0227121114730835,-0.0016304004238918424,-0.4141654372215271,0.013467431999742985,2.912139654159546,0.4913777709007263,1.1001012325286865,1.0,1.100218415260315,-0.7370090484619141,0.7809144854545593,0.8500000834465027,0.7827276587486267,-0.8957393169403076,-1.1968092918395996,-1.0,-1.1594504117965698,0.7138976454734802,0.19674798846244812,0.0,0.22989040613174438,0.8605574369430542,1.1619393825531006,1.0,1.140500783920288,0.018581246957182884,0.08869259804487228,0.0,0.04562601074576378,0.0690959095954895,-0.9548929333686829,-1.0,-0.9487379789352417,-0.8182731866836548,-0.22128303349018097,0.0,-0.22949102520942688
54.69230769230769,2,2,2,0,False,-0.012987613677978516,-0.00018013421504292637,0.014598026871681213,0.09158506244421005,0.06451564282178879,0.00016447622328996658,0.012967639602720737,-0.03939724713563919,-0.00018013421504292637,-0.18146097660064697,-0.0014522620476782322,1.0202275514602661,-0.00161270285025239,-0.41162818670272827,0.012904506176710129,2.9121062755584717,0.48994341492652893,1.104844331741333,1.0,1.1015455722808838,-0.6607539653778076,0.7755011916160583,0.8500000834465027,0.7780832648277283,-0.8526360988616943,-1.2048476934432983,-1.0,-1.1653600931167603,0.7124670743942261,0.19209590554237366,0.0,0.2266450822353363,0.7944466471672058,1.1686607599258423,1.0,1.1491321325302124,-0.21139036118984222,0.08562448620796204,0.0,0.035436321049928665,0.0213400237262249,-0.9554944634437561,-1.0,-0.9526543617248535,-0.8549695611000061,-0.22512225806713104,0.0,-0.2337578684091568
54.769230769230774,2,2,2,0,False,-0.011497452855110168,0.00020310963736847043,0.01418103277683258,0.08507634699344635,0.1064143106341362,0.0003300420939922333,0.021579142659902573,-0.04005216807126999,0.00020310963736847043,-0.1822584867477417,-0.0014495369978249073,1.0196846723556519,-0.0016366768395528197,-0.4093201160430908,0.011826244182884693,2.912080764770508,0.47408685088157654,1.1084495782852173,1.0,1.1015208959579468,-0.6209325790405273,0.7697499990463257,0.8500000834465027,0.7753906846046448,-0.7658010125160217,-1.2183325290679932,-1.0,-1.1678645610809326,0.7299394011497498,0.18710073828697205,0.0,0.22383685410022736,0.7050585150718689,1.17816960811615,1.0,1.1533606052398682,-0.3841205835342407,0.07784789055585861,0.0,0.01631929725408554,-0.010633076541125774,-0.9603309035301208,-1.0,-0.9601565599441528,-0.8352868556976318,-0.229710653424263,0.0,-0.2384396344423294
54.84615384615385,2,2,2,0,False,-0.008298933506011963,0.0014996918616816401,0.013368450105190277,0.07314854860305786,0.2137187123298645,0.0006560282781720161,0.05706712603569031,-0.03901764750480652,0.0014996918616816401,-0.1823064088821411,-0.0014697941951453686,1.0210295915603638,-0.001642916933633387,-0.4071788191795349,0.009986164048314095,2.912055015563965,0.37234705686569214,1.1061698198318481,1.0,1.100071907043457,-0.5545098185539246,0.7680469155311584,0.8500000834465027,0.7745858430862427,-0.5885496139526367,-1.231406331062317,-1.0,-1.1658227443695068,0.7362247109413147,0.18007664382457733,0.0,0.2221936136484146,0.5733543634414673,1.1847280263900757,1.0,1.1526224613189697,-0.5133610367774963,0.06352978199720383,0.0,-0.010670073330402374,-0.02414735220372677,-0.9674192070960999,-1.0,-0.9688073992729187,-0.8219027519226074,-0.2340565025806427,0.0,-0.2418302595615387
54.92307692307693,2,2,2,0,False,-0.0025153011083602905,0.004104613326489925,0.01302357017993927,0.05159512534737587,0.3470916450023651,0.04831399768590927,0.18203577399253845,-0.05340396240353584,0.004104613326489925,-0.18234993517398834,-0.0015635911840945482,1.023825764656067,-0.0015925243496894836,-0.40363574028015137,0.006884490605443716,2.9120330810546875,0.1947234570980072,1.102705478668213,1.0,1.0948107242584229,-0.6009230017662048,0.767930805683136,0.8500000834465027,0.7753261923789978,-0.45861339569091797,-1.239159107208252,-1.0,-1.157528042793274,0.7289144992828369,0.17344936728477478,0.0,0.2212563455104828,0.2727532684803009,1.1827998161315918,1.0,1.1453436613082886,-0.5424377918243408,0.04292093962430954,0.0,-0.041324421763420105,0.03706955164670944,-0.9750576019287109,-1.0,-0.9767752289772034,-0.7936884164810181,-0.23710080981254578,0.0,-0.24365638196468353
55.0,2,2,2,0,False,0.005836278200149536,0.008084367960691452,0.013045251369476318,0.020294882357120514,0.47393059730529785,0.06284129619598389,0.33367595076560974,-0.04883354902267456,0.008084367960691452,-0.18239355087280273,-0.0017083775019273162,1.0277687311172485,-0.0014693338889628649,-0.39860254526138306,0.0025889540556818247,2.912017345428467,0.11939921975135803,1.095051884651184,1.0,1.0845407247543335,-0.6704267859458923,0.7684410214424133,0.8500000834465027,0.775688648223877,-0.42190179228782654,-1.2404621839523315,-1.0,-1.145009994506836,0.7551023364067078,0.16904672980308533,0.0,0.22080464661121368,-0.13290689885616302,1.1726161241531372,1.0,1.1274064779281616,-0.49731093645095825,0.01842411234974861,0.0,-0.06958681344985962,0.07564903050661087,-0.9809682369232178,-1.0,-0.9818277359008789,-0.6946602463722229,-0.2383652776479721,0.0,-0.24268248677253723
55.07692307692308,2,2,2,1,True,0.012788772583007812,0.011862916871905327,0.013179570436477661,0.006262585986405611,0.16288505494594574,0.012808805331587791,0.9998695254325867,0.07349811494350433,0.011862916871905327,-0.18236255645751953,-0.0016647387528792024,1.0355721712112427,-0.001353885279968381,-0.3962671160697937,-0.0007836826262064278,2.9135544300079346,0.05641903728246689,1.0833433866500854,1.0,1.072536826133728,-0.4839231073856354,0.7690376043319702,0.8500000834465027,0.7750930786132812,-0.2722175419330597,-1.2389030456542969,-1.0,-1.1317662000656128,0.8559052348136902,0.17943568527698517,0.0,0.22171948850154877,-0.21199369430541992,1.1590375900268555,1.0,1.0979571342468262,-0.6875208616256714,-0.0023131342604756355,0.0,-0.09158790111541748,-0.06765703111886978,-0.9894253015518188,-1.0,-0.9846132397651672,-0.6889520883560181,-0.24187718331813812,0.0,-0.2368524968624115
55.15384615384616,2,2,2,5,True,0.013556063175201416,0.01288217306137085,0.013803936541080475,0.00849247071892023,0.08531136810779572,0.0016149180009961128,1.0,0.08781205862760544,0.01288217306137085,-0.18055285513401031,-0.0016863555647432804,1.0429960489273071,-0.001383032533340156,-0.3971923589706421,-0.0005353651940822601,2.9153366088867188,0.17847773432731628,1.070772647857666,1.0,1.059765100479126,-0.4703255891799927,0.7689763307571411,0.8500000834465027,0.7768056392669678,-0.5334836840629578,-1.2289972305297852,-1.0,-1.1196445226669312,0.8971885442733765,0.18834805488586426,0.0,0.22686044871807098,-0.23341692984104156,1.1400021314620972,1.0,1.0662972927093506,-0.5006436705589294,-0.019167892634868622,0.0,-0.11290974169969559,-0.02323656901717186,-0.9867655038833618,-1.0,-0.9871101379394531,-0.6366992592811584,-0.24940568208694458,0.0,-0.2295658439397812
55.23076923076923,2,2,2,9,True,0.014010012149810791,0.013822810724377632,0.015471205115318298,0.008322319015860558,0.131434366106987,0.008138047531247139,1.0,0.10068923979997635,0.013822810724377632,-0.1768566370010376,-0.0017509644385427237,1.0463241338729858,-0.0015205073868855834,-0.3979640603065491,-2.0443731045816094e-05,2.9141645431518555,0.4952147603034973,1.0608880519866943,1.0,1.0535175800323486,-0.5185505151748657,0.7708633542060852,0.8500000834465027,0.7795708179473877,-0.4681527018547058,-1.2120810747146606,-1.0,-1.1123288869857788,0.901527464389801,0.1945413202047348,0.0,0.23478959500789642,-0.05528634041547775,1.1094064712524414,1.0,1.039292335510254,-0.18897007405757904,-0.0383252389729023,0.0,-0.12352707237005234,0.09374165534973145,-0.981687605381012,-1.0,-0.9899609088897705,-0.6397016644477844,-0.24105709791183472,0.0,-0.22146207094192505
55.307692307692314,2,2,2,13,True,0.015012994408607483,0.014861158095300198,0.017860710620880127,0.010540592484176159,0.10188210010528564,0.0015508485957980156,1.0,0.11126377433538437,0.014861158095300198,-0.17152106761932373,-0.0017999225528910756,1.046427607536316,-0.0016258307732641697,-0.3972674608230591,2.8558331450767582e-06,2.912287950515747,0.46348145604133606,1.0591890811920166,1.0,1.0558346509933472,-0.4383811950683594,0.7733253836631775,0.8500000834465027,0.7825525403022766,-0.3347383141517639,-1.1938940286636353,-1.0,-1.105318546295166,0.9059328436851501,0.20119355618953705,0.0,0.2429216355085373,0.018266431987285614,1.0763753652572632,1.0,1.021793246269226,0.047267574816942215,-0.05446996912360191,0.0,-0.11852329969406128,0.019308434799313545,-0.9847093224525452,-1.0,-0.9909777641296387,-0.6823777556419373,-0.22354266047477722,0.0,-0.2139914333820343
55.38461538461539,2,2,2,17,True,0.01554851233959198,0.015417012386023998,0.01981467753648758,0.01231406256556511,0.03897656127810478,0.00033881980925798416,1.0,0.12020336091518402,0.015417012386023998,-0.1647043228149414,-0.001832884270697832,1.0446733236312866,-0.0016416804865002632,-0.3959770202636719,9.375250556331594e-06,2.911702871322632,0.40716880559921265,1.0630561113357544,1.0,1.0614063739776611,-0.49291756749153137,0.776057243347168,0.8500000834465027,0.7855067253112793,-0.3796161413192749,-1.1773160696029663,-1.0,-1.0977524518966675,0.881123960018158,0.21079878509044647,0.0,0.249829962849617,0.121057890355587,1.0537281036376953,1.0,1.0130795240402222,0.3093593120574951,-0.05608836188912392,0.0,-0.09603323042392731,0.007953659631311893,-0.9892554879188538,-1.0,-0.9919300079345703,-0.7222415208816528,-0.2111002653837204,0.0,-0.21009990572929382
55.46153846153847,2,2,2,21,True,0.015331178903579712,0.015385723672807217,0.020784802734851837,0.012525233440101147,0.05914527177810669,0.00015321653336286545,1.0,0.12763063609600067,0.015385723672807217,-0.15657557547092438,-0.001847336534410715,1.0421949625015259,-0.0015687732957303524,-0.39560434222221375,0.00016727906768210232,2.911715269088745,0.30999553203582764,1.0678085088729858,1.0,1.0652767419815063,-0.42840835452079773,0.7786956429481506,0.8500000834465027,0.7880071401596069,-0.5018662810325623,-1.1631758213043213,-1.0,-1.0925648212432861,0.8294526934623718,0.22063693404197693,0.0,0.2538646459579468,0.22202736139297485,1.044878363609314,1.0,1.011458396911621,0.36372482776641846,-0.04195729270577431,0.0,-0.06155986711382866,0.021340619772672653,-0.9930263757705688,-1.0,-0.993220329284668,-0.7234136462211609,-0.20643064379692078,0.0,-0.2095784693956375
55.53846153846154,2,2,2,25,True,0.014086626470088959,0.01467948593199253,0.020693041384220123,0.00985679216682911,0.1233864426612854,6.84056431055069e-05,1.0,0.13398581743240356,0.01467948593199253,-0.14726318418979645,-0.0018526898929849267,1.0396231412887573,-0.001458355807699263,-0.39708060026168823,0.0006777935777790844,2.911747932434082,0.3401851952075958,1.0703223943710327,1.0,1.0665748119354248,-0.4004935026168823,0.7812947630882263,0.8500000834465027,0.7905555367469788,-0.6245096325874329,-1.1540592908859253,-1.0,-1.0924149751663208,0.7905337810516357,0.22812964022159576,0.0,0.2544037699699402,0.4175497889518738,1.048513412475586,1.0,1.0166149139404297,0.40411338210105896,-0.01791609823703766,0.0,-0.024268994107842445,0.05752450227737427,-0.9943984150886536,-1.0,-0.9938593506813049,-0.7097416520118713,-0.20600789785385132,0.0,-0.21024835109710693
55.61538461538462,2,2,2,29,True,0.011906057596206665,0.013389891013503075,0.019842706620693207,0.00765062402933836,0.17842334508895874,0.0,0.9999387264251709,0.13938575983047485,0.013389891013503075,-0.1368880271911621,-0.0018529329681769013,1.0368860960006714,-0.0013549341820180416,-0.4001700282096863,0.0015416499227285385,2.911778211593628,0.39697888493537903,1.0714507102966309,1.0,1.067631721496582,-0.38891342282295227,0.7839915156364441,0.8500000834465027,0.7931695580482483,-0.6982516646385193,-1.1504193544387817,-1.0,-1.0972325801849365,0.7579202651977539,0.2307114601135254,0.0,0.25195997953414917,0.5636911392211914,1.0613914728164673,1.0,1.028714656829834,0.4432261884212494,0.009697545319795609,0.0,0.010816177353262901,0.12004716694355011,-0.9945424795150757,-1.0,-0.9930131435394287,-0.706242561340332,-0.20648102462291718,0.0,-0.21084080636501312
55.69230769230769,2,2,2,0,False,0.008763790130615234,0.011544657871127129,0.01856653392314911,0.014737817458808422,0.2250339686870575,0.0008597923442721367,0.9233999252319336,0.07681901752948761,0.011544657871127129,-0.1289123296737671,-0.0018502679886296391,1.0340255498886108,-0.0013946585822850466,-0.4043412208557129,0.0028103359509259462,2.911807060241699,0.4525415599346161,1.073009967803955,1.0,1.0700018405914307,-0.4162648618221283,0.7866172194480896,0.8500000834465027,0.7955008745193481,-0.7628113627433777,-1.1518131494522095,-1.0,-1.105346918106079,0.7268344759941101,0.22854062914848328,0.0,0.24733766913414001,0.6588016748428345,1.0806612968444824,1.0,1.0455851554870605,0.4526108205318451,0.03733004257082939,0.0,0.04147542268037796,0.1936243772506714,-0.9930175542831421,-1.0,-0.9898778200149536,-0.7183813452720642,-0.206866055727005,0.0,-0.2113252878189087
55.769230769230774,2,2,2,0,False,0.004765018820762634,0.009251548908650875,0.017218604683876038,0.02861233986914158,0.24924689531326294,2.845190465450287e-06,0.6767496466636658,0.04803697392344475,0.009251548908650875,-0.1287708282470703,-0.0018479946302250028,1.031173825263977,-0.0014111563796177506,-0.4090060591697693,0.004492615349590778,2.911836862564087,0.5098788738250732,1.0762263536453247,1.0,1.074457049369812,-0.45785781741142273,0.7886676788330078,0.8500000834465027,0.7968785166740417,-0.7860055565834045,-1.15708327293396,-1.0,-1.1145583391189575,0.7658469676971436,0.22222422063350677,0.0,0.24257592856884003,0.7616978883743286,1.10258150100708,1.0,1.0648926496505737,0.15532286465168,0.06147214025259018,0.0,0.05772494897246361,0.3267112970352173,-0.988317608833313,-1.0,-0.981722354888916,-0.7503246068954468,-0.2077377736568451,0.0,-0.2131618708372116
55.84615384615385,2,2,2,0,False,6.657838821411133e-05,0.006672769319266081,0.016076356172561646,0.04585958272218704,0.2690848112106323,0.03542395308613777,0.35276100039482117,-0.010783746838569641,0.006672769319266081,-0.12874078750610352,-0.001845918013714254,1.0286427736282349,-0.001352118095383048,-0.41326040029525757,0.0065859598107635975,2.9118587970733643,0.5488287806510925,1.0812500715255737,1.0,1.0802462100982666,-0.5488568544387817,0.7896063923835754,0.8500000834465027,0.7968193888664246,-0.8476220369338989,-1.1656219959259033,-1.0,-1.1243945360183716,0.7619075775146484,0.21328513324260712,0.0,0.23891016840934753,0.809236466884613,1.1230822801589966,1.0,1.0847852230072021,0.16102418303489685,0.07785052806138992,0.0,0.062442608177661896,0.3357248604297638,-0.9801618456840515,-1.0,-0.9718557596206665,-0.7619667649269104,-0.20955176651477814,0.0,-0.21569009125232697
55.92307692307693,2,2,2,0,False,-0.005045808851718903,0.00405576266348362,0.015364289283752441,0.06460662186145782,0.25010278820991516,0.03361683338880539,0.12929390370845795,-0.03588321432471275,0.00405576266348362,-0.12870824337005615,-0.0016927600372582674,1.0264242887496948,-0.001448277267627418,-0.4163210093975067,0.00907188095152378,2.9118688106536865,0.5707123875617981,1.0874683856964111,1.0,1.0868377685546875,-0.633754551410675,0.7888392806053162,0.8500000834465027,0.7947559356689453,-0.8884419202804565,-1.1744574308395386,-1.0,-1.1346769332885742,0.7566577792167664,0.20800739526748657,0.0,0.2360329031944275,0.8362661600112915,1.139098048210144,1.0,1.1033172607421875,0.1709754914045334,0.08797099441289902,0.0,0.06278087198734283,0.3414923846721649,-0.9713031649589539,-1.0,-0.9625380039215088,-0.7764732837677002,-0.21180476248264313,0.0,-0.21852296590805054
56.0,2,2,2,0,False,-0.010041937232017517,0.0015454214299097657,0.01498308777809143,0.08271484076976776,0.2342997044324875,0.0321945995092392,0.03379233554005623,-0.046730887144804,0.0015454214299097657,-0.12868191301822662,-0.0015665242681279778,1.024544358253479,-0.0015594841679558158,-0.4181116819381714,0.011551775969564915,2.911875009536743,0.5711276531219482,1.0943015813827515,1.0,1.0931886434555054,-0.6973583698272705,0.7860484719276428,0.8500000834465027,0.7908604145050049,-0.9177356362342834,-1.183496356010437,-1.0,-1.144808053970337,0.7446001768112183,0.20393860340118408,0.0,0.23354774713516235,0.8598359823226929,1.1517612934112549,1.0,1.1195365190505981,0.12553411722183228,0.09370487183332443,0.0,0.06091659143567085,0.333210289478302,-0.9633083343505859,-1.0,-0.9546814560890198,-0.7990756034851074,-0.21441695094108582,0.0,-0.22182875871658325
56.07692307692308,2,2,2,0,False,-0.013806857168674469,-0.00031689275056123734,0.014799974858760834,0.0962458997964859,0.03932942450046539,0.01497450191527605,0.009626012295484543,-0.04093440622091293,-0.00031689275056123734,-0.12775194644927979,-0.0014624354662373662,1.022619366645813,-0.0016271090134978294,-0.4183049201965332,0.013551473617553711,2.9118618965148926,0.5060235857963562,1.0986347198486328,1.0,1.098513126373291,-0.7689189314842224,0.7829223871231079,0.8500000834465027,0.7857728600502014,-0.9311345815658569,-1.1907012462615967,-1.0,-1.1542130708694458,0.72516930103302,0.19977980852127075,0.0,0.231037899851799,0.8863633871078491,1.1592909097671509,1.0,1.1332340240478516,0.1286289244890213,0.09482293576002121,0.0,0.056596118956804276,0.19007636606693268,-0.956476092338562,-1.0,-0.9489428400993347,-0.7986045479774475,-0.21779751777648926,0.0,-0.22570684552192688
56.15384615384616,2,2,2,0,False,-0.013532251119613647,-0.00026431941660121083,0.014772668480873108,0.09450718015432358,0.05336374789476395,1.5799887478351593e-05,0.0106555987149477,-0.038377515971660614,-0.00026431941660121083,-0.1265552043914795,-0.001457066391594708,1.0192750692367554,-0.0015764788258820772,-0.41568636894226074,0.013362782076001167,2.9118497371673584,0.4819801151752472,1.1007325649261475,1.0,1.1009029150009155,-0.6929073333740234,0.7799365520477295,0.8500000834465027,0.7803359031677246,-0.883289635181427,-1.1948966979980469,-1.0,-1.1617707014083862,0.6992467045783997,0.19503681361675262,0.0,0.2279367744922638,0.8373467922210693,1.1624878644943237,1.0,1.144261121749878,-0.07980074733495712,0.0931888297200203,0.0,0.05027114227414131,0.030185017734766006,-0.954351007938385,-1.0,-0.9498938322067261,-0.846012532711029,-0.22122366726398468,0.0,-0.2296612560749054
56.23076923076923,2,2,2,0,False,-0.012495443224906921,-0.0001358695444650948,0.014643669128417969,0.08913648873567581,0.08588579297065735,0.0004453025758266449,0.01541137509047985,-0.038933392614126205,-0.0001358695444650948,-0.12751449644565582,-0.0014510875334963202,1.0174180269241333,-0.0015873058000579476,-0.4131225645542145,0.01246640644967556,2.911850929260254,0.48442542552948,1.107625126838684,1.0,1.1012489795684814,-0.6280218958854675,0.7725346684455872,0.8500000834465027,0.7765752077102661,-0.8086782693862915,-1.2070584297180176,-1.0,-1.1663260459899902,0.7243984341621399,0.19008176028728485,0.0,0.22451291978359222,0.749622106552124,1.1724497079849243,1.0,1.1512269973754883,-0.30049434304237366,0.08869312703609467,0.0,0.03548554703593254,0.008498021401464939,-0.9576287269592285,-1.0,-0.9565082788467407,-0.8571289777755737,-0.22563877701759338,0.0,-0.23459874093532562
56.307692307692314,2,2,2,0,False,-0.010290533304214478,0.0006321770488284528,0.013846069574356079,0.08053043484687805,0.14583943784236908,0.00030485913157463074,0.0317300483584404,-0.0395100973546505,0.0006321770488284528,-0.12794697284698486,-0.001453532837331295,1.0178207159042358,-0.0016138647915795445,-0.41099077463150024,0.011072274297475815,2.9118528366088867,0.44544944167137146,1.1072436571121216,1.0,1.1005914211273193,-0.5946839451789856,0.7687676548957825,0.8500000834465027,0.7749112248420715,-0.6941974759101868,-1.2221430540084839,-1.0,-1.16683030128479,0.7372599840164185,0.1841588169336319,0.0,0.22225087881088257,0.6472872495651245,1.1819437742233276,1.0,1.1531941890716553,-0.4666852355003357,0.07785261422395706,0.0,0.01082717627286911,-0.012968909926712513,-0.9641510844230652,-1.0,-0.9650189876556396,-0.8198790550231934,-0.23064696788787842,0.0,-0.2392324060201645
56.38461538461539,2,2,2,0,False,-0.005978621542453766,0.002489154925569892,0.01317276805639267,0.06452347338199615,0.27459603548049927,0.001141284592449665,0.09961053729057312,-0.034627292305231094,0.002489154925569892,-0.1279860883951187,-0.0015000696294009686,1.0200589895248413,-0.0016051731072366238,-0.408417284488678,0.008690044283866882,2.911851406097412,0.2891363501548767,1.1044244766235352,1.0,1.0977613925933838,-0.5557066798210144,0.7679917812347412,0.8500000834465027,0.7750332355499268,-0.4987559914588928,-1.2339977025985718,-1.0,-1.161841630935669,0.730074405670166,0.17660802602767944,0.0,0.22114887833595276,0.46056491136550903,1.18512761592865,1.0,1.1497150659561157,-0.5472040176391602,0.059609171003103256,0.0,-0.020248211920261383,-0.0029888898134231567,-0.9718269109725952,-1.0,-0.9736220240592957,-0.8153194189071655,-0.23470790684223175,0.0,-0.24204029142856598
56.46153846153847,2,2,2,0,False,0.000980377197265625,0.005727364681661129,0.013007253408432007,0.03856579214334488,0.40255269408226013,0.054593998938798904,0.2727661430835724,-0.04380156472325325,0.005727364681661129,-0.12802468240261078,-0.0016273116925731301,1.02367103099823,-0.0015283619286492467,-0.40405571460723877,0.005044860299676657,2.9118540287017822,0.14429426193237305,1.0993045568466187,1.0,1.090235710144043,-0.643842339515686,0.7683908939361572,0.8500000834465027,0.7758068442344666,-0.4293832778930664,-1.2392182350158691,-1.0,-1.151041030883789,0.733971357345581,0.17054513096809387,0.0,0.22038891911506653,0.08816732466220856,1.179013729095459,1.0,1.1381701231002808,-0.521274983882904,0.03602339327335358,0.0,-0.05195510387420654,0.06788992881774902,-0.9788730144500732,-1.0,-0.980164647102356,-0.7523256540298462,-0.2371753305196762,0.0,-0.24294979870319366
56.53846153846154,2,2,2,0,False,0.010381869971752167,0.010316695086658001,0.013259872794151306,0.0034179703798145056,0.5277256965637207,0.06786340475082397,0.2972872257232666,-0.06002682074904442,0.010316695086658001,-0.12806057929992676,-0.001749782939441502,1.0280951261520386,-0.001379742636345327,-0.398467093706131,0.0003072554827667773,2.9118573665618896,0.1476919949054718,1.08980393409729,1.0,1.0788500308990479,-0.6857580542564392,0.7686640620231628,0.8500000834465027,0.7755503058433533,-0.42544761300086975,-1.237473487854004,-1.0,-1.1377531290054321,0.7622559070587158,0.16786009073257446,0.0,0.2203877717256546,-0.26104649901390076,1.1645984649658203,1.0,1.1148252487182617,-0.46817582845687866,0.009536171332001686,0.0,-0.0783134326338768,0.07014559954404831,-0.9831990599632263,-1.0,-0.9835845828056335,-0.6429100632667542,-0.23710013926029205,0.0,-0.23988842964172363
56.61538461538462,2,2,2,3,True,0.013119906187057495,0.012283763848245144,0.013374954462051392,0.007324235048145056,0.10020435601472855,0.00046969857066869736,1.0,0.08195014297962189,0.012283763848245144,-0.12734554708003998,-0.0016551270382478833,1.0380972623825073,-0.0013284158194437623,-0.3986353874206543,-0.0007003237260505557,2.9148101806640625,0.015290776267647743,1.07742440700531,1.0,1.0664926767349243,-0.44089022278785706,0.7687531113624573,0.8500000834465027,0.7756358981132507,-0.44879424571990967,-1.2353441715240479,-1.0,-1.1243571043014526,0.8850609660148621,0.18440614640712738,0.0,0.2230324149131775,-0.22895896434783936,1.151708960533142,1.0,1.0833520889282227,-0.6649277210235596,-0.0070993960835039616,0.0,-0.10040534287691116,0.07215225696563721,-0.9914098978042603,-1.0,-0.9862349033355713,-0.6733383536338806,-0.24541936814785004,0.0,-0.23288078606128693
56.69230769230769,2,2,2,7,True,0.013699732720851898,0.013317438773810863,0.014501646161079407,0.008414911106228828,0.10824977606534958,0.0017667422071099281,1.0,0.09519655257463455,0.013317438773810863,-0.1245727464556694,-0.0017150774365291,1.0436526536941528,-0.001430985052138567,-0.3993307948112488,-0.00025803534663282335,2.9147913455963135,0.3445073366165161,1.0654078722000122,1.0,1.055405855178833,-0.49581068754196167,0.7699248194694519,0.8500000834465027,0.7782175540924072,-0.5014233589172363,-1.2201060056686401,-1.0,-1.114755392074585,0.9044885039329529,0.19026020169258118,0.0,0.22995999455451965,-0.1846645176410675,1.1262927055358887,1.0,1.053260087966919,-0.35288187861442566,-0.025370074436068535,0.0,-0.11905079334974289,-0.028689280152320862,-0.9830839037895203,-1.0,-0.9888919591903687,-0.6223793625831604,-0.2487238049507141,0.0,-0.22504174709320068
56.769230769230774,2,2,2,11,True,0.014503419399261475,0.014335387386381626,0.01661205291748047,0.00921290460973978,0.12773707509040833,0.00443770969286561,1.0,0.10651477426290512,0.014335387386381626,-0.12002027779817581,-0.0017779911868274212,1.0455421209335327,-0.0015731767052784562,-0.3990802764892578,-3.951456164941192e-06,2.9132637977600098,0.4360372722148895,1.0589624643325806,1.0,1.0536442995071411,-0.41713646054267883,0.7721115350723267,0.8500000834465027,0.7810537219047546,-0.3537507653236389,-1.2025800943374634,-1.0,-1.1081504821777344,0.9022290110588074,0.1958128809928894,0.0,0.23825836181640625,-0.014772949740290642,1.0927445888519287,1.0,1.0305300951004028,-0.18198341131210327,-0.04584887996315956,0.0,-0.1230090856552124,0.06113051623106003,-0.9835907816886902,-1.0,-0.9908508658409119,-0.6151329874992371,-0.2313685566186905,0.0,-0.21669615805149078
56.84615384615385,2,2,2,15,True,0.01533016562461853,0.015179223380982876,0.01888839155435562,0.011330921202898026,0.07787162065505981,0.0018169366521760821,1.0,0.11634675413370132,0.015179223380982876,-0.11392080783843994,-0.0018188466783612967,1.0448049306869507,-0.0016422356711700559,-0.3975719213485718,7.923691782707465e-07,2.9119327068328857,0.4380071461200714,1.0601975917816162,1.0,1.0577391386032104,-0.45300233364105225,0.7748139500617981,0.8500000834465027,0.7843670845031738,-0.35615798830986023,-1.1850476264953613,-1.0,-1.1005069017410278,0.8957685232162476,0.2042814940214157,0.0,0.24606953561306,0.055688317865133286,1.0636271238327026,1.0,1.0170272588729858,0.16139449179172516,-0.05634499713778496,0.0,-0.11120367795228958,0.015693482011556625,-0.9875372648239136,-1.0,-0.9918769598007202,-0.7031984329223633,-0.2154296189546585,0.0,-0.21032442152500153
56.92307692307693,2,2,2,19,True,0.015623733401298523,0.015524993650615215,0.020424269139766693,0.012765630148351192,0.02698814682662487,0.00023875385522842407,1.0,0.12453867495059967,0.015524993650615215,-0.10642755031585693,-0.0018424263689666986,1.0427638292312622,-0.0016182484105229378,-0.3962011933326721,3.16867844958324e-05,2.911773681640625,0.3319869935512543,1.0647302865982056,1.0,1.06271493434906,-0.44364795088768005,0.7777606844902039,0.8500000834465027,0.7872869968414307,-0.4261724054813385,-1.1693533658981323,-1.0,-1.0937613248825073,0.8547345995903015,0.21416185796260834,0.0,0.251853883266449,0.13775905966758728,1.046909213066101,1.0,1.0113168954849243,0.31413665413856506,-0.051341451704502106,0.0,-0.08337519317865372,-0.005922987125813961,-0.992378294467926,-1.0,-0.9932992458343506,-0.7246579527854919,-0.20659098029136658,0.0,-0.2081068456172943
57.0,2,2,2,23,True,0.014898590743541718,0.01517471019178629,0.020881451666355133,0.011367685161530972,0.08696071803569794,0.00010829884558916092,1.0,0.13143165409564972,0.01517471019178629,-0.09768962860107422,-0.0018515153788030148,1.0404258966445923,-0.0015278271166607738,-0.3964062035083771,0.0003754585050046444,2.9118006229400635,0.32317784428596497,1.068407416343689,1.0,1.065192699432373,-0.4190683662891388,0.7804997563362122,0.8500000834465027,0.7898054122924805,-0.5696976184844971,-1.1576939821243286,-1.0,-1.0908457040786743,0.8090708255767822,0.22362855076789856,0.0,0.2543184459209442,0.30840954184532166,1.0439307689666748,1.0,1.012317419052124,0.37252792716026306,-0.03270253539085388,0.0,-0.04744235798716545,0.042282041162252426,-0.994667649269104,-1.0,-0.9945471882820129,-0.7144603729248047,-0.2045290172100067,0.0,-0.20840513706207275
57.07692307692308,2,2,2,27,True,0.013164177536964417,0.01417202316224575,0.020416133105754852,0.007888445630669594,0.1499730348587036,2.8694048523902893e-05,1.0,0.136459082365036,0.01417202316224575,-0.08787167072296143,-0.001854075351729989,1.0379737615585327,-0.001423102105036378,-0.39851534366607666,0.0010795716661959887,2.9118247032165527,0.3663897216320038,1.0701786279678345,1.0,1.0663598775863647,-0.3956734836101532,0.7830818295478821,0.8500000834465027,0.7922433018684387,-0.662832498550415,-1.1513153314590454,-1.0,-1.0933936834335327,0.7727668881416321,0.22913171350955963,0.0,0.2533748745918274,0.49259862303733826,1.0519810914993286,1.0,1.0206533670425415,0.42248091101646423,-0.00716046430170536,0.0,-0.01095752976834774,0.08359653502702713,-0.9954120516777039,-1.0,-0.994431734085083,-0.7052389979362488,-0.20483249425888062,0.0,-0.2092539668083191
57.15384615384616,2,2,2,31,True,0.010453999042510986,0.012580337934195995,0.0193483904004097,0.009826510213315487,0.20383839309215546,0.0,0.9833779335021973,0.12918667495250702,0.012580337934195995,-0.07850944995880127,-0.0018529947847127914,1.0352970361709595,-0.001338493311777711,-0.4020322263240814,0.0021693813614547253,2.911848545074463,0.4337831437587738,1.071580410003662,1.0,1.0682165622711182,-0.39375895261764526,0.7856318354606628,0.8500000834465027,0.7946346998214722,-0.7248152494430542,-1.1501896381378174,-1.0,-1.1001299619674683,0.7490416169166565,0.22950923442840576,0.0,0.24983228743076324,0.6176576614379883,1.0681039094924927,1.0,1.0353589057922363,0.3958629369735718,0.02041620761156082,0.0,0.021991783753037453,0.1889549195766449,-0.9946423172950745,-1.0,-0.9921067357063293,-0.7130579948425293,-0.20546561479568481,0.0,-0.20998744666576385
57.23076923076923,2,2,2,0,False,0.00678233802318573,0.010455719195306301,0.01801007241010666,0.021504200994968414,0.24246808886528015,0.00038640107959508896,0.8113182783126831,0.06419705599546432,0.010455719195306301,-0.07657063007354736,-0.0018504747422412038,1.0325316190719604,-0.0013828619848936796,-0.40638625621795654,0.0036891577765345573,2.911872625350952,0.47620508074760437,1.0741462707519531,1.0,1.0719166994094849,-0.436877965927124,0.787958025932312,0.8500000834465027,0.7965426445007324,-0.7636839747428894,-1.1536586284637451,-1.0,-1.109055757522583,0.764808177947998,0.22533240914344788,0.0,0.2450893074274063,0.7283832430839539,1.089120626449585,1.0,1.0538630485534668,0.17143654823303223,0.04650241136550903,0.0,0.04580534249544144,0.30708029866218567,-0.9912619590759277,-1.0,-0.9859052300453186,-0.7415302395820618,-0.20619197189807892,0.0,-0.21126540005207062
57.307692307692314,2,2,2,0,False,0.0023344755172729492,0.007968598045408726,0.01674111932516098,0.037625230848789215,0.2639163136482239,0.034278854727745056,0.4994945526123047,0.014305537566542625,0.007968598045408726,-0.07653844356536865,-0.0018489848589524627,1.0299314260482788,-0.0013570055598393083,-0.41075724363327026,0.005624824669212103,2.911893606185913,0.5281233191490173,1.0785279273986816,1.0,1.0772379636764526,-0.4995573163032532,0.7895217537879944,0.8500000834465027,0.7973167896270752,-0.8205466270446777,-1.1608123779296875,-1.0,-1.1187235116958618,0.763261616230011,0.21749502420425415,0.0,0.24103166162967682,0.7883706092834473,1.110719084739685,1.0,1.0740302801132202,0.1634649634361267,0.06653183698654175,0.0,0.05547979846596718,0.3312988877296448,-0.9840452075004578,-1.0,-0.9761875867843628,-0.7524743676185608,-0.20774196088314056,0.0,-0.21358346939086914
57.38461538461539,2,2,2,0,False,-0.002806924283504486,0.005256768316030502,0.015757597982883453,0.056634511798620224,0.26361286640167236,0.03503724932670593,0.2085665464401245,-0.02696896903216839,0.005256768316030502,-0.0765146017074585,-0.0017664479091763496,1.0277100801467896,-0.0014281448675319552,-0.4144151508808136,0.008035216480493546,2.911903142929077,0.5719179511070251,1.0842338800430298,1.0,1.0835306644439697,-0.5909953713417053,0.7897133827209473,0.8500000834465027,0.7962673306465149,-0.86963951587677,-1.1699130535125732,-1.0,-1.1290801763534546,0.7576082944869995,0.21029433608055115,0.0,0.23771807551383972,0.8189293146133423,1.1296584606170654,1.0,1.0936548709869385,0.18920323252677917,0.07975974678993225,0.0,0.058512941002845764,0.3493278920650482,-0.97509765625,-1.0,-0.966372549533844,-0.7634540796279907,-0.2098354548215866,0.0,-0.21630679070949554
57.46153846153847,2,2,2,0,False,-0.007988490164279938,0.0026368661783635616,0.015218399465084076,0.07553361356258392,0.24819590151309967,0.0337410531938076,0.06078629195690155,-0.04384836181998253,0.0026368661783635616,-0.07649195194244385,-0.0016214268980547786,1.0257593393325806,-0.0015358943492174149,-0.4167671799659729,0.010589425452053547,2.911907196044922,0.5688683390617371,1.090990662574768,1.0,1.090139627456665,-0.6683130264282227,0.78786700963974,0.8500000834465027,0.7931900024414062,-0.9063186645507812,-1.1787042617797852,-1.0,-1.139563798904419,0.7466028928756714,0.20588676631450653,0.0,0.23487971723079681,0.849748432636261,1.14414381980896,1.0,1.1112462282180786,0.1552155464887619,0.0879577025771141,0.0,0.0589749850332737,0.3420875370502472,-0.9664660692214966,-1.0,-0.957615852355957,-0.7880722880363464,-0.21229347586631775,0.0,-0.21941402554512024
57.53846153846154,2,2,2,0,False,-0.012959972023963928,0.00015622722276020795,0.014897584915161133,0.09345408529043198,0.2279333472251892,0.031606342643499374,0.012937425635755062,-0.04877033829689026,0.00015622722276020795,-0.07647288590669632,-0.0015002530999481678,1.0240594148635864,-0.0016413724515587091,-0.4181244969367981,0.013077063485980034,2.911907911300659,0.5715733766555786,1.097593069076538,1.0,1.0960060358047485,-0.722548246383667,0.784200131893158,0.8500000834465027,0.788571834564209,-0.9288557767868042,-1.1875873804092407,-1.0,-1.1495543718338013,0.732463002204895,0.2020244151353836,0.0,0.23213602602481842,0.8697241544723511,1.156173586845398,1.0,1.1263530254364014,0.10326904058456421,0.09282361716032028,0.0,0.05697137117385864,0.329519122838974,-0.9591567516326904,-1.0,-0.9506577849388123,-0.8082243800163269,-0.21527938544750214,0.0,-0.22315610945224762
57.61538461538462,2,2,2,0,False,-0.013891339302062988,-0.0002975733659695834,0.014854148030281067,0.09651409834623337,0.03405941650271416,4.552304744720459e-05,0.009332743473351002,-0.03774911165237427,-0.0002975733659695834,-0.07456719875335693,-0.0014586488250643015,1.0208951234817505,-0.0016020367620512843,-0.41623061895370483,0.013681866228580475,2.911877393722534,0.4712740480899811,1.0985509157180786,1.0,1.0997482538223267,-0.7293309569358826,0.7825518250465393,0.8500000834465027,0.783062219619751,-0.89640212059021,-1.1904418468475342,-1.0,-1.1582677364349365,0.7017449140548706,0.19726237654685974,0.0,0.2291020154953003,0.8654665350914001,1.1581283807754517,1.0,1.1389391422271729,0.04529301077127457,0.09187925606966019,0.0,0.05299924686551094,0.04714315012097359,-0.9541170597076416,-1.0,-0.9481076002120972,-0.8214409351348877,-0.2188498079776764,0.0,-0.2271256446838379
57.69230769230769,2,2,2,0,False,-0.01309327781200409,-0.00020586010941769928,0.01477205753326416,0.09215615689754486,0.07298298925161362,0.0001665949821472168,0.012487976811826229,-0.03812875598669052,-0.00020586010941769928,-0.074952132999897,-0.001455071265809238,1.017948031425476,-0.0015819650143384933,-0.4135895371437073,0.012988072820007801,2.911871910095215,0.479873389005661,1.1044145822525024,1.0,1.1005473136901855,-0.6486827731132507,0.7764643430709839,0.8500000834465027,0.7783823013305664,-0.8458172082901001,-1.1992607116699219,-1.0,-1.164371371269226,0.7088825702667236,0.19202600419521332,0.0,0.22539295256137848,0.7869216799736023,1.1665301322937012,1.0,1.1481136083602905,-0.2237410694360733,0.09000292420387268,0.0,0.043237194418907166,0.008872400969266891,-0.9553638100624084,-1.0,-0.9529704451560974,-0.8576229214668274,-0.22290250658988953,0.0,-0.231765016913414
57.769230769230774,2,2,2,0,False,-0.011493399739265442,0.00019359274301677942,0.014318406581878662,0.08510088920593262,0.10976216942071915,0.00036139972507953644,0.021607333794236183,-0.038748931139707565,0.00019359274301677942,-0.0760798454284668,-0.0014514678623527288,1.017233967781067,-0.0016082169022411108,-0.41127586364746094,0.011814780533313751,2.911872625350952,0.4670925438404083,1.1083022356033325,1.0,1.1001949310302734,-0.6089231371879578,0.7700341939926147,0.8500000834465027,0.775826632976532,-0.7468513250350952,-1.2139418125152588,-1.0,-1.1668457984924316,0.7290504574775696,0.18690934777259827,0.0,0.22244973480701447,0.6900303363800049,1.1771275997161865,1.0,1.1524527072906494,-0.3967136740684509,0.08258751779794693,0.0,0.022777382284402847,-0.014369728974997997,-0.9608736634254456,-1.0,-0.9610818028450012,-0.8347393870353699,-0.22792643308639526,0.0,-0.23694062232971191
57.84615384615385,2,2,2,0,False,-0.008290216326713562,0.00149401999078691,0.01334516704082489,0.07325286418199539,0.21261891722679138,0.0005925260484218597,0.05722595006227493,-0.03810570389032364,0.00149401999078691,-0.0760946273803711,-0.0014675698475912213,1.0186809301376343,-0.001621605479158461,-0.40938401222229004,0.009972186759114265,2.9118704795837402,0.36817118525505066,1.1049710512161255,1.0,1.098632574081421,-0.5535343289375305,0.768517255783081,0.8500000834465027,0.7751159071922302,-0.5777198672294617,-1.228373408317566,-1.0,-1.164579153060913,0.7367846369743347,0.1795322597026825,0.0,0.22094106674194336,0.5668064951896667,1.1846753358840942,1.0,1.1515222787857056,-0.5215235948562622,0.06800704449415207,0.0,-0.006048667710274458,-0.020978521555662155,-0.9683509469032288,-1.0,-0.9699211716651917,-0.8156606554985046,-0.23265352845191956,0.0,-0.24054156243801117
57.92307692307693,2,2,2,0,False,-0.002507641911506653,0.004104376304894686,0.012967035174369812,0.05173017457127571,0.3478713631629944,0.04821229726076126,0.18185171484947205,-0.05261719971895218,0.004104376304894686,-0.07610249519348145,-0.0015587921952828765,1.0217045545578003,-0.0015776708023622632,-0.40602773427963257,0.006877408362925053,2.9118685722351074,0.196516752243042,1.1012974977493286,1.0,1.093445897102356,-0.6056789755821228,0.7684571743011475,0.8500000834465027,0.7758097648620605,-0.45039719343185425,-1.2368500232696533,-1.0,-1.156082272529602,0.7237240672111511,0.17251670360565186,0.0,0.22018185257911682,0.2731657922267914,1.1827418804168701,1.0,1.1441746950149536,-0.5425069332122803,0.046515628695487976,0.0,-0.03832925856113434,0.042197760194540024,-0.9760057330131531,-1.0,-0.9777138829231262,-0.7882381677627563,-0.23582038283348083,0.0,-0.24237480759620667
58.0,2,2,2,0,False,0.005815550684928894,0.008083205670118332,0.013029932975769043,0.020534314215183258,0.4717984199523926,0.06225579231977463,0.33741775155067444,-0.04672574996948242,0.008083205670118332,-0.07611513137817383,-0.0017051680479198694,1.0258809328079224,-0.0014584279851987958,-0.40097925066947937,0.0026075877249240875,2.9118709564208984,0.12442690134048462,1.0938140153884888,1.0,1.0834674835205078,-0.673884928226471,0.7688635587692261,0.8500000834465027,0.7760170698165894,-0.4132774770259857,-1.2383421659469604,-1.0,-1.14345383644104,0.7504686713218689,0.1679636538028717,0.0,0.21974493563175201,-0.12785346806049347,1.1720284223556519,1.0,1.1264082193374634,-0.49296239018440247,0.021170595660805702,0.0,-0.06759553402662277,0.07879223674535751,-0.9817125201225281,-1.0,-0.9824403524398804,-0.6893478631973267,-0.23707425594329834,0.0,-0.2413560301065445
58.07692307692308,2,2,2,1,True,0.012730918824672699,0.011849051341414452,0.013215646147727966,0.0060001094825565815,0.1638280302286148,0.013023436069488525,0.9998418092727661,0.07468843460083008,0.011849051341414452,-0.07605481147766113,-0.0016672612400725484,1.0338157415390015,-0.0013637624215334654,-0.39843472838401794,-0.0007375460700131953,2.91343092918396,0.05649620294570923,1.0824581384658813,1.0,1.0718199014663696,-0.48908689618110657,0.7692826390266418,0.8500000834465027,0.7752636671066284,-0.26500704884529114,-1.2367404699325562,-1.0,-1.130141019821167,0.85465008020401,0.17797234654426575,0.0,0.22063840925693512,-0.2084352970123291,1.1580440998077393,1.0,1.0973204374313354,-0.6848846673965454,-0.0001834879512898624,0.0,-0.0901300385594368,-0.06616327911615372,-0.9898306727409363,-1.0,-0.9849393963813782,-0.6812111139297485,-0.24065901339054108,0.0,-0.2354758083820343
58.15384615384616,2,2,2,5,True,0.013531491160392761,0.012881374917924404,0.01386319100856781,0.008365181274712086,0.08652627468109131,0.0016105594113469124,1.0,0.08906268328428268,0.012881374917924404,-0.07422125339508057,-0.0016888793325051665,1.0413674116134644,-0.001375457039102912,-0.39909830689430237,-0.000511457328684628,2.9152610301971436,0.1775628924369812,1.070174217224121,1.0,1.0592681169509888,-0.4712490737438202,0.7690916657447815,0.8500000834465027,0.7768534421920776,-0.5237494707107544,-1.2268236875534058,-1.0,-1.1179834604263306,0.8968154191970825,0.18681776523590088,0.0,0.22587086260318756,-0.23390623927116394,1.1389440298080444,1.0,1.0659643411636353,-0.4969432055950165,-0.017289843410253525,0.0,-0.11175326257944107,-0.020901132375001907,-0.9871132969856262,-1.0,-0.9873058199882507,-0.6298359632492065,-0.24810779094696045,0.0,-0.2280908226966858
58.23076923076923,2,2,2,9,True,0.014002010226249695,0.013823979534208775,0.015538565814495087,0.008206925354897976,0.12799839675426483,0.007891732268035412,1.0,0.10165282338857651,0.013823979534208775,-0.07050788402557373,-0.001753409975208342,1.0449007749557495,-0.0015147574013099074,-0.39960619807243347,-1.8444874513079412e-05,2.9141082763671875,0.5100716352462769,1.0604534149169922,1.0,1.0531599521636963,-0.5161144733428955,0.7708970904350281,0.8500000834465027,0.7795582413673401,-0.43780991435050964,-1.2099688053131104,-1.0,-1.1105952262878418,0.8998709917068481,0.19291190803050995,0.0,0.2339475154876709,-0.01438662875443697,1.1083496809005737,1.0,1.039198398590088,-0.16809824109077454,-0.03679848462343216,0.0,-0.12247756868600845,0.11709953844547272,-0.9822261929512024,-1.0,-0.9899714589118958,-0.6194603443145752,-0.23925228416919708,0.0,-0.2198415845632553
58.307692307692314,2,2,2,13,True,0.014989770948886871,0.014844526536762714,0.0179281085729599,0.010381048545241356,0.10114572197198868,0.002244523959234357,1.0,0.11234771460294724,0.014844526536762714,-0.06514167785644531,-0.0018016597023233771,1.0450319051742554,-0.0016203431878238916,-0.39849549531936646,5.943040378042497e-06,2.912686347961426,0.46974891424179077,1.0589667558670044,1.0,1.0557712316513062,-0.49221271276474,0.7732247114181519,0.8500000834465027,0.7822586894035339,-0.34446999430656433,-1.1918120384216309,-1.0,-1.1036094427108765,0.9100326299667358,0.19974078238010406,0.0,0.24230146408081055,0.016772713512182236,1.0755161046981812,1.0,1.021962285041809,0.08870702236890793,-0.05291437357664108,0.0,-0.11668277531862259,0.03822924569249153,-0.9850947260856628,-1.0,-0.9908955097198486,-0.6816444993019104,-0.2215128093957901,0.0,-0.21244600415229797
58.38461538461539,2,2,2,17,True,0.015486635267734528,0.015371165238320827,0.019886739552021027,0.012128729373216629,0.036771733313798904,0.0003152107819914818,1.0,0.11781730502843857,0.015371165238320827,-0.05849766731262207,-0.0018341775285080075,1.0433582067489624,-0.0016334953252226114,-0.3969540596008301,2.163234239560552e-05,2.9122049808502197,0.3979187309741974,1.0630484819412231,1.0,1.0614442825317383,-0.49466440081596375,0.7756246328353882,0.8500000834465027,0.7848906517028809,-0.3754638731479645,-1.175044059753418,-1.0,-1.096119999885559,0.8788952827453613,0.20961980521678925,0.0,0.2492988258600235,0.11196071654558182,1.0531513690948486,1.0,1.0132609605789185,0.3139391839504242,-0.05400703102350235,0.0,-0.09336699545383453,0.008742859587073326,-0.9897093176841736,-1.0,-0.9917999505996704,-0.717369019985199,-0.20929451286792755,0.0,-0.20877161622047424
58.46153846153847,2,2,2,21,True,0.01508396863937378,0.015244338661432266,0.020833201706409454,0.011734066531062126,0.062373269349336624,0.0001448625698685646,1.0,0.11540436744689941,0.015244338661432266,-0.0522693395614624,-0.0018483669264242053,1.0410813093185425,-0.001562544610351324,-0.3965277671813965,0.00026813350268639624,2.9121646881103516,0.3316790461540222,1.067820429801941,1.0,1.0653865337371826,-0.4343319535255432,0.7780489921569824,0.8500000834465027,0.7872502207756042,-0.49204254150390625,-1.1611729860305786,-1.0,-1.0910006761550903,0.8347567915916443,0.21990005671977997,0.0,0.2533862888813019,0.24126987159252167,1.0447657108306885,1.0,1.0116289854049683,0.2889590561389923,-0.03947605565190315,0.0,-0.05981437489390373,0.06430502235889435,-0.99281245470047,-1.0,-0.9925520420074463,-0.7151228785514832,-0.20508357882499695,0.0,-0.20831404626369476
58.53846153846154,2,2,2,25,True,0.013679929077625275,0.014461386017501354,0.020768053829669952,0.008707329630851746,0.12419115006923676,7.04638659954071e-05,1.0,0.11287093907594681,0.014461386017501354,-0.04670560359954834,-0.0018542981706559658,1.0387197732925415,-0.001463068532757461,-0.3978540003299713,0.0008621402084827423,2.9121506214141846,0.37963253259658813,1.0706696510314941,1.0,1.0673962831497192,-0.39543458819389343,0.7805520296096802,0.8500000834465027,0.789794921875,-0.6069050431251526,-1.1524020433425903,-1.0,-1.0907589197158813,0.8087801337242126,0.22708863019943237,0.0,0.2543538510799408,0.4483000934123993,1.0483390092849731,1.0,1.017346978187561,0.2865782082080841,-0.01637950725853443,0.0,-0.026574037969112396,0.11801198124885559,-0.9932560324668884,-1.0,-0.991784930229187,-0.6976045370101929,-0.20467299222946167,0.0,-0.20880119502544403
58.61538461538462,2,2,2,29,True,0.01135747879743576,0.013114535249769688,0.01999770849943161,0.007720423396676779,0.17636168003082275,1.3802200555801392e-05,0.997137188911438,0.10999800264835358,0.013114535249769688,-0.0417330265045166,-0.001855654758401215,1.03626549243927,-0.0013812658144161105,-0.4004400968551636,0.0018101520836353302,2.912139415740967,0.4444628655910492,1.0727442502975464,1.0,1.0697599649429321,-0.3882107138633728,0.7833253145217896,0.8500000834465027,0.7925795316696167,-0.6845589280128479,-1.1494249105453491,-1.0,-1.095304250717163,0.7865413427352905,0.22920003533363342,0.0,0.25293081998825073,0.6036132574081421,1.0606409311294556,1.0,1.0304635763168335,0.29175883531570435,0.008640599437057972,0.0,0.0020799385383725166,0.1985657513141632,-0.9918487668037415,-1.0,-0.9888761043548584,-0.7011571526527405,-0.20489418506622314,0.0,-0.20908895134925842
58.69230769230769,2,2,2,0,False,0.008063025772571564,0.011217210441827774,0.018817536532878876,0.01674119383096695,0.22116319835186005,0.0,0.8934957385063171,0.07406466454267502,0.011217210441827774,-0.03955817222595215,-0.0018541706958785653,1.0338672399520874,-0.0013451301492750645,-0.4036839008331299,0.0031784726306796074,2.9121310710906982,0.5045361518859863,1.0756999254226685,1.0,1.0736082792282104,-0.42572033405303955,0.7860938906669617,0.8500000834465027,0.7950313091278076,-0.7307488918304443,-1.152012586593628,-1.0,-1.103234887123108,0.7800317406654358,0.22683566808700562,0.0,0.24987176060676575,0.7077465653419495,1.079111933708191,1.0,1.0486387014389038,0.101772241294384,0.032219331711530685,0.0,0.02456400915980339,0.378221333026886,-0.9882276654243469,-1.0,-0.9832014441490173,-0.7461426854133606,-0.20508696138858795,0.0,-0.2096324861049652
58.769230769230774,2,2,2,0,False,0.0038980767130851746,0.008874583058059216,0.017512060701847076,0.03162671998143196,0.2503989636898041,0.0007320614531636238,0.6162735819816589,0.04176831245422363,0.008874583058059216,-0.03956282138824463,-0.001852203975431621,1.0316983461380005,-0.001369785750284791,-0.40710264444351196,0.004975412972271442,2.912123203277588,0.5156352519989014,1.0800487995147705,1.0,1.078635334968567,-0.4863264262676239,0.7881755232810974,0.8500000834465027,0.7963338494300842,-0.8128040432929993,-1.158994197845459,-1.0,-1.1130980253219604,0.767790675163269,0.22091302275657654,0.0,0.2462327927350998,0.7723526358604431,1.100485920906067,1.0,1.068967580795288,0.15243995189666748,0.05170748010277748,0.0,0.03719275817275047,0.3308950662612915,-0.9817770719528198,-1.0,-0.9745554327964783,-0.7486434578895569,-0.2059299200773239,0.0,-0.2113509625196457
58.84615384615385,2,2,2,0,False,-0.000986054539680481,0.006227536126971245,0.016301341354846954,0.04975114390254021,0.2658065855503082,0.035752300173044205,0.2954631447792053,-0.0170985646545887,0.006227536126971245,-0.039552927017211914,-0.0018369738245382905,1.029884934425354,-0.0014539433177560568,-0.4103046655654907,0.007189636118710041,2.912109375,0.5450859665870667,1.0852959156036377,1.0,1.084144949913025,-0.5738396048545837,0.7889012694358826,0.8500000834465027,0.7958723306655884,-0.8658862113952637,-1.1688374280929565,-1.0,-1.1241034269332886,0.7572984099388123,0.2132708579301834,0.0,0.242519348859787,0.8095447421073914,1.121543049812317,1.0,1.0889376401901245,0.1357726901769638,0.06569515913724899,0.0,0.04317834600806236,0.3471800982952118,-0.9736418128013611,-1.0,-0.9654630422592163,-0.7690584063529968,-0.2076905369758606,0.0,-0.21403345465660095
58.92307692307693,2,2,2,0,False,-0.005974382162094116,0.003675509477034211,0.015496306121349335,0.06803246587514877,0.23692533373832703,0.03242500126361847,0.10448101162910461,-0.03739885985851288,0.003675509477034211,-0.03953659534454346,-0.0016809613443911076,1.0282338857650757,-0.0015546302311122417,-0.41262027621269226,0.00962463766336441,2.91209077835083,0.5481568574905396,1.091054081916809,1.0,1.08981454372406,-0.6474248170852661,0.7877234220504761,0.8500000834465027,0.7934173345565796,-0.8977081775665283,-1.1780964136123657,-1.0,-1.1353226900100708,0.7485016584396362,0.20852334797382355,0.0,0.23890970647335052,0.835695743560791,1.138312578201294,1.0,1.1069258451461792,0.12487883120775223,0.07506775110960007,0.0,0.04548585042357445,0.33842647075653076,-0.9655389785766602,-1.0,-0.9571386575698853,-0.7853155136108398,-0.21029086410999298,0.0,-0.21743489801883698
59.0,2,2,2,0,False,-0.010552659630775452,0.0013603438856080174,0.014982342720031738,0.0845542699098587,0.20737546682357788,0.029185902327299118,0.02918369509279728,-0.04475951939821243,0.0013603438856080174,-0.039522286504507065,-0.0015637711621820927,1.0266033411026,-0.0016469897236675024,-0.41399329900741577,0.011890108697116375,2.9120712280273438,0.5442694425582886,1.096763014793396,1.0,1.094750165939331,-0.7021920680999756,0.7846425771713257,0.8500000834465027,0.7893556356430054,-0.9208962321281433,-1.1870840787887573,-1.0,-1.1459529399871826,0.7363115549087524,0.2042708545923233,0.0,0.23540563881397247,0.8577914834022522,1.1518265008926392,1.0,1.1224089860916138,0.07007384300231934,0.08075204491615295,0.0,0.04479822516441345,0.3179096281528473,-0.9586170315742493,-1.0,-0.9505666494369507,-0.8051470518112183,-0.2135460078716278,0.0,-0.22144950926303864
59.07692307692308,2,2,2,0,False,-0.01375674456357956,-0.00025522560463286936,0.014687009155750275,0.09589855372905731,0.02517351508140564,0.012783433310687542,0.009807909838855267,-0.039937783032655716,-0.00025522560463286936,-0.038834214210510254,-0.001469375565648079,1.024779200553894,-0.0016976738115772605,-0.41406312584877014,0.01356748677790165,2.9120380878448486,0.4908515214920044,1.1003599166870117,1.0,1.0985815525054932,-0.7588492035865784,0.781032145023346,0.8500000834465027,0.7843649983406067,-0.9270761609077454,-1.1944406032562256,-1.0,-1.1554518938064575,0.7189018130302429,0.19962549209594727,0.0,0.23191171884536743,0.8775345087051392,1.1604199409484863,1.0,1.135343074798584,0.06188404560089111,0.08189863711595535,0.0,0.040801968425512314,0.17954380810260773,-0.9531684517860413,-1.0,-0.946372389793396,-0.8074655532836914,-0.21757027506828308,0.0,-0.22589066624641418
59.15384615384616,2,2,2,0,False,-0.01340290904045105,-0.00020598933042492718,0.014643937349319458,0.093693308532238,0.053987424820661545,1.4891847968101501e-05,0.011172207072377205,-0.03820142149925232,-0.00020598933042492718,-0.03823530673980713,-0.0014639247674494982,1.0218018293380737,-0.0016552367014810443,-0.41167062520980835,0.013290893286466599,2.9120099544525146,0.48079898953437805,1.1029614210128784,1.0,1.1001203060150146,-0.6869123578071594,0.7770280838012695,0.8500000834465027,0.7793314456939697,-0.8736488223075867,-1.1995052099227905,-1.0,-1.1627639532089233,0.7015495896339417,0.19485990703105927,0.0,0.22807979583740234,0.819619357585907,1.1646957397460938,1.0,1.1454414129257202,-0.13703934848308563,0.08001930266618729,0.0,0.03393138572573662,0.043102018535137177,-0.9522117972373962,-1.0,-0.9483270645141602,-0.8444633483886719,-0.22158405184745789,0.0,-0.23029886186122894
59.23076923076923,2,2,2,0,False,-0.012249737977981567,1.0004716386902146e-05,0.01442745327949524,0.08812776952981949,0.09845426678657532,0.00025534071028232574,0.01676827110350132,-0.03875843062996864,1.0004716386902146e-05,-0.03932034969329834,-0.00145854358561337,1.0201953649520874,-0.0016640047542750835,-0.40925633907318115,0.01237647794187069,2.9119935035705566,0.4782288670539856,1.1082639694213867,1.0,1.1001863479614258,-0.6332371234893799,0.7705106139183044,0.8500000834465027,0.7759292721748352,-0.7990201115608215,-1.2111594676971436,-1.0,-1.1668357849121094,0.724981963634491,0.1897163838148117,0.0,0.22444021701812744,0.7380358576774597,1.1739386320114136,1.0,1.151445746421814,-0.3453439176082611,0.07483694702386856,0.0,0.019081709906458855,0.0215747207403183,-0.9560278654098511,-1.0,-0.9551436305046082,-0.8469213843345642,-0.22628776729106903,0.0,-0.23521824181079865
59.307692307692314,2,2,2,0,False,-0.009772837162017822,0.000949192326515913,0.013463109731674194,0.07885176688432693,0.16610193252563477,0.00025128480046987534,0.03717722371220589,-0.03961348906159401,0.000949192326515913,-0.03931713104248047,-0.0014606898184865713,1.0205940008163452,-0.0016769019421190023,-0.40744560956954956,0.010884459130465984,2.9119794368743896,0.4172082841396332,1.1056026220321655,1.0,1.0992470979690552,-0.5848042368888855,0.7681846618652344,0.8500000834465027,0.7744392156600952,-0.6687664985656738,-1.2250803709030151,-1.0,-1.1667966842651367,0.7366943955421448,0.1827801764011383,0.0,0.22210320830345154,0.6307083964347839,1.1830775737762451,1.0,1.1526083946228027,-0.4781680107116699,0.06383446604013443,0.0,-0.004646066576242447,-0.02004873938858509,-0.9628149271011353,-1.0,-0.9638132452964783,-0.8171082139015198,-0.23103779554367065,0.0,-0.23927275836467743
59.38461538461539,2,2,2,0,False,-0.004938393831253052,0.0030510900542140007,0.012910015881061554,0.06084989756345749,0.301570862531662,0.0013468647375702858,0.1215956062078476,-0.03271385282278061,0.0030510900542140007,-0.03931224346160889,-0.0015219745691865683,1.022645115852356,-0.001647323602810502,-0.40480679273605347,0.008228328078985214,2.911963939666748,0.244932621717453,1.102723240852356,1.0,1.0956109762191772,-0.570012629032135,0.7675776481628418,0.8500000834465027,0.7747564315795898,-0.4821021556854248,-1.2351986169815063,-1.0,-1.1608741283416748,0.7279088497161865,0.17537900805473328,0.0,0.22092662751674652,0.4006969630718231,1.184901237487793,1.0,1.1481126546859741,-0.5491677522659302,0.04582056403160095,0.0,-0.03377218544483185,0.006998652592301369,-0.9707129597663879,-1.0,-0.9726368188858032,-0.806839644908905,-0.2346174567937851,0.0,-0.24164816737174988
59.46153846153847,2,2,2,0,False,0.002586156129837036,0.006560246925801039,0.012793004512786865,0.03270536661148071,0.43158474564552307,0.0584925152361393,0.2978023886680603,-0.04653151333332062,0.006560246925801039,-0.03931450843811035,-0.0016606401186436415,1.0260049104690552,-0.0015480685979127884,-0.40050190687179565,0.004290200769901276,2.911954402923584,0.11748963594436646,1.0966918468475342,1.0,1.086929440498352,-0.655889093875885,0.7680261731147766,0.8500000834465027,0.7754342555999756,-0.42362773418426514,-1.2389330863952637,-1.0,-1.1494296789169312,0.7415243983268738,0.16992928087711334,0.0,0.2202034592628479,-0.004819273948669434,1.1779192686080933,1.0,1.134474277496338,-0.5144602656364441,0.02316203899681568,0.0,-0.06280849874019623,0.071321040391922,-0.9778237342834473,-1.0,-0.9791856408119202,-0.7268620133399963,-0.23663243651390076,0.0,-0.2419089823961258
59.53846153846154,2,2,2,0,False,0.012032672762870789,0.01129018422216177,0.013050630688667297,0.003435364691540599,0.3220473527908325,0.07055741548538208,0.8445046544075012,-0.0016462084604427218,0.01129018422216177,-0.03936207294464111,-0.0017378543270751834,1.0310074090957642,-0.001366147887893021,-0.39615005254745483,-0.000505299714859575,2.9121527671813965,0.16011928021907806,1.0862430334091187,1.0,1.075048565864563,-0.6904311180114746,0.7686051726341248,0.8500000834465027,0.7750139832496643,-0.4385506212711334,-1.2364192008972168,-1.0,-1.1361198425292969,0.7633510231971741,0.1706472933292389,0.0,0.2204604297876358,-0.3163348138332367,1.1632106304168701,1.0,1.1085485219955444,-0.4551216661930084,-0.001073537627235055,0.0,-0.08633065223693848,0.0568796768784523,-0.9833153486251831,-1.0,-0.9827327132225037,-0.6174448132514954,-0.23688295483589172,0.0,-0.23768450319766998
59.61538461538462,2,2,2,3,True,0.013358108699321747,0.012558494694530964,0.013234108686447144,0.00789599772542715,0.08836932480335236,0.001497720368206501,1.0,0.08196315914392471,0.012558494694530964,-0.038567185401916504,-0.0016612592153251171,1.04031503200531,-0.0013604953419417143,-0.39728713035583496,-0.0006608798285014927,2.9151031970977783,0.05302617326378822,1.0733487606048584,1.0,1.0621248483657837,-0.455381840467453,0.7684261798858643,0.8500000834465027,0.7757282853126526,-0.49381282925605774,-1.2329113483428955,-1.0,-1.122850775718689,0.8871175646781921,0.18662571907043457,0.0,0.2241227924823761,-0.24556764960289001,1.1496031284332275,1.0,1.076415777206421,-0.6219388842582703,-0.016047706827521324,0.0,-0.10791528224945068,0.05793267488479614,-0.9891814589500427,-1.0,-0.9857770800590515,-0.6500319242477417,-0.24577778577804565,0.0,-0.23033671081066132
59.69230769230769,2,2,2,7,True,0.013806596398353577,0.013558524660766125,0.014566771686077118,0.008307982236146927,0.1197170540690422,0.001794528216123581,1.0,0.09621594846248627,0.013558524660766125,-0.035766005516052246,-0.0017218162538483739,1.0449973344802856,-0.0014851141022518277,-0.3986019492149353,-0.00012803565186914057,2.914274215698242,0.3949415683746338,1.061768889427185,1.0,1.0525095462799072,-0.5146197080612183,0.7699950337409973,0.8500000834465027,0.7783681154251099,-0.4797005355358124,-1.216626763343811,-1.0,-1.113956332206726,0.904522716999054,0.1929018646478653,0.0,0.2315455824136734,-0.16011904180049896,1.1220431327819824,1.0,1.0468742847442627,-0.302504301071167,-0.03368004411458969,0.0,-0.12369897961616516,0.012400621548295021,-0.9803637862205505,-1.0,-0.9884878993034363,-0.6213340163230896,-0.24674110114574432,0.0,-0.2222997397184372
59.769230769230774,2,2,3,11,True,0.014780640602111816,0.01461936067789793,0.016914919018745422,0.010000871494412422,0.10796260833740234,0.0028293717186897993,1.0,0.10022386908531189,0.01461936067789793,-0.03194105625152588,-0.0017805052921175957,1.0464752912521362,-0.0016115554608404636,-0.39876681566238403,-1.348986302218691e-06,2.9125442504882812,0.5881066918373108,1.057184100151062,1.0,1.0536137819290161,-0.6853835582733154,0.7717937231063843,0.8500000834465027,0.7796696424484253,0.8746218681335449,-1.197450876235962,-1.0,-1.0970885753631592,0.8546684980392456,0.19854506850242615,0.0,0.23888523876667023,-0.5945095419883728,1.087449312210083,1.0,1.0214234590530396,0.5418630242347717,-0.05197615176439285,0.0,-0.11589139699935913,0.47405070066452026,-0.9810485243797302,-1.0,-0.9860790371894836,-0.6452969908714294,-0.22766318917274475,0.0,-0.21392935514450073
59.84615384615385,2,2,3,15,True,0.015589982271194458,0.015438073314726353,0.019798733294010162,0.013724198564887047,0.0804937556385994,0.0015899132704362273,1.0,0.10081750899553299,0.015438073314726353,-0.02852451801300049,-0.001798854093067348,1.048887848854065,-0.001611861982382834,-0.39965808391571045,-1.6687665720382938e-06,2.910362958908081,0.37132683396339417,1.0611828565597534,1.0,1.0612150430679321,-0.5500143766403198,0.7720462679862976,0.8500000834465027,0.7791539430618286,0.9069455862045288,-1.166777491569519,-1.0,-1.0545299053192139,0.7967420816421509,0.20882801711559296,0.0,0.2436884045600891,-0.7970243692398071,1.0547736883163452,1.0,0.9911320805549622,0.7426875829696655,-0.0499272346496582,0.0,-0.07343519479036331,0.3480556607246399,-0.9732806086540222,-1.0,-0.9753051400184631,-0.7255631685256958,-0.21310636401176453,0.0,-0.20814964175224304
59.92307692307693,2,2,3,19,True,0.016182273626327515,0.016057845205068588,0.02297031134366989,0.019568149000406265,0.15486347675323486,0.0021725022234022617,1.0,0.10181491076946259,0.016057845205068588,-0.02548813633620739,-0.0017995414091274142,1.0522295236587524,-0.001449625939130783,-0.4026023745536804,7.566478871012805e-06,2.9091029167175293,0.0005467048613354564,1.0668566226959229,1.0,1.0658233165740967,-0.3076061010360718,0.7722139954566956,0.8500000834465027,0.7801326513290405,0.8878902792930603,-1.1173838376998901,-1.0,-1.0055938959121704,0.759626567363739,0.21895121037960052,0.0,0.24500177800655365,-0.8524388074874878,1.021622896194458,1.0,0.9583014249801636,0.6928326487541199,-0.0239265114068985,0.0,-0.015794700011610985,0.30419018864631653,-0.9658008813858032,-1.0,-0.9657022953033447,-0.7487195134162903,-0.20484760403633118,0.0,-0.20686288177967072
60.0,2,2,3,23,True,0.016004346311092377,0.016256626695394516,0.026122845709323883,0.02445126511156559,0.23597721755504608,0.0035761017352342606,0.9857211709022522,0.10257299244403839,0.016256626695394516,-0.022796034812927246,-0.0018158464226871729,1.0531200170516968,-0.0014969217590987682,-0.40695804357528687,0.0003362168790772557,2.909489870071411,0.07334665954113007,1.0681475400924683,1.0,1.0626899003982544,-0.25460225343704224,0.7747336030006409,0.8500000834465027,0.7846236228942871,0.843120813369751,-1.0530253648757935,-1.0,-0.9616238474845886,0.7422887682914734,0.22362257540225983,0.0,0.24337531626224518,-0.8391309976577759,0.9865273833274841,1.0,0.927692174911499,0.772351861000061,0.018114320933818817,0.0,0.03974030539393425,0.40653738379478455,-0.9622586965560913,-1.0,-0.9579710364341736,-0.6888061761856079,-0.2035989761352539,0.0,-0.20771150290966034
60.07692307692308,2,2,3,0,False,0.012020081281661987,0.014436585828661919,0.0286296084523201,0.020371103659272194,0.4185241758823395,0.0011950405314564705,0.5882596969604492,0.04830493777990341,0.014436585828661919,-0.02108478546142578,-0.0018405024893581867,1.0519875288009644,-0.0016362888272851706,-0.41341134905815125,0.0023565234150737524,2.9097940921783447,0.5726330280303955,1.0641950368881226,1.0,1.058351755142212,-0.29761627316474915,0.7801500558853149,0.8500000834465027,0.791037380695343,0.7582765817642212,-0.9899351000785828,-1.0,-0.9268769025802612,0.6124568581581116,0.22480197250843048,0.0,0.23864072561264038,-0.5595100522041321,0.9561223983764648,1.0,0.9040006399154663,0.8741234540939331,0.06705372035503387,0.0,0.08905541896820068,0.5771752595901489,-0.955763041973114,-1.0,-0.9483720660209656,-0.6566252708435059,-0.2037672996520996,0.0,-0.2077323943376541
60.15384615384616,2,2,3,0,False,0.0007533431053161621,0.008612440899014473,0.030648790299892426,0.04375714063644409,0.8351381421089172,6.217043846845627e-05,0.004698032513260841,-0.022195694968104362,0.008612440899014473,-0.02110886573791504,-0.001852366141974926,1.0508042573928833,-0.001592484419234097,-0.4225039482116699,0.0075614904053509235,2.9100818634033203,0.8959668278694153,1.064845323562622,1.0,1.0645802021026611,-0.5907491445541382,0.7858963012695312,0.8500000834465027,0.7953184843063354,0.6305935382843018,-0.9379098415374756,-1.0,-0.9032881259918213,0.6507192850112915,0.22029376029968262,0.0,0.22974760830402374,-0.17798176407814026,0.9362147450447083,1.0,0.89540696144104,0.9494682550430298,0.11389660835266113,0.0,0.13287381827831268,0.5244185328483582,-0.9459758996963501,-1.0,-0.9359108805656433,-0.7314400672912598,-0.20307520031929016,0.0,-0.2072100043296814
60.23076923076923,2,2,3,0,False,-0.018473505973815918,-0.0017192530212923884,0.03224176913499832,0.11545924842357635,0.5236719846725464,0.1824498474597931,0.0004527329292614013,-0.40980786085128784,-0.0017192530212923884,-0.01537942886352539,-0.0017729341052472591,1.0489298105239868,-0.0012742929393425584,-0.42972332239151,0.01666669361293316,2.910243511199951,0.9554243087768555,1.0657594203948975,1.0,1.0817533731460571,-0.7953386902809143,0.7930713891983032,0.8500000834465027,0.7939673066139221,0.46865513920783997,-0.8932132720947266,-1.0,-0.8905982375144958,0.7866840958595276,0.2082207053899765,0.0,0.22288253903388977,-0.1250041276216507,0.9202608466148376,1.0,0.9012259840965271,0.9704286456108093,0.15063434839248657,0.0,0.17115290462970734,0.13054516911506653,-0.9345395565032959,-1.0,-0.9279162287712097,-0.8269872665405273,-0.20401018857955933,0.0,-0.2096225917339325
60.307692307692314,2,2,3,0,False,-0.01813787966966629,-0.0016569774597883224,0.03273016959428787,0.12217459827661514,0.3929722309112549,0.002170093357563019,0.0010649132309481502,-0.028393447399139404,-0.0016569774597883224,0.00520014762878418,-0.001753146992996335,1.035237193107605,-0.0010487147374078631,-0.41571202874183655,0.016645288094878197,2.9103498458862305,-0.4878244400024414,1.0311123132705688,1.0,1.096387267112732,-0.8809835910797119,0.8198771476745605,0.8500000834465027,0.7868884801864624,0.7366256713867188,-0.8233557939529419,-1.0,-0.8815557360649109,0.6982908248901367,0.18971386551856995,0.0,0.21111524105072021,0.9164600372314453,0.8789641261100769,1.0,0.9257624745368958,0.9673177599906921,0.18135805428028107,0.0,0.20317167043685913,0.5337408185005188,-0.9316438436508179,-1.0,-0.9191191792488098,-0.5969865918159485,-0.2006094604730606,0.0,-0.20328715443611145
60.38461538461539,2,2,3,0,False,-0.01582789421081543,-0.0014266418293118477,0.03324950486421585,0.11140982806682587,0.38036468625068665,0.0022754864767193794,0.0030043544247746468,-0.02783944085240364,-0.0014266418293118477,0.012179017066955566,-0.0017406094120815396,1.0218027830123901,-0.0011316929012537003,-0.403796911239624,0.014565481804311275,2.9105069637298584,-0.49953901767730713,1.0498934984207153,1.0,1.099186897277832,-0.7522063851356506,0.8159393072128296,0.8500000834465027,0.7787583470344543,0.37799447774887085,-0.792134702205658,-1.0,-0.8761457800865173,0.6675996780395508,0.16743944585323334,0.0,0.2052522748708725,0.9270997047424316,0.8991358280181885,1.0,0.9700842499732971,0.6719887256622314,0.22193390130996704,0.0,0.22517524659633636,-0.058210086077451706,-0.9270169138908386,-1.0,-0.9167288541793823,-0.9019143581390381,-0.19554083049297333,0.0,-0.20123405754566193
60.46153846153847,2,2,3,0,False,-0.013976119458675385,-0.0011805169051513076,0.03314829617738724,0.09843233972787857,0.1937199831008911,0.003442498855292797,0.009010013192892075,-0.025201909244060516,-0.0011805169051513076,0.007101535797119141,-0.001683559501543641,1.0144039392471313,-0.001367430784739554,-0.3947600722312927,0.012917125597596169,2.910649299621582,0.3150610625743866,1.081394910812378,1.0,1.0913562774658203,-0.8151389956474304,0.796650767326355,0.8500000834465027,0.7725571393966675,0.28372621536254883,-0.8038626909255981,-1.0,-0.881456732749939,0.5408231616020203,0.1512441188097,0.0,0.20083430409431458,0.6304404735565186,0.9427880048751831,1.0,1.0153964757919312,0.19868618249893188,0.24283604323863983,0.0,0.22655990719795227,-0.01069709938019514,-0.9295662045478821,-1.0,-0.927750825881958,-0.9457422494888306,-0.19905100762844086,0.0,-0.21033920347690582
60.53846153846154,2,2,3,0,False,-0.013060756027698517,-0.0009375243680551648,0.03233308345079422,0.08991383016109467,0.10428441315889359,0.002857358194887638,0.012673720717430115,-0.0231732539832592,-0.0009375243680551648,-0.0044634342193603516,-0.0016055564628913999,1.0135127305984497,-0.0016053462168201804,-0.3866952061653137,0.012203007936477661,2.9107940196990967,0.4940449893474579,1.1038738489151,1.0,1.0855013132095337,-0.8274099826812744,0.7763739824295044,0.8500000834465027,0.7673304677009583,0.5027620792388916,-0.837589681148529,-1.0,-0.8904629945755005,0.47810888290405273,0.14265285432338715,0.0,0.19325128197669983,0.4738418757915497,0.9829139709472656,1.0,1.0473198890686035,-0.1975785195827484,0.24090203642845154,0.0,0.20034557580947876,0.139102041721344,-0.9393585920333862,-1.0,-0.9415929317474365,-0.9349464774131775,-0.20993736386299133,0.0,-0.22386865317821503
60.61538461538462,2,2,3,0,False,-0.01292005181312561,-0.0007632735650986433,0.031062938272953033,0.0863083079457283,0.1647341400384903,0.0015293201431632042,0.01336218323558569,-0.022475702688097954,-0.0007632735650986433,-0.014360547065734863,-0.0015256749466061592,1.018386960029602,-0.0017490647733211517,-0.3785414695739746,0.012209746986627579,2.910935640335083,0.42781710624694824,1.1126843690872192,1.0,1.084421157836914,-0.8697354197502136,0.7606679797172546,0.8500000834465027,0.7628245949745178,0.5893610119819641,-0.8743537664413452,-1.0,-0.8948438763618469,0.45180726051330566,0.13675309717655182,0.0,0.18309374153614044,0.510270893573761,1.0084993839263916,1.0,1.066833734512329,-0.30953577160835266,0.21800027787685394,0.0,0.15322750806808472,0.2965865731239319,-0.9493155479431152,-1.0,-0.950210452079773,-0.9046677947044373,-0.22298316657543182,0.0,-0.2367182821035385
60.69230769230769,2,2,3,0,False,-0.013216271996498108,-0.000667177839204669,0.029897324740886688,0.08574222773313522,0.08687086403369904,0.0,0.012058483436703682,-0.022662486881017685,-0.000667177839204669,-0.019606830552220345,-0.0014483820414170623,1.0270813703536987,-0.0016706534661352634,-0.3694656491279602,0.012593886815011501,2.9110569953918457,0.42447033524513245,1.1134322881698608,1.0,1.0842127799987793,-0.8967326879501343,0.7489916682243347,0.8500000834465027,0.7585662007331848,0.5410553216934204,-0.9007304310798645,-1.0,-0.8948941826820374,0.5699779987335205,0.12929421663284302,0.0,0.17385850846767426,0.547435998916626,1.0220532417297363,1.0,1.079213261604309,-0.08250690996646881,0.1887911707162857,0.0,0.10298662632703781,0.34050270915031433,-0.9538827538490295,-1.0,-0.9521129727363586,-0.8751577138900757,-0.23412920534610748,0.0,-0.24621769785881042
60.769230769230774,2,2,3,0,False,-0.013508245348930359,-0.0006135053699836135,0.029118813574314117,0.08608606457710266,0.07020869106054306,0.0,0.010876860469579697,-0.022931676357984543,-0.0006135053699836135,-0.021135807037353516,-0.001390331657603383,1.0361109972000122,-0.0015065165935084224,-0.36005064845085144,0.012935166247189045,2.9111597537994385,0.4491926431655884,1.1106336116790771,1.0,1.084388256072998,-0.9057868719100952,0.7409065961837769,0.8500000834465027,0.7546302676200867,0.5677839517593384,-0.9114264249801636,-1.0,-0.8942598104476929,0.6214610934257507,0.12003187090158463,0.0,0.1700545698404312,0.5728335380554199,1.0278594493865967,1.0,1.088472604751587,0.21912826597690582,0.16592517495155334,0.0,0.06810148805379868,0.37023282051086426,-0.9547568559646606,-1.0,-0.950103759765625,-0.8276200294494629,-0.24207213521003723,0.0,-0.25168362259864807
60.84615384615385,2,2,3,0,False,-0.013909384608268738,-0.0006233652820810676,0.028359316289424896,0.08772117644548416,0.04556931182742119,0.00031412113457918167,0.009410588070750237,-0.02306406944990158,-0.0006233652820810676,-0.02117324061691761,-0.0013389786472544074,1.0446921586990356,-0.0013836221769452095,-0.3497382402420044,0.013327093794941902,2.9112491607666016,0.4581417739391327,1.1064069271087646,1.0,1.0852744579315186,-0.8977931141853333,0.738681435585022,0.8500000834465027,0.751274585723877,0.6487393975257874,-0.914705753326416,-1.0,-0.8923844695091248,0.6316842436790466,0.11319902539253235,0.0,0.1709287315607071,0.50101238489151,1.0305713415145874,1.0,1.0952364206314087,0.41257259249687195,0.14776282012462616,0.0,0.05586306378245354,0.44897377490997314,-0.9524063467979431,-1.0,-0.9454807639122009,-0.801150918006897,-0.24588237702846527,0.0,-0.2531295716762543
60.92307692307693,2,2,3,0,False,-0.014206081628799438,-0.0006459787837229669,0.02761874347925186,0.08924489468336105,0.022119782865047455,0.0002797972410917282,0.008437294512987137,-0.023101042956113815,-0.0006459787837229669,-0.02184164710342884,-0.0013090930879116058,1.0523523092269897,-0.0013098138151690364,-0.3400137424468994,0.013607221655547619,2.9113259315490723,0.43898165225982666,1.1035195589065552,1.0,1.0863841772079468,-0.874302864074707,0.7399115562438965,0.8500000834465027,0.7488055229187012,0.691339373588562,-0.9122282862663269,-1.0,-0.8883486986160278,0.6018241047859192,0.109429270029068,0.0,0.17353303730487823,0.4277713894844055,1.0346946716308594,1.0,1.0981006622314453,0.4671351909637451,0.13873156905174255,0.0,0.06078958511352539,0.5037103891372681,-0.947250485420227,-1.0,-0.938472330570221,-0.7907471060752869,-0.24629049003124237,0.0,-0.25185078382492065
61.0,2,2,3,0,False,-0.014312461018562317,-0.0006585432565771043,0.026962213218212128,0.09001467376947403,0.04585796594619751,0.00022253021597862244,0.00810786709189415,-0.023101123049855232,-0.0006585432565771043,-0.023568034172058105,-0.0013010386610403657,1.058674931526184,-0.001301098265685141,-0.3321908712387085,0.013706809841096401,2.9113929271698,0.40586724877357483,1.1015255451202393,1.0,1.086804986000061,-0.8567919731140137,0.7422989010810852,0.8500000834465027,0.7473886609077454,0.6995115876197815,-0.9048268795013428,-1.0,-0.8830564022064209,0.5730373859405518,0.10778089612722397,0.0,0.17525699734687805,0.40619736909866333,1.0399601459503174,1.0,1.097368836402893,0.49700087308883667,0.13831189274787903,0.0,0.07387731224298477,0.5294497013092041,-0.9401043653488159,-1.0,-0.9301850199699402,-0.7823159098625183,-0.2446296662092209,0.0,-0.2492733746767044
61.07692307692308,2,2,3,0,False,-0.014299161732196808,-0.0006678877398371696,0.02642049640417099,0.09032313525676727,0.06317708641290665,0.0005778158083558083,0.008143804967403412,-0.023105109110474586,-0.0006678877398371696,-0.025899767875671387,-0.0013054523151367903,1.0633307695388794,-0.0013347590574994683,-0.3266109228134155,0.013687941245734692,2.911452054977417,0.3788400888442993,1.0991907119750977,1.0,1.0860310792922974,-0.8542144894599915,0.744832456111908,0.8500000834465027,0.7468122839927673,0.6800253987312317,-0.8940791487693787,-1.0,-0.8779354691505432,0.5540990233421326,0.10719199478626251,0.0,0.1753072440624237,0.4435800015926361,1.0447461605072021,1.0,1.095089077949524,0.5355955362319946,0.143353670835495,0.0,0.08971980959177017,0.548445999622345,-0.9321874380111694,-1.0,-0.9218530654907227,-0.7642831206321716,-0.2419351190328598,0.0,-0.2460908740758896
61.15384615384616,2,2,3,0,False,-0.014241628348827362,-0.000686036073602736,0.025974176824092865,0.09053961932659149,0.06938851624727249,0.0006634136661887169,0.008313964121043682,-0.023132333531975746,-0.000686036073602736,-0.02842235565185547,-0.0013137125642970204,1.0661245584487915,-0.0013835306745022535,-0.3228127956390381,0.013615286909043789,2.9115045070648193,0.3655363917350769,1.0961402654647827,1.0,1.0842373371124268,-0.8626917600631714,0.7472320199012756,0.8500000834465027,0.7466471791267395,0.6423461437225342,-0.8819422125816345,-1.0,-0.8742339611053467,0.5448949337005615,0.1069522351026535,0.0,0.17399808764457703,0.518145740032196,1.0485280752182007,1.0,1.0937776565551758,0.5731825232505798,0.15111956000328064,0.0,0.1060616597533226,0.5629928708076477,-0.9244768023490906,-1.0,-0.9141497611999512,-0.745060384273529,-0.238581582903862,0.0,-0.2423456609249115
61.23076923076923,2,2,3,0,False,-0.014157488942146301,-0.0007148110307753086,0.025576837360858917,0.09069374203681946,0.06884230673313141,0.0006360514089465141,0.008570501580834389,-0.023189948871731758,-0.0007148110307753086,-0.031093716621398926,-0.0013207668671384454,1.0670596361160278,-0.0014324444346129894,-0.3200755715370178,0.013505776412785053,2.911550521850586,0.3627718389034271,1.0930389165878296,1.0,1.0819848775863647,-0.8747380375862122,0.749249279499054,0.8500000834465027,0.7465143203735352,0.5977189540863037,-0.8704982995986938,-1.0,-0.8726760745048523,0.5434207916259766,0.10668187588453293,0.0,0.172023743391037,0.5898223519325256,1.0521970987319946,1.0,1.0950586795806885,0.588240385055542,0.15999537706375122,0.0,0.12169534713029861,0.567073404788971,-0.9174984693527222,-1.0,-0.9074158668518066,-0.7393172979354858,-0.23468942940235138,0.0,-0.23822560906410217
61.307692307692314,2,2,3,0,False,-0.014036089181900024,-0.0007449054392054677,0.025183461606502533,0.0905916839838028,0.06259229779243469,0.000555478036403656,0.008957386948168278,-0.02325664460659027,-0.0007449054392054677,-0.03411984443664551,-0.001324904733337462,1.0663996934890747,-0.0014762583887204528,-0.31787529587745667,0.013357376679778099,2.911591053009033,0.3693457543849945,1.0908417701721191,1.0,1.0798410177230835,-0.8854241371154785,0.7505321502685547,0.8500000834465027,0.7462196350097656,0.5534664988517761,-0.8616603016853333,-1.0,-0.873396098613739,0.5461891889572144,0.10627705603837967,0.0,0.17003771662712097,0.6317194700241089,1.0570333003997803,1.0,1.0989631414413452,0.5711458921432495,0.16894647479057312,0.0,0.13522478938102722,0.5607916116714478,-0.9115492105484009,-1.0,-0.901942789554596,-0.7526757121086121,-0.23070737719535828,0.0,-0.2344689667224884
61.38461538461539,2,2,3,0,False,-0.01388288289308548,-0.0007639600662514567,0.024769119918346405,0.09010215103626251,0.050627950578927994,0.00044560525566339493,0.00947275385260582,-0.02330191060900688,-0.0007639600662514567,-0.03765678405761719,-0.0013260567793622613,1.0646229982376099,-0.001512251328676939,-0.3160502314567566,0.013186696916818619,2.9116268157958984,0.3840600848197937,1.090053677558899,1.0,1.078264832496643,-0.8930392265319824,0.7508392930030823,0.8500000834465027,0.7457367777824402,0.5098145604133606,-0.8567473292350769,-1.0,-0.8761265277862549,0.5493013858795166,0.10581433027982712,0.0,0.16843444108963013,0.6446395516395569,1.0636237859725952,1.0,1.1043342351913452,0.524486780166626,0.17696928977966309,0.0,0.14509093761444092,0.5493316650390625,-0.9068393111228943,-1.0,-0.8979209065437317,-0.7763230204582214,-0.22747103869915009,0.0,-0.2320195585489273
61.46153846153847,2,2,3,0,False,-0.013730622828006744,-0.0007651647902093828,0.024332724511623383,0.08930104970932007,0.03395848721265793,0.0002748938277363777,0.010014897212386131,-0.023320844396948814,-0.0007651647902093828,-0.04159986972808838,-0.0013245062436908484,1.0622702836990356,-0.0015367652522400022,-0.3146893382072449,0.013032414950430393,2.9116594791412354,0.40413156151771545,1.090539574623108,1.0,1.0775666236877441,-0.8972496390342712,0.7502152323722839,0.8500000834465027,0.7451327443122864,0.4666684567928314,-0.8562008738517761,-1.0,-0.8804708123207092,0.5524559617042542,0.1054113358259201,0.0,0.16733042895793915,0.6436802744865417,1.0715428590774536,1.0,1.109816312789917,0.45940664410591125,0.18300653994083405,0.0,0.15006622672080994,0.5373576879501343,-0.903457522392273,-1.0,-0.8953424096107483,-0.7983855605125427,-0.22573113441467285,0.0,-0.2313796877861023
61.53846153846154,2,2,3,0,False,-0.013620920479297638,-0.0007499177590943873,0.023887522518634796,0.08842524141073227,0.016213463619351387,6.870832294225693e-05,0.010425690561532974,-0.02334137260913849,-0.0007499177590943873,-0.04559516906738281,-0.0013202691916376352,1.059810757637024,-0.0015458595007658005,-0.3139222264289856,0.012935200706124306,2.911689519882202,0.4257467985153198,1.0917948484420776,1.0,1.077870488166809,-0.8984650373458862,0.7489697337150574,0.8500000834465027,0.744505763053894,0.42835965752601624,-0.8596598505973816,-1.0,-0.8860151171684265,0.556916356086731,0.10513227432966232,0.0,0.16671521961688995,0.639436662197113,1.0797628164291382,1.0,1.1145488023757935,0.3944343626499176,0.18616922199726105,0.0,0.149743914604187,0.5291863679885864,-0.9013370275497437,-1.0,-0.8939915895462036,-0.8119752407073975,-0.22570201754570007,0.0,-0.23236984014511108
61.61538461538462,2,2,3,0,False,-0.013581126928329468,-0.0007242655265145004,0.023449890315532684,0.08771437406539917,0.013899781741201878,0.0,0.010582688264548779,-0.02339671552181244,-0.0007242655265145004,-0.049219727516174316,-0.001313746441155672,1.057580828666687,-0.001537612872198224,-0.31378936767578125,0.012917345389723778,2.911717176437378,0.44544607400894165,1.0933252573013306,1.0,1.0791091918945312,-0.8975991010665894,0.7475229501724243,0.8500000834465027,0.7439432740211487,0.4023767113685608,-0.8662594556808472,-1.0,-0.892244815826416,0.5635771155357361,0.10499156266450882,0.0,0.16658252477645874,0.6337782740592957,1.0872975587844849,1.0,1.1182111501693726,0.34684911370277405,0.1860516518354416,0.0,0.1448681652545929,0.5276075601577759,-0.9002419710159302,-1.0,-0.8934945464134216,-0.8171020746231079,-0.22702263295650482,0.0,-0.2343462109565735
61.69230769230769,2,2,3,0,False,-0.013612747192382812,-0.0006945092463865876,0.02303428202867508,0.08729902654886246,0.026419110596179962,0.0,0.01046892162412405,-0.023501282557845116,-0.0006945092463865876,-0.05217015743255615,-0.0013058421900495887,1.0557912588119507,-0.0015139731112867594,-0.31424129009246826,0.012975146062672138,2.911742687225342,0.4615616202354431,1.0948328971862793,1.0,1.0810649394989014,-0.8950793743133545,0.7462459802627563,0.8500000834465027,0.7435032725334167,0.3905835449695587,-0.874859631061554,-1.0,-0.8985161185264587,0.5711427330970764,0.1050017699599266,0.0,0.1669422686100006,0.62611985206604,1.0935912132263184,1.0,1.120781660079956,0.32188743352890015,0.18294858932495117,0.0,0.13711483776569366,0.5331375598907471,-0.8998051285743713,-1.0,-0.893401026725769,-0.8161417245864868,-0.22904182970523834,0.0,-0.23659750819206238
61.769230769230774,2,2,3,0,False,-0.013696268200874329,-0.0006646378897130489,0.022652365267276764,0.08717862516641617,0.03456583619117737,0.0,0.01016318891197443,-0.023647373542189598,-0.0006646378897130489,-0.054328322410583496,-0.001298008719459176,1.054542899131775,-0.0014800650533288717,-0.3151950240135193,0.013085897080600262,2.9117660522460938,0.473010778427124,1.0961886644363403,1.0,1.0834498405456543,-0.8912352323532104,0.7453754544258118,0.8500000834465027,0.7432185411453247,0.3895966708660126,-0.8842121958732605,-1.0,-0.9041987061500549,0.5768768787384033,0.10518655925989151,0.0,0.16774198412895203,0.6171298027038574,1.0985316038131714,1.0,1.1223489046096802,0.3179876506328583,0.17777042090892792,0.0,0.1284566968679428,0.5442218780517578,-0.899615466594696,-1.0,-0.8932937383651733,-0.8101661205291748,-0.23112837970256805,0.0,-0.23856328427791595
61.84615384615385,2,2,3,0,False,-0.013804137706756592,-0.000637090124655515,0.022313393652439117,0.08727236092090607,0.035736750811338425,0.0,0.009777655825018883,-0.023812903091311455,-0.000637090124655515,-0.05572187900543213,-0.0012916552368551493,1.0538283586502075,-0.0014422510284930468,-0.31656479835510254,0.013219724409282207,2.9117870330810547,0.47891074419021606,1.0973365306854248,1.0,1.0859564542770386,-0.8868969082832336,0.7450045347213745,0.8500000834465027,0.7430995106697083,0.3926386833190918,-0.8931309580802917,-1.0,-0.9088722467422485,0.5783876180648804,0.10555446892976761,0.0,0.16880282759666443,0.6090720891952515,1.1022623777389526,1.0,1.1230642795562744,0.33033329248428345,0.1717151552438736,0.0,0.12061791121959686,0.5583317279815674,-0.8993203639984131,-1.0,-0.8928723335266113,-0.7999252080917358,-0.23280079662799835,0.0,-0.23986169695854187
61.92307692307693,2,2,3,0,False,-0.01391129195690155,-0.0006135933217592537,0.022022508084774017,0.08750251680612564,0.030826210975646973,0.0,0.009406313300132751,-0.02397317811846733,-0.0006135933217592537,-0.05646669864654541,-0.0012876085238531232,1.053540587425232,-0.001406279974617064,-0.3182694911956787,0.013349850662052631,2.9118056297302246,0.4797869622707367,1.098232626914978,1.0,1.0882983207702637,-0.8829877376556396,0.7451096773147583,0.8500000834465027,0.7431317567825317,0.39409664273262024,-0.9006827473640442,-1.0,-0.9124324321746826,0.5749867558479309,0.10606936365365982,0.0,0.16983740031719208,0.604523777961731,1.1050187349319458,1.0,1.123145341873169,0.35353994369506836,0.16591490805149078,0.0,0.11478637903928757,0.5729925036430359,-0.8986934423446655,-1.0,-0.8919944763183594,-0.7863534688949585,-0.23373925685882568,0.0,-0.24026663601398468
62.0,2,2,3,0,False,-0.013999216258525848,-0.0005956623353995383,0.021779991686344147,0.08778715133666992,0.02193809673190117,5.690380930900574e-06,0.00911008846014738,-0.02410631999373436,-0.0005956623353995383,-0.05671513453125954,-0.001285770209506154,1.0534883737564087,-0.0013763773022219539,-0.32022708654403687,0.013456023298203945,2.9118218421936035,0.477043092250824,1.0988517999649048,1.0,1.0902554988861084,-0.8798770308494568,0.745586633682251,0.8500000834465027,0.7432808876037598,0.3909585177898407,-0.9063291549682617,-1.0,-0.91505366563797,0.5681198239326477,0.10664624720811844,0.0,0.17054711282253265,0.605454683303833,1.1070574522018433,1.0,1.122874140739441,0.3817299008369446,0.16120602190494537,0.0,0.11154839396476746,0.5864409804344177,-0.8976539969444275,-1.0,-0.8906619548797607,-0.7708756923675537,-0.23376767337322235,0.0,-0.23968684673309326
62.07692307692308,2,2,3,0,False,-0.014055319130420685,-0.0005841465317644179,0.021580658853054047,0.08806544542312622,0.011533016338944435,1.58604234457016e-05,0.008924460969865322,-0.024200132116675377,-0.0005841465317644179,-0.05663490295410156,-0.001285392208956182,1.053449273109436,-0.0013550125295296311,-0.3223527669906616,0.013524743728339672,2.9118361473083496,0.47276195883750916,1.0992214679718018,1.0,1.0917075872421265,-0.877651035785675,0.7462887167930603,0.8500000834465027,0.7435033321380615,0.38307303190231323,-0.909980297088623,-1.0,-0.9170606136322021,0.560329258441925,0.10718011111021042,0.0,0.1707397997379303,0.6116930842399597,1.1086559295654297,1.0,1.1225605010986328,0.4089999198913574,0.15804626047611237,0.0,0.11093071848154068,0.5971165299415588,-0.8962401747703552,-1.0,-0.8889805674552917,-0.755816638469696,-0.2328420728445053,0.0,-0.238164022564888
62.15384615384616,2,2,3,0,False,-0.014072202146053314,-0.0005785349057987332,0.021414823830127716,0.08827663213014603,0.002456534653902054,1.7979182302951813e-05,0.0088679613545537,-0.02425285056233406,-0.0005785349057987332,-0.05639493465423584,-0.0012855438981205225,1.0532234907150269,-0.0013428577221930027,-0.32456469535827637,0.013548790477216244,2.911848545074463,0.46885204315185547,1.0994232892990112,1.0,1.0926460027694702,-0.8763269186019897,0.7470623254776001,0.8500000834465027,0.7437575459480286,0.37188631296157837,-0.9119396209716797,-1.0,-0.9187869429588318,0.5539165735244751,0.1075877919793129,0.0,0.17039412260055542,0.6211768984794617,1.1100993156433105,1.0,1.1224640607833862,0.43004101514816284,0.15653203427791595,0.0,0.1124972552061081,0.6042540073394775,-0.8945713043212891,-1.0,-0.8871209621429443,-0.7439447045326233,-0.23105698823928833,0.0,-0.23588714003562927
62.23076923076923,2,2,3,0,False,-0.014048740267753601,-0.0005773053271695971,0.02127069979906082,0.08837596327066422,0.0062812273390591145,1.210719347000122e-05,0.0089425565674901,-0.024272283539175987,-0.0005773053271695971,-0.056145310401916504,-0.0012856636894866824,1.0526829957962036,-0.0013393587432801723,-0.32679808139801025,0.013528267852962017,2.9118595123291016,0.46636977791786194,1.0995659828186035,1.0,1.0931544303894043,-0.8758859038352966,0.747775673866272,0.8500000834465027,0.7440081834793091,0.359021931886673,-0.9127653241157532,-1.0,-0.9204829335212708,0.5500388145446777,0.10783430933952332,0.0,0.16964322328567505,0.6311450600624084,1.1116358041763306,1.0,1.122730016708374,0.44116222858428955,0.15646354854106903,0.0,0.11548539251089096,0.607667863368988,-0.8928089141845703,-1.0,-0.8852729797363281,-0.7371199131011963,-0.22865107655525208,0.0,-0.23318320512771606
62.307692307692314,2,2,3,0,False,-0.01399126648902893,-0.0005779204075224698,0.021137230098247528,0.08834556490182877,0.010389226488769054,7.318798452615738e-05,0.009130563586950302,-0.0242717694491148,-0.0005779204075224698,-0.05599355697631836,-0.001285194419324398,1.0517910718917847,-0.0013422697084024549,-0.32900887727737427,0.013471678830683231,2.9118688106536865,0.4657610356807709,1.099736213684082,1.0,1.0933669805526733,-0.876190721988678,0.7483344674110413,0.8500000834465027,0.7442275285720825,0.3454776704311371,-0.9130964875221252,-1.0,-0.9222928285598755,0.5486552715301514,0.1079338863492012,0.0,0.1686987727880478,0.6394122838973999,1.1134166717529297,1.0,1.1233662366867065,0.4414386749267578,0.15743032097816467,0.0,0.1189829558134079,0.607966959476471,-0.8911184072494507,-1.0,-0.883608341217041,-0.7353014945983887,-0.22597290575504303,0.0,-0.23044690489768982
62.38461538461539,2,2,3,0,False,-0.013912573456764221,-0.0005780653445981443,0.02100621908903122,0.08820155262947083,0.01114626508206129,0.00011199153959751129,0.009394806809723377,-0.024265725165605545,-0.0005780653445981443,-0.05598532781004906,-0.0012841011630371213,1.0505958795547485,-0.0013487013056874275,-0.3311765789985657,0.013393890112638474,2.911877393722534,0.4669569432735443,1.0999685525894165,1.0,1.093428373336792,-0.8770854473114014,0.7486928105354309,0.8500000834465027,0.7443972826004028,0.33244752883911133,-0.913500964641571,-1.0,-0.9242687225341797,0.549254298210144,0.10793053358793259,0.0,0.16776922345161438,0.6448131203651428,1.1154619455337524,1.0,1.124269962310791,0.43245595693588257,0.15891171991825104,0.0,0.12212715297937393,0.6062301993370056,-0.8896387815475464,-1.0,-0.8822482824325562,-0.7371242642402649,-0.22339463233947754,0.0,-0.2280324101448059
62.46153846153847,2,2,3,0,False,-0.013828739523887634,-0.0005762692890129983,0.02087334543466568,0.08798950910568237,0.009036236442625523,9.31648537516594e-05,0.009684418328106403,-0.024266386404633522,-0.0005762692890129983,-0.056102633476257324,-0.0012823236174881458,1.049204707145691,-0.0013555358164012432,-0.3332974910736084,0.013312246650457382,2.9118850231170654,0.46955084800720215,1.1002458333969116,1.0,1.09346342086792,-0.8782531023025513,0.7488507628440857,0.8500000834465027,0.7445085644721985,0.3208513557910919,-0.9143755435943604,-1.0,-0.9263889193534851,0.5512242913246155,0.10787537693977356,0.0,0.16701054573059082,0.6472128629684448,1.1176745891571045,1.0,1.1252858638763428,0.4177151322364807,0.16038569808006287,0.0,0.12427759170532227,0.6038063168525696,-0.8884586691856384,-1.0,-0.8812465071678162,-0.7406497001647949,-0.22121568024158478,0.0,-0.2261670082807541
62.53846153846154,2,2,3,0,False,-0.013754487037658691,-0.000571997428778559,0.020737744867801666,0.08776131272315979,0.005300370045006275,6.204936653375626e-05,0.0099479453638196,-0.02428174950182438,-0.000571997428778559,-0.05628025904297829,-0.0012799635296687484,1.047747015953064,-0.0013601486571133137,-0.335377037525177,0.013242178596556187,2.9118919372558594,0.4728771150112152,1.1005198955535889,1.0,1.093558669090271,-0.8793243765830994,0.7488470673561096,0.8500000834465027,0.744562566280365,0.31167253851890564,-0.9159054160118103,-1.0,-0.9285775423049927,0.553907573223114,0.10781233012676239,0.0,0.1665109246969223,0.6470593810081482,1.1198924779891968,1.0,1.1262563467025757,0.40127718448638916,0.1614316701889038,0.0,0.12511801719665527,0.6018621921539307,-0.8876046538352966,-1.0,-0.8805873394012451,-0.744104266166687,-0.21959909796714783,0.0,-0.2249186784029007
62.61538461538462,2,2,3,0,False,-0.013699859380722046,-0.0005654088454321027,0.020601190626621246,0.08756592124700546,0.0030061383731663227,1.695007085800171e-06,0.010146144777536392,-0.02431466616690159,-0.0005654088454321027,-0.0564349889755249,-0.001277164206840098,1.046347737312317,-0.0013609807938337326,-0.3374232351779938,0.013193691149353981,2.911898374557495,0.4761466979980469,1.1007375717163086,1.0,1.0937559604644775,-0.8800477385520935,0.748744547367096,0.8500000834465027,0.7445699572563171,0.30568626523017883,-0.9180718064308167,-1.0,-0.9307238459587097,0.5566374659538269,0.10777195543050766,0.0,0.16629262268543243,0.6450620889663696,1.1219482421875,1.0,1.1270593404769897,0.38656318187713623,0.16180220246315002,0.0,0.12466425448656082,0.6010696291923523,-0.8870456218719482,-1.0,-0.8802009224891663,-0.7462987899780273,-0.21855980157852173,0.0,-0.2242158055305481
62.69230769230769,2,2,3,0,False,-0.013668909668922424,-0.0005572291556745768,0.02046697586774826,0.08744179457426071,0.005559783428907394,0.0,0.010260110720992088,-0.024363523349165916,-0.0005572291556745768,-0.056487441062927246,-0.0012741201790049672,1.0451058149337769,-0.001357630593702197,-0.3394400477409363,0.013170325197279453,2.9119043350219727,0.47880586981773376,1.1008580923080444,1.0,1.0940519571304321,-0.8802808523178101,0.7486110329627991,0.8500000834465027,0.7445479035377502,0.3026118576526642,-0.9206974506378174,-1.0,-0.9327053427696228,0.5588179230690002,0.10777018219232559,0.0,0.1663227081298828,0.6420711874961853,1.1237154006958008,1.0,1.1276259422302246,0.37604793906211853,0.16144467890262604,0.0,0.12319514900445938,0.6017911434173584,-0.8867083191871643,-1.0,-0.8799877762794495,-0.7466203570365906,-0.2179957628250122,0.0,-0.22389760613441467
62.769230769230774,2,2,3,0,False,-0.013660252094268799,-0.0005484759458340704,0.02033870667219162,0.0874035656452179,0.008179975673556328,0.0,0.010292231105268002,-0.02442243881523609,-0.0005484759458340704,-0.05638158321380615,-0.0012711278395727277,1.0440834760665894,-0.0013507682597264647,-0.3414268493652344,0.013169967569410801,2.911909818649292,0.48052677512168884,1.1008573770523071,1.0,1.0944136381149292,-0.8800624012947083,0.7485057711601257,0.8500000834465027,0.7445150017738342,0.30165448784828186,-0.9235125184059143,-1.0,-0.9344210624694824,0.5599679946899414,0.10780951380729675,0.0,0.1665269434452057,0.6389443278312683,1.125128149986267,1.0,1.1279380321502686,0.37079864740371704,0.16047535836696625,0.0,0.12114269286394119,0.6039479970932007,-0.8864996433258057,-1.0,-0.8798433542251587,-0.7449612617492676,-0.21773815155029297,0.0,-0.22376984357833862
62.84615384615385,2,2,3,0,False,-0.013668715953826904,-0.0005400244845077395,0.020219512283802032,0.08744247257709503,0.009282482787966728,0.0,0.0102608110755682,-0.024483270943164825,-0.0005400244845077395,-0.05609213933348656,-0.0012682938249781728,1.043296217918396,-0.001341604394838214,-0.34337764978408813,0.013186576776206493,2.911914587020874,0.4811941981315613,1.1007304191589355,1.0,1.0947928428649902,-0.879519522190094,0.7484690546989441,0.8500000834465027,0.7444872856140137,0.30168166756629944,-0.9262277483940125,-1.0,-0.9358168840408325,0.5598489046096802,0.10788001120090485,0.0,0.16680748760700226,0.6364623308181763,1.1261848211288452,1.0,1.128024935722351,0.3706066608428955,0.1591215282678604,0.0,0.1189723089337349,0.6071491837501526,-0.8863294720649719,-1.0,-0.8796802163124084,-0.7415947914123535,-0.21760189533233643,0.0,-0.22365060448646545
62.92307692307693,2,2,3,0,False,-0.013687118887901306,-0.0005327382241375744,0.020111314952373505,0.08754819631576538,0.008749273605644703,0.0,0.010192569345235825,-0.024538688361644745,-0.0005327382241375744,-0.055623531341552734,-0.0012658057967200875,1.0427221059799194,-0.0013316157273948193,-0.3452841639518738,0.013212284073233604,2.911919116973877,0.4808880090713501,1.100489854812622,1.0,1.0951387882232666,-0.8788290023803711,0.7485175132751465,0.8500000834465027,0.7444745898246765,0.30170077085494995,-0.9285995364189148,-1.0,-0.9368935227394104,0.5585830211639404,0.10796218365430832,0.0,0.16706478595733643,0.6351792216300964,1.1269344091415405,1.0,1.127950668334961,0.37423524260520935,0.15764924883842468,0.0,0.11708018183708191,0.6108026504516602,-0.8861271739006042,-1.0,-0.879441499710083,-0.7371298670768738,-0.21742531657218933,0.0,-0.2234029471874237
63.0,2,2,3,0,False,-0.013708055019378662,-0.0005270991823635995,0.02001466602087021,0.08768715709447861,0.0069538261741399765,0.0,0.010115198791027069,-0.02458224818110466,-0.0005270991823635995,-0.05500352010130882,-0.0012635872699320316,1.042310357093811,-0.0013222149573266506,-0.3471364974975586,0.013239124789834023,2.9119229316711426,0.47985997796058655,1.1001636981964111,1.0,1.0954114198684692,-0.87811279296875,0.7486464977264404,0.8500000834465027,0.7444813251495361,0.3009304404258728,-0.9304748177528381,-1.0,-0.9377017617225647,0.5564741492271423,0.10803119093179703,0.0,0.16721706092357635,0.6353546380996704,1.1274609565734863,1.0,1.1277964115142822,0.37997251749038696,0.15630009770393372,0.0,0.1157270222902298,0.6143022179603577,-0.8858525156974792,-1.0,-0.8791065812110901,-0.7322778105735779,-0.21709616482257843,0.0,-0.22295047342777252
63.07692307692308,2,2,3,0,False,-0.0137251615524292,-0.0005232654511928558,0.01992853730916977,0.08784355968236923,0.004513170570135117,0.0,0.010051889345049858,-0.02461196854710579,-0.0005232654511928558,-0.05427646264433861,-0.001261595287360251,1.0419954061508179,-0.001314338413067162,-0.3489246964454651,0.013260584324598312,2.91192626953125,0.4784657955169678,1.0997883081436157,1.0,1.0955872535705566,-0.8775161504745483,0.7488331198692322,0.8500000834465027,0.7445061206817627,0.2991584837436676,-0.9318108558654785,-1.0,-0.9383201003074646,0.5540956854820251,0.10806409269571304,0.0,0.167217418551445,0.6368038058280945,1.1278636455535889,1.0,1.127644419670105,0.38591212034225464,0.1552431881427765,0.0,0.11501038819551468,0.6171222925186157,-0.8854972124099731,-1.0,-0.8786872625350952,-0.7278991341590881,-0.21656396985054016,0.0,-0.222283735871315
63.15384615384616,2,2,3,0,False,-0.013734236359596252,-0.0005210462841205299,0.019850723445415497,0.08798204362392426,0.0022033266723155975,0.0,0.01001782063394785,-0.024627506732940674,-0.0005210462841205299,-0.05349254608154297,-0.0012596462620422244,1.0417166948318481,-0.0013085751561447978,-0.35063859820365906,0.013272549957036972,2.9119293689727783,0.4770267605781555,1.099402666091919,1.0,1.095661997795105,-0.877113401889801,0.7490453720092773,0.8500000834465027,0.7445437908172607,0.29662880301475525,-0.9326658248901367,-1.0,-0.9388312101364136,0.5519092082977295,0.10804538428783417,0.0,0.16706104576587677,0.639039933681488,1.1282384395599365,1.0,1.1275585889816284,0.39031368494033813,0.1545562893152237,0.0,0.11487365514039993,0.6189699769020081,-0.8850797414779663,-1.0,-0.8782207369804382,-0.724677562713623,-0.21584168076515198,0.0,-0.22145433723926544
63.23076923076923,2,2,3,0,False,-0.013733655214309692,-0.0005200028535909951,0.019778557121753693,0.08809254318475723,0.0014980852138251066,0.0,0.010018661618232727,-0.024632414802908897,-0.0005200028535909951,-0.052698731422424316,-0.0012576674344018102,1.0414286851882935,-0.001304999110288918,-0.35227543115615845,0.013273709453642368,2.9119317531585693,0.47584033012390137,1.0990374088287354,1.0,1.095649003982544,-0.8769662380218506,0.7492506504058838,0.8500000834465027,0.744586706161499,0.29370367527008057,-0.9331685900688171,-1.0,-0.939302384853363,0.5502876043319702,0.10797055065631866,0.0,0.16677938401699066,0.6414700746536255,1.128657341003418,1.0,1.1275736093521118,0.3920438587665558,0.15422500669956207,0.0,0.11514181643724442,0.6197824478149414,-0.8846375346183777,-1.0,-0.8777549862861633,-0.7229784727096558,-0.21499519050121307,0.0,-0.22055506706237793
63.307692307692314,2,2,3,0,False,-0.01372450590133667,-0.0005194635014049709,0.019709251821041107,0.08816365152597427,0.002280273474752903,6.901100277900696e-06,0.010050667449831963,-0.024630805477499962,-0.0005194635014049709,-0.05193006992340088,-0.0012556050205603242,1.041108250617981,-0.0013031724374741316,-0.3538306653499603,0.013265727087855339,2.9119338989257812,0.47506991028785706,1.098710060119629,1.0,1.095572829246521,-0.8770084381103516,0.7494234442710876,0.8500000834465027,0.7446284294128418,0.290351539850235,-0.9334777593612671,-1.0,-0.9397794604301453,0.5492948889732361,0.10784570127725601,0.0,0.1664249151945114,0.6436995267868042,1.1291589736938477,1.0,1.127692461013794,0.39106088876724243,0.15416252613067627,0.0,0.11558175832033157,0.6197757720947266,-0.8842130303382874,-1.0,-0.8773359060287476,-0.7225149273872375,-0.21411971747875214,0.0,-0.2196904718875885
63.38461538461539,2,2,3,0,False,-0.01370994746685028,-0.0005189303192310035,0.01964079588651657,0.08820020407438278,0.0025807679630815983,1.1562369763851166e-05,0.01010265201330185,-0.024627458304166794,-0.0005189303192310035,-0.05120373144745827,-0.001253454014658928,1.0407553911209106,-0.001302374410443008,-0.35530757904052734,0.01325218565762043,2.911936044692993,0.47479498386383057,1.0984241962432861,1.0,1.0954639911651611,-0.8772361874580383,0.7495492696762085,0.8500000834465027,0.7446625828742981,0.28726932406425476,-0.9337434768676758,-1.0,-0.9402827024459839,0.5489531755447388,0.10768433660268784,0.0,0.16605572402477264,0.64527827501297,1.1297457218170166,1.0,1.127893090248108,0.3876691162586212,0.15424048900604248,0.0,0.11596556007862091,0.6192260384559631,-0.8838435411453247,-1.0,-0.8769963979721069,-0.7231020331382751,-0.21331152319908142,0.0,-0.21894970536231995
63.46153846153847,2,2,3,0,False,-0.013694047927856445,-0.000517999695148319,0.019571952521800995,0.08821441233158112,0.002154843881726265,0.0,0.010159986093640327,-0.024626338854432106,-0.000517999695148319,-0.05052018165588379,-0.0012511082459241152,1.0403858423233032,-0.0013017250457778573,-0.3567110300064087,0.013237545266747475,2.911937713623047,0.4749450087547302,1.0981708765029907,1.0,1.0953525304794312,-0.8775581121444702,0.7496266961097717,0.8500000834465027,0.7446848154067993,0.28469371795654297,-0.934077799320221,-1.0,-0.940808892250061,0.5491088032722473,0.1075030192732811,0.0,0.16572214663028717,0.6460850238800049,1.130391240119934,1.0,1.1281368732452393,0.38280513882637024,0.1543249636888504,0.0,0.11612100899219513,0.6185006499290466,-0.8835532069206238,-1.0,-0.8767511248588562,-0.724218487739563,-0.21264559030532837,0.0,-0.21838873624801636
63.53846153846154,2,2,3,0,False,-0.013680517673492432,-0.0005164005560800433,0.019502349197864532,0.08821914345026016,0.0012223932426422834,0.0,0.010209092870354652,-0.024629691615700722,-0.0005164005560800433,-0.04986846446990967,-0.0012486674822866917,1.0400270223617554,-0.001300562871620059,-0.35804635286331177,0.013225788250565529,2.9119393825531006,0.4753836989402771,1.097935438156128,1.0,1.0952613353729248,-0.8778788447380066,0.749664843082428,0.8500000834465027,0.7446938753128052,0.282766729593277,-0.9345393180847168,-1.0,-0.9413378238677979,0.5495423674583435,0.10731780529022217,0.0,0.16545751690864563,0.6461653709411621,1.1310546398162842,1.0,1.1283819675445557,0.37755176424980164,0.15430721640586853,0.0,0.11596090346574783,0.6179195046424866,-0.8833485245704651,-1.0,-0.8765954375267029,-0.725385844707489,-0.2121616005897522,0.0,-0.21802249550819397
63.61538461538462,2,2,3,0,False,-0.013672232627868652,-0.0005142686422914267,0.01943240314722061,0.08822862058877945,0.0002595871628727764,0.0,0.010239193215966225,-0.02463834546506405,-0.0005142686422914267,-0.04923010244965553,-0.0012462495360523462,1.0397034883499146,-0.0012985063949599862,-0.35932159423828125,0.013219683431088924,2.911940813064575,0.4759206175804138,1.0977022647857666,1.0,1.0952026844024658,-0.8781286478042603,0.7496793866157532,0.8500000834465027,0.7446914911270142,0.2817079722881317,-0.9351322054862976,-1.0,-0.9418419003486633,0.5500454306602478,0.10714135318994522,0.0,0.16527481377124786,0.6456722021102905,1.1316925287246704,1.0,1.1285923719406128,0.37285730242729187,0.15412357449531555,0.0,0.11548720300197601,0.6176869869232178,-0.8832208514213562,-1.0,-0.8765104413032532,-0.7262649536132812,-0.21186025440692902,0.0,-0.2178286612033844
63.69230769230769,2,2,3,0,False,-0.013670429587364197,-0.0005117343389429152,0.01936311274766922,0.08825499564409256,0.0010202003177255392,0.0,0.010245468467473984,-0.024651700630784035,-0.0005117343389429152,-0.04858732223510742,-0.001243863138370216,1.0394378900527954,-0.0012953727273270488,-0.36054354906082153,0.013220385648310184,2.91194224357605,0.476399302482605,1.0974589586257935,1.0,1.0951793193817139,-0.8782877326011658,0.7496882081031799,0.8500000834465027,0.7446812987327576,0.2814110517501831,-0.9358161687850952,-1.0,-0.9422914385795593,0.5504680275917053,0.10698189586400986,0.0,0.1651688814163208,0.6448503136634827,1.1322698593139648,1.0,1.1287442445755005,0.36934515833854675,0.1537611335515976,0.0,0.11477266997098923,0.6178871393203735,-0.8831498622894287,-1.0,-0.8764687180519104,-0.7266919016838074,-0.21171115338802338,0.0,-0.21776098012924194
63.769230769230774,2,2,3,0,False,-0.013674892485141754,-0.000509049859829247,0.019295550882816315,0.0883016437292099,0.0017171490471810102,1.3317912817001343e-06,0.010228622704744339,-0.02466786652803421,-0.000509049859829247,-0.047925472259521484,-0.001241611666046083,1.0392414331436157,-0.0012913165846839547,-0.3617183566093445,0.013227544724941254,2.9119436740875244,0.4766865670681,1.0971980094909668,1.0,1.0951849222183228,-0.878296434879303,0.7497076392173767,0.8500000834465027,0.7446675896644592,0.2815272808074951,-0.9365248084068298,-1.0,-0.9426649808883667,0.5505818724632263,0.10684233158826828,0.0,0.16511984169483185,0.6440093517303467,1.132766842842102,1.0,1.1288301944732666,0.3674466907978058,0.15325190126895905,0.0,0.11393345147371292,0.6185224056243896,-0.883109986782074,-1.0,-0.8764412999153137,-0.7264834046363831,-0.21166467666625977,0.0,-0.21776118874549866
63.84615384615385,2,2,3,0,False,-0.013684310019016266,-0.0005064849392510951,0.01923055201768875,0.08836852759122849,0.0019979183562099934,0.0,0.01019354723393917,-0.024684619158506393,-0.0005064849392510951,-0.047238945960998535,-0.0012394529767334461,1.0391136407852173,-0.0012866472825407982,-0.3628500699996948,0.013239556923508644,2.91194486618042,0.47674325108528137,1.0969182252883911,1.0,1.095207691192627,-0.8782081604003906,0.7497482895851135,0.8500000834465027,0.7446547746658325,0.2818707227706909,-0.9371860027313232,-1.0,-0.9429528117179871,0.5503963232040405,0.10672116279602051,0.0,0.16510151326656342,0.6433520913124084,1.1331826448440552,1.0,1.1288564205169678,0.3670054078102112,0.15265686810016632,0.0,0.11309511214494705,0.6194522976875305,-0.8830757737159729,-1.0,-0.8764039874076843,-0.7258046269416809,-0.21166540682315826,0.0,-0.21777507662773132
63.92307692307693,2,2,3,0,False,-0.0136965811252594,-0.0005041652475483716,0.019168905913829803,0.08845088630914688,0.0018848676700145006,0.0,0.010148031637072563,-0.024699822068214417,-0.0005041652475483716,-0.046527501195669174,-0.0012374185025691986,1.0390444993972778,-0.001281718141399324,-0.3639422059059143,0.013254252262413502,2.9119458198547363,0.47657397389411926,1.0966236591339111,1.0,1.095234751701355,-0.8780629634857178,0.749815046787262,0.8500000834465027,0.744645893573761,0.2822040915489197,-0.9377394318580627,-1.0,-0.9431577920913696,0.5499407649040222,0.10661423206329346,0.0,0.16508735716342926,0.6430245637893677,1.1335269212722778,1.0,1.1288392543792725,0.3676847517490387,0.15204763412475586,0.0,0.11236429214477539,0.6205174326896667,-0.8830283284187317,-1.0,-0.8763414621353149,-0.7248335480690002,-0.2116651087999344,0.0,-0.21776165068149567
64.0,2,2,3,0,False,-0.013709619641304016,-0.000502614479046315,0.019110865890979767,0.08854126185178757,0.001547503168694675,0.0,0.010099824517965317,-0.024712009355425835,-0.000502614479046315,-0.04580092430114746,-0.0012358416570350528,1.0390173196792603,-0.0012773380149155855,-0.36499637365341187,0.013269026763737202,2.9119467735290527,0.47623345255851746,1.0963213443756104,1.0,1.0952534675598145,-0.8779082894325256,0.7499056458473206,0.8500000834465027,0.7446419596672058,0.2823446989059448,-0.9381486773490906,-1.0,-0.9432938694953918,0.5493098497390747,0.1065155416727066,0.0,0.16505636274814606,0.6430829763412476,1.1338207721710205,1.0,1.128800392150879,0.3689507842063904,0.1514892429113388,0.0,0.11180950701236725,0.6215396523475647,-0.8829569816589355,-1.0,-0.8762487769126892,-0.7237971425056458,-0.21163028478622437,0.0,-0.2176985740661621
