spacer_mm,leg,pose,spin_deg,gap_mm,collision
0,front_r,neutral,0.0,33.06623909130847,False
0,front_r,neutral,2.0,32.928193200984396,False
0,front_r,neutral,4.0,32.728785427516975,False
0,front_r,neutral,6.0,32.52775150585917,False
0,front_r,neutral,8.0,32.25983051568152,False
0,front_r,neutral,10.0,31.96995364974392,False
0,front_r,neutral,12.0,31.646273070068744,False
0,front_r,neutral,14.0,31.262655504965945,False
0,front_r,neutral,16.0,30.879190702386403,False
0,front_r,neutral,18.0,30.434895619086046,False
0,front_r,neutral,20.0,29.961202654052194,False
0,front_r,neutral,22.0,29.465275319011745,False
0,front_r,neutral,24.0,28.90227394029534,False
0,front_r,neutral,26.0,28.332049668949285,False
0,front_r,neutral,28.0,27.699167442819753,False
0,front_r,neutral,30.0,27.050994394383206,False
0,front_r,neutral,32.0,26.37029590864294,False
0,front_r,neutral,34.0,25.635350833719592,False
0,front_r,neutral,36.0,24.938116439484975,False
0,front_r,neutral,38.0,24.313238377945584,False
0,front_r,neutral,40.0,23.757152231133492,False
0,front_r,neutral,42.0,23.188041560067244,False
0,front_r,neutral,44.0,22.61714632581811,False
0,front_r,neutral,46.0,22.05200292079477,False
0,front_r,neutral,48.0,21.478325361114592,False
0,front_r,neutral,50.0,20.89547267658489,False
0,front_r,neutral,52.0,20.314813247779668,False
0,front_r,neutral,54.0,19.740546667163713,False
0,front_r,neutral,56.0,19.161128884154234,False
0,front_r,neutral,58.0,18.576904845375957,False
0,front_r,neutral,60.0,17.993209304998473,False
0,front_r,neutral,62.0,17.419070325018623,False
0,front_r,neutral,64.0,16.852674426269544,False
0,front_r,neutral,66.0,16.289097653018423,False
0,front_r,neutral,68.0,15.72976650031773,False
0,front_r,neutral,70.0,15.176264757072918,False
0,front_r,neutral,72.0,14.628132259539264,False
0,front_r,neutral,74.0,14.088819648117102,False
0,front_r,neutral,76.0,13.560832335072794,False
0,front_r,neutral,78.0,13.039415539167088,False
0,front_r,neutral,80.0,12.524150592702071,False
0,front_r,neutral,82.0,12.016266515725027,False
0,front_r,neutral,84.0,11.516982812950687,False
0,front_r,neutral,86.0,11.02750595399959,False
0,front_r,neutral,88.0,10.549000156497657,False
0,front_r,neutral,90.0,10.082886178081921,False
0,front_r,neutral,92.0,9.631166491008734,False
0,front_r,neutral,94.0,9.194398164290039,False
0,front_r,neutral,96.0,8.773387654537462,False
0,front_r,neutral,98.0,8.37195077072844,False
0,front_r,neutral,100.0,7.992058704183519,False
0,front_r,neutral,102.0,7.634880042318551,False
0,front_r,neutral,104.0,7.219575692477946,False
0,front_r,neutral,106.0,6.661378492746509,False
0,front_r,neutral,108.0,6.113572510695597,False
0,front_r,neutral,110.0,5.574173959943182,False
0,front_r,neutral,112.0,5.044394638666309,False
0,front_r,neutral,114.0,4.52542766082569,False
0,front_r,neutral,116.0,4.018433964599068,False
0,front_r,neutral,118.0,3.524639697851627,False
0,front_r,neutral,120.0,3.0456649404930793,False
0,front_r,neutral,122.0,2.582009632589301,False
0,front_r,neutral,124.0,2.134460734872517,False
0,front_r,neutral,126.0,1.7231103191724237,False
0,front_r,neutral,128.0,1.3337977821009581,False
0,front_r,neutral,130.0,0.9623835625122282,False
0,front_r,neutral,132.0,0.609788860726202,False
0,front_r,neutral,134.0,0.27690847231804205,False
0,front_r,neutral,136.0,0.0,True
0,front_r,neutral,138.0,0.0,True
0,front_r,neutral,140.0,0.0,True
0,front_r,neutral,142.0,0.0,True
0,front_r,neutral,144.0,0.0,True
0,front_r,neutral,146.0,0.0,True
0,front_r,neutral,148.0,0.0,True
0,front_r,neutral,150.0,0.0,True
0,front_r,neutral,152.0,0.0,True
0,front_r,neutral,154.0,0.0,True
0,front_r,neutral,156.0,0.0,True
0,front_r,neutral,158.0,0.0,True
0,front_r,neutral,160.0,0.0,True
0,front_r,neutral,162.0,0.0,True
0,front_r,neutral,164.0,0.0,True
0,front_r,neutral,166.0,0.0,True
0,front_r,neutral,168.0,0.0,True
0,front_r,neutral,170.0,0.0,True
0,front_r,neutral,172.0,0.0,True
0,front_r,neutral,174.0,0.0,True
0,front_r,neutral,176.0,0.0,True
0,front_r,neutral,178.0,0.0,True
0,front_r,neutral,180.0,0.0,True
0,front_r,neutral,182.0,0.0,True
0,front_r,neutral,184.0,0.0,True
0,front_r,neutral,186.0,0.0,True
0,front_r,neutral,188.0,0.0,True
0,front_r,neutral,190.0,0.0,True
0,front_r,neutral,192.0,0.0,True
0,front_r,neutral,194.0,0.0,True
0,front_r,neutral,196.0,0.0,True
0,front_r,neutral,198.0,0.0,True
0,front_r,neutral,200.0,0.0,True
0,front_r,neutral,202.0,0.0,True
0,front_r,neutral,204.0,0.0,True
0,front_r,neutral,206.0,0.0,True
0,front_r,neutral,208.0,0.0,True
0,front_r,neutral,210.0,0.0,True
0,front_r,neutral,212.0,0.0,True
0,front_r,neutral,214.0,0.0,True
0,front_r,neutral,216.0,0.0,True
0,front_r,neutral,218.0,0.3076081934881744,False
0,front_r,neutral,220.0,0.8279195206141077,False
0,front_r,neutral,222.0,1.3594859617441455,False
0,front_r,neutral,224.0,1.9011337321291588,False
0,front_r,neutral,226.0,2.4530446034620983,False
0,front_r,neutral,228.0,3.015204993790323,False
0,front_r,neutral,230.0,3.5856170781779553,False
0,front_r,neutral,232.0,4.162463478339692,False
0,front_r,neutral,234.0,4.744436697996881,False
0,front_r,neutral,236.0,5.330210921357513,False
0,front_r,neutral,238.0,5.918439924758304,False
0,front_r,neutral,240.0,6.5077581869888075,False
0,front_r,neutral,242.0,7.097215676510431,False
0,front_r,neutral,244.0,7.685703085847883,False
0,front_r,neutral,246.0,8.28439756542195,False
0,front_r,neutral,248.0,8.88491947377557,False
0,front_r,neutral,250.0,9.480666743258984,False
0,front_r,neutral,252.0,10.070256371403149,False
0,front_r,neutral,254.0,10.652309619753472,False
0,front_r,neutral,256.0,11.126900547229953,False
0,front_r,neutral,258.0,11.497023121498241,False
0,front_r,neutral,260.0,11.883837824274991,False
0,front_r,neutral,262.0,12.286346492495225,False
0,front_r,neutral,264.0,12.703603300914587,False
0,front_r,neutral,266.0,13.134704392491663,False
0,front_r,neutral,268.0,13.578787876405348,False
0,front_r,neutral,270.0,14.035033957183366,False
0,front_r,neutral,272.0,14.502666307033188,False
0,front_r,neutral,274.0,14.980935394219324,False
0,front_r,neutral,276.0,15.469136705440494,False
0,front_r,neutral,278.0,15.966596328373845,False
0,front_r,neutral,280.0,16.472666881354336,False
0,front_r,neutral,282.0,16.986113956461466,False
0,front_r,neutral,284.0,17.505118561332054,False
0,front_r,neutral,286.0,18.028546786103732,False
0,front_r,neutral,288.0,18.555254465624543,False
0,front_r,neutral,290.0,19.084080512519563,False
0,front_r,neutral,292.0,19.61403682139385,False
0,front_r,neutral,294.0,20.147176996826946,False
0,front_r,neutral,296.0,20.68405374179517,False
0,front_r,neutral,298.0,21.225286703827457,False
0,front_r,neutral,300.0,21.765754630690434,False
0,front_r,neutral,302.0,22.302505608774403,False
0,front_r,neutral,304.0,22.834358057378264,False
0,front_r,neutral,306.0,23.36492188793462,False
0,front_r,neutral,308.0,23.899815960757874,False
0,front_r,neutral,310.0,24.43277114458501,False
0,front_r,neutral,312.0,24.957289128828755,False
0,front_r,neutral,314.0,25.472854313024946,False
0,front_r,neutral,316.0,26.0497513811253,False
0,front_r,neutral,318.0,26.702314625998707,False
0,front_r,neutral,320.0,27.39932497917599,False
0,front_r,neutral,322.0,28.031809439902613,False
0,front_r,neutral,324.0,28.644946266666558,False
0,front_r,neutral,326.0,29.22012188621852,False
0,front_r,neutral,328.0,29.745630260339787,False
0,front_r,neutral,330.0,30.253038233496994,False
0,front_r,neutral,332.0,30.69361684504938,False
0,front_r,neutral,334.0,31.12849895345325,False
0,front_r,neutral,336.0,31.489014498040763,False
0,front_r,neutral,338.0,31.84617521202504,False
0,front_r,neutral,340.0,32.13523099402325,False
0,front_r,neutral,342.0,32.40909445909158,False
0,front_r,neutral,344.0,32.642131003930416,False
0,front_r,neutral,346.0,32.82593465217568,False
0,front_r,neutral,348.0,33.00261798652518,False
0,front_r,neutral,350.0,33.110605611363525,False
0,front_r,neutral,352.0,33.21416329967378,False
0,front_r,neutral,354.0,33.257266001497776,False
0,front_r,neutral,356.0,33.24756331641802,False
0,front_r,neutral,358.0,33.16916139867903,False
0,front_r,neutral,360.0,33.06623909130846,False
16,front_r,neutral,0.0,38.39036026691952,False
16,front_r,neutral,2.0,38.29835418228144,False
16,front_r,neutral,4.0,38.20472689001666,False
16,front_r,neutral,6.0,38.056633093520176,False
16,front_r,neutral,8.0,37.873757288428315,False
16,front_r,neutral,10.0,37.673792386933314,False
16,front_r,neutral,12.0,37.405236233760796,False
16,front_r,neutral,14.0,37.132015464617695,False
16,front_r,neutral,16.0,36.79747764120368,False
16,front_r,neutral,18.0,36.44662690067362,False
16,front_r,neutral,20.0,36.06250787102934,False
16,front_r,neutral,22.0,35.626363915184015,False
16,front_r,neutral,24.0,35.19091924218482,False
16,front_r,neutral,26.0,34.69876876837912,False
16,front_r,neutral,28.0,34.18743956420936,False
16,front_r,neutral,30.0,33.650829413070554,False
16,front_r,neutral,32.0,33.063109644816564,False
16,front_r,neutral,34.0,32.47981825119106,False
16,front_r,neutral,36.0,31.847373016975933,False
16,front_r,neutral,38.0,31.196095750702113,False
16,front_r,neutral,40.0,30.611808454141716,False
16,front_r,neutral,42.0,30.10321425437412,False
16,front_r,neutral,44.0,29.618185281034155,False
16,front_r,neutral,46.0,29.1367958698151,False
16,front_r,neutral,48.0,28.6438392621628,False
16,front_r,neutral,50.0,28.14797265464097,False
16,front_r,neutral,52.0,27.659980763436764,False
16,front_r,neutral,54.0,27.165414888079923,False
16,front_r,neutral,56.0,26.663561801554373,False
16,front_r,neutral,58.0,26.168800860311322,False
16,front_r,neutral,60.0,25.677106683190676,False
16,front_r,neutral,62.0,25.181626078600004,False
16,front_r,neutral,64.0,24.68889614144635,False
16,front_r,neutral,66.0,24.204848515116687,False
16,front_r,neutral,68.0,23.73324969461162,False
16,front_r,neutral,70.0,23.270417656753757,False
16,front_r,neutral,72.0,22.814948357885875,False
16,front_r,neutral,74.0,22.36771684252691,False
16,front_r,neutral,76.0,21.92299511188163,False
16,front_r,neutral,78.0,21.48710169271357,False
16,front_r,neutral,80.0,21.060934013099025,False
16,front_r,neutral,82.0,20.63738627197383,False
16,front_r,neutral,84.0,20.216619921960934,False
16,front_r,neutral,86.0,19.800102845019225,False
16,front_r,neutral,88.0,19.395288790388506,False
16,front_r,neutral,90.0,19.006784841720354,False
16,front_r,neutral,92.0,18.63498284541238,False
16,front_r,neutral,94.0,18.28007999947521,False
16,front_r,neutral,96.0,17.942186429667075,False
16,front_r,neutral,98.0,17.62162579998085,False
16,front_r,neutral,100.0,17.312434781513094,False
16,front_r,neutral,102.0,17.01212074951961,False
16,front_r,neutral,104.0,16.721485141704697,False
16,front_r,neutral,106.0,16.441311213366077,False
16,front_r,neutral,108.0,16.172364213422718,False
16,front_r,neutral,110.0,15.80084541963147,False
16,front_r,neutral,112.0,15.394761887375159,False
16,front_r,neutral,114.0,14.997069384574521,False
16,front_r,neutral,116.0,14.612586167450651,False
16,front_r,neutral,118.0,14.251535722914843,False
16,front_r,neutral,120.0,13.91480656247261,False
16,front_r,neutral,122.0,13.599627432719718,False
16,front_r,neutral,124.0,13.292400318662132,False
16,front_r,neutral,126.0,12.992290417786418,False
16,front_r,neutral,128.0,12.700013889309965,False
16,front_r,neutral,130.0,12.41690990872217,False
16,front_r,neutral,132.0,12.14629885279017,False
16,front_r,neutral,134.0,11.89901364127531,False
16,front_r,neutral,136.0,11.6771145478504,False
16,front_r,neutral,138.0,11.478972921153389,False
16,front_r,neutral,140.0,11.297908240999579,False
16,front_r,neutral,142.0,11.126736478688434,False
16,front_r,neutral,144.0,10.965949150354438,False
16,front_r,neutral,146.0,10.816063383065831,False
16,front_r,neutral,148.0,10.677560557410544,False
16,front_r,neutral,150.0,10.550938197645719,False
16,front_r,neutral,152.0,10.436658544584938,False
16,front_r,neutral,154.0,10.33744658658537,False
16,front_r,neutral,156.0,10.25511982330557,False
16,front_r,neutral,158.0,10.188662292562658,False
16,front_r,neutral,160.0,10.137175881778273,False
16,front_r,neutral,162.0,10.099914760624555,False
16,front_r,neutral,164.0,10.078679572147992,False
16,front_r,neutral,166.0,10.07421987685316,False
16,front_r,neutral,168.0,10.082934388204363,False
16,front_r,neutral,170.0,10.104964487880322,False
16,front_r,neutral,172.0,10.141863998320986,False
16,front_r,neutral,174.0,10.16087806430574,False
16,front_r,neutral,176.0,10.17773049478807,False
16,front_r,neutral,178.0,10.169538843330473,False
16,front_r,neutral,180.0,10.165036292958574,False
16,front_r,neutral,182.0,10.131442591718418,False
16,front_r,neutral,184.0,10.104585251934182,False
16,front_r,neutral,186.0,10.051602153292496,False
16,front_r,neutral,188.0,10.000319862405366,False
16,front_r,neutral,190.0,9.931059352176359,False
16,front_r,neutral,192.0,9.859557894882567,False
16,front_r,neutral,194.0,9.77875543879546,False
16,front_r,neutral,196.0,9.69325858217693,False
16,front_r,neutral,198.0,9.601844367315378,False
16,front_r,neutral,200.0,9.502569858572505,False
16,front_r,neutral,202.0,9.396660075260916,False
16,front_r,neutral,204.0,9.284633336777208,False
16,front_r,neutral,206.0,9.1863576467138,False
16,front_r,neutral,208.0,9.301938862385395,False
16,front_r,neutral,210.0,9.460855646532378,False
16,front_r,neutral,212.0,9.632677658515625,False
16,front_r,neutral,214.0,9.82249045797996,False
16,front_r,neutral,216.0,10.028878899441091,False
16,front_r,neutral,218.0,10.247837283486223,False
16,front_r,neutral,220.0,10.479291667367068,False
16,front_r,neutral,222.0,10.728921047434184,False
16,front_r,neutral,224.0,11.002957706951348,False
16,front_r,neutral,226.0,11.300870620249443,False
16,front_r,neutral,228.0,11.621860434465077,False
16,front_r,neutral,230.0,11.964891047426043,False
16,front_r,neutral,232.0,12.328722713059085,False
16,front_r,neutral,234.0,12.709260102079801,False
16,front_r,neutral,236.0,13.100871731823242,False
16,front_r,neutral,238.0,13.50282028009714,False
16,front_r,neutral,240.0,13.914411872817192,False
16,front_r,neutral,242.0,14.33489812392847,False
16,front_r,neutral,244.0,14.765970309691971,False
16,front_r,neutral,246.0,15.209159181283326,False
16,front_r,neutral,248.0,15.662251385134766,False
16,front_r,neutral,250.0,16.115122498841213,False
16,front_r,neutral,252.0,16.576879096197985,False
16,front_r,neutral,254.0,17.05041972547729,False
16,front_r,neutral,256.0,17.528692645263504,False
16,front_r,neutral,258.0,18.009765290777775,False
16,front_r,neutral,260.0,18.49185860657818,False
16,front_r,neutral,262.0,18.975448574165803,False
16,front_r,neutral,264.0,19.298082943178446,False
16,front_r,neutral,266.0,19.60690713225847,False
16,front_r,neutral,268.0,19.931277544418045,False
16,front_r,neutral,270.0,20.27070281845674,False
16,front_r,neutral,272.0,20.62462860516984,False
16,front_r,neutral,274.0,20.992436559135847,False
16,front_r,neutral,276.0,21.37344631505685,False
16,front_r,neutral,278.0,21.766920154521646,False
16,front_r,neutral,280.0,22.172060593428736,False
16,front_r,neutral,282.0,22.588017139926603,False
16,front_r,neutral,284.0,23.013892796576318,False
16,front_r,neutral,286.0,23.448743916030544,False
16,front_r,neutral,288.0,23.892187482964637,False
16,front_r,neutral,290.0,24.3452699236064,False
16,front_r,neutral,292.0,24.80692542784901,False
16,front_r,neutral,294.0,25.274757961453457,False
16,front_r,neutral,296.0,25.7479758396195,False
16,front_r,neutral,298.0,26.225862560178633,False
16,front_r,neutral,300.0,26.707557424750537,False
16,front_r,neutral,302.0,27.191107083584697,False
16,front_r,neutral,304.0,27.675204650892493,False
16,front_r,neutral,306.0,28.158701100323697,False
16,front_r,neutral,308.0,28.640936757390488,False
16,front_r,neutral,310.0,29.123222793131305,False
16,front_r,neutral,312.0,29.605223147920906,False
16,front_r,neutral,314.0,30.086369543068248,False
16,front_r,neutral,316.0,30.568874842046654,False
16,front_r,neutral,318.0,31.048130751488138,False
16,front_r,neutral,320.0,31.52051399363264,False
16,front_r,neutral,322.0,32.05392644979433,False
16,front_r,neutral,324.0,32.64346039505228,False
16,front_r,neutral,326.0,33.286650610148484,False
16,front_r,neutral,328.0,33.88013221333735,False
16,front_r,neutral,330.0,34.449638726527134,False
16,front_r,neutral,332.0,34.975823694233526,False
16,front_r,neutral,334.0,35.46663697793337,False
16,front_r,neutral,336.0,35.93456237780683,False
16,front_r,neutral,338.0,36.34549493098623,False
16,front_r,neutral,340.0,36.71703263990282,False
16,front_r,neutral,342.0,37.04896796203135,False
16,front_r,neutral,344.0,37.342625894996694,False
16,front_r,neutral,346.0,37.59250775204166,False
16,front_r,neutral,348.0,37.83269383280623,False
16,front_r,neutral,350.0,38.00982587621013,False
16,front_r,neutral,352.0,38.185170140926935,False
16,front_r,neutral,354.0,38.29078365489422,False
16,front_r,neutral,356.0,38.386396908395604,False
16,front_r,neutral,358.0,38.41592258501701,False
16,front_r,neutral,360.0,38.39036026691953,False
20,front_r,neutral,0.0,40.23179761387326,False
20,front_r,neutral,2.0,40.1889487662328,False
20,front_r,neutral,4.0,40.09363186159733,False
20,front_r,neutral,6.0,39.99347190228856,False
20,front_r,neutral,8.0,39.81582357504946,False
20,front_r,neutral,10.0,39.63006567177419,False
20,front_r,neutral,12.0,39.37705005474081,False
20,front_r,neutral,14.0,39.12120811462582,False
20,front_r,neutral,16.0,38.81134358715113,False
20,front_r,neutral,18.0,38.47480040643999,False
20,front_r,neutral,20.0,38.115870254861605,False
20,front_r,neutral,22.0,37.70312764084124,False
20,front_r,neutral,24.0,37.29218223415142,False
20,front_r,neutral,26.0,36.828636484370115,False
20,front_r,neutral,28.0,36.34553771916816,False
20,front_r,neutral,30.0,35.84269422048253,False
20,front_r,neutral,32.0,35.29050541028608,False
20,front_r,neutral,34.0,34.74184498242662,False
20,front_r,neutral,36.0,34.151817025483695,False
20,front_r,neutral,38.0,33.530911713969395,False
20,front_r,neutral,40.0,32.94801147730884,False
20,front_r,neutral,42.0,32.41338657852458,False
20,front_r,neutral,44.0,31.936172757075276,False
20,front_r,neutral,46.0,31.456436872826462,False
20,front_r,neutral,48.0,30.982779745637078,False
20,front_r,neutral,50.0,30.51479569203957,False
20,front_r,neutral,52.0,30.043854355556828,False
20,front_r,neutral,54.0,29.57107220650323,False
20,front_r,neutral,56.0,29.104262075423634,False
20,front_r,neutral,58.0,28.647670568766944,False
20,front_r,neutral,60.0,28.194111968452063,False
20,front_r,neutral,62.0,27.736409019506556,False
20,front_r,neutral,64.0,27.280261170144378,False
20,front_r,neutral,66.0,26.833425528365453,False
20,front_r,neutral,68.0,26.384754556391535,False
20,front_r,neutral,70.0,25.93260616932952,False
20,front_r,neutral,72.0,25.486281946293854,False
20,front_r,neutral,74.0,25.04968017324966,False
20,front_r,neutral,76.0,24.620925053464248,False
20,front_r,neutral,78.0,24.201857548316468,False
20,front_r,neutral,80.0,23.793645471775264,False
20,front_r,neutral,82.0,23.397377008110205,False
20,front_r,neutral,84.0,23.014060605774894,False
20,front_r,neutral,86.0,22.643658685833625,False
20,front_r,neutral,88.0,22.28472783989464,False
20,front_r,neutral,90.0,21.93346938510629,False
20,front_r,neutral,92.0,21.586717138780223,False
20,front_r,neutral,94.0,21.24530558999133,False
20,front_r,neutral,96.0,20.91038404598372,False
20,front_r,neutral,98.0,20.587012722802346,False
20,front_r,neutral,100.0,20.280215909462264,False
20,front_r,neutral,102.0,19.990666453159363,False
20,front_r,neutral,104.0,19.71853326317857,False
20,front_r,neutral,106.0,19.46393907319226,False
20,front_r,neutral,108.0,19.22697262838394,False
20,front_r,neutral,110.0,18.937304805185907,False
20,front_r,neutral,112.0,18.581103107468596,False
20,front_r,neutral,114.0,18.24197183286359,False
20,front_r,neutral,116.0,17.907537375893718,False
20,front_r,neutral,118.0,17.57716916142517,False
20,front_r,neutral,120.0,17.252326047387953,False
20,front_r,neutral,122.0,16.938155348731147,False
20,front_r,neutral,124.0,16.636930053196874,False
20,front_r,neutral,126.0,16.357291326841867,False
20,front_r,neutral,128.0,16.099857026633657,False
20,front_r,neutral,130.0,15.864513069480113,False
20,front_r,neutral,132.0,15.64816423053163,False
20,front_r,neutral,134.0,15.440185434447534,False
20,front_r,neutral,136.0,15.239826731477525,False
20,front_r,neutral,138.0,15.047619070051994,False
20,front_r,neutral,140.0,14.864085310923407,False
20,front_r,neutral,142.0,14.690095711870871,False
20,front_r,neutral,144.0,14.532540773935791,False
20,front_r,neutral,146.0,14.39315338985757,False
20,front_r,neutral,148.0,14.270865615118836,False
20,front_r,neutral,150.0,14.164865714491704,False
20,front_r,neutral,152.0,14.077108509932222,False
20,front_r,neutral,154.0,14.003365706002246,False
20,front_r,neutral,156.0,13.93972803205493,False
20,front_r,neutral,158.0,13.885875198085973,False
20,front_r,neutral,160.0,13.842127023869685,False
20,front_r,neutral,162.0,13.80879241647821,False
20,front_r,neutral,164.0,13.786169583831345,False
20,front_r,neutral,166.0,13.774546152267366,False
20,front_r,neutral,168.0,13.774196333771789,False
20,front_r,neutral,170.0,13.785702143801556,False
20,front_r,neutral,172.0,13.811965309338136,False
20,front_r,neutral,174.0,13.845418061551559,False
20,front_r,neutral,176.0,13.856928427179474,False
20,front_r,neutral,178.0,13.861998910191122,False
20,front_r,neutral,180.0,13.855760181315846,False
20,front_r,neutral,182.0,13.83591604123173,False
20,front_r,neutral,184.0,13.812495949592034,False
20,front_r,neutral,186.0,13.77073248608677,False
20,front_r,neutral,188.0,13.730721121873193,False
20,front_r,neutral,190.0,13.669558147343265,False
20,front_r,neutral,192.0,13.61355656650293,False
20,front_r,neutral,194.0,13.535243300245407,False
20,front_r,neutral,196.0,13.463722451033986,False
20,front_r,neutral,198.0,13.370027859649845,False
20,front_r,neutral,200.0,13.283595649422914,False
20,front_r,neutral,202.0,13.175739034108318,False
20,front_r,neutral,204.0,13.076101660959662,False
20,front_r,neutral,206.0,12.965281962647184,False
20,front_r,neutral,208.0,13.039679432245633,False
20,front_r,neutral,210.0,13.154823499462115,False
20,front_r,neutral,212.0,13.286432501863656,False
20,front_r,neutral,214.0,13.43549808493667,False
20,front_r,neutral,216.0,13.602873324752819,False
20,front_r,neutral,218.0,13.789252843666,False
20,front_r,neutral,220.0,13.995153602638235,False
20,front_r,neutral,222.0,14.216666911064857,False
20,front_r,neutral,224.0,14.451005191623914,False
20,front_r,neutral,226.0,14.70107098276517,False
20,front_r,neutral,228.0,14.966160987837947,False
20,front_r,neutral,230.0,15.243202292182678,False
20,front_r,neutral,232.0,15.531855560931364,False
20,front_r,neutral,234.0,15.83776627659815,False
20,front_r,neutral,236.0,16.161465645223,False
20,front_r,neutral,238.0,16.501858711793805,False
20,front_r,neutral,240.0,16.8598083225302,False
20,front_r,neutral,242.0,17.23800468978089,False
20,front_r,neutral,244.0,17.631257497729436,False
20,front_r,neutral,246.0,18.036960890598447,False
20,front_r,neutral,248.0,18.450757172686064,False
20,front_r,neutral,250.0,18.870332809530787,False
20,front_r,neutral,252.0,19.294799349646805,False
20,front_r,neutral,254.0,19.723220229935198,False
20,front_r,neutral,256.0,20.15461088661796,False
20,front_r,neutral,258.0,20.58819516504026,False
20,front_r,neutral,260.0,21.02431443615895,False
20,front_r,neutral,262.0,21.463866480692683,False
20,front_r,neutral,264.0,21.86306681627014,False
20,front_r,neutral,266.0,22.149969670538365,False
20,front_r,neutral,268.0,22.451775373784557,False
20,front_r,neutral,270.0,22.76795257381592,False
20,front_r,neutral,272.0,23.097939435159617,False
20,front_r,neutral,274.0,23.439865858358523,False
20,front_r,neutral,276.0,23.791640776865425,False
20,front_r,neutral,278.0,24.152879107204626,False
20,front_r,neutral,280.0,24.52482136080067,False
20,front_r,neutral,282.0,24.907660956668185,False
20,front_r,neutral,284.0,25.300697887017353,False
20,front_r,neutral,286.0,25.703218020673784,False
20,front_r,neutral,288.0,26.114495421916175,False
20,front_r,neutral,290.0,26.5338038816789,False
20,front_r,neutral,292.0,26.960403972019495,False
20,front_r,neutral,294.0,27.394625586331124,False
20,front_r,neutral,296.0,27.83517230520907,False
20,front_r,neutral,298.0,28.280316510811012,False
20,front_r,neutral,300.0,28.728968501358978,False
20,front_r,neutral,302.0,29.180028868271695,False
20,front_r,neutral,304.0,29.635836995460348,False
20,front_r,neutral,306.0,30.09852565500177,False
20,front_r,neutral,308.0,30.566407201245084,False
20,front_r,neutral,310.0,31.033651562390055,False
20,front_r,neutral,312.0,31.498630679768407,False
20,front_r,neutral,314.0,31.9617032694626,False
20,front_r,neutral,316.0,32.4289919996501,False
20,front_r,neutral,318.0,32.89903120758484,False
20,front_r,neutral,320.0,33.36570307914949,False
20,front_r,neutral,322.0,33.82617287415032,False
20,front_r,neutral,324.0,34.34644510233002,False
20,front_r,neutral,326.0,34.9340430220985,False
20,front_r,neutral,328.0,35.55943967358344,False
20,front_r,neutral,330.0,36.127879563189914,False
20,front_r,neutral,332.0,36.68303765794822,False
20,front_r,neutral,334.0,37.16249290064412,False
20,front_r,neutral,336.0,37.626081544650376,False
20,front_r,neutral,338.0,38.02288803106021,False
20,front_r,neutral,340.0,38.42035368572801,False
20,front_r,neutral,342.0,38.75811791855398,False
20,front_r,neutral,344.0,39.08457810243959,False
20,front_r,neutral,346.0,39.35732009264684,False
20,front_r,neutral,348.0,39.6052264225941,False
20,front_r,neutral,350.0,39.789623046608234,False
20,front_r,neutral,352.0,39.9583795948058,False
20,front_r,neutral,354.0,40.072218273000495,False
20,front_r,neutral,356.0,40.163094644268824,False
20,front_r,neutral,358.0,40.22482130199826,False
20,front_r,neutral,360.0,40.23179761387325,False
0,front_r,apex,0.0,33.065829789002414,False
0,front_r,apex,2.0,32.93019457718288,False
0,front_r,apex,4.0,32.73131565785164,False
0,front_r,apex,6.0,32.531363533679766,False
0,front_r,apex,8.0,32.26583327238176,False
0,front_r,apex,10.0,31.974912592299237,False
0,front_r,apex,12.0,31.653509377077185,False
0,front_r,apex,14.0,31.27023099245765,False
0,front_r,apex,16.0,30.88725788796071,False
0,front_r,apex,18.0,30.44390910192389,False
0,front_r,apex,20.0,29.969624842955994,False
0,front_r,apex,22.0,29.47456039673754,False
0,front_r,apex,24.0,28.9117354064747,False
0,front_r,apex,26.0,28.3416144541886,False
0,front_r,apex,28.0,27.708606445093825,False
0,front_r,apex,30.0,27.06083790838546,False
0,front_r,apex,32.0,26.380526946232113,False
0,front_r,apex,34.0,25.64502647053059,False
0,front_r,apex,36.0,24.943503070767193,False
0,front_r,apex,38.0,24.314614733661752,False
0,front_r,apex,40.0,23.75635479825858,False
0,front_r,apex,42.0,23.185501768392005,False
0,front_r,apex,44.0,22.61431036803936,False
0,front_r,apex,46.0,22.04795741759278,False
0,front_r,apex,48.0,21.472475502327264,False
0,front_r,apex,50.0,20.888016921857787,False
0,front_r,apex,52.0,20.30674351960854,False
0,front_r,apex,54.0,19.731145471103194,False
0,front_r,apex,56.0,19.15188901201506,False
0,front_r,apex,58.0,18.570579578607106,False
0,front_r,apex,60.0,17.989392306865874,False
0,front_r,apex,62.0,17.416751677537647,False
0,front_r,apex,64.0,16.85354066510129,False
0,front_r,apex,66.0,16.293962625920898,False
0,front_r,apex,68.0,15.738690088250085,False
0,front_r,apex,70.0,15.185823234098804,False
0,front_r,apex,72.0,14.635768951715704,False
0,front_r,apex,74.0,14.09539502348658,False
0,front_r,apex,76.0,13.565849230470779,False
0,front_r,apex,78.0,13.04228731219651,False
0,front_r,apex,80.0,12.524952985268026,False
0,front_r,apex,82.0,12.015079105253754,False
0,front_r,apex,84.0,11.513887666032621,False
0,front_r,apex,86.0,11.022589036254256,False
0,front_r,apex,88.0,10.542349657430808,False
0,front_r,apex,90.0,10.074782936584892,False
0,front_r,apex,92.0,9.621769715293828,False
0,front_r,apex,94.0,9.186216462362003,False
0,front_r,apex,96.0,8.77029677919513,False
0,front_r,apex,98.0,8.375224294875581,False
0,front_r,apex,100.0,8.00082245595372,False
0,front_r,apex,102.0,7.643845628071896,False
0,front_r,apex,104.0,7.228646101940025,False
0,front_r,apex,106.0,6.670684486757266,False
0,front_r,apex,108.0,6.120007449934636,False
0,front_r,apex,110.0,5.577837248079656,False
0,front_r,apex,112.0,5.0453907661616055,False
0,front_r,apex,114.0,4.523865959706299,False
0,front_r,apex,116.0,4.014427617434518,False
0,front_r,apex,118.0,3.5183623528771215,False
0,front_r,apex,120.0,3.037218359650947,False
0,front_r,apex,122.0,2.5718522783105917,False
0,front_r,apex,124.0,2.1409768333217176,False
0,front_r,apex,126.0,1.7322280362489832,False
0,front_r,apex,128.0,1.340554466436252,False
0,front_r,apex,130.0,0.9669360502437726,False
0,front_r,apex,132.0,0.6122958880508349,False
0,front_r,apex,134.0,0.27753021250104914,False
0,front_r,apex,136.0,0.0,True
0,front_r,apex,138.0,0.0,True
0,front_r,apex,140.0,0.0,True
0,front_r,apex,142.0,0.0,True
0,front_r,apex,144.0,0.0,True
0,front_r,apex,146.0,0.0,True
0,front_r,apex,148.0,0.0,True
0,front_r,apex,150.0,0.0,True
0,front_r,apex,152.0,0.0,True
0,front_r,apex,154.0,0.0,True
0,front_r,apex,156.0,0.0,True
0,front_r,apex,158.0,0.0,True
0,front_r,apex,160.0,0.0,True
0,front_r,apex,162.0,0.0,True
0,front_r,apex,164.0,0.0,True
0,front_r,apex,166.0,0.0,True
0,front_r,apex,168.0,0.0,True
0,front_r,apex,170.0,0.0,True
0,front_r,apex,172.0,0.0,True
0,front_r,apex,174.0,0.0,True
0,front_r,apex,176.0,0.0,True
0,front_r,apex,178.0,0.0,True
0,front_r,apex,180.0,0.0,True
0,front_r,apex,182.0,0.0,True
0,front_r,apex,184.0,0.0,True
0,front_r,apex,186.0,0.0,True
0,front_r,apex,188.0,0.0,True
0,front_r,apex,190.0,0.0,True
0,front_r,apex,192.0,0.0,True
0,front_r,apex,194.0,0.0,True
0,front_r,apex,196.0,0.0,True
0,front_r,apex,198.0,0.0,True
0,front_r,apex,200.0,0.0,True
0,front_r,apex,202.0,0.0,True
0,front_r,apex,204.0,0.0,True
0,front_r,apex,206.0,0.0,True
0,front_r,apex,208.0,0.0,True
0,front_r,apex,210.0,0.0,True
0,front_r,apex,212.0,0.0,True
0,front_r,apex,214.0,0.0,True
0,front_r,apex,216.0,0.0,True
0,front_r,apex,218.0,0.3060301229166462,False
0,front_r,apex,220.0,0.8269787015183332,False
0,front_r,apex,222.0,1.3591304376467153,False
0,front_r,apex,224.0,1.9013486486350246,False
0,front_r,apex,226.0,2.454026629809216,False
0,front_r,apex,228.0,3.016974536196089,False
0,front_r,apex,230.0,3.5879260714350285,False
0,front_r,apex,232.0,4.165251294120242,False
0,front_r,apex,234.0,4.747642629063265,False
0,front_r,apex,236.0,5.333774431380734,False
0,front_r,apex,238.0,5.922301172779787,False
0,front_r,apex,240.0,6.511858456386887,False
0,front_r,apex,242.0,7.101068119326572,False
0,front_r,apex,244.0,7.688541747893067,False
0,front_r,apex,246.0,8.280817685880015,False
0,front_r,apex,248.0,8.881353001087223,False
0,front_r,apex,250.0,9.477398374057344,False
0,front_r,apex,252.0,10.067259838110807,False
0,front_r,apex,254.0,10.649548212977066,False
0,front_r,apex,256.0,11.127348197808855,False
0,front_r,apex,258.0,11.497459044316651,False
0,front_r,apex,260.0,11.884302700818317,False
0,front_r,apex,262.0,12.286878279672596,False
0,front_r,apex,264.0,12.704238011349144,False
0,front_r,apex,266.0,13.135476833597881,False
0,front_r,apex,268.0,13.579732359063652,False
0,front_r,apex,270.0,14.036184887056786,False
0,front_r,apex,272.0,14.504058778872995,False
0,front_r,apex,274.0,14.982605663055924,False
0,front_r,apex,276.0,15.471122642635347,False
0,front_r,apex,278.0,15.968937799664843,False
0,front_r,apex,280.0,16.475376715352322,False
0,front_r,apex,282.0,16.988822894136824,False
0,front_r,apex,284.0,17.507799024317812,False
0,front_r,apex,286.0,18.031177856007247,False
0,front_r,apex,288.0,18.55781559077394,False
0,front_r,apex,290.0,19.086552299957102,False
0,front_r,apex,292.0,19.61666740527602,False
0,front_r,apex,294.0,20.150436877675553,False
0,front_r,apex,296.0,20.687997029004695,False
0,front_r,apex,298.0,21.22889598386586,False
0,front_r,apex,300.0,21.76936030249425,False
0,front_r,apex,302.0,22.30612123080509,False
0,front_r,apex,304.0,22.837977613435193,False
0,front_r,apex,306.0,23.36675734669015,False
0,front_r,apex,308.0,23.898738840162984,False
0,front_r,apex,310.0,24.431591981646744,False
0,front_r,apex,312.0,24.956428725083097,False
0,front_r,apex,314.0,25.471749014020546,False
0,front_r,apex,316.0,26.053000827013275,False
0,front_r,apex,318.0,26.704184215824856,False
0,front_r,apex,320.0,27.401653712984345,False
0,front_r,apex,322.0,28.031902922130037,False
0,front_r,apex,324.0,28.645386879320878,False
0,front_r,apex,326.0,29.21724772725259,False
0,front_r,apex,328.0,29.74276932253066,False
0,front_r,apex,330.0,30.251936888911448,False
0,front_r,apex,332.0,30.693107300152437,False
0,front_r,apex,334.0,31.12962584292783,False
0,front_r,apex,336.0,31.491705641792592,False
0,front_r,apex,338.0,31.849938246173508,False
0,front_r,apex,340.0,32.13890267639329,False
0,front_r,apex,342.0,32.4130300963842,False
0,front_r,apex,344.0,32.64177424066762,False
0,front_r,apex,346.0,32.825594839462845,False
0,front_r,apex,348.0,32.9986046308945,False
0,front_r,apex,350.0,33.10491093194525,False
0,front_r,apex,352.0,33.208590575935936,False
0,front_r,apex,354.0,33.25374273767781,False
0,front_r,apex,356.0,33.24541246784977,False
0,front_r,apex,358.0,33.16936511877185,False
0,front_r,apex,360.0,33.06582978900242,False
16,front_r,apex,0.0,38.39882232598181,False
16,front_r,apex,2.0,38.30633622459234,False
16,front_r,apex,4.0,38.2115546973186,False
16,front_r,apex,6.0,38.05953014810657,False
16,front_r,apex,8.0,37.87801770462777,False
16,front_r,apex,10.0,37.673914946028134,False
16,front_r,apex,12.0,37.40408629852067,False
16,front_r,apex,14.0,37.12865775758258,False
16,front_r,apex,16.0,36.79107036883968,False
16,front_r,apex,18.0,36.44215618161574,False
16,front_r,apex,20.0,36.05533448105846,False
16,front_r,apex,22.0,35.61996927335091,False
16,front_r,apex,24.0,35.183730999326905,False
16,front_r,apex,26.0,34.689703788765705,False
16,front_r,apex,28.0,34.18108325067182,False
16,front_r,apex,30.0,33.643072296652015,False
16,front_r,apex,32.0,33.056704543250255,False
16,front_r,apex,34.0,32.474409144377795,False
16,front_r,apex,36.0,31.841667584780048,False
16,front_r,apex,38.0,31.195684307776364,False
16,front_r,apex,40.0,30.618412532592394,False
16,front_r,apex,42.0,30.11348201473977,False
16,front_r,apex,44.0,29.62813758045576,False
16,front_r,apex,46.0,29.14323086855964,False
16,front_r,apex,48.0,28.646027548491627,False
16,front_r,apex,50.0,28.149264414480395,False
16,front_r,apex,52.0,27.658699277013373,False
16,front_r,apex,54.0,27.1598542593419,False
16,front_r,apex,56.0,26.65528831074019,False
16,front_r,apex,58.0,26.159151806752003,False
16,front_r,apex,60.0,25.66634638869792,False
16,front_r,apex,62.0,25.17494458301687,False
16,front_r,apex,64.0,24.686543625602038,False
16,front_r,apex,66.0,24.204824682116143,False
16,front_r,apex,68.0,23.735574813280124,False
16,front_r,apex,70.0,23.27726378817967,False
16,front_r,apex,72.0,22.82620697531638,False
16,front_r,apex,74.0,22.376455811168032,False
16,front_r,apex,76.0,21.927995942613784,False
16,front_r,apex,78.0,21.489901807817105,False
16,front_r,apex,80.0,21.059700181901594,False
16,front_r,apex,82.0,20.631502276591164,False
16,front_r,apex,84.0,20.206170241815023,False
16,front_r,apex,86.0,19.78969491049891,False
16,front_r,apex,88.0,19.38866540319197,False
16,front_r,apex,90.0,19.0042430788947,False
16,front_r,apex,92.0,18.636720516524456,False
16,front_r,apex,94.0,18.286379497976245,False
16,front_r,apex,96.0,17.95335491421013,False
16,front_r,apex,98.0,17.63146102981748,False
16,front_r,apex,100.0,17.317766231355357,False
16,front_r,apex,102.0,17.01309675490389,False
16,front_r,apex,104.0,16.71826440361682,False
16,front_r,apex,106.0,16.434061056255224,False
16,front_r,apex,108.0,16.16134539316072,False
16,front_r,apex,110.0,15.794748683384638,False
16,front_r,apex,112.0,15.384839706796358,False
16,front_r,apex,114.0,14.986342377136268,False
16,front_r,apex,116.0,14.60974504670826,False
16,front_r,apex,118.0,14.25674768359199,False
16,front_r,apex,120.0,13.927118382903236,False
16,front_r,apex,122.0,13.607595108112312,False
16,front_r,apex,124.0,13.294613032673723,False
16,front_r,apex,126.0,12.988904787135843,False
16,front_r,apex,128.0,12.691203608528951,False
16,front_r,apex,130.0,12.404428898131837,False
16,front_r,apex,132.0,12.140045816316583,False
16,front_r,apex,134.0,11.901076627233811,False
16,front_r,apex,136.0,11.686528369246641,False
16,front_r,apex,138.0,11.490887747521697,False
16,front_r,apex,140.0,11.30506050600129,False
16,front_r,apex,142.0,11.12935714296882,False
16,front_r,apex,144.0,10.964317197845732,False
16,front_r,apex,146.0,10.810499573574058,False
16,front_r,apex,148.0,10.66828818829894,False
16,front_r,apex,150.0,10.5384756832562,False
16,front_r,apex,152.0,10.425773127047393,False
16,front_r,apex,154.0,10.330616638060064,False
16,front_r,apex,156.0,10.251871883379897,False
16,front_r,apex,158.0,10.18849915975329,False
16,front_r,apex,160.0,10.13958341344559,False
16,front_r,apex,162.0,10.104730153506571,False
16,front_r,apex,164.0,10.087907615245475,False
16,front_r,apex,166.0,10.084220522502385,False
16,front_r,apex,168.0,10.093213999373228,False
16,front_r,apex,170.0,10.115044136545508,False
16,front_r,apex,172.0,10.15141591821372,False
16,front_r,apex,174.0,10.166806450802447,False
16,front_r,apex,176.0,10.183719580794984,False
16,front_r,apex,178.0,10.173069883089095,False
16,front_r,apex,180.0,10.169236259612525,False
16,front_r,apex,182.0,10.137539554814547,False
16,front_r,apex,184.0,10.108928543681952,False
16,front_r,apex,186.0,10.058674944181632,False
16,front_r,apex,188.0,10.006942349258324,False
16,front_r,apex,190.0,9.941311299557006,False
16,front_r,apex,192.0,9.870823697982136,False
16,front_r,apex,194.0,9.791360402832792,False
16,front_r,apex,196.0,9.70453073229381,False
16,front_r,apex,198.0,9.609362584545455,False
16,front_r,apex,200.0,9.507751627856484,False
16,front_r,apex,202.0,9.397563951024486,False
16,front_r,apex,204.0,9.282522448159284,False
16,front_r,apex,206.0,9.174782143709752,False
16,front_r,apex,208.0,9.292217064603708,False
16,front_r,apex,210.0,9.448469172956642,False
16,front_r,apex,212.0,9.624390847552077,False
16,front_r,apex,214.0,9.815916257896488,False
16,front_r,apex,216.0,10.0268385854264,False
16,front_r,apex,218.0,10.251711067634742,False
16,front_r,apex,220.0,10.489340433696631,False
16,front_r,apex,222.0,10.739629686081706,False
16,front_r,apex,224.0,11.009113612854009,False
16,front_r,apex,226.0,11.302725283205227,False
16,front_r,apex,228.0,11.61969119059863,False
16,front_r,apex,230.0,11.958991553525088,False
16,front_r,apex,232.0,12.319396973355088,False
16,front_r,apex,234.0,12.699508501724592,False
16,front_r,apex,236.0,13.095630454778961,False
16,front_r,apex,238.0,13.502160140536903,False
16,front_r,apex,240.0,13.91823285998526,False
16,front_r,apex,242.0,14.343075570957218,False
16,front_r,apex,244.0,14.775867498274339,False
16,front_r,apex,246.0,15.216773889142443,False
16,front_r,apex,248.0,15.667823716204017,False
16,front_r,apex,250.0,16.12225566564799,False
16,front_r,apex,252.0,16.57694974026609,False
16,front_r,apex,254.0,17.047606216474836,False
16,front_r,apex,256.0,17.5242225678941,False
16,front_r,apex,258.0,18.00387707248678,False
16,front_r,apex,260.0,18.484656600599987,False
16,front_r,apex,262.0,18.968903229643207,False
16,front_r,apex,264.0,19.30365830062363,False
16,front_r,apex,266.0,19.611807818291517,False
16,front_r,apex,268.0,19.9353243537109,False
16,front_r,apex,270.0,20.273916088344155,False
16,front_r,apex,272.0,20.627036839874364,False
16,front_r,apex,274.0,20.994075631217743,False
16,front_r,apex,276.0,21.374358708797295,False
16,front_r,apex,278.0,21.76715453217026,False
16,front_r,apex,280.0,22.171669303867848,False
16,front_r,apex,282.0,22.587057872704662,False
16,front_r,apex,284.0,23.012426472511507,False
16,front_r,apex,286.0,23.44683382523113,False
16,front_r,apex,288.0,23.889295731090517,False
16,front_r,apex,290.0,24.3398072625232,False
16,front_r,apex,292.0,24.799556058892872,False
16,front_r,apex,294.0,25.26813898116145,False
16,front_r,apex,296.0,25.74305819064694,False
16,front_r,apex,298.0,26.22258236732977,False
16,front_r,apex,300.0,26.704943119194855,False
16,front_r,apex,302.0,27.188873817082612,False
16,front_r,apex,304.0,27.67324571056129,False
16,front_r,apex,306.0,28.156996484867484,False
16,front_r,apex,308.0,28.641024185364213,False
16,front_r,apex,310.0,29.125434780548826,False
16,front_r,apex,312.0,29.609642719461,False
16,front_r,apex,314.0,30.093082488179302,False
16,front_r,apex,316.0,30.575194402510594,False
16,front_r,apex,318.0,31.054375955872302,False
16,front_r,apex,320.0,31.52742374137138,False
16,front_r,apex,322.0,32.05739790152447,False
16,front_r,apex,324.0,32.64357299189573,False
16,front_r,apex,326.0,33.28391242660443,False
16,front_r,apex,328.0,33.886278374873946,False
16,front_r,apex,330.0,34.45489997760621,False
16,front_r,apex,332.0,34.97357860021133,False
16,front_r,apex,334.0,35.464645483408916,False
16,front_r,apex,336.0,35.9307703953896,False
16,front_r,apex,338.0,36.341743827160336,False
16,front_r,apex,340.0,36.72310023619547,False
16,front_r,apex,342.0,37.054336240645824,False
16,front_r,apex,344.0,37.3457862338963,False
16,front_r,apex,346.0,37.59597470103773,False
16,front_r,apex,348.0,37.83023865001298,False
16,front_r,apex,350.0,38.0042856301285,False
16,front_r,apex,352.0,38.177744954505684,False
16,front_r,apex,354.0,38.287127743182864,False
16,front_r,apex,356.0,38.38363424536943,False
16,front_r,apex,358.0,38.419195689693986,False
16,front_r,apex,360.0,38.39882232598182,False
20,front_r,apex,0.0,40.22919361739497,False
20,front_r,apex,2.0,40.18154384944418,False
20,front_r,apex,4.0,40.08589285781274,False
20,front_r,apex,6.0,39.98480311928018,False
20,front_r,apex,8.0,39.810810546045325,False
20,front_r,apex,10.0,39.62838073907442,False
20,front_r,apex,12.0,39.37867014253491,False
20,front_r,apex,14.0,39.12239309347224,False
20,front_r,apex,16.0,38.817488746209996,False
20,front_r,apex,18.0,38.47780086329845,False
20,front_r,apex,20.0,38.12319890203886,False
20,front_r,apex,22.0,37.71067252382211,False
20,front_r,apex,24.0,37.29947236055225,False
20,front_r,apex,26.0,36.838702988571725,False
20,front_r,apex,28.0,36.35149849793978,False
20,front_r,apex,30.0,35.85076687241496,False
20,front_r,apex,32.0,35.29792582737149,False
20,front_r,apex,34.0,34.7464428897666,False
20,front_r,apex,36.0,34.15689539897338,False
20,front_r,apex,38.0,33.53156963103434,False
20,front_r,apex,40.0,32.94131117108086,False
20,front_r,apex,42.0,32.40255259234036,False
20,front_r,apex,44.0,31.930214150927867,False
20,front_r,apex,46.0,31.453287581290983,False
20,front_r,apex,48.0,30.980385094029995,False
20,front_r,apex,50.0,30.51506286194573,False
20,front_r,apex,52.0,30.047907203721262,False
20,front_r,apex,54.0,29.578983920679566,False
20,front_r,apex,56.0,29.113726056947723,False
20,front_r,apex,58.0,28.659056584187287,False
20,front_r,apex,60.0,28.2029578843207,False
20,front_r,apex,62.0,27.740240842523473,False
20,front_r,apex,64.0,27.28237228879126,False
20,front_r,apex,66.0,26.83201464389663,False
20,front_r,apex,68.0,26.37820183456646,False
20,front_r,apex,70.0,25.92172455888734,False
20,front_r,apex,72.0,25.474606363361772,False
20,front_r,apex,74.0,25.04043001028662,False
20,front_r,apex,76.0,24.61627461651695,False
20,front_r,apex,78.0,24.201892131572837,False
20,front_r,apex,80.0,23.798438053326255,False
20,front_r,apex,82.0,23.40698965594915,False
20,front_r,apex,84.0,23.025414230394194,False
20,front_r,apex,86.0,22.652351664570514,False
20,front_r,apex,88.0,22.29025065997896,False
20,front_r,apex,90.0,21.93372931063707,False
20,front_r,apex,92.0,21.581815673483938,False
20,front_r,apex,94.0,21.235354243422254,False
20,front_r,apex,96.0,20.89882407984586,False
20,front_r,apex,98.0,20.57912712843237,False
20,front_r,apex,100.0,20.276642792868273,False
20,front_r,apex,102.0,19.99152410138497,False
20,front_r,apex,104.0,19.723924760089325,False
20,front_r,apex,106.0,19.473950928171586,False
20,front_r,apex,108.0,19.23895659040071,False
20,front_r,apex,110.0,18.944080993496105,False
20,front_r,apex,112.0,18.593580591657364,False
20,front_r,apex,114.0,18.249304771633355,False
20,front_r,apex,116.0,17.90844878164858,False
20,front_r,apex,118.0,17.571762217687468,False
20,front_r,apex,120.0,17.242056957348616,False
20,front_r,apex,122.0,16.925764289840394,False
20,front_r,apex,124.0,16.630780785260225,False
20,front_r,apex,126.0,16.358067184375674,False
20,front_r,apex,128.0,16.10771629546048,False
20,front_r,apex,130.0,15.87719674752875,False
20,front_r,apex,132.0,15.656317317507364,False
20,front_r,apex,134.0,15.442738950589593,False
20,front_r,apex,136.0,15.236982480292804,False
20,front_r,apex,138.0,15.039592108856992,False
20,front_r,apex,140.0,14.851459139523328,False
20,front_r,apex,142.0,14.680115443403478,False
20,front_r,apex,144.0,14.527672303605701,False
20,front_r,apex,146.0,14.393104036587143,False
20,front_r,apex,148.0,14.275311470486356,False
20,front_r,apex,150.0,14.175564782349792,False
20,front_r,apex,152.0,14.089775031745798,False
20,front_r,apex,154.0,14.013444132108976,False
20,front_r,apex,156.0,13.94691408440427,False
20,front_r,apex,158.0,13.890524475879003,False
20,front_r,apex,160.0,13.844604674137308,False
20,front_r,apex,162.0,13.809471954456932,False
20,front_r,apex,164.0,13.78543288719682,False
20,front_r,apex,166.0,13.772781999486018,False
20,front_r,apex,168.0,13.771800701062935,False
20,front_r,apex,170.0,13.78275820211549,False
20,front_r,apex,172.0,13.806901398098645,False
20,front_r,apex,174.0,13.843441683661599,False
20,front_r,apex,176.0,13.854619660275645,False
20,front_r,apex,178.0,13.86300436250339,False
20,front_r,apex,180.0,13.855860857902346,False
20,front_r,apex,182.0,13.838128972929722,False
20,front_r,apex,184.0,13.813237641147417,False
20,front_r,apex,186.0,13.77249543166568,False
20,front_r,apex,188.0,13.730454076652979,False
20,front_r,apex,190.0,13.669320998478401,False
20,front_r,apex,192.0,13.610741138292726,False
20,front_r,apex,194.0,13.531412330597977,False
20,front_r,apex,196.0,13.456918958392734,False
20,front_r,apex,198.0,13.361234944441474,False
20,front_r,apex,200.0,13.271459647245058,False
20,front_r,apex,202.0,13.162926512976783,False
20,front_r,apex,204.0,13.066814114599975,False
20,front_r,apex,206.0,12.965766689582921,False
20,front_r,apex,208.0,13.048787319211488,False
20,front_r,apex,210.0,13.160513752837078,False
20,front_r,apex,212.0,13.288647801015724,False
20,front_r,apex,214.0,13.434212555015367,False
20,front_r,apex,216.0,13.59809257131202,False
20,front_r,apex,218.0,13.781013479326521,False
20,front_r,apex,220.0,13.983521641363721,False
20,front_r,apex,222.0,14.2059696538815,False
20,front_r,apex,224.0,14.445072614022562,False
20,front_r,apex,226.0,14.697728418490982,False
20,front_r,apex,228.0,14.965747978753411,False
20,front_r,apex,230.0,15.248330451429776,False
20,front_r,apex,232.0,15.542810539375854,False
20,front_r,apex,234.0,15.84817602619901,False
20,front_r,apex,236.0,16.169081503340568,False
20,front_r,apex,238.0,16.506878470884992,False
20,front_r,apex,240.0,16.860371752373347,False
20,front_r,apex,242.0,17.23223832476523,False
20,front_r,apex,244.0,17.622959624134147,False
20,front_r,apex,246.0,18.026705616941847,False
20,front_r,apex,248.0,18.441639141120216,False
20,front_r,apex,250.0,18.865167467308044,False
20,front_r,apex,252.0,19.293527145716293,False
20,front_r,apex,254.0,19.725623651807666,False
20,front_r,apex,256.0,20.160448938157025,False
20,front_r,apex,258.0,20.596951527921064,False
20,front_r,apex,260.0,21.034036366009598,False
20,front_r,apex,262.0,21.47074573778504,False
20,front_r,apex,264.0,21.855325564326044,False
20,front_r,apex,266.0,22.142669805960814,False
20,front_r,apex,268.0,22.445030336029497,False
20,front_r,apex,270.0,22.761872641773298,False
20,front_r,apex,272.0,23.09263181027629,False
20,front_r,apex,274.0,23.43537914375686,False
20,front_r,apex,276.0,23.78809556239589,False
20,front_r,apex,278.0,24.15040668785338,False
20,front_r,apex,280.0,24.523558438614625,False
20,front_r,apex,282.0,24.907705259916558,False
20,front_r,apex,284.0,25.302145189826415,False
20,front_r,apex,286.0,25.706162415351226,False
20,front_r,apex,288.0,26.11902953998137,False
20,front_r,apex,290.0,26.540019286526668,False
20,front_r,apex,292.0,26.968391314086524,False
20,front_r,apex,294.0,27.403313160012136,False
20,front_r,apex,296.0,27.843680665973586,False
20,front_r,apex,298.0,28.288505831600023,False
20,front_r,apex,300.0,28.73679397256898,False
20,front_r,apex,302.0,29.187537779198102,False
20,front_r,apex,304.0,29.64061310066479,False
20,front_r,apex,306.0,30.099952810283263,False
20,front_r,apex,308.0,30.56575627268426,False
20,front_r,apex,310.0,31.03287743487117,False
20,front_r,apex,312.0,31.49780761978954,False
20,front_r,apex,314.0,31.959521891501232,False
20,front_r,apex,316.0,32.42320732810262,False
20,front_r,apex,318.0,32.8916242480017,False
20,front_r,apex,320.0,33.35843011942995,False
20,front_r,apex,322.0,33.819212488851846,False
20,front_r,apex,324.0,34.344761306623276,False
20,front_r,apex,326.0,34.937468849412305,False
20,front_r,apex,328.0,35.55871904711792,False
20,front_r,apex,330.0,36.12119591981378,False
20,front_r,apex,332.0,36.67761035599829,False
20,front_r,apex,334.0,37.164258804652015,False
20,front_r,apex,336.0,37.633545154031914,False
20,front_r,apex,338.0,38.028050645166736,False
20,front_r,apex,340.0,38.421261236198085,False
20,front_r,apex,342.0,38.7529765783884,False
20,front_r,apex,344.0,39.07909968057155,False
20,front_r,apex,346.0,39.35458227354818,False
20,front_r,apex,348.0,39.6023125500997,False
20,front_r,apex,350.0,39.7953781414165,False
20,front_r,apex,352.0,39.96512493491955,False
20,front_r,apex,354.0,40.07721804711998,False
20,front_r,apex,356.0,40.1688371060462,False
20,front_r,apex,358.0,40.22530128445115,False
20,front_r,apex,360.0,40.22919361739496,False
0,front_l,neutral,0.0,33.018514546203505,False
0,front_l,neutral,2.0,33.120666566783896,False
0,front_l,neutral,4.0,33.22155918984354,False
0,front_l,neutral,6.0,33.25749001563807,False
0,front_l,neutral,8.0,33.24356591182473,False
0,front_l,neutral,10.0,33.157065085479275,False
0,front_l,neutral,12.0,33.05478435715187,False
0,front_l,neutral,14.0,32.90737836175409,False
0,front_l,neutral,16.0,32.70432808551414,False
0,front_l,neutral,18.0,32.498200087656535,False
0,front_l,neutral,20.0,32.22520500458825,False
0,front_l,neutral,22.0,31.930317396146478,False
0,front_l,neutral,24.0,31.595973299706635,False
0,front_l,neutral,26.0,31.201110791866643,False
0,front_l,neutral,28.0,30.796005026531834,False
0,front_l,neutral,30.0,30.31277266251124,False
0,front_l,neutral,32.0,29.825274619965192,False
0,front_l,neutral,34.0,29.267539114465,False
0,front_l,neutral,36.0,28.684388083437884,False
0,front_l,neutral,38.0,28.06608163759983,False
0,front_l,neutral,40.0,27.38659799725791,False
0,front_l,neutral,42.0,26.701010568807423,False
0,front_l,neutral,44.0,25.934103762585313,False
0,front_l,neutral,46.0,25.18846587372571,False
0,front_l,neutral,48.0,24.511371260715297,False
0,front_l,neutral,50.0,23.909787486367932,False
0,front_l,neutral,52.0,23.323957521143306,False
0,front_l,neutral,54.0,22.74131902552865,False
0,front_l,neutral,56.0,22.151409161449195,False
0,front_l,neutral,58.0,21.55188636646547,False
0,front_l,neutral,60.0,20.94741361803962,False
0,front_l,neutral,62.0,20.346178449581576,False
0,front_l,neutral,64.0,19.748146128717522,False
0,front_l,neutral,66.0,19.146748295855662,False
0,front_l,neutral,68.0,18.54153164042284,False
0,front_l,neutral,70.0,17.93403082527457,False
0,front_l,neutral,72.0,17.329525931573983,False
0,front_l,neutral,74.0,16.731271499169964,False
0,front_l,neutral,76.0,16.139554575133758,False
0,front_l,neutral,78.0,15.551320096210553,False
0,front_l,neutral,80.0,14.966475457125435,False
0,front_l,neutral,82.0,14.386455015231398,False
0,front_l,neutral,84.0,13.81266500864656,False
0,front_l,neutral,86.0,13.246478858566702,False
0,front_l,neutral,88.0,12.689253398928978,False
0,front_l,neutral,90.0,12.142825081334044,False
0,front_l,neutral,92.0,11.60858799095383,False
0,front_l,neutral,94.0,11.087339437376302,False
0,front_l,neutral,96.0,10.579888504766446,False
0,front_l,neutral,98.0,10.087121054813057,False
0,front_l,neutral,100.0,9.610042470650491,False
0,front_l,neutral,102.0,9.14970467964645,False
0,front_l,neutral,104.0,8.707258851121754,False
0,front_l,neutral,106.0,8.284009475769617,False
0,front_l,neutral,108.0,7.88135174515197,False
0,front_l,neutral,110.0,7.500692451766319,False
0,front_l,neutral,112.0,6.984873967482443,False
0,front_l,neutral,114.0,6.365127913744077,False
0,front_l,neutral,116.0,5.7569954813149735,False
0,front_l,neutral,118.0,5.161850458493717,False
0,front_l,neutral,120.0,4.581027637093927,False
0,front_l,neutral,122.0,4.015887741740583,False
0,front_l,neutral,124.0,3.469429451129803,False
0,front_l,neutral,126.0,2.9454238963405355,False
0,front_l,neutral,128.0,2.442519419755597,False
0,front_l,neutral,130.0,1.9609612836815957,False
0,front_l,neutral,132.0,1.501690975585802,False
0,front_l,neutral,134.0,1.06563617276798,False
0,front_l,neutral,136.0,0.6536602758151532,False
0,front_l,neutral,138.0,0.26655115368152327,False
0,front_l,neutral,140.0,0.0,True
0,front_l,neutral,142.0,0.0,True
0,front_l,neutral,144.0,0.0,True
0,front_l,neutral,146.0,0.0,True
0,front_l,neutral,148.0,0.0,True
0,front_l,neutral,150.0,0.0,True
0,front_l,neutral,152.0,0.0,True
0,front_l,neutral,154.0,0.0,True
0,front_l,neutral,156.0,0.0,True
0,front_l,neutral,158.0,0.0,True
0,front_l,neutral,160.0,0.0,True
0,front_l,neutral,162.0,0.0,True
0,front_l,neutral,164.0,0.0,True
0,front_l,neutral,166.0,0.0,True
0,front_l,neutral,168.0,0.0,True
0,front_l,neutral,170.0,0.0,True
0,front_l,neutral,172.0,0.0,True
0,front_l,neutral,174.0,0.0,True
0,front_l,neutral,176.0,0.0,True
0,front_l,neutral,178.0,0.0,True
0,front_l,neutral,180.0,0.0,True
0,front_l,neutral,182.0,0.0,True
0,front_l,neutral,184.0,0.0,True
0,front_l,neutral,186.0,0.0,True
0,front_l,neutral,188.0,0.0,True
0,front_l,neutral,190.0,0.0,True
0,front_l,neutral,192.0,0.0,True
0,front_l,neutral,194.0,0.0,True
0,front_l,neutral,196.0,0.0,True
0,front_l,neutral,198.0,0.0,True
0,front_l,neutral,200.0,0.0,True
0,front_l,neutral,202.0,0.0,True
0,front_l,neutral,204.0,0.0,True
0,front_l,neutral,206.0,0.0,True
0,front_l,neutral,208.0,0.0,True
0,front_l,neutral,210.0,0.0,True
0,front_l,neutral,212.0,0.0,True
0,front_l,neutral,214.0,0.0,True
0,front_l,neutral,216.0,0.0,True
0,front_l,neutral,218.0,0.0,True
0,front_l,neutral,220.0,0.0,True
0,front_l,neutral,222.0,0.2897055987489023,False
0,front_l,neutral,224.0,0.7349076503203718,False
0,front_l,neutral,226.0,1.1869542413376888,False
0,front_l,neutral,228.0,1.6448146674897626,False
0,front_l,neutral,230.0,2.1162880361696805,False
0,front_l,neutral,232.0,2.6136397137887797,False
0,front_l,neutral,234.0,3.1145852194555244,False
0,front_l,neutral,236.0,3.6295845363393093,False
0,front_l,neutral,238.0,4.149705996420833,False
0,front_l,neutral,240.0,4.670996006501677,False
0,front_l,neutral,242.0,5.192313374658239,False
0,front_l,neutral,244.0,5.712517957389395,False
0,front_l,neutral,246.0,6.241752253463125,False
0,front_l,neutral,248.0,6.776569240834091,False
0,front_l,neutral,250.0,7.310697167499411,False
0,front_l,neutral,252.0,7.8517126443010365,False
0,front_l,neutral,254.0,8.396983336468802,False
0,front_l,neutral,256.0,8.9535180995601,False
0,front_l,neutral,258.0,9.51160393616174,False
0,front_l,neutral,260.0,10.061725764018286,False
0,front_l,neutral,262.0,10.602707111945554,False
0,front_l,neutral,264.0,11.075459356981503,False
0,front_l,neutral,266.0,11.430386704009022,False
0,front_l,neutral,268.0,11.799756117226318,False
0,front_l,neutral,270.0,12.182915669157707,False
0,front_l,neutral,272.0,12.579281099384557,False
0,front_l,neutral,274.0,12.988319679999625,False
0,front_l,neutral,276.0,13.409290580634432,False
0,front_l,neutral,278.0,13.840753774894562,False
0,front_l,neutral,280.0,14.278162179924218,False
0,front_l,neutral,282.0,14.72251683119469,False
0,front_l,neutral,284.0,15.174669501650701,False
0,front_l,neutral,286.0,15.636074056071509,False
0,front_l,neutral,288.0,16.10767935557005,False
0,front_l,neutral,290.0,16.589150323981997,False
0,front_l,neutral,292.0,17.079330937827116,False
0,front_l,neutral,294.0,17.577417811514895,False
0,front_l,neutral,296.0,18.081071435592687,False
0,front_l,neutral,298.0,18.588381689662558,False
0,front_l,neutral,300.0,19.098818720362715,False
0,front_l,neutral,302.0,19.611133977180543,False
0,front_l,neutral,304.0,20.128157905404013,False
0,front_l,neutral,306.0,20.648265172767974,False
0,front_l,neutral,308.0,21.170677719240334,False
0,front_l,neutral,310.0,21.694841646847923,False
0,front_l,neutral,312.0,22.210028978915407,False
0,front_l,neutral,314.0,22.724910722148135,False
0,front_l,neutral,316.0,23.23959382738425,False
0,front_l,neutral,318.0,23.755810709670172,False
0,front_l,neutral,320.0,24.270006365836778,False
0,front_l,neutral,322.0,24.774796136206625,False
0,front_l,neutral,324.0,25.27221654490024,False
0,front_l,neutral,326.0,25.804629889352377,False
0,front_l,neutral,328.0,26.395198258580102,False
0,front_l,neutral,330.0,27.052760491624614,False
0,front_l,neutral,332.0,27.69700940215482,False
0,front_l,neutral,334.0,28.284456386531428,False
0,front_l,neutral,336.0,28.87433315719324,False
0,front_l,neutral,338.0,29.387543517860287,False
0,front_l,neutral,340.0,29.899616530505604,False
0,front_l,neutral,342.0,30.357252437857277,False
0,front_l,neutral,344.0,30.786888137064107,False
0,front_l,neutral,346.0,31.192552916486477,False
0,front_l,neutral,348.0,31.540262024124065,False
0,front_l,neutral,350.0,31.887906157587693,False
0,front_l,neutral,352.0,32.1708549122767,False
0,front_l,neutral,354.0,32.44089129675268,False
0,front_l,neutral,356.0,32.6676210964898,False
0,front_l,neutral,358.0,32.849403121855886,False
0,front_l,neutral,360.0,33.01851454620349,False
16,front_l,neutral,0.0,38.355702959097975,False
16,front_l,neutral,2.0,38.41353802660337,False
16,front_l,neutral,4.0,38.410582951443196,False
16,front_l,neutral,6.0,38.33253078729004,False
16,front_l,neutral,8.0,38.23817699246084,False
16,front_l,neutral,10.0,38.08468339773554,False
16,front_l,neutral,12.0,37.89758403840846,False
16,front_l,neutral,14.0,37.68536014895592,False
16,front_l,neutral,16.0,37.411745525318956,False
16,front_l,neutral,18.0,37.13755730778628,False
16,front_l,neutral,20.0,36.79590211387466,False
16,front_l,neutral,22.0,36.433842499789826,False
16,front_l,neutral,24.0,35.99505859022978,False
16,front_l,neutral,26.0,35.539566837113895,False
16,front_l,neutral,28.0,35.02597176704016,False
16,front_l,neutral,30.0,34.48255705924392,False
16,front_l,neutral,32.0,33.91386544145179,False
16,front_l,neutral,34.0,33.28161724824484,False
16,front_l,neutral,36.0,32.60048747815902,False
16,front_l,neutral,38.0,31.88640332459814,False
16,front_l,neutral,40.0,31.231311322381995,False
16,front_l,neutral,42.0,30.634853576613178,False
16,front_l,neutral,44.0,30.09927051780847,False
16,front_l,neutral,46.0,29.561666838575263,False
16,front_l,neutral,48.0,29.02233311932337,False
16,front_l,neutral,50.0,28.48182706391176,False
16,front_l,neutral,52.0,27.94075678494353,False
16,front_l,neutral,54.0,27.398702778224653,False
16,front_l,neutral,56.0,26.852883851438467,False
16,front_l,neutral,58.0,26.304444185309116,False
16,front_l,neutral,60.0,25.756194521198847,False
16,front_l,neutral,62.0,25.216328412807282,False
16,front_l,neutral,64.0,24.68532678129227,False
16,front_l,neutral,66.0,24.1573419442949,False
16,front_l,neutral,68.0,23.632798940685788,False
16,front_l,neutral,70.0,23.113168566048266,False
16,front_l,neutral,72.0,22.600622543305953,False
16,front_l,neutral,74.0,22.100005352420663,False
16,front_l,neutral,76.0,21.611732121374605,False
16,front_l,neutral,78.0,21.133375086730197,False
16,front_l,neutral,80.0,20.665337474238534,False
16,front_l,neutral,82.0,20.208515615807404,False
16,front_l,neutral,84.0,19.763795919072468,False
16,front_l,neutral,86.0,19.332087871308893,False
16,front_l,neutral,88.0,18.914260045880713,False
16,front_l,neutral,90.0,18.51116368867776,False
16,front_l,neutral,92.0,18.12366944603845,False
16,front_l,neutral,94.0,17.752582777048634,False
16,front_l,neutral,96.0,17.398615875368044,False
16,front_l,neutral,98.0,17.05869796459277,False
16,front_l,neutral,100.0,16.73143228767269,False
16,front_l,neutral,102.0,16.422660379878174,False
16,front_l,neutral,104.0,16.025884431703645,False
16,front_l,neutral,106.0,15.55025681453088,False
16,front_l,neutral,108.0,15.087470235479,False
16,front_l,neutral,110.0,14.642146912108256,False
16,front_l,neutral,112.0,14.215177796146515,False
16,front_l,neutral,114.0,13.808403175396954,False
16,front_l,neutral,116.0,13.423276041504984,False
16,front_l,neutral,118.0,13.059561843346206,False
16,front_l,neutral,120.0,12.714215449590558,False
16,front_l,neutral,122.0,12.387398459475852,False
16,front_l,neutral,124.0,12.079616079603147,False
16,front_l,neutral,126.0,11.795911256146164,False
16,front_l,neutral,128.0,11.538277426869424,False
16,front_l,neutral,130.0,11.303793848903139,False
16,front_l,neutral,132.0,11.092791089267639,False
16,front_l,neutral,134.0,10.904458695225705,False
16,front_l,neutral,136.0,10.737846843509496,False
16,front_l,neutral,138.0,10.591902417220924,False
16,front_l,neutral,140.0,10.465507465525146,False
16,front_l,neutral,142.0,10.3577218722497,False
16,front_l,neutral,144.0,10.271868654282823,False
16,front_l,neutral,146.0,10.203034273925445,False
16,front_l,neutral,148.0,10.14933911550681,False
16,front_l,neutral,150.0,10.110010188110516,False
16,front_l,neutral,152.0,10.084448944948939,False
16,front_l,neutral,154.0,10.072254013032817,False
16,front_l,neutral,156.0,10.07695784275163,False
16,front_l,neutral,158.0,10.09707192061356,False
16,front_l,neutral,160.0,10.13144104377643,False
16,front_l,neutral,162.0,10.159253302922549,False
16,front_l,neutral,164.0,10.17405632435241,False
16,front_l,neutral,166.0,10.174820861764653,False
16,front_l,neutral,168.0,10.168274013053345,False
16,front_l,neutral,170.0,10.141863166191486,False
16,front_l,neutral,172.0,10.114466856845041,False
16,front_l,neutral,174.0,10.062470141718702,False
16,front_l,neutral,176.0,10.016125744548926,False
16,front_l,neutral,178.0,9.943772366399669,False
16,front_l,neutral,180.0,9.869375095040423,False
16,front_l,neutral,182.0,9.776719155784054,False
16,front_l,neutral,184.0,9.66180997917145,False
16,front_l,neutral,186.0,9.54826893546292,False
16,front_l,neutral,188.0,9.409054196324165,False
16,front_l,neutral,190.0,9.257744856975592,False
16,front_l,neutral,192.0,9.200573607903273,False
16,front_l,neutral,194.0,9.315063832827486,False
16,front_l,neutral,196.0,9.435191258614124,False
16,front_l,neutral,198.0,9.56046331069945,False
16,front_l,neutral,200.0,9.690913199062043,False
16,front_l,neutral,202.0,9.83815255426602,False
16,front_l,neutral,204.0,10.008536681330433,False
16,front_l,neutral,206.0,10.202804061932829,False
16,front_l,neutral,208.0,10.41048071970817,False
16,front_l,neutral,210.0,10.622546855776472,False
16,front_l,neutral,212.0,10.839052412730513,False
16,front_l,neutral,214.0,11.066001336797852,False
16,front_l,neutral,216.0,11.297133190413227,False
16,front_l,neutral,218.0,11.538842099739218,False
16,front_l,neutral,220.0,11.804851116998654,False
16,front_l,neutral,222.0,12.094632110539184,False
16,front_l,neutral,224.0,12.399592059386586,False
16,front_l,neutral,226.0,12.708053449814662,False
16,front_l,neutral,228.0,13.028253951606986,False
16,front_l,neutral,230.0,13.349260482217622,False
16,front_l,neutral,232.0,13.669801353075535,False
16,front_l,neutral,234.0,13.996131680051482,False
16,front_l,neutral,236.0,14.34458717547082,False
16,front_l,neutral,238.0,14.714344884010288,False
16,front_l,neutral,240.0,15.099701316457587,False
16,front_l,neutral,242.0,15.490167174937563,False
16,front_l,neutral,244.0,15.876656880188575,False
16,front_l,neutral,246.0,16.27382863692702,False
16,front_l,neutral,248.0,16.671159180438792,False
16,front_l,neutral,250.0,17.06230677674987,False
16,front_l,neutral,252.0,17.45522579032301,False
16,front_l,neutral,254.0,17.863811420177605,False
16,front_l,neutral,256.0,18.278518604487772,False
16,front_l,neutral,258.0,18.697239973201878,False
16,front_l,neutral,260.0,19.03173588798957,False
16,front_l,neutral,262.0,19.309749748951766,False
16,front_l,neutral,264.0,19.60328585537805,False
16,front_l,neutral,266.0,19.911955925384824,False
16,front_l,neutral,268.0,20.235362548768432,False
16,front_l,neutral,270.0,20.57109200849719,False
16,front_l,neutral,272.0,20.91724380516001,False
16,front_l,neutral,274.0,21.271225368578076,False
16,front_l,neutral,276.0,21.63130994963247,False
16,front_l,neutral,278.0,21.996695872756312,False
16,front_l,neutral,280.0,22.366592838962184,False
16,front_l,neutral,282.0,22.7434898518338,False
16,front_l,neutral,284.0,23.12954107787512,False
16,front_l,neutral,286.0,23.525778780810423,False
16,front_l,neutral,288.0,23.931512380313062,False
16,front_l,neutral,290.0,24.345602978815535,False
16,front_l,neutral,292.0,24.76705504420649,False
16,front_l,neutral,294.0,25.194831266579122,False
16,front_l,neutral,296.0,25.62785749237595,False
16,front_l,neutral,298.0,26.06706158222465,False
16,front_l,neutral,300.0,26.514139557233776,False
16,front_l,neutral,302.0,26.9657028220335,False
16,front_l,neutral,304.0,27.41373097134695,False
16,front_l,neutral,306.0,27.85751301550656,False
16,front_l,neutral,308.0,28.30514276348099,False
16,front_l,neutral,310.0,28.75802463100643,False
16,front_l,neutral,312.0,29.206044007543547,False
16,front_l,neutral,314.0,29.647095636832496,False
16,front_l,neutral,316.0,30.09097606135336,False
16,front_l,neutral,318.0,30.53853457287694,False
16,front_l,neutral,320.0,30.98077969142052,False
16,front_l,neutral,322.0,31.417446495899053,False
16,front_l,neutral,324.0,31.912110937598943,False
16,front_l,neutral,326.0,32.47629194410824,False
16,front_l,neutral,328.0,33.0736134528716,False
16,front_l,neutral,330.0,33.619275814700906,False
16,front_l,neutral,332.0,34.154136842995804,False
16,front_l,neutral,334.0,34.65663896151237,False
16,front_l,neutral,336.0,35.1190712309254,False
16,front_l,neutral,338.0,35.57587545207901,False
16,front_l,neutral,340.0,35.97423873588453,False
16,front_l,neutral,342.0,36.3720205772435,False
16,front_l,neutral,344.0,36.719563426414496,False
16,front_l,neutral,346.0,37.04113641082184,False
16,front_l,neutral,348.0,37.338772551739666,False
16,front_l,neutral,350.0,37.582924837354376,False
16,front_l,neutral,352.0,37.81317744208591,False
16,front_l,neutral,354.0,37.98245192648533,False
16,front_l,neutral,356.0,38.15136701963062,False
16,front_l,neutral,358.0,38.26246563357473,False
16,front_l,neutral,360.0,38.355702959097975,False
20,front_l,neutral,0.0,40.220019706746065,False
20,front_l,neutral,2.0,40.2325993071062,False
20,front_l,neutral,4.0,40.19890663245704,False
20,front_l,neutral,6.0,40.10643066334912,False
20,front_l,neutral,8.0,40.01292247731408,False
20,front_l,neutral,10.0,39.85609689462697,False
20,front_l,neutral,12.0,39.67879475541985,False
20,front_l,neutral,14.0,39.43589841304925,False
20,front_l,neutral,16.0,39.169762865188396,False
20,front_l,neutral,18.0,38.84643704360344,False
20,front_l,neutral,20.0,38.49068569416357,False
20,front_l,neutral,22.0,38.11463757584549,False
20,front_l,neutral,24.0,37.67853650201468,False
20,front_l,neutral,26.0,37.23645168500145,False
20,front_l,neutral,28.0,36.70925927135621,False
20,front_l,neutral,30.0,36.161525419971525,False
20,front_l,neutral,32.0,35.54794383224383,False
20,front_l,neutral,34.0,34.9365347251442,False
20,front_l,neutral,36.0,34.259598510753946,False
20,front_l,neutral,38.0,33.58898781493614,False
20,front_l,neutral,40.0,32.97915565868026,False
20,front_l,neutral,42.0,32.44273525092544,False
20,front_l,neutral,44.0,31.92995322185646,False
20,front_l,neutral,46.0,31.421298597334758,False
20,front_l,neutral,48.0,30.90629848807054,False
20,front_l,neutral,50.0,30.385908192152936,False
20,front_l,neutral,52.0,29.870195648575596,False
20,front_l,neutral,54.0,29.360674224996025,False
20,front_l,neutral,56.0,28.85172600644627,False
20,front_l,neutral,58.0,28.3417622737421,False
20,front_l,neutral,60.0,27.831931912690337,False
20,front_l,neutral,62.0,27.323696026465644,False
20,front_l,neutral,64.0,26.81937169538117,False
20,front_l,neutral,66.0,26.320314303746002,False
20,front_l,neutral,68.0,25.827368168646338,False
20,front_l,neutral,70.0,25.341336184063994,False
20,front_l,neutral,72.0,24.863074485870055,False
20,front_l,neutral,74.0,24.393926662200922,False
20,front_l,neutral,76.0,23.937398007705077,False
20,front_l,neutral,78.0,23.4924129252342,False
20,front_l,neutral,80.0,23.058822985819983,False
20,front_l,neutral,82.0,22.636980046183794,False
20,front_l,neutral,84.0,22.221431352440867,False
20,front_l,neutral,86.0,21.816347334310482,False
20,front_l,neutral,88.0,21.426403975699177,False
20,front_l,neutral,90.0,21.052429198407445,False
20,front_l,neutral,92.0,20.69531308770828,False
20,front_l,neutral,94.0,20.35542142114995,False
20,front_l,neutral,96.0,20.03305143962759,False
20,front_l,neutral,98.0,19.728513142941125,False
20,front_l,neutral,100.0,19.442074083671873,False
20,front_l,neutral,102.0,19.173971629287426,False
20,front_l,neutral,104.0,18.769954596081245,False
20,front_l,neutral,106.0,18.334836453383495,False
20,front_l,neutral,108.0,17.917379473048296,False
20,front_l,neutral,110.0,17.519932106892824,False
20,front_l,neutral,112.0,17.14287370101652,False
20,front_l,neutral,114.0,16.7868638098003,False
20,front_l,neutral,116.0,16.45242773654881,False
20,front_l,neutral,118.0,16.13991402756479,False
20,front_l,neutral,120.0,15.849506292034809,False
20,front_l,neutral,122.0,15.581373019814473,False
20,front_l,neutral,124.0,15.33586089791847,False
20,front_l,neutral,126.0,15.11312828541502,False
20,front_l,neutral,128.0,14.912146034931563,False
20,front_l,neutral,130.0,14.731157667349642,False
20,front_l,neutral,132.0,14.566113080854517,False
20,front_l,neutral,134.0,14.41590916259935,False
20,front_l,neutral,136.0,14.282269856794949,False
20,front_l,neutral,138.0,14.168948753064782,False
20,front_l,neutral,140.0,14.071178101692263,False
20,front_l,neutral,142.0,13.987006513759694,False
20,front_l,neutral,144.0,13.916247617534772,False
20,front_l,neutral,146.0,13.858877158142292,False
20,front_l,neutral,148.0,13.817482129609239,False
20,front_l,neutral,150.0,13.791193142543584,False
20,front_l,neutral,152.0,13.776951690732508,False
20,front_l,neutral,154.0,13.774403629959178,False
20,front_l,neutral,156.0,13.783285339047374,False
20,front_l,neutral,158.0,13.80332313191978,False
20,front_l,neutral,160.0,13.835351463627363,False
20,front_l,neutral,162.0,13.848334712837755,False
20,front_l,neutral,164.0,13.863600578362052,False
20,front_l,neutral,166.0,13.853850499232466,False
20,front_l,neutral,168.0,13.84890278312514,False
20,front_l,neutral,170.0,13.820907204539823,False
20,front_l,neutral,172.0,13.787062825393207,False
20,front_l,neutral,174.0,13.740490503627818,False
20,front_l,neutral,176.0,13.673256630219091,False
20,front_l,neutral,178.0,13.607618580428346,False
20,front_l,neutral,180.0,13.516731809415015,False
20,front_l,neutral,182.0,13.428113239001279,False
20,front_l,neutral,184.0,13.326625288764472,False
20,front_l,neutral,186.0,13.22366140259555,False
20,front_l,neutral,188.0,13.117635490438682,False
20,front_l,neutral,190.0,13.008154079249298,False
20,front_l,neutral,192.0,12.997231503146741,False
20,front_l,neutral,194.0,13.106435689485334,False
20,front_l,neutral,196.0,13.225769580575594,False
20,front_l,neutral,198.0,13.34987803226677,False
20,front_l,neutral,200.0,13.480802906628815,False
20,front_l,neutral,202.0,13.617903471983507,False
20,front_l,neutral,204.0,13.759032122109842,False
20,front_l,neutral,206.0,13.90460790515878,False
20,front_l,neutral,208.0,14.06584249456752,False
20,front_l,neutral,210.0,14.246933063933152,False
20,front_l,neutral,212.0,14.448226899530109,False
20,front_l,neutral,214.0,14.668495282611765,False
20,front_l,neutral,216.0,14.894696907973348,False
20,front_l,neutral,218.0,15.126663035778497,False
20,front_l,neutral,220.0,15.367054322720039,False
20,front_l,neutral,222.0,15.609018946729295,False
20,front_l,neutral,224.0,15.854534774171865,False
20,front_l,neutral,226.0,16.117110685281858,False
20,front_l,neutral,228.0,16.39812540126734,False
20,front_l,neutral,230.0,16.698253740280023,False
20,front_l,neutral,232.0,17.019452672430788,False
20,front_l,neutral,234.0,17.345061550657125,False
20,front_l,neutral,236.0,17.66874758555816,False
20,front_l,neutral,238.0,17.99189663855704,False
20,front_l,neutral,240.0,18.3262593429484,False
20,front_l,neutral,242.0,18.659744308884704,False
20,front_l,neutral,244.0,19.002142853314307,False
20,front_l,neutral,246.0,19.355255566542812,False
20,front_l,neutral,248.0,19.723041464135406,False
20,front_l,neutral,250.0,20.10679263752923,False
20,front_l,neutral,252.0,20.496658334233416,False
20,front_l,neutral,254.0,20.88123279229585,False
20,front_l,neutral,256.0,21.268926240640337,False
20,front_l,neutral,258.0,21.65308721631738,False
20,front_l,neutral,260.0,21.910574467066652,False
20,front_l,neutral,262.0,22.17708501885028,False
20,front_l,neutral,264.0,22.451968883131627,False
20,front_l,neutral,266.0,22.73456405235046,False
20,front_l,neutral,268.0,23.02456795573602,False
20,front_l,neutral,270.0,23.323934035604193,False
20,front_l,neutral,272.0,23.634738616248658,False
20,front_l,neutral,274.0,23.95869981082842,False
20,front_l,neutral,276.0,24.295540996125,False
20,front_l,neutral,278.0,24.644872777500655,False
20,front_l,neutral,280.0,25.00566663759602,False
20,front_l,neutral,282.0,25.377116081729962,False
20,front_l,neutral,284.0,25.758438271581696,False
20,front_l,neutral,286.0,26.146829501942918,False
20,front_l,neutral,288.0,26.53655134807757,False
20,front_l,neutral,290.0,26.931295373550846,False
20,front_l,neutral,292.0,27.334096525677566,False
20,front_l,neutral,294.0,27.74062269702964,False
20,front_l,neutral,296.0,28.145520785504857,False
20,front_l,neutral,298.0,28.549227101522924,False
20,front_l,neutral,300.0,28.959083520164615,False
20,front_l,neutral,302.0,29.376406036753384,False
20,front_l,neutral,304.0,29.79730791417412,False
20,front_l,neutral,306.0,30.21987274531955,False
20,front_l,neutral,308.0,30.64295337396997,False
20,front_l,neutral,310.0,31.068934230108486,False
20,front_l,neutral,312.0,31.50155929528177,False
20,front_l,neutral,314.0,31.937373533555114,False
20,front_l,neutral,316.0,32.37023015134399,False
20,front_l,neutral,318.0,32.79892725651673,False
20,front_l,neutral,320.0,33.22882185998444,False
20,front_l,neutral,322.0,33.68420864451262,False
20,front_l,neutral,324.0,34.18856559662059,False
20,front_l,neutral,326.0,34.73846129876992,False
20,front_l,neutral,328.0,35.298948433905,False
20,front_l,neutral,330.0,35.80869943083001,False
20,front_l,neutral,332.0,36.315641997206924,False
20,front_l,neutral,334.0,36.786662207455414,False
20,front_l,neutral,336.0,37.22485623340684,False
20,front_l,neutral,338.0,37.65469388065971,False
20,front_l,neutral,340.0,38.03023496877873,False
20,front_l,neutral,342.0,38.40730385107945,False
20,front_l,neutral,344.0,38.7285595330497,False
20,front_l,neutral,346.0,39.03944611278855,False
20,front_l,neutral,348.0,39.30927188798714,False
20,front_l,neutral,350.0,39.5459463197913,False
20,front_l,neutral,352.0,39.76076628821745,False
20,front_l,neutral,354.0,39.923263078056905,False
20,front_l,neutral,356.0,40.06004807133203,False
20,front_l,neutral,358.0,40.14877617294023,False
20,front_l,neutral,360.0,40.220019706746065,False
0,front_l,apex,0.0,33.019048495801336,False
0,front_l,apex,2.0,33.12022303338556,False
0,front_l,apex,4.0,33.22032403916886,False
0,front_l,apex,6.0,33.25399357350227,False
0,front_l,apex,8.0,33.23873474531225,False
0,front_l,apex,10.0,33.15182711829665,False
0,front_l,apex,12.0,33.04922651734994,False
0,front_l,apex,14.0,32.90563392104818,False
0,front_l,apex,16.0,32.70364790291504,False
0,front_l,apex,18.0,32.50022751294259,False
0,front_l,apex,20.0,32.22980932589604,False
0,front_l,apex,22.0,31.935152836344237,False
0,front_l,apex,24.0,31.597829965046653,False
0,front_l,apex,26.0,31.202689370345965,False
0,front_l,apex,28.0,30.795484563286664,False
0,front_l,apex,30.0,30.310979103654354,False
0,front_l,apex,32.0,29.82281672455,False
0,front_l,apex,34.0,29.26617345940924,False
0,front_l,apex,36.0,28.68264962749494,False
0,front_l,apex,38.0,28.06893060762926,False
0,front_l,apex,40.0,27.388830921616325,False
0,front_l,apex,42.0,26.701771401719906,False
0,front_l,apex,44.0,25.933883119219203,False
0,front_l,apex,46.0,25.18924438342218,False
0,front_l,apex,48.0,24.513597345177768,False
0,front_l,apex,50.0,23.912335069658457,False
0,front_l,apex,52.0,23.327022381102577,False
0,front_l,apex,54.0,22.743657732770917,False
0,front_l,apex,56.0,22.154008724592266,False
0,front_l,apex,58.0,21.554728955727278,False
0,front_l,apex,60.0,20.949661150302543,False
0,front_l,apex,62.0,20.347589827681592,False
0,front_l,apex,64.0,19.74911236860744,False
0,front_l,apex,66.0,19.147852555831697,False
0,front_l,apex,68.0,18.542753144359246,False
0,front_l,apex,70.0,17.935308559115175,False
0,front_l,apex,72.0,17.330143998833574,False
0,front_l,apex,74.0,16.73130317506922,False
0,front_l,apex,76.0,16.13917816651322,False
0,front_l,apex,78.0,15.550947857944967,False
0,front_l,apex,80.0,14.966085006832676,False
0,front_l,apex,82.0,14.386022055037559,False
0,front_l,apex,84.0,13.812163535050262,False
0,front_l,apex,86.0,13.24588247862257,False
0,front_l,apex,88.0,12.68853492627558,False
0,front_l,apex,90.0,12.141753296711686,False
0,front_l,apex,92.0,11.607171015640015,False
0,front_l,apex,94.0,11.085605426050492,False
0,front_l,apex,96.0,10.577861847669956,False
0,front_l,apex,98.0,10.084822914117272,False
0,front_l,apex,100.0,9.607491458630063,False
0,front_l,apex,102.0,9.146917680493745,False
0,front_l,apex,104.0,8.704252053819108,False
0,front_l,apex,106.0,8.280799731048948,False
0,front_l,apex,108.0,7.8779581041843665,False
0,front_l,apex,110.0,7.4970510651930775,False
0,front_l,apex,112.0,6.9881022222684415,False
0,front_l,apex,114.0,6.368195167517676,False
0,front_l,apex,116.0,5.7598569115512035,False
0,front_l,apex,118.0,5.164461773689791,False
0,front_l,apex,120.0,4.5833449151872,False
0,front_l,apex,122.0,4.018023164781978,False
0,front_l,apex,124.0,3.471599805914079,False
0,front_l,apex,126.0,2.9473460136188674,False
0,front_l,apex,128.0,2.4438331633616075,False
0,front_l,apex,130.0,1.9616347801324057,False
0,front_l,apex,132.0,1.50169705078779,False
0,front_l,apex,134.0,1.0649524798670693,False
0,front_l,apex,136.0,0.6522695132433718,False
0,front_l,apex,138.0,0.2644415302229347,False
0,front_l,apex,140.0,0.0,True
0,front_l,apex,142.0,0.0,True
0,front_l,apex,144.0,0.0,True
0,front_l,apex,146.0,0.0,True
0,front_l,apex,148.0,0.0,True
0,front_l,apex,150.0,0.0,True
0,front_l,apex,152.0,0.0,True
0,front_l,apex,154.0,0.0,True
0,front_l,apex,156.0,0.0,True
0,front_l,apex,158.0,0.0,True
0,front_l,apex,160.0,0.0,True
0,front_l,apex,162.0,0.0,True
0,front_l,apex,164.0,0.0,True
0,front_l,apex,166.0,0.0,True
0,front_l,apex,168.0,0.0,True
0,front_l,apex,170.0,0.0,True
0,front_l,apex,172.0,0.0,True
0,front_l,apex,174.0,0.0,True
0,front_l,apex,176.0,0.0,True
0,front_l,apex,178.0,0.0,True
0,front_l,apex,180.0,0.0,True
0,front_l,apex,182.0,0.0,True
0,front_l,apex,184.0,0.0,True
0,front_l,apex,186.0,0.0,True
0,front_l,apex,188.0,0.0,True
0,front_l,apex,190.0,0.0,True
0,front_l,apex,192.0,0.0,True
0,front_l,apex,194.0,0.0,True
0,front_l,apex,196.0,0.0,True
0,front_l,apex,198.0,0.0,True
0,front_l,apex,200.0,0.0,True
0,front_l,apex,202.0,0.0,True
0,front_l,apex,204.0,0.0,True
0,front_l,apex,206.0,0.0,True
0,front_l,apex,208.0,0.0,True
0,front_l,apex,210.0,0.0,True
0,front_l,apex,212.0,0.0,True
0,front_l,apex,214.0,0.0,True
0,front_l,apex,216.0,0.0,True
0,front_l,apex,218.0,0.0,True
0,front_l,apex,220.0,0.0,True
0,front_l,apex,222.0,0.2904859083224129,False
0,front_l,apex,224.0,0.7384968168297923,False
0,front_l,apex,226.0,1.1934564652345983,False
0,front_l,apex,228.0,1.654328040454409,False
0,front_l,apex,230.0,2.1200695288367,False
0,front_l,apex,232.0,2.603196548562741,False
0,front_l,apex,234.0,3.106636248736843,False
0,front_l,apex,236.0,3.6238758942710603,False
0,front_l,apex,238.0,4.146538607386968,False
0,front_l,apex,240.0,4.67043480948443,False
0,front_l,apex,242.0,5.194417320765259,False
0,front_l,apex,244.0,5.717339701785307,False
0,front_l,apex,246.0,6.2481980320620325,False
0,front_l,apex,248.0,6.785759148994895,False
0,front_l,apex,250.0,7.319835332001918,False
0,front_l,apex,252.0,7.851995033024249,False
0,front_l,apex,254.0,8.389227439419214,False
0,front_l,apex,256.0,8.94376879780857,False
0,front_l,apex,258.0,9.502881054438324,False
0,front_l,apex,260.0,10.05510108821641,False
0,front_l,apex,262.0,10.598199860351878,False
0,front_l,apex,264.0,11.067319708263682,False
0,front_l,apex,266.0,11.423429586141566,False
0,front_l,apex,268.0,11.79400253916968,False
0,front_l,apex,270.0,12.178377436172266,False
0,front_l,apex,272.0,12.57596152602373,False
0,front_l,apex,274.0,12.986214244847075,False
0,front_l,apex,276.0,13.40857431824542,False
0,front_l,apex,278.0,13.841647249474805,False
0,front_l,apex,280.0,14.282897783676328,False
0,front_l,apex,282.0,14.728998572046994,False
0,front_l,apex,284.0,15.182761179996277,False
0,front_l,apex,286.0,15.645210085662429,False
0,front_l,apex,288.0,16.117111993638485,False
0,front_l,apex,290.0,16.597557741664,False
0,front_l,apex,292.0,17.085490888799963,False
0,front_l,apex,294.0,17.579752321021772,False
0,front_l,apex,296.0,18.079605442037906,False
0,front_l,apex,298.0,18.583904699022096,False
0,front_l,apex,300.0,19.09145467377515,False
0,front_l,apex,302.0,19.602175640301603,False
0,front_l,apex,304.0,20.11886741645121,False
0,front_l,apex,306.0,20.638959974395128,False
0,front_l,apex,308.0,21.16160601195395,False
0,front_l,apex,310.0,21.686898405605394,False
0,front_l,apex,312.0,22.20513208528204,False
0,front_l,apex,314.0,22.72041900312437,False
0,front_l,apex,316.0,23.235453271840864,False
0,front_l,apex,318.0,23.75203729387375,False
0,front_l,apex,320.0,24.267765173204154,False
0,front_l,apex,322.0,24.774334938556276,False
0,front_l,apex,324.0,25.272390396923743,False
0,front_l,apex,326.0,25.808385208621782,False
0,front_l,apex,328.0,26.402821104682847,False
0,front_l,apex,330.0,27.062810611486984,False
0,front_l,apex,332.0,27.706721892698425,False
0,front_l,apex,334.0,28.294072781938688,False
0,front_l,apex,336.0,28.88371438791692,False
0,front_l,apex,338.0,29.39636831729461,False
0,front_l,apex,340.0,29.908602932193773,False
0,front_l,apex,342.0,30.36481829744496,False
0,front_l,apex,344.0,30.795572788542543,False
0,front_l,apex,346.0,31.199502692072233,False
0,front_l,apex,348.0,31.547122981372897,False
0,front_l,apex,350.0,31.89384012473005,False
0,front_l,apex,352.0,32.1746627399757,False
0,front_l,apex,354.0,32.44547734555684,False
0,front_l,apex,356.0,32.669788805766686,False
0,front_l,apex,358.0,32.852265949064815,False
0,front_l,apex,360.0,33.019048495801336,False
16,front_l,apex,0.0,38.36372166212652,False
16,front_l,apex,2.0,38.41831071666995,False
16,front_l,apex,4.0,38.4108944385064,False
16,front_l,apex,6.0,38.32717704016661,False
16,front_l,apex,8.0,38.23219363809677,False
16,front_l,apex,10.0,38.08028044972787,False
16,front_l,apex,12.0,37.892580361205304,False
16,front_l,apex,14.0,37.686368518969076,False
16,front_l,apex,16.0,37.41642144454637,False
16,front_l,apex,18.0,37.14437553888159,False
16,front_l,apex,20.0,36.79728623761964,False
16,front_l,apex,22.0,36.43339579537701,False
16,front_l,apex,24.0,35.988704841134485,False
16,front_l,apex,26.0,35.5347400420771,False
16,front_l,apex,28.0,35.028592461531325,False
16,front_l,apex,30.0,34.4850853917224,False
16,front_l,apex,32.0,33.91498682389734,False
16,front_l,apex,34.0,33.282824148762046,False
16,front_l,apex,36.0,32.597749225164875,False
16,front_l,apex,38.0,31.88064098599042,False
16,front_l,apex,40.0,31.227796522147777,False
16,front_l,apex,42.0,30.634772413117595,False
16,front_l,apex,44.0,30.102363688614975,False
16,front_l,apex,46.0,29.56270479084812,False
16,front_l,apex,48.0,29.02065777653287,False
16,front_l,apex,50.0,28.47754134935434,False
16,front_l,apex,52.0,27.934098430226673,False
16,front_l,apex,54.0,27.3919532320675,False
16,front_l,apex,56.0,26.845991437365843,False
16,front_l,apex,58.0,26.29745132736067,False
16,front_l,apex,60.0,25.75210337142237,False
16,front_l,apex,62.0,25.216467195958884,False
16,front_l,apex,64.0,24.68666212340441,False
16,front_l,apex,66.0,24.158915037559034,False
16,front_l,apex,68.0,23.6347167666662,False
16,front_l,apex,70.0,23.115598304834588,False
16,front_l,apex,72.0,22.606286016126848,False
16,front_l,apex,74.0,22.108025541802142,False
16,front_l,apex,76.0,21.61850209519737,False
16,front_l,apex,78.0,21.13848880674684,False
16,front_l,apex,80.0,20.668883356390328,False
16,front_l,apex,82.0,20.210582773482084,False
16,front_l,apex,84.0,19.76447466777288,False
16,front_l,apex,86.0,19.331471911893946,False
16,front_l,apex,88.0,18.91244028632151,False
16,front_l,apex,90.0,18.508238913922785,False
16,front_l,apex,92.0,18.119740146706818,False
16,front_l,apex,94.0,17.747753287819563,False
16,front_l,apex,96.0,17.393008684111496,False
16,front_l,apex,98.0,17.053400284124915,False
16,front_l,apex,100.0,16.72718017973936,False
16,front_l,apex,102.0,16.41703392443602,False
16,front_l,apex,104.0,16.033508756891013,False
16,front_l,apex,106.0,15.559671519913,False
16,front_l,apex,108.0,15.09590047664475,False
16,front_l,apex,110.0,14.648822991094024,False
16,front_l,apex,112.0,14.220586967077246,False
16,front_l,apex,114.0,13.812660872693844,False
16,front_l,apex,116.0,13.426057837621656,False
16,front_l,apex,118.0,13.058140712553518,False
16,front_l,apex,120.0,12.708537510502882,False
16,front_l,apex,122.0,12.377625412883056,False
16,front_l,apex,124.0,12.069018831614155,False
16,front_l,apex,126.0,11.785345166702836,False
16,front_l,apex,128.0,11.527995406623017,False
16,front_l,apex,130.0,11.296578245095455,False
16,front_l,apex,132.0,11.088678378162877,False
16,front_l,apex,134.0,10.903369183660454,False
16,front_l,apex,136.0,10.73965992355211,False
16,front_l,apex,138.0,10.596448440498783,False
16,front_l,apex,140.0,10.47257601031525,False
16,front_l,apex,142.0,10.36685890279706,False
16,front_l,apex,144.0,10.27918697858157,False
16,front_l,apex,146.0,10.211843999223895,False
16,front_l,apex,148.0,10.159338059428027,False
16,front_l,apex,150.0,10.12077317067462,False
16,front_l,apex,152.0,10.095526296755539,False
16,front_l,apex,154.0,10.083174851768261,False
16,front_l,apex,156.0,10.083987282886948,False
16,front_l,apex,158.0,10.102458284640058,False
16,front_l,apex,160.0,10.134736447494078,False
16,front_l,apex,162.0,10.164316278859907,False
16,front_l,apex,164.0,10.177919459492106,False
16,front_l,apex,166.0,10.181578598663137,False
16,front_l,apex,168.0,10.174593945352973,False
16,front_l,apex,170.0,10.152082975647415,False
16,front_l,apex,172.0,10.124989923038884,False
16,front_l,apex,174.0,10.074570289187516,False
16,front_l,apex,176.0,10.027515979049785,False
16,front_l,apex,178.0,9.953308358754926,False
16,front_l,apex,180.0,9.873179016695001,False
16,front_l,apex,182.0,9.778049052876408,False
16,front_l,apex,184.0,9.657320254162139,False
16,front_l,apex,186.0,9.539210976694145,False
16,front_l,apex,188.0,9.396637609248943,False
16,front_l,apex,190.0,9.251748414773338,False
16,front_l,apex,192.0,9.194173795198466,False
16,front_l,apex,194.0,9.313366422477623,False
16,front_l,apex,196.0,9.438293119345754,False
16,front_l,apex,198.0,9.568565863943288,False
16,front_l,apex,200.0,9.703825873396644,False
16,front_l,apex,202.0,9.845256138785244,False
16,front_l,apex,204.0,10.006540616926173,False
16,front_l,apex,206.0,10.19162911822775,False
16,front_l,apex,208.0,10.400079443975233,False
16,front_l,apex,210.0,10.61769547132811,False
16,front_l,apex,212.0,10.839365261565874,False
16,front_l,apex,214.0,11.07087650170022,False
16,front_l,apex,216.0,11.308053299354219,False
16,front_l,apex,218.0,11.548248822432555,False
16,front_l,apex,220.0,11.804834135252547,False
16,front_l,apex,222.0,12.085366968463926,False
16,front_l,apex,224.0,12.388606064561829,False
16,front_l,apex,226.0,12.701643041719334,False
16,front_l,apex,228.0,13.026753150086439,False
16,front_l,apex,230.0,13.35377196125143,False
16,front_l,apex,232.0,13.680352343924252,False
16,front_l,apex,234.0,14.006765892999157,False
16,front_l,apex,236.0,14.349701460727868,False
16,front_l,apex,238.0,14.711450020297816,False
16,front_l,apex,240.0,15.089104442881373,False
16,front_l,apex,242.0,15.480208895967028,False
16,front_l,apex,244.0,15.871815447646341,False
16,front_l,apex,246.0,16.271841531365393,False
16,front_l,apex,248.0,16.67473610733612,False
16,front_l,apex,250.0,17.07141752383062,False
16,front_l,apex,252.0,17.466773712716325,False
16,front_l,apex,254.0,17.87295369282519,False
16,front_l,apex,256.0,18.28143618227993,False
16,front_l,apex,258.0,18.69421862442086,False
16,front_l,apex,260.0,19.03741397661562,False
16,front_l,apex,262.0,19.311415185606393,False
16,front_l,apex,264.0,19.601047986772485,False
16,front_l,apex,266.0,19.905935438467505,False
16,front_l,apex,268.0,20.225697286022037,False
16,front_l,apex,270.0,20.55994367673088,False
16,front_l,apex,272.0,20.90794227485715,False
16,front_l,apex,274.0,21.265612418125873,False
16,front_l,apex,276.0,21.62954322066996,False
16,front_l,apex,278.0,21.998867472696965,False
16,front_l,apex,280.0,22.372770217524856,False
16,front_l,apex,282.0,22.751946693116352,False
16,front_l,apex,284.0,23.13999740416623,False
16,front_l,apex,286.0,23.536573886209556,False
16,front_l,apex,288.0,23.93854925139988,False
16,front_l,apex,290.0,24.348755811014392,False
16,front_l,apex,292.0,24.766394903123253,False
16,front_l,apex,294.0,25.190434932480002,False
16,front_l,apex,296.0,25.620022764721238,False
16,front_l,apex,298.0,26.05745991256117,False
16,front_l,apex,300.0,26.503450748222047,False
16,front_l,apex,302.0,26.955919070687923,False
16,front_l,apex,304.0,27.407660235814895,False
16,front_l,apex,306.0,27.85461929133896,False
16,front_l,apex,308.0,28.303334956213952,False
16,front_l,apex,310.0,28.758129029757175,False
16,front_l,apex,312.0,29.209930849288522,False
16,front_l,apex,314.0,29.65405035027111,False
16,front_l,apex,316.0,30.09855295983208,False
16,front_l,apex,318.0,30.54801928619109,False
16,front_l,apex,320.0,30.99123172083813,False
16,front_l,apex,322.0,31.425639281235306,False
16,front_l,apex,324.0,31.913770926064526,False
16,front_l,apex,326.0,32.47156372188366,False
16,front_l,apex,328.0,33.0676083763529,False
16,front_l,apex,330.0,33.61448291061132,False
16,front_l,apex,332.0,34.1464440417403,False
16,front_l,apex,334.0,34.65065633467089,False
16,front_l,apex,336.0,35.11122215864777,False
16,front_l,apex,338.0,35.56955134289123,False
16,front_l,apex,340.0,35.96926385398145,False
16,front_l,apex,342.0,36.36610337375565,False
16,front_l,apex,344.0,36.71657835411458,False
16,front_l,apex,346.0,37.03629399963108,False
16,front_l,apex,348.0,37.33719237888093,False
16,front_l,apex,350.0,37.58182367225928,False
16,front_l,apex,352.0,37.81576309220875,False
16,front_l,apex,354.0,37.98653500787004,False
16,front_l,apex,356.0,38.1564227825786,False
16,front_l,apex,358.0,38.27112545832006,False
16,front_l,apex,360.0,38.36372166212653,False
20,front_l,apex,0.0,40.2152511470475,False
20,front_l,apex,2.0,40.23082867321949,False
20,front_l,apex,4.0,40.20227356979587,False
20,front_l,apex,6.0,40.11262195508662,False
20,front_l,apex,8.0,40.020954373789564,False
20,front_l,apex,10.0,39.85852213500685,False
20,front_l,apex,12.0,39.68026393321493,False
20,front_l,apex,14.0,39.428891757859056,False
20,front_l,apex,16.0,39.16217062412462,False
20,front_l,apex,18.0,38.844935763004976,False
20,front_l,apex,20.0,38.488879641937125,False
20,front_l,apex,22.0,38.11975331010574,False
20,front_l,apex,24.0,37.68518716106885,False
20,front_l,apex,26.0,37.23598499379325,False
20,front_l,apex,28.0,36.70578046487453,False
20,front_l,apex,30.0,36.158093153914194,False
20,front_l,apex,32.0,35.548301907838926,False
20,front_l,apex,34.0,34.94113049864657,False
20,front_l,apex,36.0,34.262082508866975,False
20,front_l,apex,38.0,33.59535477765984,False
20,front_l,apex,40.0,32.98333038316957,False
20,front_l,apex,42.0,32.44095779166914,False
20,front_l,apex,44.0,31.932769109637363,False
20,front_l,apex,46.0,31.42484330788224,False
20,front_l,apex,48.0,30.909772132791655,False
20,front_l,apex,50.0,30.391166882825164,False
20,front_l,apex,52.0,29.877997840229387,False
20,front_l,apex,54.0,29.365650182229373,False
20,front_l,apex,56.0,28.85433296535995,False
20,front_l,apex,58.0,28.344115898130656,False
20,front_l,apex,60.0,27.833979507176135,False
20,front_l,apex,62.0,27.325185816417548,False
20,front_l,apex,64.0,26.819117377903503,False
20,front_l,apex,66.0,26.31752469505575,False
20,front_l,apex,68.0,25.82212209421661,False
20,front_l,apex,70.0,25.33372078858955,False
20,front_l,apex,72.0,24.854643095395076,False
20,front_l,apex,74.0,24.38826042522408,False
20,front_l,apex,76.0,23.93346442182017,False
20,front_l,apex,78.0,23.489029320550205,False
20,front_l,apex,80.0,23.05607926443794,False
20,front_l,apex,82.0,22.633362716020844,False
20,front_l,apex,84.0,22.216325143779883,False
20,front_l,apex,86.0,21.812110424784034,False
20,front_l,apex,88.0,21.423708868273483,False
20,front_l,apex,90.0,21.051683891188453,False
20,front_l,apex,92.0,20.696382083915623,False
20,front_l,apex,94.0,20.358104328984297,False
20,front_l,apex,96.0,20.037135789414098,False
20,front_l,apex,98.0,19.73377451498315,False
20,front_l,apex,100.0,19.4482771268368,False
20,front_l,apex,102.0,19.180870993946748,False
20,front_l,apex,104.0,18.759912134892087,False
20,front_l,apex,106.0,18.326188428146022,False
20,front_l,apex,108.0,17.9111688416042,False
20,front_l,apex,110.0,17.515776385289936,False
20,front_l,apex,112.0,17.140858857938007,False
20,front_l,apex,114.0,16.787115305152685,False
20,front_l,apex,116.0,16.4550593678406,False
20,front_l,apex,118.0,16.145022524037397,False
20,front_l,apex,120.0,15.857166485066523,False
20,front_l,apex,122.0,15.591432758007139,False
20,front_l,apex,124.0,15.34710314240924,False
20,front_l,apex,126.0,15.124746400573013,False
20,front_l,apex,128.0,14.924051083628768,False
20,front_l,apex,130.0,14.739565381453145,False
20,front_l,apex,132.0,14.570398304579308,False
20,front_l,apex,134.0,14.417062805829655,False
20,front_l,apex,136.0,14.284086416634604,False
20,front_l,apex,138.0,14.169629885965346,False
20,front_l,apex,140.0,14.069414811152289,False
20,front_l,apex,142.0,13.983221118474027,False
20,front_l,apex,144.0,13.910863915145843,False
20,front_l,apex,146.0,13.854159731987743,False
20,front_l,apex,148.0,13.814418170486169,False
20,front_l,apex,150.0,13.787970953134666,False
20,front_l,apex,152.0,13.77387505071557,False
20,front_l,apex,154.0,13.771876621429195,False
20,front_l,apex,156.0,13.781706929954863,False
20,front_l,apex,158.0,13.80308571145766,False
20,front_l,apex,160.0,13.8370426094475,False
20,front_l,apex,162.0,13.847812182740876,False
20,front_l,apex,164.0,13.864100207674454,False
20,front_l,apex,166.0,13.8544770562645,False
20,front_l,apex,168.0,13.846422130785053,False
20,front_l,apex,170.0,13.818163206705853,False
20,front_l,apex,172.0,13.779684923060005,False
20,front_l,apex,174.0,13.73226806340358,False
20,front_l,apex,176.0,13.660633306127261,False
20,front_l,apex,178.0,13.595303618850505,False
20,front_l,apex,180.0,13.506094251841127,False
20,front_l,apex,182.0,13.42277876045687,False
20,front_l,apex,184.0,13.323659408785689,False
20,front_l,apex,186.0,13.22646231931897,False
20,front_l,apex,188.0,13.123348967175458,False
20,front_l,apex,190.0,13.0199976376716,False
20,front_l,apex,192.0,12.991438910556782,False
20,front_l,apex,194.0,13.09483578352297,False
20,front_l,apex,196.0,13.213938713578255,False
20,front_l,apex,198.0,13.343080619712516,False
20,front_l,apex,200.0,13.477710481729517,False
20,front_l,apex,202.0,13.620093844180314,False
20,front_l,apex,204.0,13.766933496927916,False
20,front_l,apex,206.0,13.917593266752215,False
20,front_l,apex,208.0,14.073703292235543,False
20,front_l,apex,210.0,14.24748887279402,False
20,front_l,apex,212.0,14.441394171521807,False
20,front_l,apex,214.0,14.655590483604515,False
20,front_l,apex,216.0,14.886595623099936,False
20,front_l,apex,218.0,15.122848711983313,False
20,front_l,apex,220.0,15.369129966437995,False
20,front_l,apex,222.0,15.617551992984192,False
20,front_l,apex,224.0,15.867066583376902,False
20,front_l,apex,226.0,16.122663474615255,False
20,front_l,apex,228.0,16.396500650190063,False
20,front_l,apex,230.0,16.69190212908183,False
20,front_l,apex,232.0,17.007092172692285,False
20,front_l,apex,234.0,17.33666827593019,False
20,front_l,apex,236.0,17.666576837472178,False
20,front_l,apex,238.0,17.994598038929393,False
20,front_l,apex,240.0,18.333432758952302,False
20,front_l,apex,242.0,18.672211471816208,False
20,front_l,apex,244.0,19.009515870046496,False
20,front_l,apex,246.0,19.356594460865033,False
20,front_l,apex,248.0,19.721608715582178,False
20,front_l,apex,250.0,20.09939798011562,False
20,front_l,apex,252.0,20.484485401921617,False
20,front_l,apex,254.0,20.873228486965562,False
20,front_l,apex,256.0,21.262864553027022,False
20,front_l,apex,258.0,21.641681293571388,False
20,front_l,apex,260.0,21.902455061624668,False
20,front_l,apex,262.0,22.17293187134482,False
20,front_l,apex,264.0,22.451912654350014,False
20,front_l,apex,266.0,22.738729419993092,False
20,front_l,apex,268.0,23.03270504756459,False
20,front_l,apex,270.0,23.334646972475124,False
20,front_l,apex,272.0,23.64625181201483,False
20,front_l,apex,274.0,23.967688698849994,False
20,front_l,apex,276.0,24.301213396980046,False
20,front_l,apex,278.0,24.64678088595824,False
20,front_l,apex,280.0,25.003738437250707,False
20,front_l,apex,282.0,25.37137614761671,False
20,front_l,apex,284.0,25.748920731618796,False
20,front_l,apex,286.0,26.13554255040998,False
20,front_l,apex,288.0,26.529046279628815,False
20,front_l,apex,290.0,26.92595469429646,False
20,front_l,apex,292.0,27.330683275348953,False
20,front_l,apex,294.0,27.74127345183963,False
20,front_l,apex,296.0,28.15073610190823,False
20,front_l,apex,298.0,28.557986515958863,False
20,front_l,apex,300.0,28.96935496471317,False
20,front_l,apex,302.0,29.38766363200248,False
20,front_l,apex,304.0,29.805781365897612,False
20,front_l,apex,306.0,30.22494504072422,False
20,front_l,apex,308.0,30.644907670269706,False
20,front_l,apex,310.0,31.069764746390273,False
20,front_l,apex,312.0,31.501313373798265,False
20,front_l,apex,314.0,31.93405973692364,False
20,front_l,apex,316.0,32.36386180294027,False
20,front_l,apex,318.0,32.7901476156821,False
20,front_l,apex,320.0,33.21959970976484,False
20,front_l,apex,322.0,33.675876238220255,False
20,front_l,apex,324.0,34.186999917625805,False
20,front_l,apex,326.0,34.743928654422945,False
20,front_l,apex,328.0,35.30436560314495,False
20,front_l,apex,330.0,35.81360029332326,False
20,front_l,apex,332.0,36.323605603175764,False
20,front_l,apex,334.0,36.79199090594959,False
20,front_l,apex,336.0,37.23395586061421,False
20,front_l,apex,338.0,37.66056180221444,False
20,front_l,apex,340.0,38.036079265982536,False
20,front_l,apex,342.0,38.412534573764255,False
20,front_l,apex,344.0,38.730275965048456,False
20,front_l,apex,346.0,39.04293490294911,False
20,front_l,apex,348.0,39.307440799662245,False
20,front_l,apex,350.0,39.546675608601504,False
20,front_l,apex,352.0,39.75568404142088,False
20,front_l,apex,354.0,39.919006604051646,False
20,front_l,apex,356.0,40.05180251329591,False
20,front_l,apex,358.0,40.13973798939848,False
20,front_l,apex,360.0,40.215251147047496,False
0,back_r,neutral,0.0,33.066239091308475,False
0,back_r,neutral,2.0,32.928193200984396,False
0,back_r,neutral,4.0,32.72878542751699,False
0,back_r,neutral,6.0,32.527751505859186,False
0,back_r,neutral,8.0,32.25983051568152,False
0,back_r,neutral,10.0,31.969953649743935,False
0,back_r,neutral,12.0,31.64627307006875,False
0,back_r,neutral,14.0,31.262655504965945,False
0,back_r,neutral,16.0,30.879190702386403,False
0,back_r,neutral,18.0,30.434895619086053,False
0,back_r,neutral,20.0,29.961202654052205,False
0,back_r,neutral,22.0,29.46527531901174,False
0,back_r,neutral,24.0,28.902273940295334,False
0,back_r,neutral,26.0,28.33204966894928,False
0,back_r,neutral,28.0,27.69916744281976,False
0,back_r,neutral,30.0,27.050994394383206,False
0,back_r,neutral,32.0,26.370295908642944,False
0,back_r,neutral,34.0,25.63535083371959,False
0,back_r,neutral,36.0,24.938116439484997,False
0,back_r,neutral,38.0,24.31323837794559,False
0,back_r,neutral,40.0,23.75715223113349,False
0,back_r,neutral,42.0,23.188041560067237,False
0,back_r,neutral,44.0,22.617146325818123,False
0,back_r,neutral,46.0,22.05200292079476,False
0,back_r,neutral,48.0,21.478325361114603,False
0,back_r,neutral,50.0,20.895472676584895,False
0,back_r,neutral,52.0,20.314813247779675,False
0,back_r,neutral,54.0,19.740546667163727,False
0,back_r,neutral,56.0,19.161128884154223,False
0,back_r,neutral,58.0,18.576904845375942,False
0,back_r,neutral,60.0,17.99320930499849,False
0,back_r,neutral,62.0,17.41907032501862,False
0,back_r,neutral,64.0,16.85267442626954,False
0,back_r,neutral,66.0,16.289097653018402,False
0,back_r,neutral,68.0,15.729766500317734,False
0,back_r,neutral,70.0,15.176264757072916,False
0,back_r,neutral,72.0,14.62813225953925,False
0,back_r,neutral,74.0,14.088819648117102,False
0,back_r,neutral,76.0,13.560832335072817,False
0,back_r,neutral,78.0,13.039415539167095,False
0,back_r,neutral,80.0,12.524150592702075,False
0,back_r,neutral,82.0,12.01626651572502,False
0,back_r,neutral,84.0,11.516982812950692,False
0,back_r,neutral,86.0,11.027505953999595,False
0,back_r,neutral,88.0,10.549000156497646,False
0,back_r,neutral,90.0,10.082886178081917,False
0,back_r,neutral,92.0,9.631166491008738,False
0,back_r,neutral,94.0,9.194398164290044,False
0,back_r,neutral,96.0,8.773387654537462,False
0,back_r,neutral,98.0,8.371950770728446,False
0,back_r,neutral,100.0,7.992058704183524,False
0,back_r,neutral,102.0,7.634880042318547,False
0,back_r,neutral,104.0,7.219575692477952,False
0,back_r,neutral,106.0,6.661378492746509,False
0,back_r,neutral,108.0,6.113572510695585,False
0,back_r,neutral,110.0,5.574173959943176,False
0,back_r,neutral,112.0,5.044394638666308,False
0,back_r,neutral,114.0,4.525427660825681,False
0,back_r,neutral,116.0,4.018433964599081,False
0,back_r,neutral,118.0,3.5246396978516294,False
0,back_r,neutral,120.0,3.045664940493081,False
0,back_r,neutral,122.0,2.5820096325892976,False
0,back_r,neutral,124.0,2.1344607348725373,False
0,back_r,neutral,126.0,1.7231103191724475,False
0,back_r,neutral,128.0,1.3337977821009712,False
0,back_r,neutral,130.0,0.9623835625122332,False
0,back_r,neutral,132.0,0.6097888607261934,False
0,back_r,neutral,134.0,0.27690847231804205,False
0,back_r,neutral,136.0,0.0,True
0,back_r,neutral,138.0,0.0,True
0,back_r,neutral,140.0,0.0,True
0,back_r,neutral,142.0,0.0,True
0,back_r,neutral,144.0,0.0,True
0,back_r,neutral,146.0,0.0,True
0,back_r,neutral,148.0,0.0,True
0,back_r,neutral,150.0,0.0,True
0,back_r,neutral,152.0,0.0,True
0,back_r,neutral,154.0,0.0,True
0,back_r,neutral,156.0,0.0,True
0,back_r,neutral,158.0,0.0,True
0,back_r,neutral,160.0,0.0,True
0,back_r,neutral,162.0,0.0,True
0,back_r,neutral,164.0,0.0,True
0,back_r,neutral,166.0,0.0,True
0,back_r,neutral,168.0,0.0,True
0,back_r,neutral,170.0,0.0,True
0,back_r,neutral,172.0,0.0,True
0,back_r,neutral,174.0,0.0,True
0,back_r,neutral,176.0,0.0,True
0,back_r,neutral,178.0,0.0,True
0,back_r,neutral,180.0,0.0,True
0,back_r,neutral,182.0,0.0,True
0,back_r,neutral,184.0,0.0,True
0,back_r,neutral,186.0,0.0,True
0,back_r,neutral,188.0,0.0,True
0,back_r,neutral,190.0,0.0,True
0,back_r,neutral,192.0,0.0,True
0,back_r,neutral,194.0,0.0,True
0,back_r,neutral,196.0,0.0,True
0,back_r,neutral,198.0,0.0,True
0,back_r,neutral,200.0,0.0,True
0,back_r,neutral,202.0,0.0,True
0,back_r,neutral,204.0,0.0,True
0,back_r,neutral,206.0,0.0,True
0,back_r,neutral,208.0,0.0,True
0,back_r,neutral,210.0,0.0,True
0,back_r,neutral,212.0,0.0,True
0,back_r,neutral,214.0,0.0,True
0,back_r,neutral,216.0,0.0,True
0,back_r,neutral,218.0,0.30760819348816426,False
0,back_r,neutral,220.0,0.8279195206140908,False
0,back_r,neutral,222.0,1.3594859617441404,False
0,back_r,neutral,224.0,1.901133732129168,False
0,back_r,neutral,226.0,2.4530446034620828,False
0,back_r,neutral,228.0,3.015204993790307,False
0,back_r,neutral,230.0,3.585617078177942,False
0,back_r,neutral,232.0,4.162463478339679,False
0,back_r,neutral,234.0,4.744436697996899,False
0,back_r,neutral,236.0,5.3302109213575175,False
0,back_r,neutral,238.0,5.9184399247583155,False
0,back_r,neutral,240.0,6.507758186988817,False
0,back_r,neutral,242.0,7.0972156765104355,False
0,back_r,neutral,244.0,7.685703085847875,False
0,back_r,neutral,246.0,8.284397565421942,False
0,back_r,neutral,248.0,8.884919473775566,False
0,back_r,neutral,250.0,9.480666743259004,False
0,back_r,neutral,252.0,10.070256371403142,False
0,back_r,neutral,254.0,10.652309619753481,False
0,back_r,neutral,256.0,11.126900547229951,False
0,back_r,neutral,258.0,11.497023121498241,False
0,back_r,neutral,260.0,11.883837824274991,False
0,back_r,neutral,262.0,12.286346492495225,False
0,back_r,neutral,264.0,12.7036033009146,False
0,back_r,neutral,266.0,13.134704392491674,False
0,back_r,neutral,268.0,13.578787876405354,False
0,back_r,neutral,270.0,14.035033957183353,False
0,back_r,neutral,272.0,14.502666307033186,False
0,back_r,neutral,274.0,14.980935394219314,False
0,back_r,neutral,276.0,15.469136705440489,False
0,back_r,neutral,278.0,15.96659632837383,False
0,back_r,neutral,280.0,16.472666881354346,False
0,back_r,neutral,282.0,16.986113956461466,False
0,back_r,neutral,284.0,17.505118561332047,False
0,back_r,neutral,286.0,18.028546786103725,False
0,back_r,neutral,288.0,18.555254465624547,False
0,back_r,neutral,290.0,19.08408051251957,False
0,back_r,neutral,292.0,19.61403682139387,False
0,back_r,neutral,294.0,20.14717699682694,False
0,back_r,neutral,296.0,20.68405374179517,False
0,back_r,neutral,298.0,21.225286703827457,False
0,back_r,neutral,300.0,21.76575463069044,False
0,back_r,neutral,302.0,22.3025056087744,False
0,back_r,neutral,304.0,22.83435805737827,False
0,back_r,neutral,306.0,23.36492188793462,False
0,back_r,neutral,308.0,23.89981596075786,False
0,back_r,neutral,310.0,24.432771144584994,False
0,back_r,neutral,312.0,24.957289128828776,False
0,back_r,neutral,314.0,25.472854313024932,False
0,back_r,neutral,316.0,26.0497513811253,False
0,back_r,neutral,318.0,26.702314625998696,False
0,back_r,neutral,320.0,27.399324979175987,False
0,back_r,neutral,322.0,28.031809439902624,False
0,back_r,neutral,324.0,28.64494626666655,False
0,back_r,neutral,326.0,29.220121886218507,False
0,back_r,neutral,328.0,29.74563026033981,False
0,back_r,neutral,330.0,30.25303823349698,False
0,back_r,neutral,332.0,30.693616845049387,False
0,back_r,neutral,334.0,31.128498953453256,False
0,back_r,neutral,336.0,31.48901449804075,False
0,back_r,neutral,338.0,31.846175212025035,False
0,back_r,neutral,340.0,32.135230994023246,False
0,back_r,neutral,342.0,32.40909445909159,False
0,back_r,neutral,344.0,32.64213100393042,False
0,back_r,neutral,346.0,32.82593465217568,False
0,back_r,neutral,348.0,33.002617986525195,False
0,back_r,neutral,350.0,33.11060561136353,False
0,back_r,neutral,352.0,33.21416329967378,False
0,back_r,neutral,354.0,33.25726600149778,False
0,back_r,neutral,356.0,33.24756331641803,False
0,back_r,neutral,358.0,33.16916139867904,False
0,back_r,neutral,360.0,33.066239091308475,False
16,back_r,neutral,0.0,38.39036026691953,False
16,back_r,neutral,2.0,38.298354182281436,False
16,back_r,neutral,4.0,38.20472689001666,False
16,back_r,neutral,6.0,38.056633093520176,False
16,back_r,neutral,8.0,37.87375728842832,False
16,back_r,neutral,10.0,37.673792386933314,False
16,back_r,neutral,12.0,37.405236233760796,False
16,back_r,neutral,14.0,37.13201546461769,False
16,back_r,neutral,16.0,36.79747764120368,False
16,back_r,neutral,18.0,36.44662690067363,False
16,back_r,neutral,20.0,36.062507871029354,False
16,back_r,neutral,22.0,35.626363915184,False
16,back_r,neutral,24.0,35.19091924218482,False
16,back_r,neutral,26.0,34.69876876837911,False
16,back_r,neutral,28.0,34.18743956420936,False
16,back_r,neutral,30.0,33.650829413070554,False
16,back_r,neutral,32.0,33.06310964481658,False
16,back_r,neutral,34.0,32.47981825119106,False
16,back_r,neutral,36.0,31.84737301697594,False
16,back_r,neutral,38.0,31.196095750702113,False
16,back_r,neutral,40.0,30.611808454141723,False
16,back_r,neutral,42.0,30.103214254374127,False
16,back_r,neutral,44.0,29.61818528103417,False
16,back_r,neutral,46.0,29.136795869815106,False
16,back_r,neutral,48.0,28.64383926216281,False
16,back_r,neutral,50.0,28.147972654640963,False
16,back_r,neutral,52.0,27.659980763436764,False
16,back_r,neutral,54.0,27.165414888079916,False
16,back_r,neutral,56.0,26.663561801554362,False
16,back_r,neutral,58.0,26.168800860311325,False
16,back_r,neutral,60.0,25.677106683190658,False
16,back_r,neutral,62.0,25.181626078599997,False
16,back_r,neutral,64.0,24.688896141446364,False
16,back_r,neutral,66.0,24.204848515116698,False
16,back_r,neutral,68.0,23.733249694611604,False
16,back_r,neutral,70.0,23.270417656753764,False
16,back_r,neutral,72.0,22.814948357885875,False
16,back_r,neutral,74.0,22.367716842526896,False
16,back_r,neutral,76.0,21.922995111881622,False
16,back_r,neutral,78.0,21.487101692713583,False
16,back_r,neutral,80.0,21.060934013099022,False
16,back_r,neutral,82.0,20.63738627197383,False
16,back_r,neutral,84.0,20.216619921960937,False
16,back_r,neutral,86.0,19.80010284501924,False
16,back_r,neutral,88.0,19.39528879038849,False
16,back_r,neutral,90.0,19.00678484172036,False
16,back_r,neutral,92.0,18.634982845412377,False
16,back_r,neutral,94.0,18.28007999947522,False
16,back_r,neutral,96.0,17.942186429667075,False
16,back_r,neutral,98.0,17.62162579998086,False
16,back_r,neutral,100.0,17.312434781513094,False
16,back_r,neutral,102.0,17.012120749519607,False
16,back_r,neutral,104.0,16.721485141704694,False
16,back_r,neutral,106.0,16.441311213366074,False
16,back_r,neutral,108.0,16.172364213422718,False
16,back_r,neutral,110.0,15.800845419631456,False
16,back_r,neutral,112.0,15.394761887375186,False
16,back_r,neutral,114.0,14.997069384574537,False
16,back_r,neutral,116.0,14.612586167450626,False
16,back_r,neutral,118.0,14.251535722914852,False
16,back_r,neutral,120.0,13.914806562472602,False
16,back_r,neutral,122.0,13.599627432719727,False
16,back_r,neutral,124.0,13.292400318662141,False
16,back_r,neutral,126.0,12.992290417786403,False
16,back_r,neutral,128.0,12.700013889309961,False
16,back_r,neutral,130.0,12.416909908722188,False
16,back_r,neutral,132.0,12.14629885279017,False
16,back_r,neutral,134.0,11.899013641275328,False
16,back_r,neutral,136.0,11.677114547850426,False
16,back_r,neutral,138.0,11.478972921153384,False
16,back_r,neutral,140.0,11.297908240999599,False
16,back_r,neutral,142.0,11.126736478688418,False
16,back_r,neutral,144.0,10.965949150354438,False
16,back_r,neutral,146.0,10.81606338306581,False
16,back_r,neutral,148.0,10.677560557410544,False
16,back_r,neutral,150.0,10.550938197645726,False
16,back_r,neutral,152.0,10.436658544584942,False
16,back_r,neutral,154.0,10.337446586585346,False
16,back_r,neutral,156.0,10.255119823305563,False
16,back_r,neutral,158.0,10.188662292562654,False
16,back_r,neutral,160.0,10.137175881778266,False
16,back_r,neutral,162.0,10.09991476062455,False
16,back_r,neutral,164.0,10.078679572147989,False
16,back_r,neutral,166.0,10.074219876853142,False
16,back_r,neutral,168.0,10.082934388204356,False
16,back_r,neutral,170.0,10.104964487880315,False
16,back_r,neutral,172.0,10.141863998320966,False
16,back_r,neutral,174.0,10.16087806430572,False
16,back_r,neutral,176.0,10.177730494788058,False
16,back_r,neutral,178.0,10.169538843330466,False
16,back_r,neutral,180.0,10.165036292958577,False
16,back_r,neutral,182.0,10.131442591718399,False
16,back_r,neutral,184.0,10.104585251934182,False
16,back_r,neutral,186.0,10.051602153292482,False
16,back_r,neutral,188.0,10.000319862405354,False
16,back_r,neutral,190.0,9.931059352176346,False
16,back_r,neutral,192.0,9.859557894882554,False
16,back_r,neutral,194.0,9.778755438795455,False
16,back_r,neutral,196.0,9.693258582176934,False
16,back_r,neutral,198.0,9.601844367315376,False
16,back_r,neutral,200.0,9.502569858572489,False
16,back_r,neutral,202.0,9.396660075260915,False
16,back_r,neutral,204.0,9.284633336777219,False
16,back_r,neutral,206.0,9.186357646713791,False
16,back_r,neutral,208.0,9.3019388623854,False
16,back_r,neutral,210.0,9.460855646532387,False
16,back_r,neutral,212.0,9.632677658515638,False
16,back_r,neutral,214.0,9.82249045797997,False
16,back_r,neutral,216.0,10.028878899441093,False
16,back_r,neutral,218.0,10.24783728348622,False
16,back_r,neutral,220.0,10.479291667367063,False
16,back_r,neutral,222.0,10.72892104743419,False
16,back_r,neutral,224.0,11.002957706951342,False
16,back_r,neutral,226.0,11.300870620249455,False
16,back_r,neutral,228.0,11.621860434465074,False
16,back_r,neutral,230.0,11.964891047426054,False
16,back_r,neutral,232.0,12.328722713059085,False
16,back_r,neutral,234.0,12.709260102079806,False
16,back_r,neutral,236.0,13.100871731823247,False
16,back_r,neutral,238.0,13.502820280097152,False
16,back_r,neutral,240.0,13.914411872817174,False
16,back_r,neutral,242.0,14.334898123928461,False
16,back_r,neutral,244.0,14.765970309691985,False
16,back_r,neutral,246.0,15.209159181283331,False
16,back_r,neutral,248.0,15.662251385134791,False
16,back_r,neutral,250.0,16.115122498841203,False
16,back_r,neutral,252.0,16.576879096197985,False
16,back_r,neutral,254.0,17.0504197254773,False
16,back_r,neutral,256.0,17.52869264526352,False
16,back_r,neutral,258.0,18.009765290777786,False
16,back_r,neutral,260.0,18.49185860657818,False
16,back_r,neutral,262.0,18.975448574165792,False
16,back_r,neutral,264.0,19.298082943178446,False
16,back_r,neutral,266.0,19.60690713225849,False
16,back_r,neutral,268.0,19.93127754441807,False
16,back_r,neutral,270.0,20.27070281845674,False
16,back_r,neutral,272.0,20.62462860516983,False
16,back_r,neutral,274.0,20.992436559135854,False
16,back_r,neutral,276.0,21.373446315056835,False
16,back_r,neutral,278.0,21.766920154521653,False
16,back_r,neutral,280.0,22.172060593428736,False
16,back_r,neutral,282.0,22.588017139926617,False
16,back_r,neutral,284.0,23.013892796576343,False
16,back_r,neutral,286.0,23.448743916030548,False
16,back_r,neutral,288.0,23.89218748296465,False
16,back_r,neutral,290.0,24.34526992360641,False
16,back_r,neutral,292.0,24.806925427849006,False
16,back_r,neutral,294.0,25.274757961453467,False
16,back_r,neutral,296.0,25.747975839619492,False
16,back_r,neutral,298.0,26.225862560178626,False
16,back_r,neutral,300.0,26.707557424750522,False
16,back_r,neutral,302.0,27.191107083584694,False
16,back_r,neutral,304.0,27.675204650892496,False
16,back_r,neutral,306.0,28.158701100323704,False
16,back_r,neutral,308.0,28.64093675739049,False
16,back_r,neutral,310.0,29.123222793131305,False
16,back_r,neutral,312.0,29.605223147920896,False
16,back_r,neutral,314.0,30.08636954306826,False
16,back_r,neutral,316.0,30.568874842046654,False
16,back_r,neutral,318.0,31.048130751488134,False
16,back_r,neutral,320.0,31.52051399363266,False
16,back_r,neutral,322.0,32.053926449794304,False
16,back_r,neutral,324.0,32.64346039505227,False
16,back_r,neutral,326.0,33.28665061014848,False
16,back_r,neutral,328.0,33.88013221333735,False
16,back_r,neutral,330.0,34.44963872652714,False
16,back_r,neutral,332.0,34.97582369423352,False
16,back_r,neutral,334.0,35.466636977933355,False
16,back_r,neutral,336.0,35.93456237780683,False
16,back_r,neutral,338.0,36.345494930986234,False
16,back_r,neutral,340.0,36.71703263990284,False
16,back_r,neutral,342.0,37.04896796203135,False
16,back_r,neutral,344.0,37.34262589499667,False
16,back_r,neutral,346.0,37.592507752041676,False
16,back_r,neutral,348.0,37.83269383280622,False
16,back_r,neutral,350.0,38.009825876210144,False
16,back_r,neutral,352.0,38.18517014092692,False
16,back_r,neutral,354.0,38.2907836548942,False
16,back_r,neutral,356.0,38.386396908395604,False
16,back_r,neutral,358.0,38.41592258501701,False
16,back_r,neutral,360.0,38.39036026691952,False
20,back_r,neutral,0.0,40.23179761387327,False
20,back_r,neutral,2.0,40.188948766232805,False
20,back_r,neutral,4.0,40.093631861597345,False
20,back_r,neutral,6.0,39.993471902288555,False
20,back_r,neutral,8.0,39.815823575049464,False
20,back_r,neutral,10.0,39.630065671774204,False
20,back_r,neutral,12.0,39.37705005474082,False
20,back_r,neutral,14.0,39.12120811462584,False
20,back_r,neutral,16.0,38.81134358715113,False
20,back_r,neutral,18.0,38.474800406439975,False
20,back_r,neutral,20.0,38.11587025486161,False
20,back_r,neutral,22.0,37.70312764084123,False
20,back_r,neutral,24.0,37.29218223415142,False
20,back_r,neutral,26.0,36.82863648437011,False
20,back_r,neutral,28.0,36.345537719168156,False
20,back_r,neutral,30.0,35.84269422048254,False
20,back_r,neutral,32.0,35.29050541028609,False
20,back_r,neutral,34.0,34.74184498242661,False
20,back_r,neutral,36.0,34.151817025483695,False
20,back_r,neutral,38.0,33.530911713969395,False
20,back_r,neutral,40.0,32.94801147730884,False
20,back_r,neutral,42.0,32.41338657852456,False
20,back_r,neutral,44.0,31.936172757075276,False
20,back_r,neutral,46.0,31.45643687282647,False
20,back_r,neutral,48.0,30.982779745637057,False
20,back_r,neutral,50.0,30.514795692039566,False
20,back_r,neutral,52.0,30.043854355556853,False
20,back_r,neutral,54.0,29.571072206503217,False
20,back_r,neutral,56.0,29.10426207542362,False
20,back_r,neutral,58.0,28.64767056876692,False
20,back_r,neutral,60.0,28.19411196845205,False
20,back_r,neutral,62.0,27.73640901950655,False
20,back_r,neutral,64.0,27.28026117014439,False
20,back_r,neutral,66.0,26.83342552836546,False
20,back_r,neutral,68.0,26.384754556391535,False
20,back_r,neutral,70.0,25.932606169329496,False
20,back_r,neutral,72.0,25.48628194629386,False
20,back_r,neutral,74.0,25.049680173249666,False
20,back_r,neutral,76.0,24.620925053464248,False
20,back_r,neutral,78.0,24.201857548316447,False
20,back_r,neutral,80.0,23.79364547177528,False
20,back_r,neutral,82.0,23.397377008110187,False
20,back_r,neutral,84.0,23.014060605774894,False
20,back_r,neutral,86.0,22.643658685833625,False
20,back_r,neutral,88.0,22.28472783989462,False
20,back_r,neutral,90.0,21.933469385106285,False
20,back_r,neutral,92.0,21.586717138780212,False
20,back_r,neutral,94.0,21.245305589991325,False
20,back_r,neutral,96.0,20.910384045983722,False
20,back_r,neutral,98.0,20.587012722802356,False
20,back_r,neutral,100.0,20.280215909462264,False
20,back_r,neutral,102.0,19.990666453159353,False
20,back_r,neutral,104.0,19.718533263178553,False
20,back_r,neutral,106.0,19.46393907319225,False
20,back_r,neutral,108.0,19.226972628383933,False
20,back_r,neutral,110.0,18.937304805185896,False
20,back_r,neutral,112.0,18.581103107468596,False
20,back_r,neutral,114.0,18.241971832863594,False
20,back_r,neutral,116.0,17.907537375893707,False
20,back_r,neutral,118.0,17.57716916142517,False
20,back_r,neutral,120.0,17.25232604738796,False
20,back_r,neutral,122.0,16.938155348731147,False
20,back_r,neutral,124.0,16.636930053196874,False
20,back_r,neutral,126.0,16.35729132684186,False
20,back_r,neutral,128.0,16.09985702663366,False
20,back_r,neutral,130.0,15.86451306948012,False
20,back_r,neutral,132.0,15.648164230531634,False
20,back_r,neutral,134.0,15.440185434447532,False
20,back_r,neutral,136.0,15.23982673147753,False
20,back_r,neutral,138.0,15.04761907005199,False
20,back_r,neutral,140.0,14.864085310923405,False
20,back_r,neutral,142.0,14.690095711870873,False
20,back_r,neutral,144.0,14.532540773935795,False
20,back_r,neutral,146.0,14.39315338985756,False
20,back_r,neutral,148.0,14.270865615118845,False
20,back_r,neutral,150.0,14.16486571449171,False
20,back_r,neutral,152.0,14.077108509932213,False
20,back_r,neutral,154.0,14.00336570600224,False
20,back_r,neutral,156.0,13.939728032054939,False
20,back_r,neutral,158.0,13.88587519808598,False
20,back_r,neutral,160.0,13.842127023869686,False
20,back_r,neutral,162.0,13.808792416478218,False
20,back_r,neutral,164.0,13.786169583831335,False
20,back_r,neutral,166.0,13.774546152267368,False
20,back_r,neutral,168.0,13.774196333771798,False
20,back_r,neutral,170.0,13.78570214380156,False
20,back_r,neutral,172.0,13.811965309338143,False
20,back_r,neutral,174.0,13.84541806155156,False
20,back_r,neutral,176.0,13.856928427179486,False
20,back_r,neutral,178.0,13.861998910191131,False
20,back_r,neutral,180.0,13.855760181315844,False
20,back_r,neutral,182.0,13.835916041231734,False
20,back_r,neutral,184.0,13.81249594959204,False
20,back_r,neutral,186.0,13.770732486086777,False
20,back_r,neutral,188.0,13.730721121873193,False
20,back_r,neutral,190.0,13.669558147343261,False
20,back_r,neutral,192.0,13.613556566502936,False
20,back_r,neutral,194.0,13.535243300245405,False
20,back_r,neutral,196.0,13.463722451033984,False
20,back_r,neutral,198.0,13.370027859649843,False
20,back_r,neutral,200.0,13.283595649422919,False
20,back_r,neutral,202.0,13.17573903410832,False
20,back_r,neutral,204.0,13.076101660959667,False
20,back_r,neutral,206.0,12.965281962647184,False
20,back_r,neutral,208.0,13.039679432245633,False
20,back_r,neutral,210.0,13.154823499462111,False
20,back_r,neutral,212.0,13.286432501863661,False
20,back_r,neutral,214.0,13.435498084936674,False
20,back_r,neutral,216.0,13.602873324752823,False
20,back_r,neutral,218.0,13.789252843665993,False
20,back_r,neutral,220.0,13.99515360263823,False
20,back_r,neutral,222.0,14.216666911064857,False
20,back_r,neutral,224.0,14.451005191623901,False
20,back_r,neutral,226.0,14.701070982765172,False
20,back_r,neutral,228.0,14.966160987837938,False
20,back_r,neutral,230.0,15.24320229218268,False
20,back_r,neutral,232.0,15.531855560931344,False
20,back_r,neutral,234.0,15.83776627659814,False
20,back_r,neutral,236.0,16.161465645223,False
20,back_r,neutral,238.0,16.501858711793794,False
20,back_r,neutral,240.0,16.859808322530206,False
20,back_r,neutral,242.0,17.23800468978089,False
20,back_r,neutral,244.0,17.63125749772943,False
20,back_r,neutral,246.0,18.036960890598444,False
20,back_r,neutral,248.0,18.45075717268605,False
20,back_r,neutral,250.0,18.87033280953078,False
20,back_r,neutral,252.0,19.2947993496468,False
20,back_r,neutral,254.0,19.7232202299352,False
20,back_r,neutral,256.0,20.15461088661796,False
20,back_r,neutral,258.0,20.58819516504026,False
20,back_r,neutral,260.0,21.02431443615894,False
20,back_r,neutral,262.0,21.4638664806927,False
20,back_r,neutral,264.0,21.863066816270138,False
20,back_r,neutral,266.0,22.14996967053836,False
20,back_r,neutral,268.0,22.451775373784542,False
20,back_r,neutral,270.0,22.76795257381592,False
20,back_r,neutral,272.0,23.097939435159617,False
20,back_r,neutral,274.0,23.439865858358516,False
20,back_r,neutral,276.0,23.791640776865414,False
20,back_r,neutral,278.0,24.152879107204622,False
20,back_r,neutral,280.0,24.524821360800654,False
20,back_r,neutral,282.0,24.90766095666817,False
20,back_r,neutral,284.0,25.30069788701735,False
20,back_r,neutral,286.0,25.703218020673788,False
20,back_r,neutral,288.0,26.114495421916168,False
20,back_r,neutral,290.0,26.533803881678892,False
20,back_r,neutral,292.0,26.960403972019478,False
20,back_r,neutral,294.0,27.394625586331145,False
20,back_r,neutral,296.0,27.835172305209063,False
20,back_r,neutral,298.0,28.280316510811012,False
20,back_r,neutral,300.0,28.72896850135896,False
20,back_r,neutral,302.0,29.180028868271705,False
20,back_r,neutral,304.0,29.635836995460348,False
20,back_r,neutral,306.0,30.098525655001787,False
20,back_r,neutral,308.0,30.56640720124509,False
20,back_r,neutral,310.0,31.033651562390062,False
20,back_r,neutral,312.0,31.49863067976843,False
20,back_r,neutral,314.0,31.961703269462607,False
20,back_r,neutral,316.0,32.428991999650094,False
20,back_r,neutral,318.0,32.89903120758484,False
20,back_r,neutral,320.0,33.365703079149476,False
20,back_r,neutral,322.0,33.82617287415033,False
20,back_r,neutral,324.0,34.346445102330016,False
20,back_r,neutral,326.0,34.93404302209847,False
20,back_r,neutral,328.0,35.55943967358344,False
20,back_r,neutral,330.0,36.12787956318992,False
20,back_r,neutral,332.0,36.68303765794822,False
20,back_r,neutral,334.0,37.16249290064411,False
20,back_r,neutral,336.0,37.62608154465036,False
20,back_r,neutral,338.0,38.022888031060226,False
20,back_r,neutral,340.0,38.42035368572802,False
20,back_r,neutral,342.0,38.75811791855398,False
20,back_r,neutral,344.0,39.08457810243959,False
20,back_r,neutral,346.0,39.357320092646845,False
20,back_r,neutral,348.0,39.60522642259411,False
20,back_r,neutral,350.0,39.78962304660824,False
20,back_r,neutral,352.0,39.9583795948058,False
20,back_r,neutral,354.0,40.07221827300049,False
20,back_r,neutral,356.0,40.163094644268824,False
20,back_r,neutral,358.0,40.224821301998276,False
20,back_r,neutral,360.0,40.23179761387327,False
0,back_r,apex,0.0,33.04555378489384,False
0,back_r,apex,2.0,32.909680688870914,False
0,back_r,apex,4.0,32.711528690484826,False
0,back_r,apex,6.0,32.512905510706496,False
0,back_r,apex,8.0,32.2534794305211,False
0,back_r,apex,10.0,31.95917270179076,False
0,back_r,apex,12.0,31.644946799498967,False
0,back_r,apex,14.0,31.264510967814235,False
0,back_r,apex,16.0,30.881098989998044,False
0,back_r,apex,18.0,30.444723559242377,False
0,back_r,apex,20.0,29.964024907824804,False
0,back_r,apex,22.0,29.47468248303124,False
0,back_r,apex,24.0,28.914811614778145,False
0,back_r,apex,26.0,28.34581619677383,False
0,back_r,apex,28.0,27.716049174682578,False
0,back_r,apex,30.0,27.059025791092594,False
0,back_r,apex,32.0,26.38024151454208,False
0,back_r,apex,34.0,25.641059835448626,False
0,back_r,apex,36.0,24.922828241214706,False
0,back_r,apex,38.0,24.286453859436417,False
0,back_r,apex,40.0,23.728550783015375,False
0,back_r,apex,42.0,23.160554079062965,False
0,back_r,apex,44.0,22.589621222915113,False
0,back_r,apex,46.0,22.02624345708344,False
0,back_r,apex,48.0,21.458662271384195,False
0,back_r,apex,50.0,20.88494127290191,False
0,back_r,apex,52.0,20.307804407544182,False
0,back_r,apex,54.0,19.73907025758154,False
0,back_r,apex,56.0,19.170010127262643,False
0,back_r,apex,58.0,18.595584682761015,False
0,back_r,apex,60.0,18.01754678157098,False
0,back_r,apex,62.0,17.446017693249793,False
0,back_r,apex,64.0,16.88225465649597,False
0,back_r,apex,66.0,16.31798133505828,False
0,back_r,apex,68.0,15.75373589784037,False
0,back_r,apex,70.0,15.190825150294645,False
0,back_r,apex,72.0,14.633929625733968,False
0,back_r,apex,74.0,14.088270153889448,False
0,back_r,apex,76.0,13.550160151272241,False
0,back_r,apex,78.0,13.018006744795452,False
0,back_r,apex,80.0,12.496347452577927,False
0,back_r,apex,82.0,11.987060186383841,False
0,back_r,apex,84.0,11.491582075902041,False
0,back_r,apex,86.0,11.011097163866777,False
0,back_r,apex,88.0,10.54269935122093,False
0,back_r,apex,90.0,10.085927184748805,False
0,back_r,apex,92.0,9.6419531543897,False
0,back_r,apex,94.0,9.21254735964509,False
0,back_r,apex,96.0,8.798567387428033,False
0,back_r,apex,98.0,8.400546597386311,False
0,back_r,apex,100.0,8.019079995851083,False
0,back_r,apex,102.0,7.654852520451758,False
0,back_r,apex,104.0,7.249611900521406,False
0,back_r,apex,106.0,6.678558424569012,False
0,back_r,apex,108.0,6.115225108994055,False
0,back_r,apex,110.0,5.560855790567425,False
0,back_r,apex,112.0,5.0169606385294285,False
0,back_r,apex,114.0,4.495523296020314,False
0,back_r,apex,116.0,4.001158585287915,False
0,back_r,apex,118.0,3.5205130542121985,False
0,back_r,apex,120.0,3.0534722457821775,False
0,back_r,apex,122.0,2.6014469922716503,False
0,back_r,apex,124.0,2.165124357702869,False
0,back_r,apex,126.0,1.7450317908306021,False
0,back_r,apex,128.0,1.3425969445833028,False
0,back_r,apex,130.0,0.9593083641158603,False
0,back_r,apex,132.0,0.5957185856795055,False
0,back_r,apex,134.0,0.252729327963089,False
0,back_r,apex,136.0,0.0,True
0,back_r,apex,138.0,0.0,True
0,back_r,apex,140.0,0.0,True
0,back_r,apex,142.0,0.0,True
0,back_r,apex,144.0,0.0,True
0,back_r,apex,146.0,0.0,True
0,back_r,apex,148.0,0.0,True
0,back_r,apex,150.0,0.0,True
0,back_r,apex,152.0,0.0,True
0,back_r,apex,154.0,0.0,True
0,back_r,apex,156.0,0.0,True
0,back_r,apex,158.0,0.0,True
0,back_r,apex,160.0,0.0,True
0,back_r,apex,162.0,0.0,True
0,back_r,apex,164.0,0.0,True
0,back_r,apex,166.0,0.0,True
0,back_r,apex,168.0,0.0,True
0,back_r,apex,170.0,0.0,True
0,back_r,apex,172.0,0.0,True
0,back_r,apex,174.0,0.0,True
0,back_r,apex,176.0,0.0,True
0,back_r,apex,178.0,0.0,True
0,back_r,apex,180.0,0.0,True
0,back_r,apex,182.0,0.0,True
0,back_r,apex,184.0,0.0,True
0,back_r,apex,186.0,0.0,True
0,back_r,apex,188.0,0.0,True
0,back_r,apex,190.0,0.0,True
0,back_r,apex,192.0,0.0,True
0,back_r,apex,194.0,0.0,True
0,back_r,apex,196.0,0.0,True
0,back_r,apex,198.0,0.0,True
0,back_r,apex,200.0,0.0,True
0,back_r,apex,202.0,0.0,True
0,back_r,apex,204.0,0.0,True
0,back_r,apex,206.0,0.0,True
0,back_r,apex,208.0,0.0,True
0,back_r,apex,210.0,0.0,True
0,back_r,apex,212.0,0.0,True
0,back_r,apex,214.0,0.0,True
0,back_r,apex,216.0,0.0,True
0,back_r,apex,218.0,0.3018046375218204,False
0,back_r,apex,220.0,0.8188543917012914,False
0,back_r,apex,222.0,1.347461130217577,False
0,back_r,apex,224.0,1.8894477045753337,False
0,back_r,apex,226.0,2.4448093264855126,False
0,back_r,apex,228.0,3.010817055516234,False
0,back_r,apex,230.0,3.5844116896924074,False
0,back_r,apex,232.0,4.164119721313363,False
0,back_r,apex,234.0,4.748633461334607,False
0,back_r,apex,236.0,5.3366285425758075,False
0,back_r,apex,238.0,5.926762783511132,False
0,back_r,apex,240.0,6.517677096195072,False
0,back_r,apex,242.0,7.107999842038777,False
0,back_r,apex,244.0,7.696864416040565,False
0,back_r,apex,246.0,8.292062178321304,False
0,back_r,apex,248.0,8.89101259495902,False
0,back_r,apex,250.0,9.485477338362982,False
0,back_r,apex,252.0,10.074010194676958,False
0,back_r,apex,254.0,10.655222003264093,False
0,back_r,apex,256.0,11.11270146298183,False
0,back_r,apex,258.0,11.483276759436706,False
0,back_r,apex,260.0,11.87062227814495,False
0,back_r,apex,262.0,12.273754528386627,False
0,back_r,apex,264.0,12.691769355425144,False
0,back_r,apex,266.0,13.123828188048133,False
0,back_r,apex,268.0,13.56910374456531,False
0,back_r,apex,270.0,14.026692595780245,False
0,back_r,apex,272.0,14.495819541482236,False
0,back_r,apex,274.0,14.97574475690792,False
0,back_r,apex,276.0,15.465775909649075,False
0,back_r,apex,278.0,15.965173443165039,False
0,back_r,apex,280.0,16.472377821500764,False
0,back_r,apex,282.0,16.986135835013187,False
0,back_r,apex,284.0,17.505335365295156,False
0,back_r,apex,286.0,18.02884939608415,False
0,back_r,apex,288.0,18.555535862084092,False
0,back_r,apex,290.0,19.084245305022147,False
0,back_r,apex,292.0,19.61616724313086,False
0,back_r,apex,294.0,20.152580435853444,False
0,back_r,apex,296.0,20.693062617613275,False
0,back_r,apex,298.0,21.23555303567917,False
0,back_r,apex,300.0,21.775575796542157,False
0,back_r,apex,302.0,22.311809625575137,False
0,back_r,apex,304.0,22.843663030791657,False
0,back_r,apex,306.0,23.37597456136557,False
0,back_r,apex,308.0,23.909791695620534,False
0,back_r,apex,310.0,24.442462401026447,False
0,back_r,apex,312.0,24.9670470685246,False
0,back_r,apex,314.0,25.48214090977263,False
0,back_r,apex,316.0,26.057884119454584,False
0,back_r,apex,318.0,26.703292855512316,False
0,back_r,apex,320.0,27.401828353676425,False
0,back_r,apex,322.0,28.04102580083152,False
0,back_r,apex,324.0,28.654056613982366,False
0,back_r,apex,326.0,29.220985949174054,False
0,back_r,apex,328.0,29.74722717449886,False
0,back_r,apex,330.0,30.242925081844625,False
0,back_r,apex,332.0,30.682403313963675,False
0,back_r,apex,334.0,31.118249050335393,False
0,back_r,apex,336.0,31.486222250879976,False
0,back_r,apex,338.0,31.847250235674974,False
0,back_r,apex,340.0,32.148799293275445,False
0,back_r,apex,342.0,32.42179833223838,False
0,back_r,apex,344.0,32.65757677334073,False
0,back_r,apex,346.0,32.84125510362772,False
0,back_r,apex,348.0,33.01165418459341,False
0,back_r,apex,350.0,33.112860848244644,False
0,back_r,apex,352.0,33.211899059253156,False
0,back_r,apex,354.0,33.24276271084108,False
0,back_r,apex,356.0,33.22885256237646,False
0,back_r,apex,358.0,33.14864072531716,False
0,back_r,apex,360.0,33.04555378489384,False
16,back_r,apex,0.0,38.38648778391388,False
16,back_r,apex,2.0,38.31239221411292,False
16,back_r,apex,4.0,38.217790968937734,False
16,back_r,apex,6.0,38.08253866784511,False
16,back_r,apex,8.0,37.897580889361095,False
16,back_r,apex,10.0,37.70157943892547,False
16,back_r,apex,12.0,37.43193908961608,False
16,back_r,apex,14.0,37.153939263505166,False
16,back_r,apex,16.0,36.81072353439624,False
16,back_r,apex,18.0,36.46557675136432,False
16,back_r,apex,20.0,36.069925315807765,False
16,back_r,apex,22.0,35.64151499887891,False
16,back_r,apex,24.0,35.19970133511141,False
16,back_r,apex,26.0,34.70047566576426,False
16,back_r,apex,28.0,34.20178090782397,False
16,back_r,apex,30.0,33.65948436044885,False
16,back_r,apex,32.0,33.08131355295812,False
16,back_r,apex,34.0,32.500502626085975,False
16,back_r,apex,36.0,31.867969297035426,False
16,back_r,apex,38.0,31.229032317303997,False
16,back_r,apex,40.0,30.639873423280303,False
16,back_r,apex,42.0,30.104925205113794,False
16,back_r,apex,44.0,29.614050691993615,False
16,back_r,apex,46.0,29.1169953961287,False
16,back_r,apex,48.0,28.614311843479975,False
16,back_r,apex,50.0,28.11662479519641,False
16,back_r,apex,52.0,27.62657418089358,False
16,back_r,apex,54.0,27.13503449800129,False
16,back_r,apex,56.0,26.642402221219935,False
16,back_r,apex,58.0,26.152894533294536,False
16,back_r,apex,60.0,25.67450187540792,False
16,back_r,apex,62.0,25.199637919258187,False
16,back_r,apex,64.0,24.719177684023755,False
16,back_r,apex,66.0,24.23824117568207,False
16,back_r,apex,68.0,23.767538751215096,False
16,back_r,apex,70.0,23.29881646373891,False
16,back_r,apex,72.0,22.827902787218022,False
16,back_r,apex,74.0,22.358116900527463,False
16,back_r,apex,76.0,21.90078527992358,False
16,back_r,apex,78.0,21.457482397076525,False
16,back_r,apex,80.0,21.026175753308294,False
16,back_r,apex,82.0,20.60686015818186,False
16,back_r,apex,84.0,20.200668634064566,False
16,back_r,apex,86.0,19.807117239295472,False
16,back_r,apex,88.0,19.418987915449932,False
16,back_r,apex,90.0,19.03848904741554,False
16,back_r,apex,92.0,18.670064120619923,False
16,back_r,apex,94.0,18.311875049915987,False
16,back_r,apex,96.0,17.960905656120474,False
16,back_r,apex,98.0,17.617965868282383,False
16,back_r,apex,100.0,17.289054666745038,False
16,back_r,apex,102.0,16.97863097427193,False
16,back_r,apex,104.0,16.68701883194884,False
16,back_r,apex,106.0,16.414407270636335,False
16,back_r,apex,108.0,16.16087768385117,False
16,back_r,apex,110.0,15.771858965693827,False
16,back_r,apex,112.0,15.38377526198716,False
16,back_r,apex,114.0,15.00965528522594,False
16,back_r,apex,116.0,14.6459665376085,False
16,back_r,apex,118.0,14.287280473133887,False
16,back_r,apex,120.0,13.934223210732073,False
16,back_r,apex,122.0,13.587700302992562,False
16,back_r,apex,124.0,13.259062045540729,False
16,back_r,apex,126.0,12.955847474319391,False
16,back_r,apex,128.0,12.678206537718978,False
16,back_r,apex,130.0,12.421934669081745,False
16,back_r,apex,132.0,12.174775913025526,False
16,back_r,apex,134.0,11.93649612081824,False
16,back_r,apex,136.0,11.708498202437577,False
16,back_r,apex,138.0,11.491610162510183,False
16,back_r,apex,140.0,11.285796491428949,False
16,back_r,apex,142.0,11.094495875504036,False
16,back_r,apex,144.0,10.92800419622841,False
16,back_r,apex,146.0,10.782817136769426,False
16,back_r,apex,148.0,10.656973537508481,False
16,back_r,apex,150.0,10.547977979028463,False
16,back_r,apex,152.0,10.450323939049897,False
16,back_r,apex,154.0,10.363815141514483,False
16,back_r,apex,156.0,10.288848575213494,False
16,back_r,apex,158.0,10.225811441596912,False
16,back_r,apex,160.0,10.175076467161212,False
16,back_r,apex,162.0,10.137003699215454,False
16,back_r,apex,164.0,10.111936511871592,False
16,back_r,apex,166.0,10.101701329782088,False
16,back_r,apex,168.0,10.108718770390487,False
16,back_r,apex,170.0,10.130953789913757,False
16,back_r,apex,172.0,10.168838700329275,False
16,back_r,apex,174.0,10.195855027089497,False
16,back_r,apex,176.0,10.212473895460537,False
16,back_r,apex,178.0,10.206973812769817,False
16,back_r,apex,180.0,10.201953526543567,False
16,back_r,apex,182.0,10.168139248765764,False
16,back_r,apex,184.0,10.141735099017637,False
16,back_r,apex,186.0,10.085788106929742,False
16,back_r,apex,188.0,10.035744853668668,False
16,back_r,apex,190.0,9.960115961663043,False
16,back_r,apex,192.0,9.887441631409324,False
16,back_r,apex,194.0,9.792867276535182,False
16,back_r,apex,196.0,9.699877864214777,False
16,back_r,apex,198.0,9.587207788336363,False
16,back_r,apex,200.0,9.477529882901953,False
16,back_r,apex,202.0,9.359352440353202,False
16,back_r,apex,204.0,9.245385408372321,False
16,back_r,apex,206.0,9.190637902620969,False
16,back_r,apex,208.0,9.314451728638247,False
16,back_r,apex,210.0,9.455647374012718,False
16,back_r,apex,212.0,9.612070173167705,False
16,back_r,apex,214.0,9.790719989734793,False
16,back_r,apex,216.0,9.992454027945705,False
16,back_r,apex,218.0,10.217733514497944,False
16,back_r,apex,220.0,10.466719498887032,False
16,back_r,apex,222.0,10.73927790574341,False
16,back_r,apex,224.0,11.030494389727782,False
16,back_r,apex,226.0,11.334792769996756,False
16,back_r,apex,228.0,11.651854955339399,False
16,back_r,apex,230.0,11.981335010503,False
16,back_r,apex,232.0,12.324577790366774,False
16,back_r,apex,234.0,12.68805872679451,False
16,back_r,apex,236.0,13.071210032062348,False
16,back_r,apex,238.0,13.472349473705837,False
16,back_r,apex,240.0,13.889721525765282,False
16,back_r,apex,242.0,14.321497236230003,False
16,back_r,apex,244.0,14.765800829693967,False
16,back_r,apex,246.0,15.218170417319753,False
16,back_r,apex,248.0,15.676912931307342,False
16,back_r,apex,250.0,16.1390575376399,False
16,back_r,apex,252.0,16.60405192533734,False
16,back_r,apex,254.0,17.07190917716525,False
16,back_r,apex,256.0,17.54223598361587,False
16,back_r,apex,258.0,18.014288736742863,False
16,back_r,apex,260.0,18.48821754928495,False
16,back_r,apex,262.0,18.962447855117244,False
16,back_r,apex,264.0,19.31778551787802,False
16,back_r,apex,266.0,19.6287375522399,False
16,back_r,apex,268.0,19.954799095265056,False
16,back_r,apex,270.0,20.295443890601113,False
16,back_r,apex,272.0,20.65010755337125,False
16,back_r,apex,274.0,21.01818093293697,False
16,back_r,apex,276.0,21.399010701839245,False
16,back_r,apex,278.0,21.791902409665738,False
16,back_r,apex,280.0,22.196114580797186,False
16,back_r,apex,282.0,22.610864599908442,False
16,back_r,apex,284.0,23.035330793081812,False
16,back_r,apex,286.0,23.468648622579465,False
16,back_r,apex,288.0,23.909914614568184,False
16,back_r,apex,290.0,24.35818599285167,False
16,back_r,apex,292.0,24.81247780405944,False
16,back_r,apex,294.0,25.271959792707076,False
16,back_r,apex,296.0,25.73639912473939,False
16,back_r,apex,298.0,26.207289400260617,False
16,back_r,apex,300.0,26.685813844762528,False
16,back_r,apex,302.0,27.16949264051225,False
16,back_r,apex,304.0,27.653863099132458,False
16,back_r,apex,306.0,28.13768271977729,False
16,back_r,apex,308.0,28.620326299046237,False
16,back_r,apex,310.0,29.106957694765256,False
16,back_r,apex,312.0,29.598768203137837,False
16,back_r,apex,314.0,30.089395538077405,False
16,back_r,apex,316.0,30.574639616868733,False
16,back_r,apex,318.0,31.05414291098974,False
16,back_r,apex,320.0,31.53115624211404,False
16,back_r,apex,322.0,32.04483604974976,False
16,back_r,apex,324.0,32.62541982192722,False
16,back_r,apex,326.0,33.269950819227375,False
16,back_r,apex,328.0,33.887192604662424,False
16,back_r,apex,330.0,34.456433513494225,False
16,back_r,apex,332.0,34.98987551629637,False
16,back_r,apex,334.0,35.48117871437763,False
16,back_r,apex,336.0,35.91632991723895,False
16,back_r,apex,338.0,36.32817466511402,False
16,back_r,apex,340.0,36.708807156834894,False
16,back_r,apex,342.0,37.03991170505898,False
16,back_r,apex,344.0,37.36187140142851,False
16,back_r,apex,346.0,37.61300647139507,False
16,back_r,apex,348.0,37.84961133342655,False
16,back_r,apex,350.0,38.019313829713184,False
16,back_r,apex,352.0,38.176022804339546,False
16,back_r,apex,354.0,38.26986661761009,False
16,back_r,apex,356.0,38.36299790753784,False
16,back_r,apex,358.0,38.39708914853933,False
16,back_r,apex,360.0,38.38648778391386,False
20,back_r,apex,0.0,40.252224780557526,False
20,back_r,apex,2.0,40.18577229611371,False
20,back_r,apex,4.0,40.09451623469125,False
20,back_r,apex,6.0,39.9695373901754,False
20,back_r,apex,8.0,39.79077639793684,False
20,back_r,apex,10.0,39.601012689291515,False
20,back_r,apex,12.0,39.34956747963957,False
20,back_r,apex,14.0,39.093032811777405,False
20,back_r,apex,16.0,38.79124280244346,False
20,back_r,apex,18.0,38.44848417956611,False
20,back_r,apex,20.0,38.09829944779722,False
20,back_r,apex,22.0,37.68883257318147,False
20,back_r,apex,24.0,37.27384378110154,False
20,back_r,apex,26.0,36.81897853260541,False
20,back_r,apex,28.0,36.32342682033795,False
20,back_r,apex,30.0,35.82540278188498,False
20,back_r,apex,32.0,35.27309016076954,False
20,back_r,apex,34.0,34.71491833039182,False
20,back_r,apex,36.0,34.12532584263348,False
20,back_r,apex,38.0,33.49732812789479,False
20,back_r,apex,40.0,32.91878509019606,False
20,back_r,apex,42.0,32.41111433757418,False
20,back_r,apex,44.0,31.954013182816812,False
20,back_r,apex,46.0,31.484987965638666,False
20,back_r,apex,48.0,31.013239669180585,False
20,back_r,apex,50.0,30.54861280056609,False
20,back_r,apex,52.0,30.07589059755235,False
20,back_r,apex,54.0,29.596990536397005,False
20,back_r,apex,56.0,29.12643760875779,False
20,back_r,apex,58.0,28.654451407303252,False
20,back_r,apex,60.0,28.17983427249155,False
20,back_r,apex,62.0,27.70874993759077,False
20,back_r,apex,64.0,27.248556573032985,False
20,back_r,apex,66.0,26.798393286327304,False
20,back_r,apex,68.0,26.353602319462965,False
20,back_r,apex,70.0,25.915215714081498,False
20,back_r,apex,72.0,25.48443149015804,False
20,back_r,apex,74.0,25.06053045114446,False
20,back_r,apex,76.0,24.647305660686833,False
20,back_r,apex,78.0,24.236776399040828,False
20,back_r,apex,80.0,23.826526007596637,False
20,back_r,apex,82.0,23.418998499612357,False
20,back_r,apex,84.0,23.021848433922628,False
20,back_r,apex,86.0,22.634547495450906,False
20,back_r,apex,88.0,22.259324731800614,False
20,back_r,apex,90.0,21.898404877659445,False
20,back_r,apex,92.0,21.552529921958143,False
20,back_r,apex,94.0,21.222331696917408,False
20,back_r,apex,96.0,20.908344314819487,False
20,back_r,apex,98.0,20.606282005153414,False
20,back_r,apex,100.0,20.31133833155809,False
20,back_r,apex,102.0,20.026463808560408,False
20,back_r,apex,104.0,19.753397589165175,False
20,back_r,apex,106.0,19.49185287016572,False
20,back_r,apex,108.0,19.24014789841501,False
20,back_r,apex,110.0,18.970123311144707,False
20,back_r,apex,112.0,18.592783203283382,False
20,back_r,apex,114.0,18.22221368855181,False
20,back_r,apex,116.0,17.8714584599374,False
20,back_r,apex,118.0,17.542216104426856,False
20,back_r,apex,120.0,17.23503069290343,False
20,back_r,apex,122.0,16.946554483948542,False
20,back_r,apex,124.0,16.665569154380368,False
20,back_r,apex,126.0,16.395065164355607,False
20,back_r,apex,128.0,16.132845653420222,False
20,back_r,apex,130.0,15.877553152789826,False
20,back_r,apex,132.0,15.63169367012315,False
20,back_r,apex,134.0,15.405984176968168,False
20,back_r,apex,136.0,15.201536835862603,False
20,back_r,apex,138.0,15.01762159903416,False
20,back_r,apex,140.0,14.85335414859268,False
20,back_r,apex,142.0,14.703977483106495,False
20,back_r,apex,144.0,14.563082281805123,False
20,back_r,apex,146.0,14.431016204947754,False
20,back_r,apex,148.0,14.308197791315681,False
20,back_r,apex,150.0,14.195054686982695,False
20,back_r,apex,152.0,14.09199205931006,False
20,back_r,apex,154.0,13.999411396646051,False
20,back_r,apex,156.0,13.918964209249282,False
20,back_r,apex,158.0,13.85555762105594,False
20,back_r,apex,160.0,13.807268509139421,False
20,back_r,apex,162.0,13.771524794036727,False
20,back_r,apex,164.0,13.747855007704711,False
20,back_r,apex,166.0,13.73593736164539,False
20,back_r,apex,168.0,13.735607116955844,False
20,back_r,apex,170.0,13.748171159086166,False
20,back_r,apex,172.0,13.77650057159811,False
20,back_r,apex,174.0,13.807006374246892,False
20,back_r,apex,176.0,13.818557497315993,False
20,back_r,apex,178.0,13.825204362154986,False
20,back_r,apex,180.0,13.818145665270306,False
20,back_r,apex,182.0,13.80062453475795,False
20,back_r,apex,184.0,13.775298669101355,False
20,back_r,apex,186.0,13.734649950178435,False
20,back_r,apex,188.0,13.692477019286637,False
20,back_r,apex,190.0,13.63114058418864,False
20,back_r,apex,192.0,13.574662168377763,False
20,back_r,apex,194.0,13.498261082945053,False
20,back_r,apex,196.0,13.429525670439626,False
20,back_r,apex,198.0,13.346230670015633,False
20,back_r,apex,200.0,13.267663419073779,False
20,back_r,apex,202.0,13.181705310097742,False
20,back_r,apex,204.0,13.095250919713564,False
20,back_r,apex,206.0,13.003820050674618,False
20,back_r,apex,208.0,13.059896656747368,False
20,back_r,apex,210.0,13.187098786121034,False
20,back_r,apex,212.0,13.324276694656396,False
20,back_r,apex,214.0,13.471461657527819,False
20,back_r,apex,216.0,13.629778548561267,False
20,back_r,apex,218.0,13.80395007090364,False
20,back_r,apex,220.0,13.991409399660585,False
20,back_r,apex,222.0,14.19645765172839,False
20,back_r,apex,224.0,14.421459909287977,False
20,back_r,apex,226.0,14.666384389181367,False
20,back_r,apex,228.0,14.930981901444786,False
20,back_r,apex,230.0,15.21589706653497,False
20,back_r,apex,232.0,15.522062309219958,False
20,back_r,apex,234.0,15.846582226162875,False
20,back_r,apex,236.0,16.183804763325778,False
20,back_r,apex,238.0,16.53269488333304,False
20,back_r,apex,240.0,16.89228380616255,False
20,back_r,apex,242.0,17.261589498864254,False
20,back_r,apex,244.0,17.639619888917277,False
20,back_r,apex,246.0,18.02539018278624,False
20,back_r,apex,248.0,18.424633876482808,False
20,back_r,apex,250.0,18.84015356565268,False
20,back_r,apex,252.0,19.264625180340907,False
20,back_r,apex,254.0,19.696237360498273,False
20,back_r,apex,256.0,20.133234723335157,False
20,back_r,apex,258.0,20.576256610836072,False
20,back_r,apex,260.0,21.032018857461416,False
20,back_r,apex,262.0,21.489302156716157,False
20,back_r,apex,264.0,21.847117661536288,False
20,back_r,apex,266.0,22.13219237484284,False
20,back_r,apex,268.0,22.43211722305417,False
20,back_r,apex,270.0,22.74648407436756,False
20,back_r,apex,272.0,23.0748274396247,False
20,back_r,apex,274.0,23.41638145897122,False
20,back_r,apex,276.0,23.766538567732585,False
20,back_r,apex,278.0,24.126129079343038,False
20,back_r,apex,280.0,24.497446036067203,False
20,back_r,apex,282.0,24.88090384325513,False
20,back_r,apex,284.0,25.27613265399758,False
20,back_r,apex,286.0,25.68214908240449,False
20,back_r,apex,288.0,26.0973849107369,False
20,back_r,apex,290.0,26.520919823838994,False
20,back_r,apex,292.0,26.951791653940553,False
20,back_r,apex,294.0,27.388999623339004,False
20,back_r,apex,296.0,27.831515705659807,False
20,back_r,apex,298.0,28.280679049187956,False
20,back_r,apex,300.0,28.736320551927783,False
20,back_r,apex,302.0,29.19568549920617,False
20,back_r,apex,304.0,29.658064758716957,False
20,back_r,apex,306.0,30.122786296839443,False
20,back_r,apex,308.0,30.58919575408576,False
20,back_r,apex,310.0,31.055826333842383,False
20,back_r,apex,312.0,31.520348938745112,False
20,back_r,apex,314.0,31.981576186723476,False
20,back_r,apex,316.0,32.43949097897575,False
20,back_r,apex,318.0,32.89560732984247,False
20,back_r,apex,320.0,33.35124252020767,False
20,back_r,apex,322.0,33.83024370680007,False
20,back_r,apex,324.0,34.36553030554474,False
20,back_r,apex,326.0,34.95383012377209,False
20,back_r,apex,328.0,35.5785990070998,False
20,back_r,apex,330.0,36.12486383654851,False
20,back_r,apex,332.0,36.664677296725614,False
20,back_r,apex,334.0,37.143914053756355,False
20,back_r,apex,336.0,37.622953887914555,False
20,back_r,apex,338.0,38.04119018886912,False
20,back_r,apex,340.0,38.442797832648104,False
20,back_r,apex,342.0,38.76915360572783,False
20,back_r,apex,344.0,39.0847132794091,False
20,back_r,apex,346.0,39.33491093552793,False
20,back_r,apex,348.0,39.58200616839659,False
20,back_r,apex,350.0,39.77817660627711,False
20,back_r,apex,352.0,39.946478059181125,False
20,back_r,apex,354.0,40.08925886861429,False
20,back_r,apex,356.0,40.17792395664222,False
20,back_r,apex,358.0,40.25068849337488,False
20,back_r,apex,360.0,40.25222478055751,False
0,back_l,neutral,0.0,33.01851454620349,False
0,back_l,neutral,2.0,33.1206665667839,False
0,back_l,neutral,4.0,33.22155918984353,False
0,back_l,neutral,6.0,33.257490015638076,False
0,back_l,neutral,8.0,33.243565911824724,False
0,back_l,neutral,10.0,33.15706508547927,False
0,back_l,neutral,12.0,33.05478435715188,False
0,back_l,neutral,14.0,32.907378361754084,False
0,back_l,neutral,16.0,32.70432808551415,False
0,back_l,neutral,18.0,32.498200087656535,False
0,back_l,neutral,20.0,32.22520500458825,False
0,back_l,neutral,22.0,31.930317396146478,False
0,back_l,neutral,24.0,31.59597329970663,False
0,back_l,neutral,26.0,31.201110791866633,False
0,back_l,neutral,28.0,30.796005026531827,False
0,back_l,neutral,30.0,30.31277266251124,False
0,back_l,neutral,32.0,29.82527461996519,False
0,back_l,neutral,34.0,29.267539114465,False
0,back_l,neutral,36.0,28.68438808343787,False
0,back_l,neutral,38.0,28.066081637599844,False
0,back_l,neutral,40.0,27.386597997257905,False
0,back_l,neutral,42.0,26.70101056880742,False
0,back_l,neutral,44.0,25.934103762585323,False
0,back_l,neutral,46.0,25.18846587372571,False
0,back_l,neutral,48.0,24.511371260715283,False
0,back_l,neutral,50.0,23.909787486367925,False
0,back_l,neutral,52.0,23.323957521143335,False
0,back_l,neutral,54.0,22.74131902552866,False
0,back_l,neutral,56.0,22.15140916144918,False
0,back_l,neutral,58.0,21.551886366465485,False
0,back_l,neutral,60.0,20.947413618039615,False
0,back_l,neutral,62.0,20.34617844958157,False
0,back_l,neutral,64.0,19.748146128717526,False
0,back_l,neutral,66.0,19.146748295855666,False
0,back_l,neutral,68.0,18.54153164042283,False
0,back_l,neutral,70.0,17.93403082527455,False
0,back_l,neutral,72.0,17.329525931573986,False
0,back_l,neutral,74.0,16.731271499169964,False
0,back_l,neutral,76.0,16.139554575133758,False
0,back_l,neutral,78.0,15.551320096210553,False
0,back_l,neutral,80.0,14.966475457125435,False
0,back_l,neutral,82.0,14.386455015231407,False
0,back_l,neutral,84.0,13.812665008646555,False
0,back_l,neutral,86.0,13.2464788585667,False
0,back_l,neutral,88.0,12.689253398928985,False
0,back_l,neutral,90.0,12.14282508133404,False
0,back_l,neutral,92.0,11.608587990953827,False
0,back_l,neutral,94.0,11.087339437376304,False
0,back_l,neutral,96.0,10.579888504766458,False
0,back_l,neutral,98.0,10.087121054813053,False
0,back_l,neutral,100.0,9.610042470650498,False
0,back_l,neutral,102.0,9.149704679646458,False
0,back_l,neutral,104.0,8.707258851121743,False
0,back_l,neutral,106.0,8.284009475769619,False
0,back_l,neutral,108.0,7.881351745151983,False
0,back_l,neutral,110.0,7.500692451766319,False
0,back_l,neutral,112.0,6.984873967482443,False
0,back_l,neutral,114.0,6.3651279137440735,False
0,back_l,neutral,116.0,5.756995481314988,False
0,back_l,neutral,118.0,5.161850458493724,False
0,back_l,neutral,120.0,4.581027637093939,False
0,back_l,neutral,122.0,4.015887741740592,False
0,back_l,neutral,124.0,3.4694294511297987,False
0,back_l,neutral,126.0,2.9454238963405337,False
0,back_l,neutral,128.0,2.442519419755598,False
0,back_l,neutral,130.0,1.960961283681602,False
0,back_l,neutral,132.0,1.501690975585801,False
0,back_l,neutral,134.0,1.06563617276798,False
0,back_l,neutral,136.0,0.6536602758151699,False
0,back_l,neutral,138.0,0.2665511536815141,False
0,back_l,neutral,140.0,0.0,True
0,back_l,neutral,142.0,0.0,True
0,back_l,neutral,144.0,0.0,True
0,back_l,neutral,146.0,0.0,True
0,back_l,neutral,148.0,0.0,True
0,back_l,neutral,150.0,0.0,True
0,back_l,neutral,152.0,0.0,True
0,back_l,neutral,154.0,0.0,True
0,back_l,neutral,156.0,0.0,True
0,back_l,neutral,158.0,0.0,True
0,back_l,neutral,160.0,0.0,True
0,back_l,neutral,162.0,0.0,True
0,back_l,neutral,164.0,0.0,True
0,back_l,neutral,166.0,0.0,True
0,back_l,neutral,168.0,0.0,True
0,back_l,neutral,170.0,0.0,True
0,back_l,neutral,172.0,0.0,True
0,back_l,neutral,174.0,0.0,True
0,back_l,neutral,176.0,0.0,True
0,back_l,neutral,178.0,0.0,True
0,back_l,neutral,180.0,0.0,True
0,back_l,neutral,182.0,0.0,True
0,back_l,neutral,184.0,0.0,True
0,back_l,neutral,186.0,0.0,True
0,back_l,neutral,188.0,0.0,True
0,back_l,neutral,190.0,0.0,True
0,back_l,neutral,192.0,0.0,True
0,back_l,neutral,194.0,0.0,True
0,back_l,neutral,196.0,0.0,True
0,back_l,neutral,198.0,0.0,True
0,back_l,neutral,200.0,0.0,True
0,back_l,neutral,202.0,0.0,True
0,back_l,neutral,204.0,0.0,True
0,back_l,neutral,206.0,0.0,True
0,back_l,neutral,208.0,0.0,True
0,back_l,neutral,210.0,0.0,True
0,back_l,neutral,212.0,0.0,True
0,back_l,neutral,214.0,0.0,True
0,back_l,neutral,216.0,0.0,True
0,back_l,neutral,218.0,0.0,True
0,back_l,neutral,220.0,0.0,True
0,back_l,neutral,222.0,0.2897055987489023,False
0,back_l,neutral,224.0,0.7349076503203718,False
0,back_l,neutral,226.0,1.186954241337694,False
0,back_l,neutral,228.0,1.6448146674897715,False
0,back_l,neutral,230.0,2.116288036169689,False
0,back_l,neutral,232.0,2.6136397137887766,False
0,back_l,neutral,234.0,3.114585219455532,False
0,back_l,neutral,236.0,3.629584536339315,False
0,back_l,neutral,238.0,4.14970599642082,False
0,back_l,neutral,240.0,4.670996006501701,False
0,back_l,neutral,242.0,5.1923133746582355,False
0,back_l,neutral,244.0,5.712517957389381,False
0,back_l,neutral,246.0,6.241752253463128,False
0,back_l,neutral,248.0,6.7765692408340925,False
0,back_l,neutral,250.0,7.310697167499417,False
0,back_l,neutral,252.0,7.8517126443010365,False
0,back_l,neutral,254.0,8.396983336468804,False
0,back_l,neutral,256.0,8.9535180995601,False
0,back_l,neutral,258.0,9.511603936161743,False
0,back_l,neutral,260.0,10.061725764018286,False
0,back_l,neutral,262.0,10.602707111945548,False
0,back_l,neutral,264.0,11.075459356981495,False
0,back_l,neutral,266.0,11.430386704009013,False
0,back_l,neutral,268.0,11.799756117226314,False
0,back_l,neutral,270.0,12.182915669157708,False
0,back_l,neutral,272.0,12.57928109938455,False
0,back_l,neutral,274.0,12.988319679999629,False
0,back_l,neutral,276.0,13.409290580634437,False
0,back_l,neutral,278.0,13.84075377489457,False
0,back_l,neutral,280.0,14.278162179924218,False
0,back_l,neutral,282.0,14.72251683119469,False
0,back_l,neutral,284.0,15.174669501650714,False
0,back_l,neutral,286.0,15.636074056071509,False
0,back_l,neutral,288.0,16.107679355570028,False
0,back_l,neutral,290.0,16.589150323981997,False
0,back_l,neutral,292.0,17.079330937827116,False
0,back_l,neutral,294.0,17.57741781151489,False
0,back_l,neutral,296.0,18.081071435592683,False
0,back_l,neutral,298.0,18.58838168966255,False
0,back_l,neutral,300.0,19.098818720362704,False
0,back_l,neutral,302.0,19.611133977180547,False
0,back_l,neutral,304.0,20.128157905404006,False
0,back_l,neutral,306.0,20.648265172767967,False
0,back_l,neutral,308.0,21.170677719240338,False
0,back_l,neutral,310.0,21.694841646847916,False
0,back_l,neutral,312.0,22.21002897891541,False
0,back_l,neutral,314.0,22.724910722148135,False
0,back_l,neutral,316.0,23.239593827384237,False
0,back_l,neutral,318.0,23.755810709670165,False
0,back_l,neutral,320.0,24.270006365836768,False
0,back_l,neutral,322.0,24.774796136206625,False
0,back_l,neutral,324.0,25.272216544900242,False
0,back_l,neutral,326.0,25.804629889352388,False
0,back_l,neutral,328.0,26.395198258580102,False
0,back_l,neutral,330.0,27.052760491624618,False
0,back_l,neutral,332.0,27.697009402154823,False
0,back_l,neutral,334.0,28.28445638653142,False
0,back_l,neutral,336.0,28.87433315719324,False
0,back_l,neutral,338.0,29.387543517860287,False
0,back_l,neutral,340.0,29.8996165305056,False
0,back_l,neutral,342.0,30.357252437857287,False
0,back_l,neutral,344.0,30.786888137064118,False
0,back_l,neutral,346.0,31.192552916486488,False
0,back_l,neutral,348.0,31.540262024124065,False
0,back_l,neutral,350.0,31.8879061575877,False
0,back_l,neutral,352.0,32.170854912276695,False
0,back_l,neutral,354.0,32.440891296752696,False
0,back_l,neutral,356.0,32.667621096489796,False
0,back_l,neutral,358.0,32.849403121855886,False
0,back_l,neutral,360.0,33.0185145462035,False
16,back_l,neutral,0.0,38.355702959097975,False
16,back_l,neutral,2.0,38.41353802660337,False
16,back_l,neutral,4.0,38.410582951443196,False
16,back_l,neutral,6.0,38.33253078729004,False
16,back_l,neutral,8.0,38.23817699246083,False
16,back_l,neutral,10.0,38.084683397735546,False
16,back_l,neutral,12.0,37.897584038408475,False
16,back_l,neutral,14.0,37.68536014895592,False
16,back_l,neutral,16.0,37.41174552531897,False
16,back_l,neutral,18.0,37.13755730778628,False
16,back_l,neutral,20.0,36.79590211387467,False
16,back_l,neutral,22.0,36.433842499789826,False
16,back_l,neutral,24.0,35.99505859022977,False
16,back_l,neutral,26.0,35.5395668371139,False
16,back_l,neutral,28.0,35.02597176704014,False
16,back_l,neutral,30.0,34.48255705924391,False
16,back_l,neutral,32.0,33.913865441451776,False
16,back_l,neutral,34.0,33.281617248244835,False
16,back_l,neutral,36.0,32.600487478158996,False
16,back_l,neutral,38.0,31.88640332459817,False
16,back_l,neutral,40.0,31.231311322382002,False
16,back_l,neutral,42.0,30.63485357661317,False
16,back_l,neutral,44.0,30.09927051780849,False
16,back_l,neutral,46.0,29.561666838575267,False
16,back_l,neutral,48.0,29.022333119323378,False
16,back_l,neutral,50.0,28.48182706391175,False
16,back_l,neutral,52.0,27.940756784943535,False
16,back_l,neutral,54.0,27.398702778224646,False
16,back_l,neutral,56.0,26.852883851438463,False
16,back_l,neutral,58.0,26.304444185309105,False
16,back_l,neutral,60.0,25.756194521198847,False
16,back_l,neutral,62.0,25.216328412807275,False
16,back_l,neutral,64.0,24.685326781292247,False
16,back_l,neutral,66.0,24.15734194429491,False
16,back_l,neutral,68.0,23.6327989406858,False
16,back_l,neutral,70.0,23.11316856604826,False
16,back_l,neutral,72.0,22.600622543305963,False
16,back_l,neutral,74.0,22.100005352420663,False
16,back_l,neutral,76.0,21.611732121374608,False
16,back_l,neutral,78.0,21.133375086730208,False
16,back_l,neutral,80.0,20.665337474238527,False
16,back_l,neutral,82.0,20.208515615807407,False
16,back_l,neutral,84.0,19.763795919072468,False
16,back_l,neutral,86.0,19.332087871308893,False
16,back_l,neutral,88.0,18.914260045880713,False
16,back_l,neutral,90.0,18.511163688677758,False
16,back_l,neutral,92.0,18.123669446038445,False
16,back_l,neutral,94.0,17.752582777048634,False
16,back_l,neutral,96.0,17.398615875368048,False
16,back_l,neutral,98.0,17.058697964592767,False
16,back_l,neutral,100.0,16.731432287672682,False
16,back_l,neutral,102.0,16.422660379878174,False
16,back_l,neutral,104.0,16.025884431703663,False
16,back_l,neutral,106.0,15.55025681453087,False
16,back_l,neutral,108.0,15.087470235479,False
16,back_l,neutral,110.0,14.642146912108256,False
16,back_l,neutral,112.0,14.215177796146516,False
16,back_l,neutral,114.0,13.808403175396952,False
16,back_l,neutral,116.0,13.423276041504982,False
16,back_l,neutral,118.0,13.059561843346206,False
16,back_l,neutral,120.0,12.714215449590558,False
16,back_l,neutral,122.0,12.387398459475834,False
16,back_l,neutral,124.0,12.079616079603145,False
16,back_l,neutral,126.0,11.795911256146157,False
16,back_l,neutral,128.0,11.53827742686943,False
16,back_l,neutral,130.0,11.303793848903139,False
16,back_l,neutral,132.0,11.092791089267639,False
16,back_l,neutral,134.0,10.904458695225705,False
16,back_l,neutral,136.0,10.737846843509491,False
16,back_l,neutral,138.0,10.591902417220936,False
16,back_l,neutral,140.0,10.465507465525135,False
16,back_l,neutral,142.0,10.357721872249693,False
16,back_l,neutral,144.0,10.271868654282823,False
16,back_l,neutral,146.0,10.203034273925443,False
16,back_l,neutral,148.0,10.149339115506812,False
16,back_l,neutral,150.0,10.110010188110515,False
16,back_l,neutral,152.0,10.084448944948928,False
16,back_l,neutral,154.0,10.072254013032822,False
16,back_l,neutral,156.0,10.07695784275163,False
16,back_l,neutral,158.0,10.097071920613555,False
16,back_l,neutral,160.0,10.131441043776444,False
16,back_l,neutral,162.0,10.159253302922554,False
16,back_l,neutral,164.0,10.17405632435241,False
16,back_l,neutral,166.0,10.174820861764642,False
16,back_l,neutral,168.0,10.168274013053349,False
16,back_l,neutral,170.0,10.141863166191476,False
16,back_l,neutral,172.0,10.114466856845029,False
16,back_l,neutral,174.0,10.062470141718702,False
16,back_l,neutral,176.0,10.016125744548921,False
16,back_l,neutral,178.0,9.943772366399669,False
16,back_l,neutral,180.0,9.86937509504042,False
16,back_l,neutral,182.0,9.776719155784052,False
16,back_l,neutral,184.0,9.66180997917145,False
16,back_l,neutral,186.0,9.548268935462916,False
16,back_l,neutral,188.0,9.40905419632418,False
16,back_l,neutral,190.0,9.25774485697558,False
16,back_l,neutral,192.0,9.200573607903285,False
16,back_l,neutral,194.0,9.315063832827486,False
16,back_l,neutral,196.0,9.435191258614132,False
16,back_l,neutral,198.0,9.560463310699447,False
16,back_l,neutral,200.0,9.690913199062033,False
16,back_l,neutral,202.0,9.838152554266028,False
16,back_l,neutral,204.0,10.008536681330446,False
16,back_l,neutral,206.0,10.202804061932836,False
16,back_l,neutral,208.0,10.410480719708165,False
16,back_l,neutral,210.0,10.622546855776474,False
16,back_l,neutral,212.0,10.839052412730508,False
16,back_l,neutral,214.0,11.06600133679785,False
16,back_l,neutral,216.0,11.297133190413224,False
16,back_l,neutral,218.0,11.53884209973923,False
16,back_l,neutral,220.0,11.804851116998648,False
16,back_l,neutral,222.0,12.094632110539179,False
16,back_l,neutral,224.0,12.399592059386585,False
16,back_l,neutral,226.0,12.708053449814669,False
16,back_l,neutral,228.0,13.028253951606983,False
16,back_l,neutral,230.0,13.349260482217616,False
16,back_l,neutral,232.0,13.669801353075531,False
16,back_l,neutral,234.0,13.996131680051471,False
16,back_l,neutral,236.0,14.34458717547082,False
16,back_l,neutral,238.0,14.714344884010279,False
16,back_l,neutral,240.0,15.099701316457582,False
16,back_l,neutral,242.0,15.490167174937563,False
16,back_l,neutral,244.0,15.876656880188575,False
16,back_l,neutral,246.0,16.273828636927032,False
16,back_l,neutral,248.0,16.671159180438803,False
16,back_l,neutral,250.0,17.062306776749878,False
16,back_l,neutral,252.0,17.455225790323006,False
16,back_l,neutral,254.0,17.863811420177605,False
16,back_l,neutral,256.0,18.278518604487772,False
16,back_l,neutral,258.0,18.69723997320189,False
16,back_l,neutral,260.0,19.03173588798958,False
16,back_l,neutral,262.0,19.309749748951766,False
16,back_l,neutral,264.0,19.603285855378058,False
16,back_l,neutral,266.0,19.911955925384817,False
16,back_l,neutral,268.0,20.235362548768425,False
16,back_l,neutral,270.0,20.571092008497192,False
16,back_l,neutral,272.0,20.917243805160005,False
16,back_l,neutral,274.0,21.271225368578076,False
16,back_l,neutral,276.0,21.631309949632463,False
16,back_l,neutral,278.0,21.996695872756323,False
16,back_l,neutral,280.0,22.366592838962188,False
16,back_l,neutral,282.0,22.7434898518338,False
16,back_l,neutral,284.0,23.129541077875107,False
16,back_l,neutral,286.0,23.525778780810423,False
16,back_l,neutral,288.0,23.931512380313066,False
16,back_l,neutral,290.0,24.34560297881552,False
16,back_l,neutral,292.0,24.767055044206476,False
16,back_l,neutral,294.0,25.19483126657913,False
16,back_l,neutral,296.0,25.627857492375945,False
16,back_l,neutral,298.0,26.067061582224657,False
16,back_l,neutral,300.0,26.514139557233772,False
16,back_l,neutral,302.0,26.9657028220335,False
16,back_l,neutral,304.0,27.413730971346943,False
16,back_l,neutral,306.0,27.857513015506562,False
16,back_l,neutral,308.0,28.30514276348099,False
16,back_l,neutral,310.0,28.758024631006425,False
16,back_l,neutral,312.0,29.206044007543543,False
16,back_l,neutral,314.0,29.647095636832496,False
16,back_l,neutral,316.0,30.090976061353366,False
16,back_l,neutral,318.0,30.538534572876944,False
16,back_l,neutral,320.0,30.98077969142052,False
16,back_l,neutral,322.0,31.417446495899053,False
16,back_l,neutral,324.0,31.91211093759895,False
16,back_l,neutral,326.0,32.47629194410824,False
16,back_l,neutral,328.0,33.07361345287159,False
16,back_l,neutral,330.0,33.6192758147009,False
16,back_l,neutral,332.0,34.15413684299579,False
16,back_l,neutral,334.0,34.65663896151235,False
16,back_l,neutral,336.0,35.1190712309254,False
16,back_l,neutral,338.0,35.575875452079,False
16,back_l,neutral,340.0,35.97423873588454,False
16,back_l,neutral,342.0,36.372020577243504,False
16,back_l,neutral,344.0,36.719563426414496,False
16,back_l,neutral,346.0,37.041136410821835,False
16,back_l,neutral,348.0,37.338772551739645,False
16,back_l,neutral,350.0,37.582924837354376,False
16,back_l,neutral,352.0,37.813177442085916,False
16,back_l,neutral,354.0,37.982451926485325,False
16,back_l,neutral,356.0,38.15136701963062,False
16,back_l,neutral,358.0,38.26246563357473,False
16,back_l,neutral,360.0,38.355702959097975,False
20,back_l,neutral,0.0,40.220019706746065,False
20,back_l,neutral,2.0,40.2325993071062,False
20,back_l,neutral,4.0,40.198906632457025,False
20,back_l,neutral,6.0,40.10643066334912,False
20,back_l,neutral,8.0,40.01292247731408,False
20,back_l,neutral,10.0,39.85609689462698,False
20,back_l,neutral,12.0,39.678794755419865,False
20,back_l,neutral,14.0,39.43589841304924,False
20,back_l,neutral,16.0,39.1697628651884,False
20,back_l,neutral,18.0,38.84643704360345,False
20,back_l,neutral,20.0,38.49068569416358,False
20,back_l,neutral,22.0,38.11463757584549,False
20,back_l,neutral,24.0,37.678536502014666,False
20,back_l,neutral,26.0,37.23645168500145,False
20,back_l,neutral,28.0,36.70925927135621,False
20,back_l,neutral,30.0,36.16152541997153,False
20,back_l,neutral,32.0,35.54794383224384,False
20,back_l,neutral,34.0,34.936534725144206,False
20,back_l,neutral,36.0,34.259598510753946,False
20,back_l,neutral,38.0,33.58898781493615,False
20,back_l,neutral,40.0,32.979155658680256,False
20,back_l,neutral,42.0,32.44273525092542,False
20,back_l,neutral,44.0,31.929953221856476,False
20,back_l,neutral,46.0,31.42129859733475,False
20,back_l,neutral,48.0,30.906298488070536,False
20,back_l,neutral,50.0,30.385908192152936,False
20,back_l,neutral,52.0,29.870195648575592,False
20,back_l,neutral,54.0,29.360674224996018,False
20,back_l,neutral,56.0,28.851726006446263,False
20,back_l,neutral,58.0,28.3417622737421,False
20,back_l,neutral,60.0,27.831931912690337,False
20,back_l,neutral,62.0,27.323696026465644,False
20,back_l,neutral,64.0,26.81937169538116,False
20,back_l,neutral,66.0,26.320314303746,False
20,back_l,neutral,68.0,25.82736816864635,False
20,back_l,neutral,70.0,25.341336184063994,False
20,back_l,neutral,72.0,24.863074485870055,False
20,back_l,neutral,74.0,24.39392666220093,False
20,back_l,neutral,76.0,23.9373980077051,False
20,back_l,neutral,78.0,23.492412925234206,False
20,back_l,neutral,80.0,23.05882298581999,False
20,back_l,neutral,82.0,22.636980046183798,False
20,back_l,neutral,84.0,22.22143135244087,False
20,back_l,neutral,86.0,21.81634733431049,False
20,back_l,neutral,88.0,21.426403975699177,False
20,back_l,neutral,90.0,21.052429198407456,False
20,back_l,neutral,92.0,20.695313087708282,False
20,back_l,neutral,94.0,20.35542142114995,False
20,back_l,neutral,96.0,20.03305143962759,False
20,back_l,neutral,98.0,19.728513142941125,False
20,back_l,neutral,100.0,19.442074083671866,False
20,back_l,neutral,102.0,19.173971629287426,False
20,back_l,neutral,104.0,18.769954596081266,False
20,back_l,neutral,106.0,18.33483645338349,False
20,back_l,neutral,108.0,17.917379473048296,False
20,back_l,neutral,110.0,17.519932106892824,False
20,back_l,neutral,112.0,17.1428737010165,False
20,back_l,neutral,114.0,16.786863809800295,False
20,back_l,neutral,116.0,16.45242773654881,False
20,back_l,neutral,118.0,16.139914027564792,False
20,back_l,neutral,120.0,15.849506292034809,False
20,back_l,neutral,122.0,15.581373019814462,False
20,back_l,neutral,124.0,15.335860897918467,False
20,back_l,neutral,126.0,15.11312828541503,False
20,back_l,neutral,128.0,14.912146034931556,False
20,back_l,neutral,130.0,14.73115766734964,False
20,back_l,neutral,132.0,14.566113080854517,False
20,back_l,neutral,134.0,14.41590916259935,False
20,back_l,neutral,136.0,14.28226985679495,False
20,back_l,neutral,138.0,14.168948753064788,False
20,back_l,neutral,140.0,14.071178101692249,False
20,back_l,neutral,142.0,13.987006513759697,False
20,back_l,neutral,144.0,13.916247617534767,False
20,back_l,neutral,146.0,13.85887715814229,False
20,back_l,neutral,148.0,13.817482129609244,False
20,back_l,neutral,150.0,13.791193142543584,False
20,back_l,neutral,152.0,13.776951690732496,False
20,back_l,neutral,154.0,13.774403629959181,False
20,back_l,neutral,156.0,13.78328533904737,False
20,back_l,neutral,158.0,13.80332313191978,False
20,back_l,neutral,160.0,13.835351463627374,False
20,back_l,neutral,162.0,13.848334712837755,False
20,back_l,neutral,164.0,13.863600578362053,False
20,back_l,neutral,166.0,13.853850499232449,False
20,back_l,neutral,168.0,13.848902783125146,False
20,back_l,neutral,170.0,13.820907204539818,False
20,back_l,neutral,172.0,13.787062825393193,False
20,back_l,neutral,174.0,13.740490503627813,False
20,back_l,neutral,176.0,13.67325663021909,False
20,back_l,neutral,178.0,13.607618580428346,False
20,back_l,neutral,180.0,13.51673180941501,False
20,back_l,neutral,182.0,13.428113239001284,False
20,back_l,neutral,184.0,13.326625288764472,False
20,back_l,neutral,186.0,13.22366140259555,False
20,back_l,neutral,188.0,13.117635490438694,False
20,back_l,neutral,190.0,13.008154079249284,False
20,back_l,neutral,192.0,12.997231503146757,False
20,back_l,neutral,194.0,13.106435689485332,False
20,back_l,neutral,196.0,13.225769580575601,False
20,back_l,neutral,198.0,13.349878032266764,False
20,back_l,neutral,200.0,13.48080290662882,False
20,back_l,neutral,202.0,13.617903471983508,False
20,back_l,neutral,204.0,13.759032122109843,False
20,back_l,neutral,206.0,13.904607905158791,False
20,back_l,neutral,208.0,14.06584249456752,False
20,back_l,neutral,210.0,14.246933063933154,False
20,back_l,neutral,212.0,14.448226899530116,False
20,back_l,neutral,214.0,14.668495282611767,False
20,back_l,neutral,216.0,14.894696907973357,False
20,back_l,neutral,218.0,15.126663035778508,False
20,back_l,neutral,220.0,15.367054322720035,False
20,back_l,neutral,222.0,15.609018946729288,False
20,back_l,neutral,224.0,15.854534774171855,False
20,back_l,neutral,226.0,16.11711068528186,False
20,back_l,neutral,228.0,16.39812540126734,False
20,back_l,neutral,230.0,16.698253740280023,False
20,back_l,neutral,232.0,17.019452672430777,False
20,back_l,neutral,234.0,17.345061550657128,False
20,back_l,neutral,236.0,17.66874758555816,False
20,back_l,neutral,238.0,17.991896638557037,False
20,back_l,neutral,240.0,18.326259342948394,False
20,back_l,neutral,242.0,18.65974430888471,False
20,back_l,neutral,244.0,19.00214285331432,False
20,back_l,neutral,246.0,19.35525556654281,False
20,back_l,neutral,248.0,19.723041464135413,False
20,back_l,neutral,250.0,20.10679263752922,False
20,back_l,neutral,252.0,20.496658334233416,False
20,back_l,neutral,254.0,20.881232792295858,False
20,back_l,neutral,256.0,21.26892624064034,False
20,back_l,neutral,258.0,21.653087216317385,False
20,back_l,neutral,260.0,21.910574467066663,False
20,back_l,neutral,262.0,22.177085018850285,False
20,back_l,neutral,264.0,22.451968883131624,False
20,back_l,neutral,266.0,22.73456405235046,False
20,back_l,neutral,268.0,23.024567955736018,False
20,back_l,neutral,270.0,23.323934035604196,False
20,back_l,neutral,272.0,23.63473861624866,False
20,back_l,neutral,274.0,23.958699810828417,False
20,back_l,neutral,276.0,24.295540996125002,False
20,back_l,neutral,278.0,24.64487277750065,False
20,back_l,neutral,280.0,25.00566663759602,False
20,back_l,neutral,282.0,25.37711608172996,False
20,back_l,neutral,284.0,25.758438271581696,False
20,back_l,neutral,286.0,26.146829501942918,False
20,back_l,neutral,288.0,26.53655134807758,False
20,back_l,neutral,290.0,26.931295373550835,False
20,back_l,neutral,292.0,27.33409652567756,False
20,back_l,neutral,294.0,27.74062269702964,False
20,back_l,neutral,296.0,28.145520785504864,False
20,back_l,neutral,298.0,28.549227101522924,False
20,back_l,neutral,300.0,28.959083520164604,False
20,back_l,neutral,302.0,29.376406036753377,False
20,back_l,neutral,304.0,29.79730791417412,False
20,back_l,neutral,306.0,30.219872745319545,False
20,back_l,neutral,308.0,30.64295337396998,False
20,back_l,neutral,310.0,31.068934230108482,False
20,back_l,neutral,312.0,31.501559295281755,False
20,back_l,neutral,314.0,31.9373735335551,False
20,back_l,neutral,316.0,32.37023015134398,False
20,back_l,neutral,318.0,32.79892725651672,False
20,back_l,neutral,320.0,33.22882185998444,False
20,back_l,neutral,322.0,33.68420864451264,False
20,back_l,neutral,324.0,34.18856559662058,False
20,back_l,neutral,326.0,34.73846129876993,False
20,back_l,neutral,328.0,35.29894843390499,False
20,back_l,neutral,330.0,35.80869943083,False
20,back_l,neutral,332.0,36.31564199720691,False
20,back_l,neutral,334.0,36.7866622074554,False
20,back_l,neutral,336.0,37.22485623340685,False
20,back_l,neutral,338.0,37.6546938806597,False
20,back_l,neutral,340.0,38.03023496877874,False
20,back_l,neutral,342.0,38.40730385107945,False
20,back_l,neutral,344.0,38.728559533049705,False
20,back_l,neutral,346.0,39.03944611278854,False
20,back_l,neutral,348.0,39.30927188798712,False
20,back_l,neutral,350.0,39.54594631979129,False
20,back_l,neutral,352.0,39.76076628821743,False
20,back_l,neutral,354.0,39.923263078056905,False
20,back_l,neutral,356.0,40.06004807133203,False
20,back_l,neutral,358.0,40.148776172940245,False
20,back_l,neutral,360.0,40.220019706746065,False
0,back_l,apex,0.0,32.99807211268396,False
0,back_l,apex,2.0,33.099934601475304,False
0,back_l,apex,4.0,33.201262306600924,False
0,back_l,apex,6.0,33.24248496216456,False
0,back_l,apex,8.0,33.23516584358971,False
0,back_l,apex,10.0,33.16234605220404,False
0,back_l,apex,12.0,33.05826499504904,False
0,back_l,apex,14.0,32.921310575788645,False
0,back_l,apex,16.0,32.719443459117876,False
0,back_l,apex,18.0,32.51326987847548,False
0,back_l,apex,20.0,32.23142378642257,False
0,back_l,apex,22.0,31.937386151563107,False
0,back_l,apex,24.0,31.588598270881217,False
0,back_l,apex,26.0,31.193281199454372,False
0,back_l,apex,28.0,30.78429015097022,False
0,back_l,apex,30.0,30.306925738052374,False
0,back_l,apex,32.0,29.822233876633334,False
0,back_l,apex,34.0,29.275220352364485,False
0,back_l,apex,36.0,28.69178641775799,False
0,back_l,apex,38.0,28.071785705030695,False
0,back_l,apex,40.0,27.390051248970558,False
0,back_l,apex,42.0,26.696947105668915,False
0,back_l,apex,44.0,25.92845447920876,False
0,back_l,apex,46.0,25.184521381280568,False
0,back_l,apex,48.0,24.513987566423104,False
0,back_l,apex,50.0,23.920063735654864,False
0,back_l,apex,52.0,23.330225570679584,False
0,back_l,apex,54.0,22.74309923231443,False
0,back_l,apex,56.0,22.153992943619716,False
0,back_l,apex,58.0,21.555328022378028,False
0,back_l,apex,60.0,20.94884182070006,False
0,back_l,apex,62.0,20.34343262348985,False
0,back_l,apex,64.0,19.74252356988857,False
0,back_l,apex,66.0,19.141421479378774,False
0,back_l,apex,68.0,18.536393076249723,False
0,back_l,apex,70.0,17.9289223251085,False
0,back_l,apex,72.0,17.32166315190346,False
0,back_l,apex,74.0,16.721524685356282,False
0,back_l,apex,76.0,16.129866730229587,False
0,back_l,apex,78.0,15.541207952058402,False
0,back_l,apex,80.0,14.955962899486513,False
0,back_l,apex,82.0,14.375568427952842,False
0,back_l,apex,84.0,13.801444208618944,False
0,back_l,apex,86.0,13.234985516880691,False
0,back_l,apex,88.0,12.678276009195484,False
0,back_l,apex,90.0,12.133761685535365,False
0,back_l,apex,92.0,11.601253195532268,False
0,back_l,apex,94.0,11.081514132881958,False
0,back_l,apex,96.0,10.575365612804589,False
0,back_l,apex,98.0,10.083701952794746,False
0,back_l,apex,100.0,9.607532806372753,False
0,back_l,apex,102.0,9.147909459775057,False
0,back_l,apex,104.0,8.705976712966494,False
0,back_l,apex,106.0,8.283025481742813,False
0,back_l,apex,108.0,7.880429809494926,False
0,back_l,apex,110.0,7.499669957025054,False
0,back_l,apex,112.0,6.992325909569174,False
0,back_l,apex,114.0,6.371115412265903,False
0,back_l,apex,116.0,5.76154138539718,False
0,back_l,apex,118.0,5.1647396316278265,False
0,back_l,apex,120.0,4.582134549394736,False
0,back_l,apex,122.0,4.015651471352128,False
0,back_l,apex,124.0,3.4681168128771347,False
0,back_l,apex,126.0,2.941527061342149,False
0,back_l,apex,128.0,2.4350801305341956,False
0,back_l,apex,130.0,1.9498106291633999,False
0,back_l,apex,132.0,1.4866839754957388,False
0,back_l,apex,134.0,1.0506692134679585,False
0,back_l,apex,136.0,0.6423926108158977,False
0,back_l,apex,138.0,0.25904914986812866,False
0,back_l,apex,140.0,0.0,True
0,back_l,apex,142.0,0.0,True
0,back_l,apex,144.0,0.0,True
0,back_l,apex,146.0,0.0,True
0,back_l,apex,148.0,0.0,True
0,back_l,apex,150.0,0.0,True
0,back_l,apex,152.0,0.0,True
0,back_l,apex,154.0,0.0,True
0,back_l,apex,156.0,0.0,True
0,back_l,apex,158.0,0.0,True
0,back_l,apex,160.0,0.0,True
0,back_l,apex,162.0,0.0,True
0,back_l,apex,164.0,0.0,True
0,back_l,apex,166.0,0.0,True
0,back_l,apex,168.0,0.0,True
0,back_l,apex,170.0,0.0,True
0,back_l,apex,172.0,0.0,True
0,back_l,apex,174.0,0.0,True
0,back_l,apex,176.0,0.0,True
0,back_l,apex,178.0,0.0,True
0,back_l,apex,180.0,0.0,True
0,back_l,apex,182.0,0.0,True
0,back_l,apex,184.0,0.0,True
0,back_l,apex,186.0,0.0,True
0,back_l,apex,188.0,0.0,True
0,back_l,apex,190.0,0.0,True
0,back_l,apex,192.0,0.0,True
0,back_l,apex,194.0,0.0,True
0,back_l,apex,196.0,0.0,True
0,back_l,apex,198.0,0.0,True
0,back_l,apex,200.0,0.0,True
0,back_l,apex,202.0,0.0,True
0,back_l,apex,204.0,0.0,True
0,back_l,apex,206.0,0.0,True
0,back_l,apex,208.0,0.0,True
0,back_l,apex,210.0,0.0,True
0,back_l,apex,212.0,0.0,True
0,back_l,apex,214.0,0.0,True
0,back_l,apex,216.0,0.0,True
0,back_l,apex,218.0,0.0,True
0,back_l,apex,220.0,0.0,True
0,back_l,apex,222.0,0.2649693035459896,False
0,back_l,apex,224.0,0.7253909994740809,False
0,back_l,apex,226.0,1.193244633177099,False
0,back_l,apex,228.0,1.6674665850686425,False
0,back_l,apex,230.0,2.146986811904051,False
0,back_l,apex,232.0,2.630726762972005,False
0,back_l,apex,234.0,3.118132075641091,False
0,back_l,apex,236.0,3.6211751144903674,False
0,back_l,apex,238.0,4.126932471966559,False
0,back_l,apex,240.0,4.639424433521324,False
0,back_l,apex,242.0,5.170263903119981,False
0,back_l,apex,244.0,5.705142367123266,False
0,back_l,apex,246.0,6.244031323806752,False
0,back_l,apex,248.0,6.793646122932548,False
0,back_l,apex,250.0,7.339983588073323,False
0,back_l,apex,252.0,7.881866973299222,False
0,back_l,apex,254.0,8.41874455823559,False
0,back_l,apex,256.0,8.968109440287778,False
0,back_l,apex,258.0,9.514280839030427,False
0,back_l,apex,260.0,10.052364779212386,False
0,back_l,apex,262.0,10.582842091117277,False
0,back_l,apex,264.0,11.080246780364067,False
0,back_l,apex,266.0,11.42847414577086,False
0,back_l,apex,268.0,11.791102671890457,False
0,back_l,apex,270.0,12.16750169769154,False
0,back_l,apex,272.0,12.557313577089495,False
0,back_l,apex,274.0,12.962240673867807,False
0,back_l,apex,276.0,13.381735239565993,False
0,back_l,apex,278.0,13.814891489315672,False
0,back_l,apex,280.0,14.260760335935297,False
0,back_l,apex,282.0,14.718332143631649,False
0,back_l,apex,284.0,15.18289963862649,False
0,back_l,apex,286.0,15.651369752553514,False
0,back_l,apex,288.0,16.12804941997876,False
0,back_l,apex,290.0,16.613187748042826,False
0,back_l,apex,292.0,17.105724104332594,False
0,back_l,apex,294.0,17.605053758822326,False
0,back_l,apex,296.0,18.107698948853756,False
0,back_l,apex,298.0,18.610633987587022,False
0,back_l,apex,300.0,19.114133332546896,False
0,back_l,apex,302.0,19.62146329534202,False
0,back_l,apex,304.0,20.1350558357798,False
0,back_l,apex,306.0,20.65197878468702,False
0,back_l,apex,308.0,21.16704041079302,False
0,back_l,apex,310.0,21.67804052385166,False
0,back_l,apex,312.0,22.18845201682676,False
0,back_l,apex,314.0,22.702164146065275,False
0,back_l,apex,316.0,23.215982151769314,False
0,back_l,apex,318.0,23.73119431521661,False
0,back_l,apex,320.0,24.242815751827127,False
0,back_l,apex,322.0,24.74716680095522,False
0,back_l,apex,324.0,25.245124280437476,False
0,back_l,apex,326.0,25.784909505973836,False
0,back_l,apex,328.0,26.392144486163875,False
0,back_l,apex,330.0,27.064801431236326,False
0,back_l,apex,332.0,27.706108104972046,False
0,back_l,apex,334.0,28.29715503008876,False
0,back_l,apex,336.0,28.881507331749624,False
0,back_l,apex,338.0,29.393822410295243,False
0,back_l,apex,340.0,29.9065990321359,False
0,back_l,apex,342.0,30.356318120943417,False
0,back_l,apex,344.0,30.793091088366037,False
0,back_l,apex,346.0,31.189588815747552,False
0,back_l,apex,348.0,31.5391222019245,False
0,back_l,apex,350.0,31.881102771127587,False
0,back_l,apex,352.0,32.15713760783696,False
0,back_l,apex,354.0,32.4293056374582,False
0,back_l,apex,356.0,32.649327486366076,False
0,back_l,apex,358.0,32.833016038488346,False
0,back_l,apex,360.0,32.998072112683964,False
16,back_l,apex,0.0,38.36185854465799,False
16,back_l,apex,2.0,38.39698862164358,False
16,back_l,apex,4.0,38.38702296362004,False
16,back_l,apex,6.0,38.31530172452622,False
16,back_l,apex,8.0,38.219380210565305,False
16,back_l,apex,10.0,38.09382039512289,False
16,back_l,apex,12.0,37.90711486733414,False
16,back_l,apex,14.0,37.70719018471097,False
16,back_l,apex,16.0,37.43019158960791,False
16,back_l,apex,18.0,37.14086568815258,False
16,back_l,apex,20.0,36.77784148924539,False
16,back_l,apex,22.0,36.41376869438408,False
16,back_l,apex,24.0,35.99412240404489,False
16,back_l,apex,26.0,35.54098586257053,False
16,back_l,apex,28.0,35.04224086533184,False
16,back_l,apex,30.0,34.49941970248262,False
16,back_l,apex,32.0,33.89746622732149,False
16,back_l,apex,34.0,33.264980439096576,False
16,back_l,apex,36.0,32.60909472502803,False
16,back_l,apex,38.0,31.89080885189205,False
16,back_l,apex,40.0,31.218798951673108,False
16,back_l,apex,42.0,30.615452139018547,False
16,back_l,apex,44.0,30.0836030257143,False
16,back_l,apex,46.0,29.5429248757253,False
16,back_l,apex,48.0,29.002594591549684,False
16,back_l,apex,50.0,28.46906896421175,False
16,back_l,apex,52.0,27.93193816260386,False
16,back_l,apex,54.0,27.38964196705514,False
16,back_l,apex,56.0,26.846865247235932,False
16,back_l,apex,58.0,26.3082166532361,False
16,back_l,apex,60.0,25.771562831458827,False
16,back_l,apex,62.0,25.237626464916858,False
16,back_l,apex,64.0,24.707129208083984,False
16,back_l,apex,66.0,24.17943321517819,False
16,back_l,apex,68.0,23.655024759195705,False
16,back_l,apex,70.0,23.135272534525573,False
16,back_l,apex,72.0,22.621493579231707,False
16,back_l,apex,74.0,22.114967887717086,False
16,back_l,apex,76.0,21.61697036793678,False
16,back_l,apex,78.0,21.128826625868363,False
16,back_l,apex,80.0,20.651628338760624,False
16,back_l,apex,82.0,20.18818294162608,False
16,back_l,apex,84.0,19.73959671140723,False
16,back_l,apex,86.0,19.30630827278828,False
16,back_l,apex,88.0,18.88817752882768,False
16,back_l,apex,90.0,18.485458234725627,False
16,back_l,apex,92.0,18.099037698936183,False
16,back_l,apex,94.0,17.72968457350453,False
16,back_l,apex,96.0,17.374515780303522,False
16,back_l,apex,98.0,17.03043977954457,False
16,back_l,apex,100.0,16.70379629075497,False
16,back_l,apex,102.0,16.396450305756137,False
16,back_l,apex,104.0,16.047649721651762,False
16,back_l,apex,106.0,15.568581755036758,False
16,back_l,apex,108.0,15.096973273395148,False
16,back_l,apex,110.0,14.641089791553748,False
16,back_l,apex,112.0,14.203495316767107,False
16,back_l,apex,114.0,13.788124609383523,False
16,back_l,apex,116.0,13.395974022026628,False
16,back_l,apex,118.0,13.027808754741399,False
16,back_l,apex,120.0,12.68420465826706,False
16,back_l,apex,122.0,12.365526849305507,False
16,back_l,apex,124.0,12.071884158445688,False
16,back_l,apex,126.0,11.80298184947837,False
16,back_l,apex,128.0,11.554073349572867,False
16,back_l,apex,130.0,11.324473894592183,False
16,back_l,apex,132.0,11.120583847122518,False
16,back_l,apex,134.0,10.938501775916631,False
16,back_l,apex,136.0,10.773683340638344,False
16,back_l,apex,138.0,10.6260217587442,False
16,back_l,apex,140.0,10.496919711450776,False
16,back_l,apex,142.0,10.391309451404542,False
16,back_l,apex,144.0,10.30346061996495,False
16,back_l,apex,146.0,10.23140223490372,False
16,back_l,apex,148.0,10.17491025984919,False
16,back_l,apex,150.0,10.133741018751097,False
16,back_l,apex,152.0,10.109327911068226,False
16,back_l,apex,154.0,10.103211597554996,False
16,back_l,apex,156.0,10.111535296147323,False
16,back_l,apex,158.0,10.133376214989376,False
16,back_l,apex,160.0,10.169171353932,False
16,back_l,apex,162.0,10.195474061490723,False
16,back_l,apex,164.0,10.21125978048873,False
16,back_l,apex,166.0,10.208412182474278,False
16,back_l,apex,168.0,10.202693982546002,False
16,back_l,apex,170.0,10.167758925609185,False
16,back_l,apex,172.0,10.138956351055702,False
16,back_l,apex,174.0,10.079947572471777,False
16,back_l,apex,176.0,10.014941860746122,False
16,back_l,apex,178.0,9.933513758587452,False
16,back_l,apex,180.0,9.838492185495655,False
16,back_l,apex,182.0,9.741259077364544,False
16,back_l,apex,184.0,9.627275858354817,False
16,back_l,apex,186.0,9.520581981339546,False
16,back_l,apex,188.0,9.396869086113414,False
16,back_l,apex,190.0,9.2826920863189,False
16,back_l,apex,192.0,9.17732340066923,False
16,back_l,apex,194.0,9.275886324003375,False
16,back_l,apex,196.0,9.402664313421168,False
16,back_l,apex,198.0,9.55025801078575,False
16,back_l,apex,200.0,9.709795901452084,False
16,back_l,apex,202.0,9.874793039765489,False
16,back_l,apex,204.0,10.044824079810825,False
16,back_l,apex,206.0,10.219459541201052,False
16,back_l,apex,208.0,10.39826620042422,False
16,back_l,apex,210.0,10.58772592519443,False
16,back_l,apex,212.0,10.801497158450598,False
16,back_l,apex,214.0,11.040548595142939,False
16,back_l,apex,216.0,11.302656839684069,False
16,back_l,apex,218.0,11.571058432970151,False
16,back_l,apex,220.0,11.842099605999506,False
16,back_l,apex,222.0,12.115184555619713,False
16,back_l,apex,224.0,12.390938643809662,False
16,back_l,apex,226.0,12.680577300155633,False
16,back_l,apex,228.0,12.990703733469411,False
16,back_l,apex,230.0,13.322158770628189,False
16,back_l,apex,232.0,13.67223667425256,False
16,back_l,apex,234.0,14.025556461257072,False
16,back_l,apex,236.0,14.38068426548889,False
16,back_l,apex,238.0,14.747362646927652,False
16,back_l,apex,240.0,15.111783191485998,False
16,back_l,apex,242.0,15.47306866318135,False
16,back_l,apex,244.0,15.844943584495207,False
16,back_l,apex,246.0,16.237596545693048,False
16,back_l,apex,248.0,16.6417190519174,False
16,back_l,apex,250.0,17.054809681718748,False
16,back_l,apex,252.0,17.469461799715695,False
16,back_l,apex,254.0,17.890186174988763,False
16,back_l,apex,256.0,18.31393638600373,False
16,back_l,apex,258.0,18.728560568124088,False
16,back_l,apex,260.0,19.064270633400355,False
16,back_l,apex,262.0,19.343624857678574,False
16,back_l,apex,264.0,19.634291108775567,False
16,back_l,apex,266.0,19.936070323668762,False
16,back_l,apex,268.0,20.247979769446818,False
16,back_l,apex,270.0,20.56777749145925,False
16,back_l,apex,272.0,20.897695843714633,False
16,back_l,apex,274.0,21.241140746807183,False
16,back_l,apex,276.0,21.59752720764692,False
16,back_l,apex,278.0,21.966178136703014,False
16,back_l,apex,280.0,22.346349551952137,False
16,back_l,apex,282.0,22.73723794625463,False
16,back_l,apex,284.0,23.13645680415341,False
16,back_l,apex,286.0,23.542825524253214,False
16,back_l,apex,288.0,23.957832092127997,False
16,back_l,apex,290.0,24.37831396694947,False
16,back_l,apex,292.0,24.79933373944862,False
16,back_l,apex,294.0,25.219980977232154,False
16,back_l,apex,296.0,25.644097053422684,False
16,back_l,apex,298.0,26.07600959370116,False
16,back_l,apex,300.0,26.510718038841564,False
16,back_l,apex,302.0,26.946484646063897,False
16,back_l,apex,304.0,27.384599042643046,False
16,back_l,apex,306.0,27.825197860637576,False
16,back_l,apex,308.0,28.272634398790668,False
16,back_l,apex,310.0,28.726336641323208,False
16,back_l,apex,312.0,29.179895163678726,False
16,back_l,apex,314.0,29.63099203137765,False
16,back_l,apex,316.0,30.079492169640737,False
16,back_l,apex,318.0,30.532133173259062,False
16,back_l,apex,320.0,30.988600948722357,False
16,back_l,apex,322.0,31.4400537084212,False
16,back_l,apex,324.0,31.94486091337164,False
16,back_l,apex,326.0,32.50046807879466,False
16,back_l,apex,328.0,33.091199885929804,False
16,back_l,apex,330.0,33.64056466995547,False
16,back_l,apex,332.0,34.16226177496597,False
16,back_l,apex,334.0,34.6719812605952,False
16,back_l,apex,336.0,35.12895472117212,False
16,back_l,apex,338.0,35.58838198223586,False
16,back_l,apex,340.0,35.9939841695885,False
16,back_l,apex,342.0,36.38528812605486,False
16,back_l,apex,344.0,36.743001268936254,False
16,back_l,apex,346.0,37.058615895922586,False
16,back_l,apex,348.0,37.36476507356149,False
16,back_l,apex,350.0,37.609555363449914,False
16,back_l,apex,352.0,37.839620947727724,False
16,back_l,apex,354.0,38.007433916638234,False
16,back_l,apex,356.0,38.17155076764489,False
16,back_l,apex,358.0,38.26817795153967,False
16,back_l,apex,360.0,38.36185854465803,False
20,back_l,apex,0.0,40.23157936583582,False
20,back_l,apex,2.0,40.25551724500563,False
20,back_l,apex,4.0,40.221208322100956,False
20,back_l,apex,6.0,40.12455888340688,False
20,back_l,apex,8.0,40.013680025097756,False
20,back_l,apex,10.0,39.8361103466797,False
20,back_l,apex,12.0,39.65670017959844,False
20,back_l,apex,14.0,39.422687759667916,False
20,back_l,apex,16.0,39.155465216746165,False
20,back_l,apex,18.0,38.865827232549954,False
20,back_l,apex,20.0,38.51029665084528,False
20,back_l,apex,22.0,38.1241665931094,False
20,back_l,apex,24.0,37.680104045020144,False
20,back_l,apex,26.0,37.215560391243464,False
20,back_l,apex,28.0,36.69160287440201,False
20,back_l,apex,30.0,36.16916829913763,False
20,back_l,apex,32.0,35.56827385234226,False
20,back_l,apex,34.0,34.94424787936151,False
20,back_l,apex,36.0,34.24515288609699,False
20,back_l,apex,38.0,33.59308125970133,False
20,back_l,apex,40.0,32.99916225782613,False
20,back_l,apex,42.0,32.46299467781838,False
20,back_l,apex,44.0,31.952202161836585,False
20,back_l,apex,46.0,31.439262120491016,False
20,back_l,apex,48.0,30.924232855103963,False
20,back_l,apex,50.0,30.403995786021287,False
20,back_l,apex,52.0,29.87918189561809,False
20,back_l,apex,54.0,29.35278807527026,False
20,back_l,apex,56.0,28.8325422324581,False
20,back_l,apex,58.0,28.320582112661757,False
20,back_l,apex,60.0,27.80996613561129,False
20,back_l,apex,62.0,27.300702309685693,False
20,back_l,apex,64.0,26.79434023150094,False
20,back_l,apex,66.0,26.29652432574714,False
20,back_l,apex,68.0,25.810285169770445,False
20,back_l,apex,70.0,25.33348119993507,False
20,back_l,apex,72.0,24.863742848356168,False
20,back_l,apex,74.0,24.402358401490037,False
20,back_l,apex,76.0,23.95058195175626,False
20,back_l,apex,78.0,23.50936616978939,False
20,back_l,apex,80.0,23.076677884690955,False
20,back_l,apex,82.0,22.652666682341085,False
20,back_l,apex,84.0,22.23894657767874,False
20,back_l,apex,86.0,21.83853574021774,False
20,back_l,apex,88.0,21.452296982129123,False
20,back_l,apex,90.0,21.08097539604714,False
20,back_l,apex,92.0,20.72531036772038,False
20,back_l,apex,94.0,20.385965614156643,False
20,back_l,apex,96.0,20.063553852411566,False
20,back_l,apex,98.0,19.75866138966741,False
20,back_l,apex,100.0,19.471544394251364,False
20,back_l,apex,102.0,19.195617450402988,False
20,back_l,apex,104.0,18.752954287549745,False
20,back_l,apex,106.0,18.328523936604025,False
20,back_l,apex,108.0,17.9234376311051,False
20,back_l,apex,110.0,17.538590992597797,False
20,back_l,apex,112.0,17.171181252145573,False
20,back_l,apex,114.0,16.819724845117797,False
20,back_l,apex,116.0,16.485218357148625,False
20,back_l,apex,118.0,16.171318099291252,False
20,back_l,apex,120.0,15.879225406745412,False
20,back_l,apex,122.0,15.607726910797432,False
20,back_l,apex,124.0,15.35315628292405,False
20,back_l,apex,126.0,15.11756234896616,False
20,back_l,apex,128.0,14.903157902256595,False
20,back_l,apex,130.0,14.709319470463848,False
20,back_l,apex,132.0,14.53529361882599,False
20,back_l,apex,134.0,14.380995909126996,False
20,back_l,apex,136.0,14.24801243055408,False
20,back_l,apex,138.0,14.132702668834721,False
20,back_l,apex,140.0,14.033478986320631,False
20,back_l,apex,142.0,13.949413427407135,False
20,back_l,apex,144.0,13.879632275351977,False
20,back_l,apex,146.0,13.823350219420037,False
20,back_l,apex,148.0,13.780016145369515,False
20,back_l,apex,150.0,13.752948084753978,False
20,back_l,apex,152.0,13.738618961924164,False
20,back_l,apex,154.0,13.735908968050346,False
20,back_l,apex,156.0,13.744777439779696,False
20,back_l,apex,158.0,13.765349592132475,False
20,back_l,apex,160.0,13.799289989991168,False
20,back_l,apex,162.0,13.810243787980296,False
20,back_l,apex,164.0,13.826336900259504,False
20,back_l,apex,166.0,13.816654736162599,False
20,back_l,apex,168.0,13.810593301579358,False
20,back_l,apex,170.0,13.782577214767992,False
20,back_l,apex,172.0,13.752945372536761,False
20,back_l,apex,174.0,13.707917923636918,False
20,back_l,apex,176.0,13.656733490076913,False
20,back_l,apex,178.0,13.59713222473439,False
20,back_l,apex,180.0,13.526987746537452,False
20,back_l,apex,182.0,13.453757808370808,False
20,back_l,apex,184.0,13.359842072890858,False
20,back_l,apex,186.0,13.261375716338051,False
20,back_l,apex,188.0,13.150630692965189,False
20,back_l,apex,190.0,13.020732662771906,False
20,back_l,apex,192.0,13.027013500196379,False
20,back_l,apex,194.0,13.117606045855858,False
20,back_l,apex,196.0,13.214219023220226,False
20,back_l,apex,198.0,13.319794206229826,False
20,back_l,apex,200.0,13.442083556633186,False
20,back_l,apex,202.0,13.58220991243151,False
20,back_l,apex,204.0,13.741073381854665,False
20,back_l,apex,206.0,13.917375539005782,False
20,back_l,apex,208.0,14.099605318783532,False
20,back_l,apex,210.0,14.28548296044242,False
20,back_l,apex,212.0,14.474573661132137,False
20,back_l,apex,214.0,14.666458632135434,False
20,back_l,apex,216.0,14.867932451269082,False
20,back_l,apex,218.0,15.089560959188788,False
20,back_l,apex,220.0,15.331830981117003,False
20,back_l,apex,222.0,15.594327204758072,False
20,back_l,apex,224.0,15.872819005711216,False
20,back_l,apex,226.0,16.153295351197844,False
20,back_l,apex,228.0,16.43417846789562,False
20,back_l,apex,230.0,16.725130158291318,False
20,back_l,apex,232.0,17.01867172618175,False
20,back_l,apex,234.0,17.31700024184192,False
20,back_l,apex,236.0,17.630941074368,False
20,back_l,apex,238.0,17.959415144735246,False
20,back_l,apex,240.0,18.305756151686086,False
20,back_l,apex,242.0,18.669603958589242,False
20,back_l,apex,244.0,19.03352772724522,False
20,back_l,apex,246.0,19.392377069285512,False
20,back_l,apex,248.0,19.757848805176845,False
20,back_l,apex,250.0,20.12662591779068,False
20,back_l,apex,252.0,20.488754281577346,False
20,back_l,apex,254.0,20.854255584488723,False
20,back_l,apex,256.0,21.236714735530178,False
20,back_l,apex,258.0,21.625436524419367,False
20,back_l,apex,260.0,21.88295112140478,False
20,back_l,apex,262.0,22.142977424665588,False
20,back_l,apex,264.0,22.417538342456613,False
20,back_l,apex,266.0,22.706347240493695,False
20,back_l,apex,268.0,23.009054137941643,False
20,back_l,apex,270.0,23.3252398706262,False
20,back_l,apex,272.0,23.652037156769694,False
20,back_l,apex,274.0,23.98532632976675,False
20,back_l,apex,276.0,24.327709077731132,False
20,back_l,apex,278.0,24.679381362723024,False
20,back_l,apex,280.0,25.037351702072066,False
20,back_l,apex,282.0,25.398426293972587,False
20,back_l,apex,284.0,25.76183232294062,False
20,back_l,apex,286.0,26.130878880587947,False
20,back_l,apex,288.0,26.510543204209032,False
20,back_l,apex,290.0,26.900647933643114,False
20,back_l,apex,292.0,27.300625079185902,False
20,back_l,apex,294.0,27.707671307984935,False
20,back_l,apex,296.0,28.120327682589743,False
20,back_l,apex,298.0,28.537546499375853,False
20,back_l,apex,300.0,28.958247833558065,False
20,back_l,apex,302.0,29.383955025851584,False
20,back_l,apex,304.0,29.816508473877082,False
20,back_l,apex,306.0,30.249575483399326,False
20,back_l,apex,308.0,30.676665798435053,False
20,back_l,apex,310.0,31.102276110730376,False
20,back_l,apex,312.0,31.534001991512206,False
20,back_l,apex,314.0,31.964167203820644,False
20,back_l,apex,316.0,32.385695224634645,False
20,back_l,apex,318.0,32.80727070667525,False
20,back_l,apex,320.0,33.233505096599885,False
20,back_l,apex,322.0,33.660428463344935,False
20,back_l,apex,324.0,34.15480131873114,False
20,back_l,apex,326.0,34.714413592850825,False
20,back_l,apex,328.0,35.27425280763164,False
20,back_l,apex,330.0,35.78443480842361,False
20,back_l,apex,332.0,36.29844021609028,False
20,back_l,apex,334.0,36.76307502388565,False
20,back_l,apex,336.0,37.2122980585639,False
20,back_l,apex,338.0,37.63305052190603,False
20,back_l,apex,340.0,38.01073925608426,False
20,back_l,apex,342.0,38.38482893574396,False
20,back_l,apex,344.0,38.700716300545416,False
20,back_l,apex,346.0,39.01415229938169,False
20,back_l,apex,348.0,39.279935382842716,False
20,back_l,apex,350.0,39.51769518320804,False
20,back_l,apex,352.0,39.73383229919721,False
20,back_l,apex,354.0,39.896795578567115,False
20,back_l,apex,356.0,40.0526252517488,False
20,back_l,apex,358.0,40.14250592192774,False
20,back_l,apex,360.0,40.231579365835834,False
