0,0.084147098480789662,0.090929742682568176,0,0.029986509105671005,-0.99955030352236685,1,0.035462424799360744,-0.93224290319259573,-0.90600077084470199,0.11184469031606716,1.1196993983924866,1.1168617157053835,0.10358512399786485,-0.91894441833386187,-0.94871441437194037,0.016934400967184064,0.9810705167028102,0,0.055,0.055,0.055,0.055,0,0.084147095680236816,0.09092973917722702,0,0.029986508190631866,-0.99955028295516968,1,0,0,0,0,0,0.035462424159049988,0.067757099866867065,0.093999229371547699,0.11184468865394592,0.1196993961930275,0.11686171591281891,0.10358512401580811,0.081055581569671631,0.051285587251186371,0.016934400424361229,-0.018929483368992805,0,0,0,0,0,0,0,0,0,0,0,0,0,0.084147095680236816,0.09092973917722702,0,0.029986508190631866,-0.99955028295516968,1,0,0,0,0,0,0.035462424159049988,0.067757099866867065,0.093999229371547699,0.11184468865394592,0.1196993961930275,0.11686171591281891,0.10358512401580811,0.081055581569671631,0.051285587251186371,0.016934400424361229,-0.018929483368992805,0,0,0,0,0,0,0,0,0,0,0,0,0,0.084147095680236816,0.09092973917722702,0,0.029986508190631866,-0.99955028295516968,1,0,0,0,0,0,0.035462424159049988,0.067757099866867065,0.093999229371547699,0.11184468865394592,0.1196993961930275,0.11686171591281891,0.10358512401580811,0.081055581569671631,0.051285587251186371,0.016934400424361229,-0.018929483368992805,0,0,0,0,0,0,0,0,0,0,0,0,0,0.084147095680236816,0.09092973917722702,0,0.029986508190631866,-0.99955028295516968,1,0,0,0,0,0,0.035462424159049988,0.067757099866867065,0.093999229371547699,0.11184468865394592,0.1196993961930275,0.11686171591281891,0.10358512401580811,0.081055581569671631,0.051285587251186371,0.016934400424361229,-0.018929483368992805,0,0,0,0,0,0,0,0,0,0,0,0,0.48631793260574341,-0.38573864102363586,-0.35391914844512939,0.0045821191743016243,-0.21937459707260132,-0.43307209014892578,-0.032437030225992203,-0.57011681795120239,-0.024754300713539124,-0.24089439213275909,0.017554296180605888,0.11122599989175797,0.48631793260574341,-0.38573864102363586,-0.35391914844512939,0.0045821191743016243,-0.21937459707260132,-0.43307209014892578,-0.032437030225992203,-0.57011681795120239,-0.024754300713539124,-0.24089439213275909,0.017554296180605888,0.11122599989175797,1.2431589663028717,-0.38573864102363586,-1.2831353187561034,-0.99770894041284919,-0.21937459707260132,0.65354232788085942,0.9837814848870039,-0.41999999999999998,-1.0198034405708314,-1.1204471960663795,0.017554296180605888,1.0889807999134065
0.012963414261969487,0.090441218937882595,0.084767784013356995,0.001199280937676363,0.029949045874504119,-0.99955070725623496,1.0107854259037614,0.04562260981477937,-0.92361553813336383,-0.89967688256793754,0.11530020770472872,1.1199778738161148,1.1139382737837558,0.097720907091095516,-0.92722557719460219,-0.95867278392899313,0.0061883722078241565,0.97049673948584358,0,0.055,0.055,0.055,0.055,0.012963414192199707,0.090441219508647919,0.08476778119802475,0.0011992809595540166,0.029949046671390533,-0.99955070018768311,1,0,0,0,0,0.010785426013171673,0.045622609555721283,0.076384462416172028,0.10032311826944351,0.11530020833015442,0.11997787654399872,0.11393827199935913,0.097720906138420105,0.072774425148963928,0.041327215731143951,0.0061883721500635147,-0.029503259807825089,0.48631793260574341,-0.38573864102363586,-0.35391914844512939,0.0045821191743016243,-0.21937459707260132,-0.43307209014892578,-0.032437030225992203,-0.57011681795120239,-0.024754300713539124,-0.24089439213275909,0.017554296180605888,0.11122599989175797,0,0.084147095680236816,0.09092973917722702,0,0.029986508190631866,-0.99955028295516968,1,0,0,0,0,0,0.035462424159049988,0.067757099866867065,0.093999229371547699,0.11184468865394592,0.1196993961930275,0.11686171591281891,0.10358512401580811,0.081055581569671631,0.051285587251186371,0.016934400424361229,-0.018929483368992805,0,0,0,0,0,0,0,0,0,0,0,0,0,0.084147095680236816,0.09092973917722702,0,0.029986508190631866,-0.99955028295516968,1,0,0,0,0,0,0.035462424159049988,0.067757099866867065,0.093999229371547699,0.11184468865394592,0.1196993961930275,0.11686171591281891,0.10358512401580811,0.081055581569671631,0.051285587251186371,0.016934400424361229,-0.018929483368992805,0,0,0,0,0,0,0,0,0,0,0,0,0,0.084147095680236816,0.09092973917722702,0,0.029986508190631866,-0.99955028295516968,1,0,0,0,0,0,0.035462424159049988,0.067757099866867065,0.093999229371547699,0.11184468865394592,0.1196993961930275,0.11686171591281891,0.10358512401580811,0.081055581569671631,0.051285587251186371,0.016934400424361229,-0.018929483368992805,0,0,0,0,0,0,0,0,0,0,0,0,0.47214260697364807,-0.31504073739051819,-0.21075119078159332,0.043951708823442459,-0.21743589639663696,-0.35428881645202637,0.091812901198863983,-0.59781515598297119,-0.082925468683242798,-0.22094962000846863,-0.13708047568798065,0.16111297905445099,0.47214260697364807,-0.31504073739051819,-0.21075119078159332,0.043951708823442459,-0.21743589639663696,-0.35428881645202637,0.091812901198863983,-0.59781515598297119,-0.082925468683242798,-0.22094962000846863,-0.13708047568798065,0.16111297905445099,1.236071303486824,-0.31504073739051819,-1.1686009526252747,-0.97802414558827877,-0.21743589639663696,0.71656894683837891,1.045906450599432,-0.41999999999999998,-1.0663403749465943,-1.1104748100042343,-0.13708047568798065,1.1288903832435608
0.025708055189215512,0.095209034159051575,0.077175266202012593,0.0023974854879072497,0.029836749410820415,-0.99955190983156605,1.0214835488110989,0.055413501064977944,-0.91560646969595083,-0.89416506317380628,0.11782242364468315,1.1192851842637692,1.1100925546338172,0.09106568498171061,-0.93609581109332551,-0.96896567804066669,-0.0046077485406282453,0.96016177741351194,0,0.055,0.055,0.055,0.055,0.02570805512368679,0.095209032297134399,0.077175267040729523,0.0023974855430424213,0.029836749657988548,-0.99955189228057861,1,0,0,0,0,0.021483547985553741,0.055413499474525452,0.084393531084060669,0.10583493858575821,0.11782242357730865,0.11928518116474152,0.11009255796670914,0.091065682470798492,0.063904188573360443,0.031034322455525398,-0.004607748705893755,-0.039838220924139023,0.47214260697364807,-0.31504073739051819,-0.21075119078159332,0.043951708823442459,-0.21743589639663696,-0.35428881645202637,0.091812901198863983,-0.59781515598297119,-0.082925468683242798,-0.22094962000846863,-0.13708047568798065,0.16111297905445099,0.012963414192199707,0.090441219508647919,0.08476778119802475,0.0011992809595540166,0.029949046671390533,-0.99955070018768311,1,0,0,0,0,0.010785426013171673,0.045622609555721283,0.076384462416172028,0.10032311826944351,0.11530020833015442,0.11997787654399872,0.11393827199935913,0.097720906138420105,0.072774425148963928,0.041327215731143951,0.0061883721500635147,-0.029503259807825089,0.48631793260574341,-0.38573864102363586,-0.35391914844512939,0.0045821191743016243,-0.21937459707260132,-0.43307209014892578,-0.032437030225992203,-0.57011681795120239,-0.024754300713539124,-0.24089439213275909,0.017554296180605888,0.11122599989175797,0,0.084147095680236816,0.09092973917722702,0,0.029986508190631866,-0.99955028295516968,1,0,0,0,0,0,0.035462424159049988,0.067757099866867065,0.093999229371547699,0.11184468865394592,0.1196993961930275,0.11686171591281891,0.10358512401580811,0.081055581569671631,0.051285587251186371,0.016934400424361229,-0.018929483368992805,0,0,0,0,0,0,0,0,0,0,0,0,0,0.084147095680236816,0.09092973917722702,0,0.029986508190631866,-0.99955028295516968,1,0,0,0,0,0,0.035462424159049988,0.067757099866867065,0.093999229371547699,0.11184468865394592,0.1196993961930275,0.11686171591281891,0.10358512401580811,0.081055581569671631,0.051285587251186371,0.016934400424361229,-0.018929483368992805,0,0,0,0,0,0,0,0,0,0,0,0,0.46489709615707397,-0.2222636342048645,-0.13077746331691742,0.041131757199764252,-0.18167500197887421,-0.37794852256774902,0.12150698900222778,-0.6347770094871521,-0.18882608413696289,-0.16271209716796875,-0.15927986800670624,0.1510375589132309,0.46489709615707397,-0.2222636342048645,-0.13077746331691742,0.041131757199764252,-0.18167500197887421,-0.37794852256774902,0.12150698900222778,-0.6347770094871521,-0.18882608413696289,-0.16271209716796875,-0.15927986800670624,0.1510375589132309,1.232448548078537,-0.2222636342048645,-1.1046219706535338,-0.97943412140011787,-0.18167500197887421,0.69764118194580083,1.0607534945011139,-0.41999999999999998,-1.1510608673095704,-1.0813560485839844,-0.15927986800670624,1.1208300471305848
0.038018841512316146,0.098370081481127664,0.068280322193063972,0.0035935381228582902,0.029649899183798935,-0.99955388547198898,1.0320077724026597,0.06475584584807631,-0.90828052755693944,-0.88950992827166375,0.11939092197330971,1.1176269367345655,1.1053556875598893,0.083673328591192531,-0.94548331962036325,-0.97950978052586246,-0.015366571711965562,0.95014928718745051,0,0.055,0.055,0.055,0.055,0.038018841296434402,0.098370082676410675,0.068280324339866638,0.0035935381893068552,0.029649898409843445,-0.9995538592338562,1,0,0,0,0,0.032007772475481033,0.064755849540233612,0.091719470918178558,0.11049006879329681,0.11939091980457306,0.11762693524360657,0.10535568743944168,0.083673328161239624,0.054516680538654327,0.020490219816565514,-0.015366571955382824,-0.049850713461637497,0.46489709615707397,-0.2222636342048645,-0.13077746331691742,0.041131757199764252,-0.18167500197887421,-0.37794852256774902,0.12150698900222778,-0.6347770094871521,-0.18882608413696289,-0.16271209716796875,-0.15927986800670624,0.1510375589132309,0.02570805512368679,0.095209032297134399,0.077175267040729523,0.0023974855430424213,0.029836749657988548,-0.99955189228057861,1,0,0,0,0,0.021483547985553741,0.055413499474525452,0.084393531084060669,0.10583493858575821,0.11782242357730865,0.11928518116474152,0.11009255796670914,0.091065682470798492,0.063904188573360443,0.031034322455525398,-0.004607748705893755,-0.039838220924139023,0.47214260697364807,-0.31504073739051819,-0.21075119078159332,0.043951708823442459,-0.21743589639663696,-0.35428881645202637,0.091812901198863983,-0.59781515598297119,-0.082925468683242798,-0.22094962000846863,-0.13708047568798065,0.16111297905445099,0.012963414192199707,0.090441219508647919,0.08476778119802475,0.0011992809595540166,0.029949046671390533,-0.99955070018768311,1,0,0,0,0,0.010785426013171673,0.045622609555721283,0.076384462416172028,0.10032311826944351,0.11530020833015442,0.11997787654399872,0.11393827199935913,0.097720906138420105,0.072774425148963928,0.041327215731143951,0.0061883721500635147,-0.029503259807825089,0.48631793260574341,-0.38573864102363586,-0.35391914844512939,0.0045821191743016243,-0.21937459707260132,-0.43307209014892578,-0.032437030225992203,-0.57011681795120239,-0.024754300713539124,-0.24089439213275909,0.017554296180605888,0.11122599989175797,0,0.084147095680236816,0.09092973917722702,0,0.029986508190631866,-0.99955028295516968,1,0,0,0,0,0,0.035462424159049988,0.067757099866867065,0.093999229371547699,0.11184468865394592,0.1196993961930275,0.11686171591281891,0.10358512401580811,0.081055581569671631,0.051285587251186371,0.016934400424361229,-0.018929483368992805,0,0,0,0,0,0,0,0,0,0,0,0,0.43990480899810791,-0.22928950190544128,-0.095554806292057037,-0.016938956454396248,-0.16272732615470886,-0.34307652711868286,0.15085597336292267,-0.66196954250335693,-0.22155603766441345,-0.18873938918113708,-0.16294039785861969,0.15439336001873016,0.43990480899810791,-0.22928950190544128,-0.095554806292057037,-0.016938956454396248,-0.16272732615470886,-0.34307652711868286,0.15085597336292267,-0.66196954250335693,-0.22155603766441345,-0.18873938918113708,-0.16294039785861969,0.15439336001873016,1.219952404499054,-0.22928950190544128,-1.0764438450336455,-1.0084694782271981,-0.16272732615470886,0.72553877830505376,1.0754279866814613,-0.41999999999999998,-1.1772448301315308,-1.0943696945905685,-0.16294039785861969,1.1235146880149842
0.04968801378437368,0.0998710143975583,0.058233064952408188,0.0047863650354206021,0.029388960241387013,-0.99955659155731535,1.0422729079930109,0.073574022236812045,-0.90169701180388018,-0.88574915900913809,0.11999300642759596,1.1150165539694696,1.0997660152934421,0.075603675599507064,-0.95531211526899329,-0.9902197417887677,-0.026001009646485555,0.94054031524997861,0,0.055,0.055,0.055,0.055,0.049688015133142471,0.099871017038822174,0.058233063668012619,0.0047863651998341084,0.02938896045088768,-0.99955660104751587,1,0,0,0,0,0.042272906750440598,0.073574021458625793,0.098302990198135376,0.11425083875656128,0.11999300867319107,0.11501655727624893,0.099766016006469727,0.075603678822517395,0.044687885791063309,0.0097802579402923584,-0.026001010090112686,-0.059459686279296875,0.43990480899810791,-0.22928950190544128,-0.095554806292057037,-0.016938956454396248,-0.16272732615470886,-0.34307652711868286,0.15085597336292267,-0.66196954250335693,-0.22155603766441345,-0.18873938918113708,-0.16294039785861969,0.15439336001873016,0.038018841296434402,0.098370082676410675,0.068280324339866638,0.0035935381893068552,0.029649898409843445,-0.9995538592338562,1,0,0,0,0,0.032007772475481033,0.064755849540233612,0.091719470918178558,0.11049006879329681,0.11939091980457306,0.11762693524360657,0.10535568743944168,0.083673328161239624,0.054516680538654327,0.020490219816565514,-0.015366571955382824,-0.049850713461637497,0.46489709615707397,-0.2222636342048645,-0.13077746331691742,0.041131757199764252,-0.18167500197887421,-0.37794852256774902,0.12150698900222778,-0.6347770094871521,-0.18882608413696289,-0.16271209716796875,-0.15927986800670624,0.1510375589132309,0.02570805512368679,0.095209032297134399,0.077175267040729523,0.0023974855430424213,0.029836749657988548,-0.99955189228057861,1,0,0,0,0,0.021483547985553741,0.055413499474525452,0.084393531084060669,0.10583493858575821,0.11782242357730865,0.11928518116474152,0.11009255796670914,0.091065682470798492,0.063904188573360443,0.031034322455525398,-0.004607748705893755,-0.039838220924139023,0.47214260697364807,-0.31504073739051819,-0.21075119078159332,0.043951708823442459,-0.21743589639663696,-0.35428881645202637,0.091812901198863983,-0.59781515598297119,-0.082925468683242798,-0.22094962000846863,-0.13708047568798065,0.16111297905445099,0.012963414192199707,0.090441219508647919,0.08476778119802475,0.0011992809595540166,0.029949046671390533,-0.99955070018768311,1,0,0,0,0,0.010785426013171673,0.045622609555721283,0.076384462416172028,0.10032311826944351,0.11530020833015442,0.11997787654399872,0.11393827199935913,0.097720906138420105,0.072774425148963928,0.041327215731143951,0.0061883721500635147,-0.029503259807825089,0.48631793260574341,-0.38573864102363586,-0.35391914844512939,0.0045821191743016243,-0.21937459707260132,-0.43307209014892578,-0.032437030225992203,-0.57011681795120239,-0.024754300713539124,-0.24089439213275909,0.017554296180605888,0.11122599989175797,0.46756634116172791,-0.22367100417613983,-0.092733882367610931,-0.015076239593327045,-0.13684308528900146,-0.38514232635498047,0.11014490574598312,-0.70856928825378418,-0.20309685170650482,-0.19477356970310211,-0.20055000483989716,0.11910267919301987,0.46756634116172791,-0.22367100417613983,-0.092733882367610931,-0.015076239593327045,-0.13684308528900146,-0.38514232635498047,0.11014490574598312,-0.70856928825378418,-0.20309685170650482,-0.19477356970310211,-0.20055000483989716,0.11910267919301987,1.233783170580864,-0.22367100417613983,-1.0741871058940888,-1.0075381197966635,-0.13684308528900146,0.69188613891601558,1.0550724528729916,-0.41999999999999998,-1.1624774813652039,-1.0973867848515511,-0.20055000483989716,1.095282143354416
0.060518640573603955,0.099686502845391892,0.047203054128988266,0.0059748950032890462,0.029054582110056675,-0.99955996913047163,1.0521958640933475,0.081796651202800094,-0.89590921292871795,-0.88291319706080096,0.11962380341447026,1.1114751658004642,1.0933687836265507,0.066922046086970041,-0.96550263851889462,-1.0010088696840578,-0.036424981525011516,0.93141264175091876,0,0.055,0.055,0.055,0.055,0.060518641024827957,0.099686503410339355,0.047203052788972855,0.005974894855171442,0.029054582118988037,-0.99955999851226807,1,0,0,0,0,0.052195865660905838,0.081796653568744659,0.10409078747034073,0.11708680540323257,0.11962380260229111,0.11147516220808029,0.093368783593177795,0.06692204624414444,0.03449736163020134,-0.0010088697308674455,-0.036424983292818069,-0.068587355315685272,0.46756634116172791,-0.22367100417613983,-0.092733882367610931,-0.015076239593327045,-0.13684308528900146,-0.38514232635498047,0.11014490574598312,-0.70856928825378418,-0.20309685170650482,-0.19477356970310211,-0.20055000483989716,0.11910267919301987,0.049688015133142471,0.099871017038822174,0.058233063668012619,0.0047863651998341084,0.02938896045088768,-0.99955660104751587,1,0,0,0,0,0.042272906750440598,0.073574021458625793,0.098302990198135376,0.11425083875656128,0.11999300867319107,0.11501655727624893,0.099766016006469727,0.075603678822517395,0.044687885791063309,0.0097802579402923584,-0.026001010090112686,-0.059459686279296875,0.43990480899810791,-0.22928950190544128,-0.095554806292057037,-0.016938956454396248,-0.16272732615470886,-0.34307652711868286,0.15085597336292267,-0.66196954250335693,-0.22155603766441345,-0.18873938918113708,-0.16294039785861969,0.15439336001873016,0.038018841296434402,0.098370082676410675,0.068280324339866638,0.0035935381893068552,0.029649898409843445,-0.9995538592338562,1,0,0,0,0,0.032007772475481033,0.064755849540233612,0.091719470918178558,0.11049006879329681,0.11939091980457306,0.11762693524360657,0.10535568743944168,0.083673328161239624,0.054516680538654327,0.020490219816565514,-0.015366571955382824,-0.049850713461637497,0.46489709615707397,-0.2222636342048645,-0.13077746331691742,0.041131757199764252,-0.18167500197887421,-0.37794852256774902,0.12150698900222778,-0.6347770094871521,-0.18882608413696289,-0.16271209716796875,-0.15927986800670624,0.1510375589132309,0.02570805512368679,0.095209032297134399,0.077175267040729523,0.0023974855430424213,0.029836749657988548,-0.99955189228057861,1,0,0,0,0,0.021483547985553741,0.055413499474525452,0.084393531084060669,0.10583493858575821,0.11782242357730865,0.11928518116474152,0.11009255796670914,0.091065682470798492,0.063904188573360443,0.031034322455525398,-0.004607748705893755,-0.039838220924139023,0.47214260697364807,-0.31504073739051819,-0.21075119078159332,0.043951708823442459,-0.21743589639663696,-0.35428881645202637,0.091812901198863983,-0.59781515598297119,-0.082925468683242798,-0.22094962000846863,-0.13708047568798065,0.16111297905445099,0.45905607938766479,-0.18651571869850159,-0.078510798513889313,-0.024142207577824593,-0.13033297657966614,-0.35850653052330017,0.10469415038824081,-0.71233785152435303,-0.2163512259721756,-0.18930345773696899,-0.22460475564002991,0.13301974534988403,0.45905607938766479,-0.18651571869850159,-0.078510798513889313,-0.024142207577824593,-0.13033297657966614,-0.35850653052330017,0.10469415038824081,-0.71233785152435303,-0.2163512259721756,-0.18930345773696899,-0.22460475564002991,0.13301974534988403,1.2295280396938324,-0.18651571869850159,-1.0628086388111115,-1.0120711037889123,-0.13033297657966614,0.71319477558135991,1.0523470751941204,-0.41999999999999998,-1.1730809807777405,-1.0946517288684845,-0.22460475564002991,1.1064157962799073
0.070327941920041021,0.097819660680804471,0.03537643453011427,0.0071580602573803505,0.028647597256055663,-0.99956394359981116,1.0616963189983735,0.08935717439650312,-0.89096398046609404,-0.88102499821699765,0.11828630146026642,1.1070314381144055,1.086215775168295,0.057698713798637787,-0.97597240183338752,-1.0117898312494129,-0.046554110153007637,0.92284015095353089,0,0.055,0.055,0.055,0.055,0.070327945053577423,0.09781966358423233,0.035376433283090591,0.0071580600924789906,0.028647597879171371,-0.99956393241882324,1,0,0,0,0,0.061696320772171021,0.089357174932956696,0.10903602093458176,0.11897499859333038,0.11828630417585373,0.1070314347743988,0.086215771734714508,0.057698715478181839,0.024027599021792412,-0.011789831332862377,-0.046554110944271088,-0.077159851789474487,0.45905607938766479,-0.18651571869850159,-0.078510798513889313,-0.024142207577824593,-0.13033297657966614,-0.35850653052330017,0.10469415038824081,-0.71233785152435303,-0.2163512259721756,-0.18930345773696899,-0.22460475564002991,0.13301974534988403,0.060518641024827957,0.099686503410339355,0.047203052788972855,0.005974894855171442,0.029054582118988037,-0.99955999851226807,1,0,0,0,0,0.052195865660905838,0.081796653568744659,0.10409078747034073,0.11708680540323257,0.11962380260229111,0.11147516220808029,0.093368783593177795,0.06692204624414444,0.03449736163020134,-0.0010088697308674455,-0.036424983292818069,-0.068587355315685272,0.46756634116172791,-0.22367100417613983,-0.092733882367610931,-0.015076239593327045,-0.13684308528900146,-0.38514232635498047,0.11014490574598312,-0.70856928825378418,-0.20309685170650482,-0.19477356970310211,-0.20055000483989716,0.11910267919301987,0.049688015133142471,0.099871017038822174,0.058233063668012619,0.0047863651998341084,0.02938896045088768,-0.99955660104751587,1,0,0,0,0,0.042272906750440598,0.073574021458625793,0.098302990198135376,0.11425083875656128,0.11999300867319107,0.11501655727624893,0.099766016006469727,0.075603678822517395,0.044687885791063309,0.0097802579402923584,-0.026001010090112686,-0.059459686279296875,0.43990480899810791,-0.22928950190544128,-0.095554806292057037,-0.016938956454396248,-0.16272732615470886,-0.34307652711868286,0.15085597336292267,-0.66196954250335693,-0.22155603766441345,-0.18873938918113708,-0.16294039785861969,0.15439336001873016,0.038018841296434402,0.098370082676410675,0.068280324339866638,0.0035935381893068552,0.029649898409843445,-0.9995538592338562,1,0,0,0,0,0.032007772475481033,0.064755849540233612,0.091719470918178558,0.11049006879329681,0.11939091980457306,0.11762693524360657,0.10535568743944168,0.083673328161239624,0.054516680538654327,0.020490219816565514,-0.015366571955382824,-0.049850713461637497,0.46489709615707397,-0.2222636342048645,-0.13077746331691742,0.041131757199764252,-0.18167500197887421,-0.37794852256774902,0.12150698900222778,-0.6347770094871521,-0.18882608413696289,-0.16271209716796875,-0.15927986800670624,0.1510375589132309,0.45499593019485474,-0.14469137787818909,-0.075800105929374695,-0.030851505696773529,-0.12280327826738358,-0.34300088882446289,0.097763799130916595,-0.71454989910125732,-0.21640470623970032,-0.19248586893081665,-0.24426457285881042,0.14281260967254639,0.45499593019485474,-0.14469137787818909,-0.075800105929374695,-0.030851505696773529,-0.12280327826738358,-0.34300088882446289,0.097763799130916595,-0.71454989910125732,-0.21640470623970032,-0.19248586893081665,-0.24426457285881042,0.14281260967254639,1.2274979650974274,-0.14469137787818909,-1.0606400847434998,-1.0154257528483868,-0.12280327826738358,0.72559928894042969,1.0488818995654583,-0.41999999999999998,-1.1731237649917603,-1.0962429344654083,-0.24426457285881042,1.114250087738037
0.078950373968995055,0.09430199312900106,0.022952794702126422,0.0083347973558419233,0.028169019109804884,-0.99956842562949566,1.0706973709530723,0.09619439290605325,-0.88690134376819629,-0.88009984656742291,0.1159913270199957,1.1017213408160285,1.0783648901886718,0.048008337311090339,-0.98663665735760198,-1.0224753596251484,-0.056306404954647254,0.91489223317583368,0,0.055,0.055,0.055,0.055,0.078950375318527222,0.094301991164684296,0.022952795028686523,0.0083347978070378304,0.028169019147753716,-0.9995684027671814,1,0,0,0,0,0.070697374641895294,0.096194393932819366,0.11309865862131119,0.11990015208721161,0.11599132418632507,0.10172133892774582,0.078364893794059753,0.048008337616920471,0.013363342732191086,-0.022475359961390495,-0.056306403130292892,-0.085107766091823578,0.45499593019485474,-0.14469137787818909,-0.075800105929374695,-0.030851505696773529,-0.12280327826738358,-0.34300088882446289,0.097763799130916595,-0.71454989910125732,-0.21640470623970032,-0.19248586893081665,-0.24426457285881042,0.14281260967254639,0.070327945053577423,0.09781966358423233,0.035376433283090591,0.0071580600924789906,0.028647597879171371,-0.99956393241882324,1,0,0,0,0,0.061696320772171021,0.089357174932956696,0.10903602093458176,0.11897499859333038,0.11828630417585373,0.1070314347743988,0.086215771734714508,0.057698715478181839,0.024027599021792412,-0.011789831332862377,-0.046554110944271088,-0.077159851789474487,0.45905607938766479,-0.18651571869850159,-0.078510798513889313,-0.024142207577824593,-0.13033297657966614,-0.35850653052330017,0.10469415038824081,-0.71233785152435303,-0.2163512259721756,-0.18930345773696899,-0.22460475564002991,0.13301974534988403,0.060518641024827957,0.099686503410339355,0.047203052788972855,0.005974894855171442,0.029054582118988037,-0.99955999851226807,1,0,0,0,0,0.052195865660905838,0.081796653568744659,0.10409078747034073,0.11708680540323257,0.11962380260229111,0.11147516220808029,0.093368783593177795,0.06692204624414444,0.03449736163020134,-0.0010088697308674455,-0.036424983292818069,-0.068587355315685272,0.46756634116172791,-0.22367100417613983,-0.092733882367610931,-0.015076239593327045,-0.13684308528900146,-0.38514232635498047,0.11014490574598312,-0.70856928825378418,-0.20309685170650482,-0.19477356970310211,-0.20055000483989716,0.11910267919301987,0.049688015133142471,0.099871017038822174,0.058233063668012619,0.0047863651998341084,0.02938896045088768,-0.99955660104751587,1,0,0,0,0,0.042272906750440598,0.073574021458625793,0.098302990198135376,0.11425083875656128,0.11999300867319107,0.11501655727624893,0.099766016006469727,0.075603678822517395,0.044687885791063309,0.0097802579402923584,-0.026001010090112686,-0.059459686279296875,0.43990480899810791,-0.22928950190544128,-0.095554806292057037,-0.016938956454396248,-0.16272732615470886,-0.34307652711868286,0.15085597336292267,-0.66196954250335693,-0.22155603766441345,-0.18873938918113708,-0.16294039785861969,0.15439336001873016,0.4544793963432312,-0.12565194070339203,-0.073754765093326569,-0.04377342015504837,-0.1215035617351532,-0.32387822866439819,0.10175381600856781,-0.72380197048187256,-0.21972453594207764,-0.2007773220539093,-0.25013339519500732,0.14873740077018738,0.4544793963432312,-0.12565194070339203,-0.073754765093326569,-0.04377342015504837,-0.1215035617351532,-0.32387822866439819,0.10175381600856781,-0.72380197048187256,-0.21972453594207764,-0.2007773220539093,-0.25013339519500732,0.14873740077018738,1.2272396981716156,-0.12565194070339203,-1.0590038120746612,-1.0218867100775242,-0.1215035617351532,0.74089741706848145,1.0508769080042839,-0.41999999999999998,-1.1757796287536622,-1.1003886610269547,-0.25013339519500732,1.11898992061615
0.086240422724333854,0.08919286509533797,0.010141798631660186,0.0095040480647388039,0.027620039655650103,-0.99957331220866608,1.0791261606365767,0.10225296263392356,-0.88375418798580818,-0.88014523078353712,0.11275745684223898,1.0955878566683304,1.0698796779428899,0.037929355706046407,-0.99740908291286845,-1.0329789604387749,-0.065602925648314422,0.90763322310831718,0,0.055,0.055,0.055,0.055,0.086240425705909729,0.089192867279052734,0.010141798295080662,0.009504048153758049,0.027620039880275726,-0.99957329034805298,1,0,0,0,0,0.079126164317131042,0.10225296020507812,0.1162458136677742,0.11985477060079575,0.11275745928287506,0.095587857067584991,0.069879680871963501,0.037929356098175049,0.0025909170508384705,-0.032978959381580353,-0.065602928400039673,-0.092366777360439301,0.4544793963432312,-0.12565194070339203,-0.073754765093326569,-0.04377342015504837,-0.1215035617351532,-0.32387822866439819,0.10175381600856781,-0.72380197048187256,-0.21972453594207764,-0.2007773220539093,-0.25013339519500732,0.14873740077018738,0.078950375318527222,0.094301991164684296,0.022952795028686523,0.0083347978070378304,0.028169019147753716,-0.9995684027671814,1,0,0,0,0,0.070697374641895294,0.096194393932819366,0.11309865862131119,0.11990015208721161,0.11599132418632507,0.10172133892774582,0.078364893794059753,0.048008337616920471,0.013363342732191086,-0.022475359961390495,-0.056306403130292892,-0.085107766091823578,0.45499593019485474,-0.14469137787818909,-0.075800105929374695,-0.030851505696773529,-0.12280327826738358,-0.34300088882446289,0.097763799130916595,-0.71454989910125732,-0.21640470623970032,-0.19248586893081665,-0.24426457285881042,0.14281260967254639,0.070327945053577423,0.09781966358423233,0.035376433283090591,0.0071580600924789906,0.028647597879171371,-0.99956393241882324,1,0,0,0,0,0.061696320772171021,0.089357174932956696,0.10903602093458176,0.11897499859333038,0.11828630417585373,0.1070314347743988,0.086215771734714508,0.057698715478181839,0.024027599021792412,-0.011789831332862377,-0.046554110944271088,-0.077159851789474487,0.45905607938766479,-0.18651571869850159,-0.078510798513889313,-0.024142207577824593,-0.13033297657966614,-0.35850653052330017,0.10469415038824081,-0.71233785152435303,-0.2163512259721756,-0.18930345773696899,-0.22460475564002991,0.13301974534988403,0.060518641024827957,0.099686503410339355,0.047203052788972855,0.005974894855171442,0.029054582118988037,-0.99955999851226807,1,0,0,0,0,0.052195865660905838,0.081796653568744659,0.10409078747034073,0.11708680540323257,0.11962380260229111,0.11147516220808029,0.093368783593177795,0.06692204624414444,0.03449736163020134,-0.0010088697308674455,-0.036424983292818069,-0.068587355315685272,0.46756634116172791,-0.22367100417613983,-0.092733882367610931,-0.015076239593327045,-0.13684308528900146,-0.38514232635498047,0.11014490574598312,-0.70856928825378418,-0.20309685170650482,-0.19477356970310211,-0.20055000483989716,0.11910267919301987,0.45553594827651978,-0.096784010529518127,-0.073905609548091888,-0.051951605826616287,-0.1128048300743103,-0.30972740054130554,0.096032418310642242,-0.73106139898300171,-0.21308785676956177,-0.21268394589424133,-0.25873610377311707,0.15064646303653717,0.45553594827651978,-0.096784010529518127,-0.073905609548091888,-0.051951605826616287,-0.1128048300743103,-0.30972740054130554,0.096032418310642242,-0.73106139898300171,-0.21308785676956177,-0.21268394589424133,-0.25873610377311707,0.15064646303653717,1.2277679741382599,-0.096784010529518127,-1.0591244876384736,-1.0259758029133081,-0.1128048300743103,0.75221807956695552,1.0480162091553211,-0.41999999999999998,-1.1704702854156495,-1.1063419729471207,-0.25873610377311707,1.1205171704292298
0.092075059773613577,0.082578499310560813,-0.0028403525883603791,0.010664760246307147,0.027002026589790982,-0.99957848788823633,1.086914460924417,0.10748384228160571,-0.88154798787833799,-0.88116078350126104,0.10861086759902412,1.0886806333671366,1.0608288222697664,0.027543353642551702,-1.0082024807345258,-1.0432156119366363,-0.074368421231395587,0.90112187905460495,0,0.055,0.055,0.055,0.055,0.092075057327747345,0.082578502595424652,-0.0028403524775058031,0.010664760135114193,0.027002027258276939,-0.99957847595214844,1,0,0,0,0,0.086914457380771637,0.10748384147882462,0.11845201253890991,0.11883921921253204,0.10861086845397949,0.088680632412433624,0.06082882359623909,0.027543352916836739,-0.0082024810835719109,-0.043215610086917877,-0.074368424713611603,-0.098878122866153717,0.45553594827651978,-0.096784010529518127,-0.073905609548091888,-0.051951605826616287,-0.1128048300743103,-0.30972740054130554,0.096032418310642242,-0.73106139898300171,-0.21308785676956177,-0.21268394589424133,-0.25873610377311707,0.15064646303653717,0.086240425705909729,0.089192867279052734,0.010141798295080662,0.009504048153758049,0.027620039880275726,-0.99957329034805298,1,0,0,0,0,0.079126164317131042,0.10225296020507812,0.1162458136677742,0.11985477060079575,0.11275745928287506,0.095587857067584991,0.069879680871963501,0.037929356098175049,0.0025909170508384705,-0.032978959381580353,-0.065602928400039673,-0.092366777360439301,0.4544793963432312,-0.12565194070339203,-0.073754765093326569,-0.04377342015504837,-0.1215035617351532,-0.32387822866439819,0.10175381600856781,-0.72380197048187256,-0.21972453594207764,-0.2007773220539093,-0.25013339519500732,0.14873740077018738,0.078950375318527222,0.094301991164684296,0.022952795028686523,0.0083347978070378304,0.028169019147753716,-0.9995684027671814,1,0,0,0,0,0.070697374641895294,0.096194393932819366,0.11309865862131119,0.11990015208721161,0.11599132418632507,0.10172133892774582,0.078364893794059753,0.048008337616920471,0.013363342732191086,-0.022475359961390495,-0.056306403130292892,-0.085107766091823578,0.45499593019485474,-0.14469137787818909,-0.075800105929374695,-0.030851505696773529,-0.12280327826738358,-0.34300088882446289,0.097763799130916595,-0.71454989910125732,-0.21640470623970032,-0.19248586893081665,-0.24426457285881042,0.14281260967254639,0.070327945053577423,0.09781966358423233,0.035376433283090591,0.0071580600924789906,0.028647597879171371,-0.99956393241882324,1,0,0,0,0,0.061696320772171021,0.089357174932956696,0.10903602093458176,0.11897499859333038,0.11828630417585373,0.1070314347743988,0.086215771734714508,0.057698715478181839,0.024027599021792412,-0.011789831332862377,-0.046554110944271088,-0.077159851789474487,0.45905607938766479,-0.18651571869850159,-0.078510798513889313,-0.024142207577824593,-0.13033297657966614,-0.35850653052330017,0.10469415038824081,-0.71233785152435303,-0.2163512259721756,-0.18930345773696899,-0.22460475564002991,0.13301974534988403,0.45670479536056519,-0.073996998369693756,-0.073117546737194061,-0.059249438345432281,-0.10964328795671463,-0.29650285840034485,0.094428502023220062,-0.73605287075042725,-0.21059753000736237,-0.22348837554454803,-0.26759064197540283,0.15463483333587646,0.45670479536056519,-0.073996998369693756,-0.073117546737194061,-0.059249438345432281,-0.10964328795671463,-0.29650285840034485,0.094428502023220062,-0.73605287075042725,-0.21059753000736237,-0.22348837554454803,-0.26759064197540283,0.15463483333587646,1.2283523976802826,-0.073996998369693756,-1.0584940373897553,-1.0296247191727161,-0.10964328795671463,0.76279771327972412,1.04721425101161,-0.41999999999999998,-1.1684780240058898,-1.111744187772274,-0.26759064197540283,1.1237078666687013
0.096355818541719304,0.074570521217672034,-0.015774569414324823,0.01181588875543158,0.026316520049895726,-0.99958382617236397,1.093999229155298,0.11184469031606716,-0.88030060160751344,-0.8831382842946166,0.10358512399786486,1.081055581666138,1.0512855856280596,0.016934400967184064,-1.0189294832971898,-1.0531024531953823,-0.082531939102076846,0.89541090731036943,0,0.055,0.055,0.055,0.055,0.096355818212032318,0.074570521712303162,-0.015774568542838097,0.011815888807177544,0.02631651982665062,-0.99958384037017822,1,0,0,0,0,0.093999229371547699,0.11184468865394592,0.1196993961930275,0.11686171591281891,0.10358512401580811,0.081055581569671631,0.051285587251186371,0.016934400424361229,-0.018929483368992805,-0.053102452307939529,-0.082531936466693878,-0.10458908975124359,0.45670479536056519,-0.073996998369693756,-0.073117546737194061,-0.059249438345432281,-0.10964328795671463,-0.29650285840034485,0.094428502023220062,-0.73605287075042725,-0.21059753000736237,-0.22348837554454803,-0.26759064197540283,0.15463483333587646,0.092075057327747345,0.082578502595424652,-0.0028403524775058031,0.010664760135114193,0.027002027258276939,-0.99957847595214844,1,0,0,0,0,0.086914457380771637,0.10748384147882462,0.11845201253890991,0.11883921921253204,0.10861086845397949,0.088680632412433624,0.06082882359623909,0.027543352916836739,-0.0082024810835719109,-0.043215610086917877,-0.074368424713611603,-0.098878122866153717,0.45553594827651978,-0.096784010529518127,-0.073905609548091888,-0.051951605826616287,-0.1128048300743103,-0.30972740054130554,0.096032418310642242,-0.73106139898300171,-0.21308785676956177,-0.21268394589424133,-0.25873610377311707,0.15064646303653717,0.086240425705909729,0.089192867279052734,0.010141798295080662,0.009504048153758049,0.027620039880275726,-0.99957329034805298,1,0,0,0,0,0.079126164317131042,0.10225296020507812,0.1162458136677742,0.11985477060079575,0.11275745928287506,0.095587857067584991,0.069879680871963501,0.037929356098175049,0.0025909170508384705,-0.032978959381580353,-0.065602928400039673,-0.092366777360439301,0.4544793963432312,-0.12565194070339203,-0.073754765093326569,-0.04377342015504837,-0.1215035617351532,-0.32387822866439819,0.10175381600856781,-0.72380197048187256,-0.21972453594207764,-0.2007773220539093,-0.25013339519500732,0.14873740077018738,0.078950375318527222,0.094301991164684296,0.022952795028686523,0.0083347978070378304,0.028169019147753716,-0.9995684027671814,1,0,0,0,0,0.070697374641895294,0.096194393932819366,0.11309865862131119,0.11990015208721161,0.11599132418632507,0.10172133892774582,0.078364893794059753,0.048008337616920471,0.013363342732191086,-0.022475359961390495,-0.056306403130292892,-0.085107766091823578,0.45499593019485474,-0.14469137787818909,-0.075800105929374695,-0.030851505696773529,-0.12280327826738358,-0.34300088882446289,0.097763799130916595,-0.71454989910125732,-0.21640470623970032,-0.19248586893081665,-0.24426457285881042,0.14281260967254639,0.45846459269523621,-0.051752451807260513,-0.07260429859161377,-0.066535361111164093,-0.10558152198791504,-0.28356146812438965,0.09338890016078949,-0.74093741178512573,-0.20623782277107239,-0.23572087287902832,-0.27433866262435913,0.15805041790008545,0.45846459269523621,-0.051752451807260513,-0.07260429859161377,-0.066535361111164093,-0.10558152198791504,-0.28356146812438965,0.09338890016078949,-0.74093741178512573,-0.20623782277107239,-0.23572087287902832,-0.27433866262435913,0.15805041790008545,1.2292322963476181,-0.051752451807260513,-1.0580834388732909,-1.033267680555582,-0.10558152198791504,0.7731508255004883,1.0466944500803947,-0.41999999999999998,-1.1649902582168579,-1.1178604364395142,-0.27433866262435913,1.1264403343200684
0.099010456033717789,0.065304075157226485,-0.028442571253646257,0.012956396344744731,0.025565228920672454,-0.9995891910499991,1.1003231174320625,0.11530020770472872,-0.88002212618388509,-0.88606172621624435,0.097720907091095516,1.0727744228053977,1.0413272160710068,0.0061883722078241565,-1.0295032605141563,-1.0625594548425288,-0.090027399387590273,0.89054653553043039,0,0.055,0.055,0.055,0.055,0.099010452628135681,0.065304078161716461,-0.028442570939660072,0.012956396676599979,0.02556522935628891,-0.99958920478820801,1,0,0,0,0,0.10032311826944351,0.11530020833015442,0.11997787654399872,0.11393827199935913,0.097720906138420105,0.072774425148963928,0.041327215731143951,0.0061883721500635147,-0.029503259807825089,-0.062559455633163452,-0.090027399361133575,-0.1094534620642662,0.45846459269523621,-0.051752451807260513,-0.07260429859161377,-0.066535361111164093,-0.10558152198791504,-0.28356146812438965,0.09338890016078949,-0.74093741178512573,-0.20623782277107239,-0.23572087287902832,-0.27433866262435913,0.15805041790008545,0.096355818212032318,0.074570521712303162,-0.015774568542838097,0.011815888807177544,0.02631651982665062,-0.99958384037017822,1,0,0,0,0,0.093999229371547699,0.11184468865394592,0.1196993961930275,0.11686171591281891,0.10358512401580811,0.081055581569671631,0.051285587251186371,0.016934400424361229,-0.018929483368992805,-0.053102452307939529,-0.082531936466693878,-0.10458908975124359,0.45670479536056519,-0.073996998369693756,-0.073117546737194061,-0.059249438345432281,-0.10964328795671463,-0.29650285840034485,0.094428502023220062,-0.73605287075042725,-0.21059753000736237,-0.22348837554454803,-0.26759064197540283,0.15463483333587646,0.092075057327747345,0.082578502595424652,-0.0028403524775058031,0.010664760135114193,0.027002027258276939,-0.99957847595214844,1,0,0,0,0,0.086914457380771637,0.10748384147882462,0.11845201253890991,0.11883921921253204,0.10861086845397949,0.088680632412433624,0.06082882359623909,0.027543352916836739,-0.0082024810835719109,-0.043215610086917877,-0.074368424713611603,-0.098878122866153717,0.45553594827651978,-0.096784010529518127,-0.073905609548091888,-0.051951605826616287,-0.1128048300743103,-0.30972740054130554,0.096032418310642242,-0.73106139898300171,-0.21308785676956177,-0.21268394589424133,-0.25873610377311707,0.15064646303653717,0.086240425705909729,0.089192867279052734,0.010141798295080662,0.009504048153758049,0.027620039880275726,-0.99957329034805298,1,0,0,0,0,0.079126164317131042,0.10225296020507812,0.1162458136677742,0.11985477060079575,0.11275745928287506,0.095587857067584991,0.069879680871963501,0.037929356098175049,0.0025909170508384705,-0.032978959381580353,-0.065602928400039673,-0.092366777360439301,0.4544793963432312,-0.12565194070339203,-0.073754765093326569,-0.04377342015504837,-0.1215035617351532,-0.32387822866439819,0.10175381600856781,-0.72380197048187256,-0.21972453594207764,-0.2007773220539093,-0.25013339519500732,0.14873740077018738,0.46014142036437988,-0.031541593372821808,-0.071301132440567017,-0.073700189590454102,-0.10262710601091385,-0.27145621180534363,0.093941010534763336,-0.74551963806152344,-0.20216938853263855,-0.24743112921714783,-0.27913200855255127,0.16188980638980865,0.46014142036437988,-0.031541593372821808,-0.071301132440567017,-0.073700189590454102,-0.10262710601091385,-0.27145621180534363,0.093941010534763336,-0.74551963806152344,-0.20216938853263855,-0.24743112921714783,-0.27913200855255127,0.16188980638980865,1.2300707101821899,-0.031541593372821808,-1.0570409059524537,-1.0368500947952271,-0.10262710601091385,0.78283503055572512,1.0469705052673817,-0.41999999999999998,-1.1617355108261109,-1.1237155646085739,-0.27913200855255127,1.1295118451118469
0.099994172022996639,0.054935543642712664,-0.040630570214441684,0.01408525457846444,0.024750026720514493,-0.99959443865039266,1.1058349368261937,0.11782242364468316,-0.88071481573623089,-0.88990744536618283,0.09106568498171061,1.0639041889066745,1.0310343219593332,-0.0046077485406282453,-1.0398382225864882,-1.0715100668569317,-0.096794129829988862,0.88656813853743244,0,0.055,0.055,0.055,0.055,0.099994175136089325,0.054935544729232788,-0.04063057154417038,0.01408525463193655,0.024750025942921638,-0.99959444999694824,1,0,0,0,0,0.10583493858575821,0.11782242357730865,0.11928518116474152,0.11009255796670914,0.091065682470798492,0.063904188573360443,0.031034322455525398,-0.004607748705893755,-0.039838220924139023,-0.071510069072246552,-0.09679412841796875,-0.11343186348676682,0.46014142036437988,-0.031541593372821808,-0.071301132440567017,-0.073700189590454102,-0.10262710601091385,-0.27145621180534363,0.093941010534763336,-0.74551963806152344,-0.20216938853263855,-0.24743112921714783,-0.27913200855255127,0.16188980638980865,0.099010452628135681,0.065304078161716461,-0.028442570939660072,0.012956396676599979,0.02556522935628891,-0.99958920478820801,1,0,0,0,0,0.10032311826944351,0.11530020833015442,0.11997787654399872,0.11393827199935913,0.097720906138420105,0.072774425148963928,0.041327215731143951,0.0061883721500635147,-0.029503259807825089,-0.062559455633163452,-0.090027399361133575,-0.1094534620642662,0.45846459269523621,-0.051752451807260513,-0.07260429859161377,-0.066535361111164093,-0.10558152198791504,-0.28356146812438965,0.09338890016078949,-0.74093741178512573,-0.20623782277107239,-0.23572087287902832,-0.27433866262435913,0.15805041790008545,0.096355818212032318,0.074570521712303162,-0.015774568542838097,0.011815888807177544,0.02631651982665062,-0.99958384037017822,1,0,0,0,0,0.093999229371547699,0.11184468865394592,0.1196993961930275,0.11686171591281891,0.10358512401580811,0.081055581569671631,0.051285587251186371,0.016934400424361229,-0.018929483368992805,-0.053102452307939529,-0.082531936466693878,-0.10458908975124359,0.45670479536056519,-0.073996998369693756,-0.073117546737194061,-0.059249438345432281,-0.10964328795671463,-0.29650285840034485,0.094428502023220062,-0.73605287075042725,-0.21059753000736237,-0.22348837554454803,-0.26759064197540283,0.15463483333587646,0.092075057327747345,0.082578502595424652,-0.0028403524775058031,0.010664760135114193,0.027002027258276939,-0.99957847595214844,1,0,0,0,0,0.086914457380771637,0.10748384147882462,0.11845201253890991,0.11883921921253204,0.10861086845397949,0.088680632412433624,0.06082882359623909,0.027543352916836739,-0.0082024810835719109,-0.043215610086917877,-0.074368424713611603,-0.098878122866153717,0.45553594827651978,-0.096784010529518127,-0.073905609548091888,-0.051951605826616287,-0.1128048300743103,-0.30972740054130554,0.096032418310642242,-0.73106139898300171,-0.21308785676956177,-0.21268394589424133,-0.25873610377311707,0.15064646303653717,0.46091631054878235,-0.012103072367608547,-0.070110790431499481,-0.07975199818611145,-0.099255010485649109,-0.25947746634483337,0.094771295785903931,-0.74969065189361572,-0.19722731411457062,-0.25966942310333252,-0.28230547904968262,0.16543759405612946,0.46091631054878235,-0.012103072367608547,-0.070110790431499481,-0.07975199818611145,-0.099255010485649109,-0.25947746634483337,0.094771295785903931,-0.74969065189361572,-0.19722731411457062,-0.25966942310333252,-0.28230547904968262,0.16543759405612946,1.2304581552743912,-0.012103072367608547,-1.0560886323451997,-1.0398759990930557,-0.099255010485649109,0.79241802692413332,1.047385647892952,-0.41999999999999998,-1.1577818512916564,-1.1298347115516663,-0.28230547904968262,1.1323500752449036
0.09929036510941186,0.043639908216012629,-0.05213287903544065,0.015201444754783088,0.02387294707526998,-0.99959941900508753,1.1104900717283364,0.11939092197330971,-0.88237306326543452,-0.89464431244011067,0.083673328591192531,1.0545166803796369,1.0204902194741374,-0.015366571711965562,-1.0498507128125496,-1.0798818382055342,-0.10277735689980014,0.88350791960100539,0,0.055,0.055,0.055,0.055,0.099290363490581512,0.043639909476041794,-0.052132878452539444,0.015201444737613201,0.023872947320342064,-0.9995993971824646,1,0,0,0,0,0.11049006879329681,0.11939091980457306,0.11762693524360657,0.10535568743944168,0.083673328161239624,0.054516680538654327,0.020490219816565514,-0.015366571955382824,-0.049850713461637497,-0.079881839454174042,-0.10277735441923141,-0.11649207770824432,0.46091631054878235,-0.012103072367608547,-0.070110790431499481,-0.07975199818611145,-0.099255010485649109,-0.25947746634483337,0.094771295785903931,-0.74969065189361572,-0.19722731411457062,-0.25966942310333252,-0.28230547904968262,0.16543759405612946,0.099994175136089325,0.054935544729232788,-0.04063057154417038,0.01408525463193655,0.024750025942921638,-0.99959444999694824,1,0,0,0,0,0.10583493858575821,0.11782242357730865,0.11928518116474152,0.11009255796670914,0.091065682470798492,0.063904188573360443,0.031034322455525398,-0.004607748705893755,-0.039838220924139023,-0.071510069072246552,-0.09679412841796875,-0.11343186348676682,0.46014142036437988,-0.031541593372821808,-0.071301132440567017,-0.073700189590454102,-0.10262710601091385,-0.27145621180534363,0.093941010534763336,-0.74551963806152344,-0.20216938853263855,-0.24743112921714783,-0.27913200855255127,0.16188980638980865,0.099010452628135681,0.065304078161716461,-0.028442570939660072,0.012956396676599979,0.02556522935628891,-0.99958920478820801,1,0,0,0,0,0.10032311826944351,0.11530020833015442,0.11997787654399872,0.11393827199935913,0.097720906138420105,0.072774425148963928,0.041327215731143951,0.0061883721500635147,-0.029503259807825089,-0.062559455633163452,-0.090027399361133575,-0.1094534620642662,0.45846459269523621,-0.051752451807260513,-0.07260429859161377,-0.066535361111164093,-0.10558152198791504,-0.28356146812438965,0.09338890016078949,-0.74093741178512573,-0.20623782277107239,-0.23572087287902832,-0.27433866262435913,0.15805041790008545,0.096355818212032318,0.074570521712303162,-0.015774568542838097,0.011815888807177544,0.02631651982665062,-0.99958384037017822,1,0,0,0,0,0.093999229371547699,0.11184468865394592,0.1196993961930275,0.11686171591281891,0.10358512401580811,0.081055581569671631,0.051285587251186371,0.016934400424361229,-0.018929483368992805,-0.053102452307939529,-0.082531936466693878,-0.10458908975124359,0.45670479536056519,-0.073996998369693756,-0.073117546737194061,-0.059249438345432281,-0.10964328795671463,-0.29650285840034485,0.094428502023220062,-0.73605287075042725,-0.21059753000736237,-0.22348837554454803,-0.26759064197540283,0.15463483333587646,0.46118173003196716,0.0056373504921793938,-0.06892087310552597,-0.085320651531219482,-0.0966358482837677,-0.24802131950855255,0.096241258084774017,-0.75346583127975464,-0.19210174679756165,-0.27201619744300842,-0.28422224521636963,0.16928552091121674,0.46118173003196716,0.0056373504921793938,-0.06892087310552597,-0.085320651531219482,-0.0966358482837677,-0.24802131950855255,0.096241258084774017,-0.75346583127975464,-0.19210174679756165,-0.27201619744300842,-0.28422224521636963,0.16928552091121674,1.2305908650159836,0.0056373504921793938,-1.0551366984844208,-1.0426603257656097,-0.0966358482837677,0.80158294439315791,1.048120629042387,-0.41999999999999998,-1.1536813974380493,-1.1360080987215042,-0.28422224521636963,1.1354284167289734
0.096910912888045639,0.031607796421705345,-0.062755382307929361,0.01630395883630896,0.022936178786207091,-0.99960397789772282,1.1142508409908618,0.11999300642759596,-0.88498344603053025,-0.90023398470655802,0.075603675599507064,1.0446878847310066,1.0097802582112323,-0.026001009646485607,-1.0594596847500215,-1.0876070033007159,-0.10792864916222132,0.8813906497673043,0,0.055,0.055,0.055,0.055,0.096910916268825531,0.031607795506715775,-0.062755383551120758,0.016303958371281624,0.022936178371310234,-0.9996039867401123,1,0,0,0,0,0.11425083875656128,0.11999300867319107,0.11501655727624893,0.099766016006469727,0.075603678822517395,0.044687885791063309,0.0097802579402923584,-0.026001010090112686,-0.059459686279296875,-0.087607003748416901,-0.10792864859104156,-0.11860935389995575,0.46118173003196716,0.0056373504921793938,-0.06892087310552597,-0.085320651531219482,-0.0966358482837677,-0.24802131950855255,0.096241258084774017,-0.75346583127975464,-0.19210174679756165,-0.27201619744300842,-0.28422224521636963,0.16928552091121674,0.099290363490581512,0.043639909476041794,-0.052132878452539444,0.015201444737613201,0.023872947320342064,-0.9995993971824646,1,0,0,0,0,0.11049006879329681,0.11939091980457306,0.11762693524360657,0.10535568743944168,0.083673328161239624,0.054516680538654327,0.020490219816565514,-0.015366571955382824,-0.049850713461637497,-0.079881839454174042,-0.10277735441923141,-0.11649207770824432,0.46091631054878235,-0.012103072367608547,-0.070110790431499481,-0.07975199818611145,-0.099255010485649109,-0.25947746634483337,0.094771295785903931,-0.74969065189361572,-0.19722731411457062,-0.25966942310333252,-0.28230547904968262,0.16543759405612946,0.099994175136089325,0.054935544729232788,-0.04063057154417038,0.01408525463193655,0.024750025942921638,-0.99959444999694824,1,0,0,0,0,0.10583493858575821,0.11782242357730865,0.11928518116474152,0.11009255796670914,0.091065682470798492,0.063904188573360443,0.031034322455525398,-0.004607748705893755,-0.039838220924139023,-0.071510069072246552,-0.09679412841796875,-0.11343186348676682,0.46014142036437988,-0.031541593372821808,-0.071301132440567017,-0.073700189590454102,-0.10262710601091385,-0.27145621180534363,0.093941010534763336,-0.74551963806152344,-0.20216938853263855,-0.24743112921714783,-0.27913200855255127,0.16188980638980865,0.099010452628135681,0.065304078161716461,-0.028442570939660072,0.012956396676599979,0.02556522935628891,-0.99958920478820801,1,0,0,0,0,0.10032311826944351,0.11530020833015442,0.11997787654399872,0.11393827199935913,0.097720906138420105,0.072774425148963928,0.041327215731143951,0.0061883721500635147,-0.029503259807825089,-0.062559455633163452,-0.090027399361133575,-0.1094534620642662,0.45846459269523621,-0.051752451807260513,-0.07260429859161377,-0.066535361111164093,-0.10558152198791504,-0.28356146812438965,0.09338890016078949,-0.74093741178512573,-0.20623782277107239,-0.23572087287902832,-0.27433866262435913,0.15805041790008545,0.46090298891067505,0.021736731752753258,-0.067989513278007507,-0.090061306953430176,-0.094573773443698883,-0.23700051009654999,0.098337963223457336,-0.75689339637756348,-0.18664437532424927,-0.28452098369598389,-0.28439942002296448,0.17313683032989502,0.46090298891067505,0.021736731752753258,-0.067989513278007507,-0.090061306953430176,-0.094573773443698883,-0.23700051009654999,0.098337963223457336,-0.75689339637756348,-0.18664437532424927,-0.28452098369598389,-0.28439942002296448,0.17313683032989502,1.2304514944553375,0.021736731752753258,-1.0543916106224061,-1.0450306534767151,-0.094573773443698883,0.81039959192276001,1.0491689816117287,-0.41999999999999998,-1.1493155002593993,-1.1422604918479919,-0.28439942002296448,1.138509464263916
0.09289597150038692,0.019042264736102706,-0.07231881240865122,0.017391800387737577,0.021942060500353622,-0.99960795878197761,1.1170868029391992,0.11962380341447026,-0.88852483419953565,-0.90663121637344946,0.066922046086970041,1.0344973614811053,0.99899113031594222,-0.036424981525011516,-1.0685873582490812,-1.0946230305311433,-0.11220630930701388,0.88023346734893448,0,0.055,0.055,0.055,0.055,0.092895969748497009,0.019042264670133591,-0.072318814694881439,0.017391800880432129,0.021942060440778732,-0.99960798025131226,1,0,0,0,0,0.11708680540323257,0.11962380260229111,0.11147516220808029,0.093368783593177795,0.06692204624414444,0.03449736163020134,-0.0010088697308674455,-0.036424983292818069,-0.068587355315685272,-0.094623029232025146,-0.11220631003379822,-0.11976653337478638,0.46090298891067505,0.021736731752753258,-0.067989513278007507,-0.090061306953430176,-0.094573773443698883,-0.23700051009654999,0.098337963223457336,-0.75689339637756348,-0.18664437532424927,-0.28452098369598389,-0.28439942002296448,0.17313683032989502,0.096910916268825531,0.031607795506715775,-0.062755383551120758,0.016303958371281624,0.022936178371310234,-0.9996039867401123,1,0,0,0,0,0.11425083875656128,0.11999300867319107,0.11501655727624893,0.099766016006469727,0.075603678822517395,0.044687885791063309,0.0097802579402923584,-0.026001010090112686,-0.059459686279296875,-0.087607003748416901,-0.10792864859104156,-0.11860935389995575,0.46118173003196716,0.0056373504921793938,-0.06892087310552597,-0.085320651531219482,-0.0966358482837677,-0.24802131950855255,0.096241258084774017,-0.75346583127975464,-0.19210174679756165,-0.27201619744300842,-0.28422224521636963,0.16928552091121674,0.099290363490581512,0.043639909476041794,-0.052132878452539444,0.015201444737613201,0.023872947320342064,-0.9995993971824646,1,0,0,0,0,0.11049006879329681,0.11939091980457306,0.11762693524360657,0.10535568743944168,0.083673328161239624,0.054516680538654327,0.020490219816565514,-0.015366571955382824,-0.049850713461637497,-0.079881839454174042,-0.10277735441923141,-0.11649207770824432,0.46091631054878235,-0.012103072367608547,-0.070110790431499481,-0.07975199818611145,-0.099255010485649109,-0.25947746634483337,0.094771295785903931,-0.74969065189361572,-0.19722731411457062,-0.25966942310333252,-0.28230547904968262,0.16543759405612946,0.099994175136089325,0.054935544729232788,-0.04063057154417038,0.01408525463193655,0.024750025942921638,-0.99959444999694824,1,0,0,0,0,0.10583493858575821,0.11782242357730865,0.11928518116474152,0.11009255796670914,0.091065682470798492,0.063904188573360443,0.031034322455525398,-0.004607748705893755,-0.039838220924139023,-0.071510069072246552,-0.09679412841796875,-0.11343186348676682,0.46014142036437988,-0.031541593372821808,-0.071301132440567017,-0.073700189590454102,-0.10262710601091385,-0.27145621180534363,0.093941010534763336,-0.74551963806152344,-0.20216938853263855,-0.24743112921714783,-0.27913200855255127,0.16188980638980865,0.45999544858932495,0.036063667386770248,-0.06720617413520813,-0.09393417090177536,-0.093296006321907043,-0.22642533481121063,0.10105043649673462,-0.75993543863296509,-0.1810549795627594,-0.29698911309242249,-0.2830299437046051,0.17718552052974701,0.45999544858932495,0.036063667386770248,-0.06720617413520813,-0.09393417090177536,-0.093296006321907043,-0.22642533481121063,0.10105043649673462,-0.75993543863296509,-0.1810549795627594,-0.29698911309242249,-0.2830299437046051,0.17718552052974701,1.2299977242946625,0.036063667386770248,-1.0537649393081665,-1.0469670854508877,-0.093296006321907043,0.81885973215103147,1.0505252182483673,-0.41999999999999998,-1.1448439836502076,-1.1484945565462112,-0.2830299437046051,1.1417484164237977
0.087313297950751656,0.0061553717429913149,-0.080661774858324056,0.018463985519607044,0.020893074992578663,-0.99961120474716869,1.1189750017830025,0.11828630146026642,-0.89296856188559448,-0.91378422483170485,0.057698713798637835,1.0240275981666125,0.98821016875058698,-0.046554110153007637,-1.0771598490464691,-1.1008731284260234,-0.11557571166879797,0.88004573919829776,1,0.055,0.055,0.055,0.055,0.087313294410705566,0.0061553716659545898,-0.080661773681640625,0.018463985994458199,0.020893074572086334,-0.99961119890213013,0,1,0,0,0,0.11897499859333038,0.11828630417585373,0.1070314347743988,0.086215771734714508,0.057698715478181839,0.024027599021792412,-0.011789831332862377,-0.046554110944271088,-0.077159851789474487,-0.10087312757968903,-0.11557570844888687,-0.11995425820350647,0.45999544858932495,0.036063667386770248,-0.06720617413520813,-0.09393417090177536,-0.093296006321907043,-0.22642533481121063,0.10105043649673462,-0.75993543863296509,-0.1810549795627594,-0.29698911309242249,-0.2830299437046051,0.17718552052974701,0.092895969748497009,0.019042264670133591,-0.072318814694881439,0.017391800880432129,0.021942060440778732,-0.99960798025131226,1,0,0,0,0,0.11708680540323257,0.11962380260229111,0.11147516220808029,0.093368783593177795,0.06692204624414444,0.03449736163020134,-0.0010088697308674455,-0.036424983292818069,-0.068587355315685272,-0.094623029232025146,-0.11220631003379822,-0.11976653337478638,0.46090298891067505,0.021736731752753258,-0.067989513278007507,-0.090061306953430176,-0.094573773443698883,-0.23700051009654999,0.098337963223457336,-0.75689339637756348,-0.18664437532424927,-0.28452098369598389,-0.28439942002296448,0.17313683032989502,0.096910916268825531,0.031607795506715775,-0.062755383551120758,0.016303958371281624,0.022936178371310234,-0.9996039867401123,1,0,0,0,0,0.11425083875656128,0.11999300867319107,0.11501655727624893,0.099766016006469727,0.075603678822517395,0.044687885791063309,0.0097802579402923584,-0.026001010090112686,-0.059459686279296875,-0.087607003748416901,-0.10792864859104156,-0.11860935389995575,0.46118173003196716,0.0056373504921793938,-0.06892087310552597,-0.085320651531219482,-0.0966358482837677,-0.24802131950855255,0.096241258084774017,-0.75346583127975464,-0.19210174679756165,-0.27201619744300842,-0.28422224521636963,0.16928552091121674,0.099290363490581512,0.043639909476041794,-0.052132878452539444,0.015201444737613201,0.023872947320342064,-0.9995993971824646,1,0,0,0,0,0.11049006879329681,0.11939091980457306,0.11762693524360657,0.10535568743944168,0.083673328161239624,0.054516680538654327,0.020490219816565514,-0.015366571955382824,-0.049850713461637497,-0.079881839454174042,-0.10277735441923141,-0.11649207770824432,0.46091631054878235,-0.012103072367608547,-0.070110790431499481,-0.07975199818611145,-0.099255010485649109,-0.25947746634483337,0.094771295785903931,-0.74969065189361572,-0.19722731411457062,-0.25966942310333252,-0.28230547904968262,0.16543759405612946,0.50890862941741943,0.0036829987075179815,-0.060776755213737488,-0.17015396058559418,-0.10195115208625793,-0.10088039189577103,0.25331729650497437,-0.75892138481140137,-0.25649192929267883,-0.46938535571098328,-0.17890423536300659,0.29397201538085938,0.50890862941741943,0.0036829987075179815,-0.060776755213737488,-0.17015396058559418,-0.10195115208625793,-0.10088039189577103,0.25331729650497437,-0.75892138481140137,-0.25649192929267883,-0.46938535571098328,-0.17890423536300659,0.29397201538085938,1.2544543147087097,0.0036829987075179815,-1.04862140417099,-1.0850769802927971,-0.10195115208625793,0.91929568648338322,1.1266586482524872,-0.41999999999999998,-1.205193543434143,-1.2346926778554916,-0.17890423536300659,1.2351776123046876
0.080257106624674723,-0.0068354006121047785,-0.087643472049180146,0.019519543836671701,0.019791843070048446,-0.99961356051040984,1.1199001534325772,0.1159913270199957,-0.89827865918397165,-0.92163510981132823,0.048008337311090339,1.013363342642398,0.97752464037485165,-0.056306404954647254,-1.0851077668241662,-1.1063067053555922,-0.11800958250567729,0.88082898488728778,1,0.055,0.055,0.055,0.055,0.080257110297679901,-0.0068354005925357342,-0.087643474340438843,0.019519543275237083,0.019791843369603157,-0.99961358308792114,0,1,0,0,0,0.11990015208721161,0.11599132418632507,0.10172133892774582,0.078364893794059753,0.048008337616920471,0.013363342732191086,-0.022475359961390495,-0.056306403130292892,-0.085107766091823578,-0.10630670189857483,-0.11800958216190338,-0.11917101591825485,0.50890862941741943,0.0036829987075179815,-0.060776755213737488,-0.17015396058559418,-0.10195115208625793,-0.10088039189577103,0.25331729650497437,-0.75892138481140137,-0.25649192929267883,-0.46938535571098328,-0.17890423536300659,0.29397201538085938,0.087313294410705566,0.0061553716659545898,-0.080661773681640625,0.018463985994458199,0.020893074572086334,-0.99961119890213013,0,1,0,0,0,0.11897499859333038,0.11828630417585373,0.1070314347743988,0.086215771734714508,0.057698715478181839,0.024027599021792412,-0.011789831332862377,-0.046554110944271088,-0.077159851789474487,-0.10087312757968903,-0.11557570844888687,-0.11995425820350647,0.45999544858932495,0.036063667386770248,-0.06720617413520813,-0.09393417090177536,-0.093296006321907043,-0.22642533481121063,0.10105043649673462,-0.75993543863296509,-0.1810549795627594,-0.29698911309242249,-0.2830299437046051,0.17718552052974701,0.092895969748497009,0.019042264670133591,-0.072318814694881439,0.017391800880432129,0.021942060440778732,-0.99960798025131226,1,0,0,0,0,0.11708680540323257,0.11962380260229111,0.11147516220808029,0.093368783593177795,0.06692204624414444,0.03449736163020134,-0.0010088697308674455,-0.036424983292818069,-0.068587355315685272,-0.094623029232025146,-0.11220631003379822,-0.11976653337478638,0.46090298891067505,0.021736731752753258,-0.067989513278007507,-0.090061306953430176,-0.094573773443698883,-0.23700051009654999,0.098337963223457336,-0.75689339637756348,-0.18664437532424927,-0.28452098369598389,-0.28439942002296448,0.17313683032989502,0.096910916268825531,0.031607795506715775,-0.062755383551120758,0.016303958371281624,0.022936178371310234,-0.9996039867401123,1,0,0,0,0,0.11425083875656128,0.11999300867319107,0.11501655727624893,0.099766016006469727,0.075603678822517395,0.044687885791063309,0.0097802579402923584,-0.026001010090112686,-0.059459686279296875,-0.087607003748416901,-0.10792864859104156,-0.11860935389995575,0.46118173003196716,0.0056373504921793938,-0.06892087310552597,-0.085320651531219482,-0.0966358482837677,-0.24802131950855255,0.096241258084774017,-0.75346583127975464,-0.19210174679756165,-0.27201619744300842,-0.28422224521636963,0.16928552091121674,0.51595181226730347,-0.19832494854927063,-0.064623735845088959,-0.16309946775436401,-0.15519982576370239,0.18644385039806366,0.40880653262138367,-0.68985038995742798,-0.40706691145896912,-0.59935563802719116,-0.15004503726959229,0.36371994018554688,0.51595181226730347,-0.19832494854927063,-0.064623735845088959,-0.16309946775436401,-0.15519982576370239,0.18644385039806366,0.40880653262138367,-0.68985038995742798,-0.40706691145896912,-0.59935563802719116,-0.15004503726959229,0.36371994018554688,1.2579759061336517,-0.19832494854927063,-1.0516989886760713,-1.081549733877182,-0.15519982576370239,1.1491550803184509,1.2044032663106918,-0.41999999999999998,-1.3256535291671754,-1.2996778190135956,-0.15004503726959229,1.2909759521484374
0.071846479306912625,-0.019710817293466985,-0.093146079375324264,0.020557519389118702,0.018641117111018343,-0.99961487441385111,1.1198547692164629,0.11275745684223898,-0.90441214333166964,-0.93012032205711015,0.037929355706046455,1.0025909170871314,0.96702103956122509,-0.065602925648314422,-1.0923667768916829,-1.1108797790467826,-0.11948822076746944,0.8825768644070634,1,0.055,0.055,0.055,0.055,0.071846477687358856,-0.019710816442966461,-0.093146078288555145,0.020557519048452377,0.018641117960214615,-0.9996148943901062,0,1,0,0,0,0.11985477060079575,0.11275745928287506,0.095587857067584991,0.069879680871963501,0.037929356098175049,0.0025909170508384705,-0.032978959381580353,-0.065602928400039673,-0.092366777360439301,-0.11087977886199951,-0.11948822438716888,-0.11742313206195831,0.51595181226730347,-0.19832494854927063,-0.064623735845088959,-0.16309946775436401,-0.15519982576370239,0.18644385039806366,0.40880653262138367,-0.68985038995742798,-0.40706691145896912,-0.59935563802719116,-0.15004503726959229,0.36371994018554688,0.080257110297679901,-0.0068354005925357342,-0.087643474340438843,0.019519543275237083,0.019791843369603157,-0.99961358308792114,0,1,0,0,0,0.11990015208721161,0.11599132418632507,0.10172133892774582,0.078364893794059753,0.048008337616920471,0.013363342732191086,-0.022475359961390495,-0.056306403130292892,-0.085107766091823578,-0.10630670189857483,-0.11800958216190338,-0.11917101591825485,0.50890862941741943,0.0036829987075179815,-0.060776755213737488,-0.17015396058559418,-0.10195115208625793,-0.10088039189577103,0.25331729650497437,-0.75892138481140137,-0.25649192929267883,-0.46938535571098328,-0.17890423536300659,0.29397201538085938,0.087313294410705566,0.0061553716659545898,-0.080661773681640625,0.018463985994458199,0.020893074572086334,-0.99961119890213013,0,1,0,0,0,0.11897499859333038,0.11828630417585373,0.1070314347743988,0.086215771734714508,0.057698715478181839,0.024027599021792412,-0.011789831332862377,-0.046554110944271088,-0.077159851789474487,-0.10087312757968903,-0.11557570844888687,-0.11995425820350647,0.45999544858932495,0.036063667386770248,-0.06720617413520813,-0.09393417090177536,-0.093296006321907043,-0.22642533481121063,0.10105043649673462,-0.75993543863296509,-0.1810549795627594,-0.29698911309242249,-0.2830299437046051,0.17718552052974701,0.092895969748497009,0.019042264670133591,-0.072318814694881439,0.017391800880432129,0.021942060440778732,-0.99960798025131226,1,0,0,0,0,0.11708680540323257,0.11962380260229111,0.11147516220808029,0.093368783593177795,0.06692204624414444,0.03449736163020134,-0.0010088697308674455,-0.036424983292818069,-0.068587355315685272,-0.094623029232025146,-0.11220631003379822,-0.11976653337478638,0.46090298891067505,0.021736731752753258,-0.067989513278007507,-0.090061306953430176,-0.094573773443698883,-0.23700051009654999,0.098337963223457336,-0.75689339637756348,-0.18664437532424927,-0.28452098369598389,-0.28439942002296448,0.17313683032989502,0.4028962254524231,-0.40097519755363464,-0.11560893803834915,0.065866410732269287,-0.35817578434944153,0.48965880274772644,0.52205342054367065,-0.52667069435119629,-0.52975374460220337,-0.62308359146118164,-0.10336296260356903,0.43657082319259644,0.4028962254524231,-0.40097519755363464,-0.11560893803834915,0.065866410732269287,-0.35817578434944153,0.48965880274772644,0.52205342054367065,-0.52667069435119629,-0.52975374460220337,-0.62308359146118164,-0.10336296260356903,0.43657082319259644,1.2014481127262115,-0.40097519755363464,-1.0924871504306792,-0.96706679463386536,-0.35817578434944153,1.3917270421981811,1.2610267102718353,-0.41999999999999998,-1.4238029956817626,-1.3115417957305908,-0.10336296260356903,1.3492566585540771
0.062223355531930473,-0.032253590032247897,-0.097076733665828863,0.021576971624557802,0.017443774251306707,-0.99961500040534734,1.1188392164987389,0.10861086759902412,-0.9113193666328635,-0.93917117773023362,0.027543353642551702,0.99179751926547421,0.95678438806336386,-0.074368421231395587,-1.0988781209453951,-1.1145553325992259,-0.11999965756652616,0.88527522948746584,1,0.055,0.055,0.055,0.055,0.06222335621714592,-0.032253589481115341,-0.097076736390590668,0.021576970815658569,0.01744377426803112,-0.99961501359939575,0,1,0,0,0,0.11883921921253204,0.10861086845397949,0.088680632412433624,0.06082882359623909,0.027543352916836739,-0.0082024810835719109,-0.043215610086917877,-0.074368424713611603,-0.098878122866153717,-0.11455532908439636,-0.11999965459108353,-0.1147247701883316,0.4028962254524231,-0.40097519755363464,-0.11560893803834915,0.065866410732269287,-0.35817578434944153,0.48965880274772644,0.52205342054367065,-0.52667069435119629,-0.52975374460220337,-0.62308359146118164,-0.10336296260356903,0.43657082319259644,0.071846477687358856,-0.019710816442966461,-0.093146078288555145,0.020557519048452377,0.018641117960214615,-0.9996148943901062,0,1,0,0,0,0.11985477060079575,0.11275745928287506,0.095587857067584991,0.069879680871963501,0.037929356098175049,0.0025909170508384705,-0.032978959381580353,-0.065602928400039673,-0.092366777360439301,-0.11087977886199951,-0.11948822438716888,-0.11742313206195831,0.51595181226730347,-0.19832494854927063,-0.064623735845088959,-0.16309946775436401,-0.15519982576370239,0.18644385039806366,0.40880653262138367,-0.68985038995742798,-0.40706691145896912,-0.59935563802719116,-0.15004503726959229,0.36371994018554688,0.080257110297679901,-0.0068354005925357342,-0.087643474340438843,0.019519543275237083,0.019791843369603157,-0.99961358308792114,0,1,0,0,0,0.11990015208721161,0.11599132418632507,0.10172133892774582,0.078364893794059753,0.048008337616920471,0.013363342732191086,-0.022475359961390495,-0.056306403130292892,-0.085107766091823578,-0.10630670189857483,-0.11800958216190338,-0.11917101591825485,0.50890862941741943,0.0036829987075179815,-0.060776755213737488,-0.17015396058559418,-0.10195115208625793,-0.10088039189577103,0.25331729650497437,-0.75892138481140137,-0.25649192929267883,-0.46938535571098328,-0.17890423536300659,0.29397201538085938,0.087313294410705566,0.0061553716659545898,-0.080661773681640625,0.018463985994458199,0.020893074572086334,-0.99961119890213013,0,1,0,0,0,0.11897499859333038,0.11828630417585373,0.1070314347743988,0.086215771734714508,0.057698715478181839,0.024027599021792412,-0.011789831332862377,-0.046554110944271088,-0.077159851789474487,-0.10087312757968903,-0.11557570844888687,-0.11995425820350647,0.45999544858932495,0.036063667386770248,-0.06720617413520813,-0.09393417090177536,-0.093296006321907043,-0.22642533481121063,0.10105043649673462,-0.75993543863296509,-0.1810549795627594,-0.29698911309242249,-0.2830299437046051,0.17718552052974701,0.34597617387771606,-0.51200956106185913,-0.22814911603927612,0.28715971112251282,-0.4756813645362854,0.62567579746246338,0.55185174942016602,-0.4004172682762146,-0.53886336088180542,-0.59546953439712524,-0.01391526497900486,0.54312872886657715,0.34597617387771606,-0.51200956106185913,-0.22814911603927612,0.28715971112251282,-0.4756813645362854,0.62567579746246338,0.55185174942016602,-0.4004172682762146,-0.53886336088180542,-0.59546953439712524,-0.01391526497900486,0.54312872886657715,1.172988086938858,-0.41999999999999998,-1.182519292831421,-0.85642014443874359,-0.4756813645362854,1.5005406379699706,1.275925874710083,-0.4004172682762146,-1.4310906887054444,-1.2977347671985626,-0.01391526497900486,1.4345029830932616
0.051550137182146419,-0.044252044329485249,-0.099369100363346452,0.022576976338442269,0.016202809233219706,-0.99961379998095523,1.1168617157053835,0.10358512399786486,-0.91894441833386187,-0.94871441437194037,0.016934400967184064,0.9810705167028102,0.9468975468046178,-0.082531939102076846,-1.1045890926896305,-1.1173036141198116,-0.11953975306030087,0.88890223812067215,1,0.055,0.055,0.055,0.055,0.051550138741731644,-0.044252045452594757,-0.099369101226329803,0.02257697656750679,0.016202809289097786,-0.99961382150650024,0,1,0,0,0,0.11686171591281891,0.10358512401580811,0.081055581569671631,0.051285587251186371,0.016934400424361229,-0.018929483368992805,-0.053102452307939529,-0.082531936466693878,-0.10458908975124359,-0.11730361729860306,-0.11953975260257721,-0.11109776049852371,0.34597617387771606,-0.51200956106185913,-0.22814911603927612,0.28715971112251282,-0.4756813645362854,0.62567579746246338,0.55185174942016602,-0.4004172682762146,-0.53886336088180542,-0.59546953439712524,-0.01391526497900486,0.54312872886657715,0.06222335621714592,-0.032253589481115341,-0.097076736390590668,0.021576970815658569,0.01744377426803112,-0.99961501359939575,0,1,0,0,0,0.11883921921253204,0.10861086845397949,0.088680632412433624,0.06082882359623909,0.027543352916836739,-0.0082024810835719109,-0.043215610086917877,-0.074368424713611603,-0.098878122866153717,-0.11455532908439636,-0.11999965459108353,-0.1147247701883316,0.4028962254524231,-0.40097519755363464,-0.11560893803834915,0.065866410732269287,-0.35817578434944153,0.48965880274772644,0.52205342054367065,-0.52667069435119629,-0.52975374460220337,-0.62308359146118164,-0.10336296260356903,0.43657082319259644,0.071846477687358856,-0.019710816442966461,-0.093146078288555145,0.020557519048452377,0.018641117960214615,-0.9996148943901062,0,1,0,0,0,0.11985477060079575,0.11275745928287506,0.095587857067584991,0.069879680871963501,0.037929356098175049,0.0025909170508384705,-0.032978959381580353,-0.065602928400039673,-0.092366777360439301,-0.11087977886199951,-0.11948822438716888,-0.11742313206195831,0.51595181226730347,-0.19832494854927063,-0.064623735845088959,-0.16309946775436401,-0.15519982576370239,0.18644385039806366,0.40880653262138367,-0.68985038995742798,-0.40706691145896912,-0.59935563802719116,-0.15004503726959229,0.36371994018554688,0.080257110297679901,-0.0068354005925357342,-0.087643474340438843,0.019519543275237083,0.019791843369603157,-0.99961358308792114,0,1,0,0,0,0.11990015208721161,0.11599132418632507,0.10172133892774582,0.078364893794059753,0.048008337616920471,0.013363342732191086,-0.022475359961390495,-0.056306403130292892,-0.085107766091823578,-0.10630670189857483,-0.11800958216190338,-0.11917101591825485,0.50890862941741943,0.0036829987075179815,-0.060776755213737488,-0.17015396058559418,-0.10195115208625793,-0.10088039189577103,0.25331729650497437,-0.75892138481140137,-0.25649192929267883,-0.46938535571098328,-0.17890423536300659,0.29397201538085938,0.32666888833045959,-0.60571902990341187,-0.30985641479492188,0.43044954538345337,-0.58766776323318481,0.57719326019287109,0.57432955503463745,-0.2895616888999939,-0.5579802393913269,-0.50007045269012451,0.099320530891418457,0.5374222993850708,0.32666888833045959,-0.60571902990341187,-0.30985641479492188,0.43044954538345337,-0.58766776323318481,0.57719326019287109,0.57432955503463745,-0.2895616888999939,-0.5579802393913269,-0.50007045269012451,0.099320530891418457,0.5374222993850708,1.1633344441652298,-0.41999999999999998,-1.2478851318359374,-0.78477522730827332,-0.58766776323318481,1.4617546081542969,1.2871647775173187,-0.2895616888999939,-1.4463841915130615,-1.2500352263450623,0.099320530891418457,1.4299378395080566
0.040006947759241955,-0.055503691719942384,-0.099984493000200445,0.023556626620332165,0.014921326933144052,-0.99961114406794427,1.1139382737837558,0.097720907091095516,-0.92722557719460219,-0.95867278392899324,0.0061883722078241565,0.97049673948584358,0.93744054515747122,-0.090027399387590273,-1.1094534644695697,-1.1191023775503957,-0.11811222996144498,0.89342853136206946,1,0.055,0.055,0.055,0.055,0.04000694677233696,-0.055503692477941513,-0.099984489381313324,0.023556627333164215,0.014921327121555805,-0.99961113929748535,0,1,0,0,0,0.11393827199935913,0.097720906138420105,0.072774425148963928,0.041327215731143951,0.0061883721500635147,-0.029503259807825089,-0.062559455633163452,-0.090027399361133575,-0.1094534620642662,-0.11910238116979599,-0.1181122288107872,-0.10657146573066711,0.32666888833045959,-0.60571902990341187,-0.30985641479492188,0.43044954538345337,-0.58766776323318481,0.57719326019287109,0.57432955503463745,-0.2895616888999939,-0.5579802393913269,-0.50007045269012451,0.099320530891418457,0.5374222993850708,0.051550138741731644,-0.044252045452594757,-0.099369101226329803,0.02257697656750679,0.016202809289097786,-0.99961382150650024,0,1,0,0,0,0.11686171591281891,0.10358512401580811,0.081055581569671631,0.051285587251186371,0.016934400424361229,-0.018929483368992805,-0.053102452307939529,-0.082531936466693878,-0.10458908975124359,-0.11730361729860306,-0.11953975260257721,-0.11109776049852371,0.34597617387771606,-0.51200956106185913,-0.22814911603927612,0.28715971112251282,-0.4756813645362854,0.62567579746246338,0.55185174942016602,-0.4004172682762146,-0.53886336088180542,-0.59546953439712524,-0.01391526497900486,0.54312872886657715,0.06222335621714592,-0.032253589481115341,-0.097076736390590668,0.021576970815658569,0.01744377426803112,-0.99961501359939575,0,1,0,0,0,0.11883921921253204,0.10861086845397949,0.088680632412433624,0.06082882359623909,0.027543352916836739,-0.0082024810835719109,-0.043215610086917877,-0.074368424713611603,-0.098878122866153717,-0.11455532908439636,-0.11999965459108353,-0.1147247701883316,0.4028962254524231,-0.40097519755363464,-0.11560893803834915,0.065866410732269287,-0.35817578434944153,0.48965880274772644,0.52205342054367065,-0.52667069435119629,-0.52975374460220337,-0.62308359146118164,-0.10336296260356903,0.43657082319259644,0.071846477687358856,-0.019710816442966461,-0.093146078288555145,0.020557519048452377,0.018641117960214615,-0.9996148943901062,0,1,0,0,0,0.11985477060079575,0.11275745928287506,0.095587857067584991,0.069879680871963501,0.037929356098175049,0.0025909170508384705,-0.032978959381580353,-0.065602928400039673,-0.092366777360439301,-0.11087977886199951,-0.11948822438716888,-0.11742313206195831,0.51595181226730347,-0.19832494854927063,-0.064623735845088959,-0.16309946775436401,-0.15519982576370239,0.18644385039806366,0.40880653262138367,-0.68985038995742798,-0.40706691145896912,-0.59935563802719116,-0.15004503726959229,0.36371994018554688,0.31710118055343628,-0.69289129972457886,-0.3729720413684845,0.51311558485031128,-0.67055100202560425,0.50156891345977783,0.60708701610565186,-0.18054582178592682,-0.60193181037902832,-0.39961975812911987,0.23224399983882904,0.50625675916671753,0.31710118055343628,-0.69289129972457886,-0.3729720413684845,0.51311558485031128,-0.67055100202560425,0.50156891345977783,0.60708701610565186,-0.18054582178592682,-0.60193181037902832,-0.39961975812911987,0.23224399983882904,0.50625675916671753,1.1585505902767181,-0.41999999999999998,-1.2983776330947876,-0.74344220757484436,-0.67055100202560425,1.4012551307678223,1.3035435080528259,-0.18054582178592682,-1.4815454483032227,-1.1998098790645599,0.23224399983882904,1.405005407333374
0.027788592581658635,-0.065818647010490533,-0.098912526079436985,0.024515033793196722,0.013602534585478353,-0.99960691482750808,1.1100925546338172,0.091065684981710637,-0.93609581109332551,-0.96896567804066669,-0.0046077485406281916,0.96016177741351194,0.92848993314306838,-0.096794129829988862,-1.1134318614625676,-1.1199370627392742,-0.11572864340418365,0.89881747097722997,1,0.055,0.055,0.055,0.055,0.027788592502474785,-0.065818645060062408,-0.098912529647350311,0.024515034630894661,0.013602534309029579,-0.9996069073677063,0,1,0,0,0,0.11009255796670914,0.091065682470798492,0.063904188573360443,0.031034322455525398,-0.004607748705893755,-0.039838220924139023,-0.071510069072246552,-0.09679412841796875,-0.11343186348676682,-0.11993706226348877,-0.11572864651679993,-0.10118252784013748,0.31710118055343628,-0.69289129972457886,-0.3729720413684845,0.51311558485031128,-0.67055100202560425,0.50156891345977783,0.60708701610565186,-0.18054582178592682,-0.60193181037902832,-0.39961975812911987,0.23224399983882904,0.50625675916671753,0.04000694677233696,-0.055503692477941513,-0.099984489381313324,0.023556627333164215,0.014921327121555805,-0.99961113929748535,0,1,0,0,0,0.11393827199935913,0.097720906138420105,0.072774425148963928,0.041327215731143951,0.0061883721500635147,-0.029503259807825089,-0.062559455633163452,-0.090027399361133575,-0.1094534620642662,-0.11910238116979599,-0.1181122288107872,-0.10657146573066711,0.32666888833045959,-0.60571902990341187,-0.30985641479492188,0.43044954538345337,-0.58766776323318481,0.57719326019287109,0.57432955503463745,-0.2895616888999939,-0.5579802393913269,-0.50007045269012451,0.099320530891418457,0.5374222993850708,0.051550138741731644,-0.044252045452594757,-0.099369101226329803,0.02257697656750679,0.016202809289097786,-0.99961382150650024,0,1,0,0,0,0.11686171591281891,0.10358512401580811,0.081055581569671631,0.051285587251186371,0.016934400424361229,-0.018929483368992805,-0.053102452307939529,-0.082531936466693878,-0.10458908975124359,-0.11730361729860306,-0.11953975260257721,-0.11109776049852371,0.34597617387771606,-0.51200956106185913,-0.22814911603927612,0.28715971112251282,-0.4756813645362854,0.62567579746246338,0.55185174942016602,-0.4004172682762146,-0.53886336088180542,-0.59546953439712524,-0.01391526497900486,0.54312872886657715,0.06222335621714592,-0.032253589481115341,-0.097076736390590668,0.021576970815658569,0.01744377426803112,-0.99961501359939575,0,1,0,0,0,0.11883921921253204,0.10861086845397949,0.088680632412433624,0.06082882359623909,0.027543352916836739,-0.0082024810835719109,-0.043215610086917877,-0.074368424713611603,-0.098878122866153717,-0.11455532908439636,-0.11999965459108353,-0.1147247701883316,0.4028962254524231,-0.40097519755363464,-0.11560893803834915,0.065866410732269287,-0.35817578434944153,0.48965880274772644,0.52205342054367065,-0.52667069435119629,-0.52975374460220337,-0.62308359146118164,-0.10336296260356903,0.43657082319259644,0.31483328342437744,-0.73285466432571411,-0.40384843945503235,0.52154457569122314,-0.69740003347396851,0.45030936598777771,0.64041101932525635,-0.10694160312414169,-0.63076800107955933,-0.33838611841201782,0.32860073447227478,0.49076980352401733,0.31483328342437744,-0.73285466432571411,-0.40384843945503235,0.52154457569122314,-0.69740003347396851,0.45030936598777771,0.64041101932525635,-0.10694160312414169,-0.63076800107955933,-0.33838611841201782,0.32860073447227478,0.49076980352401733,1.1574166417121887,-0.41999999999999998,-1.3230787515640259,-0.73922771215438843,-0.69740003347396851,1.3602474927902222,1.3202055096626282,-0.10694160312414169,-1.5046144008636475,-1.1691930592060089,0.32860073447227478,1.3926158428192139
0.015101271208634385,-0.075022832822991908,-0.09617129034267935,0.025451328342773145,0.012249733722015814,-0.99960100735709945,1.1053556875598893,0.083673328591192572,-0.94548331962036325,-0.97950978052586246,-0.015366571711965508,0.95014928718745051,0.92011816179446571,-0.10277735689980014,-1.1164920803989946,-1.1198009132988265,-0.11240828741088947,0.905025436011344,1,0.055,0.055,0.055,0.055,0.015101270750164986,-0.075022831559181213,-0.096171289682388306,0.025451328605413437,0.012249733321368694,-0.99960100650787354,0,1,0,0,0,0.10535568743944168,0.083673328161239624,0.054516680538654327,0.020490219816565514,-0.015366571955382824,-0.049850713461637497,-0.079881839454174042,-0.10277735441923141,-0.11649207770824432,-0.11980091035366058,-0.11240828782320023,-0.094974562525749207,0.31483328342437744,-0.73285466432571411,-0.40384843945503235,0.52154457569122314,-0.69740003347396851,0.45030936598777771,0.64041101932525635,-0.10694160312414169,-0.63076800107955933,-0.33838611841201782,0.32860073447227478,0.49076980352401733,0.027788592502474785,-0.065818645060062408,-0.098912529647350311,0.024515034630894661,0.013602534309029579,-0.9996069073677063,0,1,0,0,0,0.11009255796670914,0.091065682470798492,0.063904188573360443,0.031034322455525398,-0.004607748705893755,-0.039838220924139023,-0.071510069072246552,-0.09679412841796875,-0.11343186348676682,-0.11993706226348877,-0.11572864651679993,-0.10118252784013748,0.31710118055343628,-0.69289129972457886,-0.3729720413684845,0.51311558485031128,-0.67055100202560425,0.50156891345977783,0.60708701610565186,-0.18054582178592682,-0.60193181037902832,-0.39961975812911987,0.23224399983882904,0.50625675916671753,0.04000694677233696,-0.055503692477941513,-0.099984489381313324,0.023556627333164215,0.014921327121555805,-0.99961113929748535,0,1,0,0,0,0.11393827199935913,0.097720906138420105,0.072774425148963928,0.041327215731143951,0.0061883721500635147,-0.029503259807825089,-0.062559455633163452,-0.090027399361133575,-0.1094534620642662,-0.11910238116979599,-0.1181122288107872,-0.10657146573066711,0.32666888833045959,-0.60571902990341187,-0.30985641479492188,0.43044954538345337,-0.58766776323318481,0.57719326019287109,0.57432955503463745,-0.2895616888999939,-0.5579802393913269,-0.50007045269012451,0.099320530891418457,0.5374222993850708,0.051550138741731644,-0.044252045452594757,-0.099369101226329803,0.02257697656750679,0.016202809289097786,-0.99961382150650024,0,1,0,0,0,0.11686171591281891,0.10358512401580811,0.081055581569671631,0.051285587251186371,0.016934400424361229,-0.018929483368992805,-0.053102452307939529,-0.082531936466693878,-0.10458908975124359,-0.11730361729860306,-0.11953975260257721,-0.11109776049852371,0.34597617387771606,-0.51200956106185913,-0.22814911603927612,0.28715971112251282,-0.4756813645362854,0.62567579746246338,0.55185174942016602,-0.4004172682762146,-0.53886336088180542,-0.59546953439712524,-0.01391526497900486,0.54312872886657715,0.30937165021896362,-0.76046419143676758,-0.41725561022758484,0.49175509810447693,-0.69657105207443237,0.42428803443908691,0.65582317113876343,-0.079125702381134033,-0.63658779859542847,-0.3305283784866333,0.38763776421546936,0.4864051342010498,0.30937165021896362,-0.76046419143676758,-0.41725561022758484,0.49175509810447693,-0.69657105207443237,0.42428803443908691,0.65582317113876343,-0.079125702381134033,-0.63658779859542847,-0.3305283784866333,0.38763776421546936,0.4864051342010498,1.1546858251094818,-0.41999999999999998,-1.3338044881820679,-0.75412245094776154,-0.69657105207443237,1.3394304275512696,1.3279115855693817,-0.079125702381134033,-1.5092702388763428,-1.1652641892433167,0.38763776421546936,1.3891241073608398
0.002159097572609596,-0.082960917361137088,-0.091807047466926694,0.026364660833859355,0.010866311847300969,-0.99959333127324979,1.0997660152934419,0.075603675599507064,-0.9553121152689934,-0.9902197417887677,-0.026001009646485607,0.94054031524997861,0.91239299669928409,-0.10792864916222132,-1.1186093502326957,-1.1186950312953243,-0.10817803871596257,0.91200217588052124,1,0.055,0.055,0.055,0.055,0.0021590974647551775,-0.082960918545722961,-0.091807045042514801,0.026364661753177643,0.010866312310099602,-0.99959331750869751,0,1,0,0,0,0.099766016006469727,0.075603678822517395,0.044687885791063309,0.0097802579402923584,-0.026001010090112686,-0.059459686279296875,-0.087607003748416901,-0.10792864859104156,-0.11860935389995575,-0.11869502812623978,-0.1081780418753624,-0.08799782395362854,0.30937165021896362,-0.76046419143676758,-0.41725561022758484,0.49175509810447693,-0.69657105207443237,0.42428803443908691,0.65582317113876343,-0.079125702381134033,-0.63658779859542847,-0.3305283784866333,0.38763776421546936,0.4864051342010498,0.015101270750164986,-0.075022831559181213,-0.096171289682388306,0.025451328605413437,0.012249733321368694,-0.99960100650787354,0,1,0,0,0,0.10535568743944168,0.083673328161239624,0.054516680538654327,0.020490219816565514,-0.015366571955382824,-0.049850713461637497,-0.079881839454174042,-0.10277735441923141,-0.11649207770824432,-0.11980091035366058,-0.11240828782320023,-0.094974562525749207,0.31483328342437744,-0.73285466432571411,-0.40384843945503235,0.52154457569122314,-0.69740003347396851,0.45030936598777771,0.64041101932525635,-0.10694160312414169,-0.63076800107955933,-0.33838611841201782,0.32860073447227478,0.49076980352401733,0.027788592502474785,-0.065818645060062408,-0.098912529647350311,0.024515034630894661,0.013602534309029579,-0.9996069073677063,0,1,0,0,0,0.11009255796670914,0.091065682470798492,0.063904188573360443,0.031034322455525398,-0.004607748705893755,-0.039838220924139023,-0.071510069072246552,-0.09679412841796875,-0.11343186348676682,-0.11993706226348877,-0.11572864651679993,-0.10118252784013748,0.31710118055343628,-0.69289129972457886,-0.3729720413684845,0.51311558485031128,-0.67055100202560425,0.50156891345977783,0.60708701610565186,-0.18054582178592682,-0.60193181037902832,-0.39961975812911987,0.23224399983882904,0.50625675916671753,0.04000694677233696,-0.055503692477941513,-0.099984489381313324,0.023556627333164215,0.014921327121555805,-0.99961113929748535,0,1,0,0,0,0.11393827199935913,0.097720906138420105,0.072774425148963928,0.041327215731143951,0.0061883721500635147,-0.029503259807825089,-0.062559455633163452,-0.090027399361133575,-0.1094534620642662,-0.11910238116979599,-0.1181122288107872,-0.10657146573066711,0.32666888833045959,-0.60571902990341187,-0.30985641479492188,0.43044954538345337,-0.58766776323318481,0.57719326019287109,0.57432955503463745,-0.2895616888999939,-0.5579802393913269,-0.50007045269012451,0.099320530891418457,0.5374222993850708,0.30990585684776306,-0.77636730670928955,-0.41913622617721558,0.45127791166305542,-0.68959826231002808,0.4148108959197998,0.65685939788818359,-0.075564920902252197,-0.62673455476760864,-0.34504976868629456,0.41598320007324219,0.48228836059570312,0.30990585684776306,-0.77636730670928955,-0.41913622617721558,0.45127791166305542,-0.68959826231002808,0.4148108959197998,0.65685939788818359,-0.075564920902252197,-0.62673455476760864,-0.34504976868629456,0.41598320007324219,0.48228836059570312,1.1549529284238815,-0.41999999999999998,-1.3353089809417724,-0.77436104416847229,-0.68959826231002808,1.3318487167358399,1.3284296989440918,-0.075564920902252197,-1.501387643814087,-1.1725248843431473,0.41598320007324219,1.3858306884765625
-0.010819513453010838,-0.089498935822858353,-0.085893449342659203,0.027254202810321045,0.0094557338718414576,-0.99958381215689907,1.0933687836265507,0.066922046086970041,-0.96550263851889473,-1.0010088696840578,-0.036424981525011516,0.93141264175091876,0.9053769694688566,-0.11220630930701388,-1.1197665326510655,-1.1166283683282185,-0.10307213921119103,0.91969121712684854,1,0.055,0.055,0.055,0.055,-0.010819513350725174,-0.089498937129974365,-0.085893452167510986,0.027254203334450722,0.0094557339325547218,-0.99958384037017822,0,1,0,0,0,0.093368783593177795,0.06692204624414444,0.03449736163020134,-0.0010088697308674455,-0.036424983292818069,-0.068587355315685272,-0.094623029232025146,-0.11220631003379822,-0.11976653337478638,-0.11662837117910385,-0.10307213664054871,-0.080308780074119568,0.30990585684776306,-0.77636730670928955,-0.41913622617721558,0.45127791166305542,-0.68959826231002808,0.4148108959197998,0.65685939788818359,-0.075564920902252197,-0.62673455476760864,-0.34504976868629456,0.41598320007324219,0.48228836059570312,0.0021590974647551775,-0.082960918545722961,-0.091807045042514801,0.026364661753177643,0.010866312310099602,-0.99959331750869751,0,1,0,0,0,0.099766016006469727,0.075603678822517395,0.044687885791063309,0.0097802579402923584,-0.026001010090112686,-0.059459686279296875,-0.087607003748416901,-0.10792864859104156,-0.11860935389995575,-0.11869502812623978,-0.1081780418753624,-0.08799782395362854,0.30937165021896362,-0.76046419143676758,-0.41725561022758484,0.49175509810447693,-0.69657105207443237,0.42428803443908691,0.65582317113876343,-0.079125702381134033,-0.63658779859542847,-0.3305283784866333,0.38763776421546936,0.4864051342010498,0.015101270750164986,-0.075022831559181213,-0.096171289682388306,0.025451328605413437,0.012249733321368694,-0.99960100650787354,0,1,0,0,0,0.10535568743944168,0.083673328161239624,0.054516680538654327,0.020490219816565514,-0.015366571955382824,-0.049850713461637497,-0.079881839454174042,-0.10277735441923141,-0.11649207770824432,-0.11980091035366058,-0.11240828782320023,-0.094974562525749207,0.31483328342437744,-0.73285466432571411,-0.40384843945503235,0.52154457569122314,-0.69740003347396851,0.45030936598777771,0.64041101932525635,-0.10694160312414169,-0.63076800107955933,-0.33838611841201782,0.32860073447227478,0.49076980352401733,0.027788592502474785,-0.065818645060062408,-0.098912529647350311,0.024515034630894661,0.013602534309029579,-0.9996069073677063,0,1,0,0,0,0.11009255796670914,0.091065682470798492,0.063904188573360443,0.031034322455525398,-0.004607748705893755,-0.039838220924139023,-0.071510069072246552,-0.09679412841796875,-0.11343186348676682,-0.11993706226348877,-0.11572864651679993,-0.10118252784013748,0.31710118055343628,-0.69289129972457886,-0.3729720413684845,0.51311558485031128,-0.67055100202560425,0.50156891345977783,0.60708701610565186,-0.18054582178592682,-0.60193181037902832,-0.39961975812911987,0.23224399983882904,0.50625675916671753,0.32104998826980591,-0.77969199419021606,-0.41935762763023376,0.4075905978679657,-0.68218392133712769,0.41326221823692322,0.65070605278015137,-0.082437068223953247,-0.61217159032821655,-0.3696993887424469,0.42896866798400879,0.48325645923614502,0.32104998826980591,-0.77969199419021606,-0.41935762763023376,0.4075905978679657,-0.68218392133712769,0.41326221823692322,0.65070605278015137,-0.082437068223953247,-0.61217159032821655,-0.3696993887424469,0.42896866798400879,0.48325645923614502,1.160524994134903,-0.41999999999999998,-1.3354861021041871,-0.79620470106601715,-0.68218392133712769,1.3306097745895387,1.3253530263900757,-0.082437068223953247,-1.4897372722625732,-1.1848496943712234,0.41999999999999998,1.3866051673889159
-0.0236155320696897,-0.094526551218806334,-0.078530295108878059,0.028119147675540811,0.0080215333263422561,-0.99957239284460808,1.086215775168295,0.057698713798637835,-0.97597240183338752,-1.0117898312494129,-0.046554110153007637,0.92284015095353089,0.89912687157397664,-0.11557571166879797,-1.1199542608017024,-1.113617653071113,-0.097131918773594325,0.92803032054471479,1,0.055,0.055,0.055,0.055,-0.023615531623363495,-0.09452655166387558,-0.078530296683311462,0.028119146823883057,0.0080215334892272949,-0.99957239627838135,0,1,0,0,0,0.086215771734714508,0.057698715478181839,0.024027599021792412,-0.011789831332862377,-0.046554110944271088,-0.077159851789474487,-0.10087312757968903,-0.11557570844888687,-0.11995425820350647,-0.11361765116453171,-0.097131915390491486,-0.071969680488109589,0.32104998826980591,-0.77969199419021606,-0.41935762763023376,0.4075905978679657,-0.68218392133712769,0.41326221823692322,0.65070605278015137,-0.082437068223953247,-0.61217159032821655,-0.3696993887424469,0.42896866798400879,0.48325645923614502,-0.010819513350725174,-0.089498937129974365,-0.085893452167510986,0.027254203334450722,0.0094557339325547218,-0.99958384037017822,0,1,0,0,0,0.093368783593177795,0.06692204624414444,0.03449736163020134,-0.0010088697308674455,-0.036424983292818069,-0.068587355315685272,-0.094623029232025146,-0.11220631003379822,-0.11976653337478638,-0.11662837117910385,-0.10307213664054871,-0.080308780074119568,0.30990585684776306,-0.77636730670928955,-0.41913622617721558,0.45127791166305542,-0.68959826231002808,0.4148108959197998,0.65685939788818359,-0.075564920902252197,-0.62673455476760864,-0.34504976868629456,0.41598320007324219,0.48228836059570312,0.0021590974647551775,-0.082960918545722961,-0.091807045042514801,0.026364661753177643,0.010866312310099602,-0.99959331750869751,0,1,0,0,0,0.099766016006469727,0.075603678822517395,0.044687885791063309,0.0097802579402923584,-0.026001010090112686,-0.059459686279296875,-0.087607003748416901,-0.10792864859104156,-0.11860935389995575,-0.11869502812623978,-0.1081780418753624,-0.08799782395362854,0.30937165021896362,-0.76046419143676758,-0.41725561022758484,0.49175509810447693,-0.69657105207443237,0.42428803443908691,0.65582317113876343,-0.079125702381134033,-0.63658779859542847,-0.3305283784866333,0.38763776421546936,0.4864051342010498,0.015101270750164986,-0.075022831559181213,-0.096171289682388306,0.025451328605413437,0.012249733321368694,-0.99960100650787354,0,1,0,0,0,0.10535568743944168,0.083673328161239624,0.054516680538654327,0.020490219816565514,-0.015366571955382824,-0.049850713461637497,-0.079881839454174042,-0.10277735441923141,-0.11649207770824432,-0.11980091035366058,-0.11240828782320023,-0.094974562525749207,0.31483328342437744,-0.73285466432571411,-0.40384843945503235,0.52154457569122314,-0.69740003347396851,0.45030936598777771,0.64041101932525635,-0.10694160312414169,-0.63076800107955933,-0.33838611841201782,0.32860073447227478,0.49076980352401733,0.33261173963546753,-0.77490800619125366,-0.41835483908653259,0.37309855222702026,-0.67574578523635864,0.41716954112052917,0.64110642671585083,-0.094815529882907867,-0.59708976745605469,-0.39376148581504822,0.43338906764984131,0.49185919761657715,0.33261173963546753,-0.77490800619125366,-0.41835483908653259,0.37309855222702026,-0.67574578523635864,0.41716954112052917,0.64110642671585083,-0.094815529882907867,-0.59708976745605469,-0.39376148581504822,0.43338906764984131,0.49185919761657715,1.1663058698177338,-0.41999999999999998,-1.3346838712692262,-0.81345072388648987,-0.67574578523635864,1.3337356328964234,1.3205532133579254,-0.094815529882907867,-1.4776718139648437,-1.1968807429075241,0.41999999999999998,1.3934873580932616
-0.036013009947196854,-0.097958916442836691,-0.069841846921621362,0.028958711550031081,0.0065673033813251538,-0.99955903455056594,1.0783648901886718,0.048008337311090395,-0.98663665735760198,-1.0224753596251484,-0.056306404954647254,0.91489223317583368,0.89369329464440772,-0.11800958250567727,-1.1191710151127123,-1.109687255860949,-0.090405460719329575,0.93695198497817445,1,0.055,0.055,0.055,0.055,-0.036013010889291763,-0.097958914935588837,-0.069841846823692322,0.02895871177315712,0.0065673035569489002,-0.99955904483795166,0,1,0,0,0,0.078364893794059753,0.048008337616920471,0.013363342732191086,-0.022475359961390495,-0.056306403130292892,-0.085107766091823578,-0.10630670189857483,-0.11800958216190338,-0.11917101591825485,-0.10968725383281708,-0.090405464172363281,-0.063048012554645538,0.33261173963546753,-0.77490800619125366,-0.41835483908653259,0.37309855222702026,-0.67574578523635864,0.41716954112052917,0.64110642671585083,-0.094815529882907867,-0.59708976745605469,-0.39376148581504822,0.43338906764984131,0.49185919761657715,-0.023615531623363495,-0.09452655166387558,-0.078530296683311462,0.028119146823883057,0.0080215334892272949,-0.99957239627838135,0,1,0,0,0,0.086215771734714508,0.057698715478181839,0.024027599021792412,-0.011789831332862377,-0.046554110944271088,-0.077159851789474487,-0.10087312757968903,-0.11557570844888687,-0.11995425820350647,-0.11361765116453171,-0.097131915390491486,-0.071969680488109589,0.32104998826980591,-0.77969199419021606,-0.41935762763023376,0.4075905978679657,-0.68218392133712769,0.41326221823692322,0.65070605278015137,-0.082437068223953247,-0.61217159032821655,-0.3696993887424469,0.42896866798400879,0.48325645923614502,-0.010819513350725174,-0.089498937129974365,-0.085893452167510986,0.027254203334450722,0.0094557339325547218,-0.99958384037017822,0,1,0,0,0,0.093368783593177795,0.06692204624414444,0.03449736163020134,-0.0010088697308674455,-0.036424983292818069,-0.068587355315685272,-0.094623029232025146,-0.11220631003379822,-0.11976653337478638,-0.11662837117910385,-0.10307213664054871,-0.080308780074119568,0.30990585684776306,-0.77636730670928955,-0.41913622617721558,0.45127791166305542,-0.68959826231002808,0.4148108959197998,0.65685939788818359,-0.075564920902252197,-0.62673455476760864,-0.34504976868629456,0.41598320007324219,0.48228836059570312,0.0021590974647551775,-0.082960918545722961,-0.091807045042514801,0.026364661753177643,0.010866312310099602,-0.99959331750869751,0,1,0,0,0,0.099766016006469727,0.075603678822517395,0.044687885791063309,0.0097802579402923584,-0.026001010090112686,-0.059459686279296875,-0.087607003748416901,-0.10792864859104156,-0.11860935389995575,-0.11869502812623978,-0.1081780418753624,-0.08799782395362854,0.30937165021896362,-0.76046419143676758,-0.41725561022758484,0.49175509810447693,-0.69657105207443237,0.42428803443908691,0.65582317113876343,-0.079125702381134033,-0.63658779859542847,-0.3305283784866333,0.38763776421546936,0.4864051342010498,0.33981874585151672,-0.7671968936920166,-0.41679874062538147,0.34783303737640381,-0.67020833492279053,0.42409437894821167,0.63019263744354248,-0.10959092527627945,-0.58561426401138306,-0.41361850500106812,0.43397614359855652,0.50273513793945312,0.33981874585151672,-0.7671968936920166,-0.41679874062538147,0.34783303737640381,-0.67020833492279053,0.42409437894821167,0.63019263744354248,-0.10959092527627945,-0.58561426401138306,-0.41361850500106812,0.43397614359855652,0.50273513793945312,1.1699093729257584,-0.41999999999999998,-1.3334389925003052,-0.8260834813117981,-0.67020833492279053,1.3392755031585692,1.3150963187217712,-0.10959092527627945,-1.4684914112091065,-1.2068092525005341,0.41999999999999998,1.4021881103515625
-0.047802724613534291,-0.09973810616980934,-0.059974732879404302,0.029772134102973684,0.0050966876975811802,-0.99954371780601359,1.0698796779428899,0.037929355706046455,-0.99740908291286845,-1.0329789604387749,-0.065602925648314422,0.90763322310831718,0.88912022095321741,-0.11948822076746944,-1.1174231355929367,-1.1048689914314826,-0.082947212591655245,0.9463839937113484,1,0.055,0.055,0.055,0.055,-0.047802723944187164,-0.09973810613155365,-0.059974733740091324,0.029772134497761726,0.0050966874696314335,-0.99954372644424438,0,1,0,0,0,0.069879680871963501,0.037929356098175049,0.0025909170508384705,-0.032978959381580353,-0.065602928400039673,-0.092366777360439301,-0.11087977886199951,-0.11948822438716888,-0.11742313206195831,-0.10486899316310883,-0.082947209477424622,-0.053616005927324295,0.33981874585151672,-0.7671968936920166,-0.41679874062538147,0.34783303737640381,-0.67020833492279053,0.42409437894821167,0.63019263744354248,-0.10959092527627945,-0.58561426401138306,-0.41361850500106812,0.43397614359855652,0.50273513793945312,-0.036013010889291763,-0.097958914935588837,-0.069841846823692322,0.02895871177315712,0.0065673035569489002,-0.99955904483795166,0,1,0,0,0,0.078364893794059753,0.048008337616920471,0.013363342732191086,-0.022475359961390495,-0.056306403130292892,-0.085107766091823578,-0.10630670189857483,-0.11800958216190338,-0.11917101591825485,-0.10968725383281708,-0.090405464172363281,-0.063048012554645538,0.33261173963546753,-0.77490800619125366,-0.41835483908653259,0.37309855222702026,-0.67574578523635864,0.41716954112052917,0.64110642671585083,-0.094815529882907867,-0.59708976745605469,-0.39376148581504822,0.43338906764984131,0.49185919761657715,-0.023615531623363495,-0.09452655166387558,-0.078530296683311462,0.028119146823883057,0.0080215334892272949,-0.99957239627838135,0,1,0,0,0,0.086215771734714508,0.057698715478181839,0.024027599021792412,-0.011789831332862377,-0.046554110944271088,-0.077159851789474487,-0.10087312757968903,-0.11557570844888687,-0.11995425820350647,-0.11361765116453171,-0.097131915390491486,-0.071969680488109589,0.32104998826980591,-0.77969199419021606,-0.41935762763023376,0.4075905978679657,-0.68218392133712769,0.41326221823692322,0.65070605278015137,-0.082437068223953247,-0.61217159032821655,-0.3696993887424469,0.42896866798400879,0.48325645923614502,-0.010819513350725174,-0.089498937129974365,-0.085893452167510986,0.027254203334450722,0.0094557339325547218,-0.99958384037017822,0,1,0,0,0,0.093368783593177795,0.06692204624414444,0.03449736163020134,-0.0010088697308674455,-0.036424983292818069,-0.068587355315685272,-0.094623029232025146,-0.11220631003379822,-0.11976653337478638,-0.11662837117910385,-0.10307213664054871,-0.080308780074119568,0.30990585684776306,-0.77636730670928955,-0.41913622617721558,0.45127791166305542,-0.68959826231002808,0.4148108959197998,0.65685939788818359,-0.075564920902252197,-0.62673455476760864,-0.34504976868629456,0.41598320007324219,0.48228836059570312,0.34432357549667358,-0.75955957174301147,-0.41567164659500122,0.32850742340087891,-0.66510313749313354,0.42919248342514038,0.61718112230300903,-0.12249318510293961,-0.57612740993499756,-0.42907685041427612,0.4319976270198822,0.51280325651168823,0.34432357549667358,-0.75955957174301147,-0.41567164659500122,0.32850742340087891,-0.66510313749313354,0.42919248342514038,0.61718112230300903,-0.12249318510293961,-0.57612740993499756,-0.42907685041427612,0.4319976270198822,0.51280325651168823,1.1721617877483368,-0.41999999999999998,-1.3325373172760009,-0.83574628829956055,-0.66510313749313354,1.3433539867401123,1.3085905611515045,-0.12249318510293961,-1.460901927947998,-1.2145384252071381,0.41999999999999998,1.4102426052093506
-0.058785710337848275,-0.099834094415688759,-0.049095472496260173,0.030558679354536964,0.0036133711338618888,-0.99952644320455852,1.0608288222697664,0.027543353642551754,-1.0082024807345258,-1.0432156119366363,-0.074368421231395532,0.90112187905460495,0.8854446674007741,-0.11999965756652616,-1.1147247705125343,-1.0992018613878443,-0.074817545433442309,0.95624999902908381,1,0.055,0.055,0.055,0.055,-0.058785710483789444,-0.09983409196138382,-0.049095474183559418,0.03055867925286293,0.0036133711691945791,-0.99952644109725952,0,1,0,0,0,0.06082882359623909,0.027543352916836739,-0.0082024810835719109,-0.043215610086917877,-0.074368424713611603,-0.098878122866153717,-0.11455532908439636,-0.11999965459108353,-0.1147247701883316,-0.099201858043670654,-0.074817545711994171,-0.04374999925494194,0.34432357549667358,-0.75955957174301147,-0.41567164659500122,0.32850742340087891,-0.66510313749313354,0.42919248342514038,0.61718112230300903,-0.12249318510293961,-0.57612740993499756,-0.42907685041427612,0.4319976270198822,0.51280325651168823,-0.047802723944187164,-0.09973810613155365,-0.059974733740091324,0.029772134497761726,0.0050966874696314335,-0.99954372644424438,0,1,0,0,0,0.069879680871963501,0.037929356098175049,0.0025909170508384705,-0.032978959381580353,-0.065602928400039673,-0.092366777360439301,-0.11087977886199951,-0.11948822438716888,-0.11742313206195831,-0.10486899316310883,-0.082947209477424622,-0.053616005927324295,0.33981874585151672,-0.7671968936920166,-0.41679874062538147,0.34783303737640381,-0.67020833492279053,0.42409437894821167,0.63019263744354248,-0.10959092527627945,-0.58561426401138306,-0.41361850500106812,0.43397614359855652,0.50273513793945312,-0.036013010889291763,-0.097958914935588837,-0.069841846823692322,0.02895871177315712,0.0065673035569489002,-0.99955904483795166,0,1,0,0,0,0.078364893794059753,0.048008337616920471,0.013363342732191086,-0.022475359961390495,-0.056306403130292892,-0.085107766091823578,-0.10630670189857483,-0.11800958216190338,-0.11917101591825485,-0.10968725383281708,-0.090405464172363281,-0.063048012554645538,0.33261173963546753,-0.77490800619125366,-0.41835483908653259,0.37309855222702026,-0.67574578523635864,0.41716954112052917,0.64110642671585083,-0.094815529882907867,-0.59708976745605469,-0.39376148581504822,0.43338906764984131,0.49185919761657715,-0.023615531623363495,-0.09452655166387558,-0.078530296683311462,0.028119146823883057,0.0080215334892272949,-0.99957239627838135,0,1,0,0,0,0.086215771734714508,0.057698715478181839,0.024027599021792412,-0.011789831332862377,-0.046554110944271088,-0.077159851789474487,-0.10087312757968903,-0.11557570844888687,-0.11995425820350647,-0.11361765116453171,-0.097131915390491486,-0.071969680488109589,0.32104998826980591,-0.77969199419021606,-0.41935762763023376,0.4075905978679657,-0.68218392133712769,0.41326221823692322,0.65070605278015137,-0.082437068223953247,-0.61217159032821655,-0.3696993887424469,0.42896866798400879,0.48325645923614502,0.34748917818069458,-0.75321108102798462,-0.41514021158218384,0.31236988306045532,-0.65917962789535522,0.42787334322929382,0.60160082578659058,-0.13511808216571808,-0.5669904351234436,-0.44169989228248596,0.42939409613609314,0.51989346742630005,0.34748917818069458,-0.75321108102798462,-0.41514021158218384,0.31236988306045532,-0.65917962789535522,0.42787334322929382,0.60160082578659058,-0.13511808216571808,-0.5669904351234436,-0.44169989228248596,0.42939409613609314,0.51989346742630005,1.1737445890903473,-0.41999999999999998,-1.3321121692657472,-0.84381505846977234,-0.65917962789535522,1.3422986745834351,1.3008004128932953,-0.13511808216571808,-1.4535923480987549,-1.220849946141243,0.41999999999999998,1.41591477394104
-0.068776615918397413,-0.098245261262433256,-0.0373876664830236,0.031317636445955831,0.0021210703390301872,-0.99950723194384938,1.0512855856280596,0.01693440096718412,-1.0189294832971898,-1.0531024531953823,-0.082531939102076804,0.89541090731036943,0.88269638588018839,-0.11953975306030087,-1.1110977618793278,-1.0927317385067186,-0.066082265111716595,0.96647014021612887,1,0.055,0.055,0.055,0.055,-0.068776614964008331,-0.09824526309967041,-0.037387665361166,0.031317636370658875,0.0021210703998804092,-0.99950724840164185,0,1,0,0,0,0.051285587251186371,0.016934400424361229,-0.018929483368992805,-0.053102452307939529,-0.082531936466693878,-0.10458908975124359,-0.11730361729860306,-0.11953975260257721,-0.11109776049852371,-0.092731736600399017,-0.066082261502742767,-0.033529859036207199,0.34748917818069458,-0.75321108102798462,-0.41514021158218384,0.31236988306045532,-0.65917962789535522,0.42787334322929382,0.60160082578659058,-0.13511808216571808,-0.5669904351234436,-0.44169989228248596,0.42939409613609314,0.51989346742630005,-0.058785710483789444,-0.09983409196138382,-0.049095474183559418,0.03055867925286293,0.0036133711691945791,-0.99952644109725952,0,1,0,0,0,0.06082882359623909,0.027543352916836739,-0.0082024810835719109,-0.043215610086917877,-0.074368424713611603,-0.098878122866153717,-0.11455532908439636,-0.11999965459108353,-0.1147247701883316,-0.099201858043670654,-0.074817545711994171,-0.04374999925494194,0.34432357549667358,-0.75955957174301147,-0.41567164659500122,0.32850742340087891,-0.66510313749313354,0.42919248342514038,0.61718112230300903,-0.12249318510293961,-0.57612740993499756,-0.42907685041427612,0.4319976270198822,0.51280325651168823,-0.047802723944187164,-0.09973810613155365,-0.059974733740091324,0.029772134497761726,0.0050966874696314335,-0.99954372644424438,0,1,0,0,0,0.069879680871963501,0.037929356098175049,0.0025909170508384705,-0.032978959381580353,-0.065602928400039673,-0.092366777360439301,-0.11087977886199951,-0.11948822438716888,-0.11742313206195831,-0.10486899316310883,-0.082947209477424622,-0.053616005927324295,0.33981874585151672,-0.7671968936920166,-0.41679874062538147,0.34783303737640381,-0.67020833492279053,0.42409437894821167,0.63019263744354248,-0.10959092527627945,-0.58561426401138306,-0.41361850500106812,0.43397614359855652,0.50273513793945312,-0.036013010889291763,-0.097958914935588837,-0.069841846823692322,0.02895871177315712,0.0065673035569489002,-0.99955904483795166,0,1,0,0,0,0.078364893794059753,0.048008337616920471,0.013363342732191086,-0.022475359961390495,-0.056306403130292892,-0.085107766091823578,-0.10630670189857483,-0.11800958216190338,-0.11917101591825485,-0.10968725383281708,-0.090405464172363281,-0.063048012554645538,0.33261173963546753,-0.77490800619125366,-0.41835483908653259,0.37309855222702026,-0.67574578523635864,0.41716954112052917,0.64110642671585083,-0.094815529882907867,-0.59708976745605469,-0.39376148581504822,0.43338906764984131,0.49185919761657715,0.35032209753990173,-0.74686193466186523,-0.41444984078407288,0.29732471704483032,-0.650867760181427,0.42010396718978882,0.58363634347915649,-0.14853818714618683,-0.55636924505233765,-0.45234605669975281,0.42590269446372986,0.52403002977371216,0.35032209753990173,-0.74686193466186523,-0.41444984078407288,0.29732471704483032,-0.650867760181427,0.42010396718978882,0.58363634347915649,-0.14853818714618683,-0.55636924505233765,-0.45234605669975281,0.42590269446372986,0.52403002977371216,1.1751610487699509,-0.41999999999999998,-1.3315598726272584,-0.85133764147758484,-0.650867760181427,1.3360831737518311,1.2918181717395782,-0.14853818714618683,-1.4450953960418702,-1.2261730283498764,0.41999999999999998,1.4192240238189697
-0.077606832708833229,-0.094998420196076086,-0.025048898262707495,0.032048320374538662,0.00062352425654992581,-0.99948612615617261,1.0413272160710068,0.0061883722078241565,-1.0295032605141565,-1.0625594548425288,-0.090027399387590273,0.89054653553043039,0.88089762244960446,-0.11811222996144495,-1.1065714686379307,-1.0855109954175954,-0.056812079649832203,0.9769616899924054,1,0.055,0.055,0.055,0.055,-0.077606834471225739,-0.094998419284820557,-0.025048898532986641,0.032048318535089493,0.00062352424720302224,-0.99948614835739136,0,1,0,0,0,0.041327215731143951,0.0061883721500635147,-0.029503259807825089,-0.062559455633163452,-0.090027399361133575,-0.1094534620642662,-0.11910238116979599,-0.1181122288107872,-0.10657146573066711,-0.085510998964309692,-0.05681208148598671,-0.023038310930132866,0.35032209753990173,-0.74686193466186523,-0.41444984078407288,0.29732471704483032,-0.650867760181427,0.42010396718978882,0.58363634347915649,-0.14853818714618683,-0.55636924505233765,-0.45234605669975281,0.42590269446372986,0.52403002977371216,-0.068776614964008331,-0.09824526309967041,-0.037387665361166,0.031317636370658875,0.0021210703998804092,-0.99950724840164185,0,1,0,0,0,0.051285587251186371,0.016934400424361229,-0.018929483368992805,-0.053102452307939529,-0.082531936466693878,-0.10458908975124359,-0.11730361729860306,-0.11953975260257721,-0.11109776049852371,-0.092731736600399017,-0.066082261502742767,-0.033529859036207199,0.34748917818069458,-0.75321108102798462,-0.41514021158218384,0.31236988306045532,-0.65917962789535522,0.42787334322929382,0.60160082578659058,-0.13511808216571808,-0.5669904351234436,-0.44169989228248596,0.42939409613609314,0.51989346742630005,-0.058785710483789444,-0.09983409196138382,-0.049095474183559418,0.03055867925286293,0.0036133711691945791,-0.99952644109725952,0,1,0,0,0,0.06082882359623909,0.027543352916836739,-0.0082024810835719109,-0.043215610086917877,-0.074368424713611603,-0.098878122866153717,-0.11455532908439636,-0.11999965459108353,-0.1147247701883316,-0.099201858043670654,-0.074817545711994171,-0.04374999925494194,0.34432357549667358,-0.75955957174301147,-0.41567164659500122,0.32850742340087891,-0.66510313749313354,0.42919248342514038,0.61718112230300903,-0.12249318510293961,-0.57612740993499756,-0.42907685041427612,0.4319976270198822,0.51280325651168823,-0.047802723944187164,-0.09973810613155365,-0.059974733740091324,0.029772134497761726,0.0050966874696314335,-0.99954372644424438,0,1,0,0,0,0.069879680871963501,0.037929356098175049,0.0025909170508384705,-0.032978959381580353,-0.065602928400039673,-0.092366777360439301,-0.11087977886199951,-0.11948822438716888,-0.11742313206195831,-0.10486899316310883,-0.082947209477424622,-0.053616005927324295,0.33981874585151672,-0.7671968936920166,-0.41679874062538147,0.34783303737640381,-0.67020833492279053,0.42409437894821167,0.63019263744354248,-0.10959092527627945,-0.58561426401138306,-0.41361850500106812,0.43397614359855652,0.50273513793945312,0.3536318838596344,-0.739737868309021,-0.41343644261360168,0.28164061903953552,-0.63953316211700439,0.40754815936088562,0.56324291229248047,-0.16328570246696472,-0.54386377334594727,-0.46238225698471069,0.42126977443695068,0.52600115537643433,0.3536318838596344,-0.739737868309021,-0.41343644261360168,0.28164061903953552,-0.63953316211700439,0.40754815936088562,0.56324291229248047,-0.16328570246696472,-0.54386377334594727,-0.46238225698471069,0.42126977443695068,0.52600115537643433,1.1768159419298172,-0.41999999999999998,-1.3307491540908813,-0.85917969048023224,-0.63953316211700439,1.3260385274887085,1.2816214561462402,-0.16328570246696472,-1.4350910186767578,-1.2311911284923553,0.41999999999999998,1.4208009243011475
-0.085127340093557449,-0.090148365596635485,-0.012287399510655005,0.032750072690985579,-0.00087551543031558492,-0.99946318902272047,1.0310343219593332,-0.0046077485406281916,-1.0398382225864882,-1.0715100668569317,-0.096794129829988862,0.88656813853743244,0.88006293726072593,-0.11572864340418365,-1.1011825290227701,-1.0775980806707419,-0.047082026878974462,0.98763972415178825,1,0.055,0.055,0.055,0.055,-0.085127338767051697,-0.090148366987705231,-0.012287399731576443,0.032750073820352554,-0.00087551545584574342,-0.99946320056915283,0,1,0,0,0,0.031034322455525398,-0.004607748705893755,-0.039838220924139023,-0.071510069072246552,-0.09679412841796875,-0.11343186348676682,-0.11993706226348877,-0.11572864651679993,-0.10118252784013748,-0.077598080039024353,-0.047082025557756424,-0.012360275723040104,0.3536318838596344,-0.739737868309021,-0.41343644261360168,0.28164061903953552,-0.63953316211700439,0.40754815936088562,0.56324291229248047,-0.16328570246696472,-0.54386377334594727,-0.46238225698471069,0.42126977443695068,0.52600115537643433,-0.077606834471225739,-0.094998419284820557,-0.025048898532986641,0.032048318535089493,0.00062352424720302224,-0.99948614835739136,0,1,0,0,0,0.041327215731143951,0.0061883721500635147,-0.029503259807825089,-0.062559455633163452,-0.090027399361133575,-0.1094534620642662,-0.11910238116979599,-0.1181122288107872,-0.10657146573066711,-0.085510998964309692,-0.05681208148598671,-0.023038310930132866,0.35032209753990173,-0.74686193466186523,-0.41444984078407288,0.29732471704483032,-0.650867760181427,0.42010396718978882,0.58363634347915649,-0.14853818714618683,-0.55636924505233765,-0.45234605669975281,0.42590269446372986,0.52403002977371216,-0.068776614964008331,-0.09824526309967041,-0.037387665361166,0.031317636370658875,0.0021210703998804092,-0.99950724840164185,0,1,0,0,0,0.051285587251186371,0.016934400424361229,-0.018929483368992805,-0.053102452307939529,-0.082531936466693878,-0.10458908975124359,-0.11730361729860306,-0.11953975260257721,-0.11109776049852371,-0.092731736600399017,-0.066082261502742767,-0.033529859036207199,0.34748917818069458,-0.75321108102798462,-0.41514021158218384,0.31236988306045532,-0.65917962789535522,0.42787334322929382,0.60160082578659058,-0.13511808216571808,-0.5669904351234436,-0.44169989228248596,0.42939409613609314,0.51989346742630005,-0.058785710483789444,-0.09983409196138382,-0.049095474183559418,0.03055867925286293,0.0036133711691945791,-0.99952644109725952,0,1,0,0,0,0.06082882359623909,0.027543352916836739,-0.0082024810835719109,-0.043215610086917877,-0.074368424713611603,-0.098878122866153717,-0.11455532908439636,-0.11999965459108353,-0.1147247701883316,-0.099201858043670654,-0.074817545711994171,-0.04374999925494194,0.34432357549667358,-0.75955957174301147,-0.41567164659500122,0.32850742340087891,-0.66510313749313354,0.42919248342514038,0.61718112230300903,-0.12249318510293961,-0.57612740993499756,-0.42907685041427612,0.4319976270198822,0.51280325651168823,0.35767987370491028,-0.73133969306945801,-0.41202804446220398,0.26493155956268311,-0.6253165602684021,0.39224737882614136,0.54063200950622559,-0.17929840087890625,-0.52973878383636475,-0.47224107384681702,0.41549950838088989,0.52631831169128418,0.35767987370491028,-0.73133969306945801,-0.41202804446220398,0.26493155956268311,-0.6253165602684021,0.39224737882614136,0.54063200950622559,-0.17929840087890625,-0.52973878383636475,-0.47224107384681702,0.41549950838088989,0.52631831169128418,1.1788399368524551,-0.41999999999999998,-1.3296224355697632,-0.86753422021865845,-0.6253165602684021,1.313797903060913,1.2703160047531128,-0.17929840087890625,-1.4237910270690919,-1.2361205369234085,0.41549950838088989,1.4210546493530274
-0.091211220391308037,-0.083776948016509784,0.0006814640074770176,0.033422262156661824,-0.0023722938839114112,-0.99943850466852613,1.0204902194741374,-0.015366571711965508,-1.0498507128125496,-1.0798818382055342,-0.10277735689980014,0.88350791960100539,0.88019908670117353,-0.11240828741088947,-1.0949745639886559,-1.0690570456234261,-0.036970867041885375,0.99841780898397736,1,0.055,0.055,0.055,0.055,-0.091211222112178802,-0.083776950836181641,0.00068146403646096587,0.033422261476516724,-0.0023722939658910036,-0.99943852424621582,0,1,0,0,0,0.020490219816565514,-0.015366571955382824,-0.049850713461637497,-0.079881839454174042,-0.10277735441923141,-0.11649207770824432,-0.11980091035366058,-0.11240828782320023,-0.094974562525749207,-0.069057047367095947,-0.036970868706703186,-0.0015821909764781594,0.35767987370491028,-0.73133969306945801,-0.41202804446220398,0.26493155956268311,-0.6253165602684021,0.39224737882614136,0.54063200950622559,-0.17929840087890625,-0.52973878383636475,-0.47224107384681702,0.41549950838088989,0.52631831169128418,-0.085127338767051697,-0.090148366987705231,-0.012287399731576443,0.032750073820352554,-0.00087551545584574342,-0.99946320056915283,0,1,0,0,0,0.031034322455525398,-0.004607748705893755,-0.039838220924139023,-0.071510069072246552,-0.09679412841796875,-0.11343186348676682,-0.11993706226348877,-0.11572864651679993,-0.10118252784013748,-0.077598080039024353,-0.047082025557756424,-0.012360275723040104,0.3536318838596344,-0.739737868309021,-0.41343644261360168,0.28164061903953552,-0.63953316211700439,0.40754815936088562,0.56324291229248047,-0.16328570246696472,-0.54386377334594727,-0.46238225698471069,0.42126977443695068,0.52600115537643433,-0.077606834471225739,-0.094998419284820557,-0.025048898532986641,0.032048318535089493,0.00062352424720302224,-0.99948614835739136,0,1,0,0,0,0.041327215731143951,0.0061883721500635147,-0.029503259807825089,-0.062559455633163452,-0.090027399361133575,-0.1094534620642662,-0.11910238116979599,-0.1181122288107872,-0.10657146573066711,-0.085510998964309692,-0.05681208148598671,-0.023038310930132866,0.35032209753990173,-0.74686193466186523,-0.41444984078407288,0.29732471704483032,-0.650867760181427,0.42010396718978882,0.58363634347915649,-0.14853818714618683,-0.55636924505233765,-0.45234605669975281,0.42590269446372986,0.52403002977371216,-0.068776614964008331,-0.09824526309967041,-0.037387665361166,0.031317636370658875,0.0021210703998804092,-0.99950724840164185,0,1,0,0,0,0.051285587251186371,0.016934400424361229,-0.018929483368992805,-0.053102452307939529,-0.082531936466693878,-0.10458908975124359,-0.11730361729860306,-0.11953975260257721,-0.11109776049852371,-0.092731736600399017,-0.066082261502742767,-0.033529859036207199,0.34748917818069458,-0.75321108102798462,-0.41514021158218384,0.31236988306045532,-0.65917962789535522,0.42787334322929382,0.60160082578659058,-0.13511808216571808,-0.5669904351234436,-0.44169989228248596,0.42939409613609314,0.51989346742630005,0.362497478723526,-0.72139781713485718,-0.41050407290458679,0.247645303606987,-0.60856932401657104,0.37510642409324646,0.516213059425354,-0.19636005163192749,-0.51446491479873657,-0.48172301054000854,0.40878540277481079,0.52518075704574585,0.362497478723526,-0.72139781713485718,-0.41050407290458679,0.247645303606987,-0.60856932401657104,0.37510642409324646,0.516213059425354,-0.19636005163192749,-0.51446491479873657,-0.48172301054000854,0.40878540277481079,0.52518075704574585,1.181248739361763,-0.41999999999999998,-1.3284032583236693,-0.8761773481965065,-0.60856932401657104,1.3000851392745971,1.258106529712677,-0.19636005163192749,-1.4115719318389892,-1.2408615052700043,0.40878540277481079,1.4201446056365967
-0.095755800744927122,-0.075991692853156101,0.013638826994159765,0.034064285358763276,-0.0038630626993872417,-0.99941217783734126,1.0097802582112323,-0.026001009646485555,-1.0594596847500215,-1.0876070033007159,-0.10792864916222132,0.8813906497673043,0.88130496870467567,-0.10817803871596257,-1.0879978241194788,-1.0599570259740283,-0.026560445265403038,1.0092087009151021,1,0.055,0.055,0.055,0.055,-0.095755800604820251,-0.075991690158843994,0.01363882701843977,0.034064285457134247,-0.003863062709569931,-0.9994121789932251,0,1,0,0,0,0.0097802579402923584,-0.026001010090112686,-0.059459686279296875,-0.087607003748416901,-0.10792864859104156,-0.11860935389995575,-0.11869502812623978,-0.1081780418753624,-0.08799782395362854,-0.059957027435302734,-0.026560444384813309,0.0092087006196379662,0.362497478723526,-0.72139781713485718,-0.41050407290458679,0.247645303606987,-0.60856932401657104,0.37510642409324646,0.516213059425354,-0.19636005163192749,-0.51446491479873657,-0.48172301054000854,0.40878540277481079,0.52518075704574585,-0.091211222112178802,-0.083776950836181641,0.00068146403646096587,0.033422261476516724,-0.0023722939658910036,-0.99943852424621582,0,1,0,0,0,0.020490219816565514,-0.015366571955382824,-0.049850713461637497,-0.079881839454174042,-0.10277735441923141,-0.11649207770824432,-0.11980091035366058,-0.11240828782320023,-0.094974562525749207,-0.069057047367095947,-0.036970868706703186,-0.0015821909764781594,0.35767987370491028,-0.73133969306945801,-0.41202804446220398,0.26493155956268311,-0.6253165602684021,0.39224737882614136,0.54063200950622559,-0.17929840087890625,-0.52973878383636475,-0.47224107384681702,0.41549950838088989,0.52631831169128418,-0.085127338767051697,-0.090148366987705231,-0.012287399731576443,0.032750073820352554,-0.00087551545584574342,-0.99946320056915283,0,1,0,0,0,0.031034322455525398,-0.004607748705893755,-0.039838220924139023,-0.071510069072246552,-0.09679412841796875,-0.11343186348676682,-0.11993706226348877,-0.11572864651679993,-0.10118252784013748,-0.077598080039024353,-0.047082025557756424,-0.012360275723040104,0.3536318838596344,-0.739737868309021,-0.41343644261360168,0.28164061903953552,-0.63953316211700439,0.40754815936088562,0.56324291229248047,-0.16328570246696472,-0.54386377334594727,-0.46238225698471069,0.42126977443695068,0.52600115537643433,-0.077606834471225739,-0.094998419284820557,-0.025048898532986641,0.032048318535089493,0.00062352424720302224,-0.99948614835739136,0,1,0,0,0,0.041327215731143951,0.0061883721500635147,-0.029503259807825089,-0.062559455633163452,-0.090027399361133575,-0.1094534620642662,-0.11910238116979599,-0.1181122288107872,-0.10657146573066711,-0.085510998964309692,-0.05681208148598671,-0.023038310930132866,0.35032209753990173,-0.74686193466186523,-0.41444984078407288,0.29732471704483032,-0.650867760181427,0.42010396718978882,0.58363634347915649,-0.14853818714618683,-0.55636924505233765,-0.45234605669975281,0.42590269446372986,0.52403002977371216,0.36828148365020752,-0.70990490913391113,-0.40904664993286133,0.22981725633144379,-0.58987468481063843,0.35637855529785156,0.49037182331085205,-0.21371759474277496,-0.49844914674758911,-0.49067243933677673,0.4013340175151825,0.52272146940231323,0.36828148365020752,-0.70990490913391113,-0.40904664993286133,0.22981725633144379,-0.58987468481063843,0.35637855529785156,0.49037182331085205,-0.21371759474277496,-0.49844914674758911,-0.49067243933677673,0.4013340175151825,0.52272146940231323,1.1841407418251038,-0.41999999999999998,-1.327237319946289,-0.88509137183427811,-0.58987468481063843,1.2851028442382812,1.245185911655426,-0.21371759474277496,-1.3987593173980712,-1.2453362196683884,0.4013340175151825,1.4181771755218506
-0.098684385850323658,-0.066923985727626201,0.026366018237277841,0.034675567281635004,-0.0053440894649155095,-0.99938433334803067,0.99899113031594211,-0.036424981525011467,-1.0685873582490812,-1.0946230305311433,-0.11220630930701388,0.88023346734893448,0.88337163167178145,-0.10307213921119103,-1.0803087828731515,-1.0503716821407831,-0.015935029062302007,1.0199250527037949,1,0.055,0.055,0.055,0.055,-0.098684385418891907,-0.06692398339509964,0.026366017758846283,0.034675568342208862,-0.0053440895862877369,-0.99938434362411499,0,1,0,0,0,-0.0010088697308674455,-0.036424983292818069,-0.068587355315685272,-0.094623029232025146,-0.11220631003379822,-0.11976653337478638,-0.11662837117910385,-0.10307213664054871,-0.080308780074119568,-0.050371680408716202,-0.015935029834508896,0.019925052300095558,0.36828148365020752,-0.70990490913391113,-0.40904664993286133,0.22981725633144379,-0.58987468481063843,0.35637855529785156,0.49037182331085205,-0.21371759474277496,-0.49844914674758911,-0.49067243933677673,0.4013340175151825,0.52272146940231323,-0.095755800604820251,-0.075991690158843994,0.01363882701843977,0.034064285457134247,-0.003863062709569931,-0.9994121789932251,0,1,0,0,0,0.0097802579402923584,-0.026001010090112686,-0.059459686279296875,-0.087607003748416901,-0.10792864859104156,-0.11860935389995575,-0.11869502812623978,-0.1081780418753624,-0.08799782395362854,-0.059957027435302734,-0.026560444384813309,0.0092087006196379662,0.362497478723526,-0.72139781713485718,-0.41050407290458679,0.247645303606987,-0.60856932401657104,0.37510642409324646,0.516213059425354,-0.19636005163192749,-0.51446491479873657,-0.48172301054000854,0.40878540277481079,0.52518075704574585,-0.091211222112178802,-0.083776950836181641,0.00068146403646096587,0.033422261476516724,-0.0023722939658910036,-0.99943852424621582,0,1,0,0,0,0.020490219816565514,-0.015366571955382824,-0.049850713461637497,-0.079881839454174042,-0.10277735441923141,-0.11649207770824432,-0.11980091035366058,-0.11240828782320023,-0.094974562525749207,-0.069057047367095947,-0.036970868706703186,-0.0015821909764781594,0.35767987370491028,-0.73133969306945801,-0.41202804446220398,0.26493155956268311,-0.6253165602684021,0.39224737882614136,0.54063200950622559,-0.17929840087890625,-0.52973878383636475,-0.47224107384681702,0.41549950838088989,0.52631831169128418,-0.085127338767051697,-0.090148366987705231,-0.012287399731576443,0.032750073820352554,-0.00087551545584574342,-0.99946320056915283,0,1,0,0,0,0.031034322455525398,-0.004607748705893755,-0.039838220924139023,-0.071510069072246552,-0.09679412841796875,-0.11343186348676682,-0.11993706226348877,-0.11572864651679993,-0.10118252784013748,-0.077598080039024353,-0.047082025557756424,-0.012360275723040104,0.3536318838596344,-0.739737868309021,-0.41343644261360168,0.28164061903953552,-0.63953316211700439,0.40754815936088562,0.56324291229248047,-0.16328570246696472,-0.54386377334594727,-0.46238225698471069,0.42126977443695068,0.52600115537643433,0.37533670663833618,-0.69702839851379395,-0.40779292583465576,0.21126823127269745,-0.56964606046676636,0.33606579899787903,0.46350955963134766,-0.23086546361446381,-0.48204687237739563,-0.49895048141479492,0.39354357123374939,0.51910519599914551,0.37533670663833618,-0.69702839851379395,-0.40779292583465576,0.21126823127269745,-0.56964606046676636,0.33606579899787903,0.46350955963134766,-0.23086546361446381,-0.48204687237739563,-0.49895048141479492,0.39354357123374939,0.51910519599914551,1.1876683533191681,-0.41999999999999998,-1.3262343406677246,-0.89436588436365128,-0.56964606046676636,1.2688526391983033,1.2317547798156738,-0.23086546361446381,-1.3856374979019166,-1.2494752407073975,0.39354357123374939,1.4152841567993164
-0.099947552282728405,-0.056726855192896865,0.038648250951987935,0.035255561832851549,-0.006811667266400017,-0.99935511533633614,0.98821016875058698,-0.046554110153007588,-1.0771598490464691,-1.1008731284260234,-0.11557571166879797,0.88004573919829776,0.88638234692888695,-0.097131918773594325,-1.0719696794552853,-1.0403786030150206,-0.0051806262250474414,1.0304801204764027,0,0.055,0.059999999999999998,0.055,0.055,-0.099947549402713776,-0.056726854294538498,0.038648251444101334,0.035255562514066696,-0.0068116672337055206,-0.99935513734817505,1,0,0,0,0,-0.011789831332862377,-0.046554110944271088,-0.077159851789474487,-0.10087312757968903,-0.11557570844888687,-0.11995425820350647,-0.11361765116453171,-0.097131915390491486,-0.071969680488109589,-0.040378604084253311,-0.0051806261762976646,0.030480120331048965,0.37533670663833618,-0.69702839851379395,-0.40779292583465576,0.21126823127269745,-0.56964606046676636,0.33606579899787903,0.46350955963134766,-0.23086546361446381,-0.48204687237739563,-0.49895048141479492,0.39354357123374939,0.51910519599914551,-0.098684385418891907,-0.06692398339509964,0.026366017758846283,0.034675568342208862,-0.0053440895862877369,-0.99938434362411499,0,1,0,0,0,-0.0010088697308674455,-0.036424983292818069,-0.068587355315685272,-0.094623029232025146,-0.11220631003379822,-0.11976653337478638,-0.11662837117910385,-0.10307213664054871,-0.080308780074119568,-0.050371680408716202,-0.015935029834508896,0.019925052300095558,0.36828148365020752,-0.70990490913391113,-0.40904664993286133,0.22981725633144379,-0.58987468481063843,0.35637855529785156,0.49037182331085205,-0.21371759474277496,-0.49844914674758911,-0.49067243933677673,0.4013340175151825,0.52272146940231323,-0.095755800604820251,-0.075991690158843994,0.01363882701843977,0.034064285457134247,-0.003863062709569931,-0.9994121789932251,0,1,0,0,0,0.0097802579402923584,-0.026001010090112686,-0.059459686279296875,-0.087607003748416901,-0.10792864859104156,-0.11860935389995575,-0.11869502812623978,-0.1081780418753624,-0.08799782395362854,-0.059957027435302734,-0.026560444384813309,0.0092087006196379662,0.362497478723526,-0.72139781713485718,-0.41050407290458679,0.247645303606987,-0.60856932401657104,0.37510642409324646,0.516213059425354,-0.19636005163192749,-0.51446491479873657,-0.48172301054000854,0.40878540277481079,0.52518075704574585,-0.091211222112178802,-0.083776950836181641,0.00068146403646096587,0.033422261476516724,-0.0023722939658910036,-0.99943852424621582,0,1,0,0,0,0.020490219816565514,-0.015366571955382824,-0.049850713461637497,-0.079881839454174042,-0.10277735441923141,-0.11649207770824432,-0.11980091035366058,-0.11240828782320023,-0.094974562525749207,-0.069057047367095947,-0.036970868706703186,-0.0015821909764781594,0.35767987370491028,-0.73133969306945801,-0.41202804446220398,0.26493155956268311,-0.6253165602684021,0.39224737882614136,0.54063200950622559,-0.17929840087890625,-0.52973878383636475,-0.47224107384681702,0.41549950838088989,0.52631831169128418,0.38155955076217651,-0.55219197273254395,-0.39978224039077759,0.18082557618618011,-0.39148670434951782,-0.11099178344011307,0.27535763382911682,-0.381013423204422,-0.25041839480400085,-0.46142715215682983,0.22556279599666595,0.4586198627948761,0.38155955076217651,-0.55219197273254395,-0.39978224039077759,0.18082557618618011,-0.40964606404304504,-0.11099178344011307,0.27535763382911682,-0.381013423204422,-0.25041839480400085,-0.46142715215682983,0.22556279599666595,0.4586198627948761,1.1907797753810883,-0.41999999999999998,-1.319825792312622,-0.90958721190690994,-0.40964606404304504,0.91120657324790955,1.1376788169145584,-0.381013423204422,-1.2003347158432007,-1.2307135760784149,0.22556279599666595,1.366895890235901
-0.099523982576916262,-0.045572390191480475,0.050278247568157276,0.03580375232303501,-0.0082621241085589769,-0.99932468628809801,0.97752464037485165,-0.056306404954647254,-1.0851077668241664,-1.1063067053555924,-0.11800958250567729,0.88082898488728778,0.89031274413905115,-0.090405460719329575,-1.0630480150218256,-1.0300586779152492,0.0056157113672027862,1.0407884658782216,0,0.055,0.053999999999999999,0.055,0.055,-0.099523983895778656,-0.045572388917207718,0.050278246402740479,0.035803753882646561,-0.0082621239125728607,-0.99932467937469482,1,0,0,0,0,-0.022475359961390495,-0.056306403130292892,-0.085107766091823578,-0.10630670189857483,-0.11800958216190338,-0.11917101591825485,-0.10968725383281708,-0.090405464172363281,-0.063048012554645538,-0.030058678239583969,0.0056157112121582031,0.040788464248180389,0.38155955076217651,-0.55219197273254395,-0.39978224039077759,0.18082557618618011,-0.39148670434951782,-0.11099178344011307,0.27535763382911682,-0.381013423204422,-0.25041839480400085,-0.46142715215682983,0.22556279599666595,0.4586198627948761,-0.099947549402713776,-0.056726854294538498,0.038648251444101334,0.035255562514066696,-0.0068116672337055206,-0.99935513734817505,1,0,0,0,0,-0.011789831332862377,-0.046554110944271088,-0.077159851789474487,-0.10087312757968903,-0.11557570844888687,-0.11995425820350647,-0.11361765116453171,-0.097131915390491486,-0.071969680488109589,-0.040378604084253311,-0.0051806261762976646,0.030480120331048965,0.37533670663833618,-0.69702839851379395,-0.40779292583465576,0.21126823127269745,-0.56964606046676636,0.33606579899787903,0.46350955963134766,-0.23086546361446381,-0.48204687237739563,-0.49895048141479492,0.39354357123374939,0.51910519599914551,-0.098684385418891907,-0.06692398339509964,0.026366017758846283,0.034675568342208862,-0.0053440895862877369,-0.99938434362411499,0,1,0,0,0,-0.0010088697308674455,-0.036424983292818069,-0.068587355315685272,-0.094623029232025146,-0.11220631003379822,-0.11976653337478638,-0.11662837117910385,-0.10307213664054871,-0.080308780074119568,-0.050371680408716202,-0.015935029834508896,0.019925052300095558,0.36828148365020752,-0.70990490913391113,-0.40904664993286133,0.22981725633144379,-0.58987468481063843,0.35637855529785156,0.49037182331085205,-0.21371759474277496,-0.49844914674758911,-0.49067243933677673,0.4013340175151825,0.52272146940231323,-0.095755800604820251,-0.075991690158843994,0.01363882701843977,0.034064285457134247,-0.003863062709569931,-0.9994121789932251,0,1,0,0,0,0.0097802579402923584,-0.026001010090112686,-0.059459686279296875,-0.087607003748416901,-0.10792864859104156,-0.11860935389995575,-0.11869502812623978,-0.1081780418753624,-0.08799782395362854,-0.059957027435302734,-0.026560444384813309,0.0092087006196379662,0.362497478723526,-0.72139781713485718,-0.41050407290458679,0.247645303606987,-0.60856932401657104,0.37510642409324646,0.516213059425354,-0.19636005163192749,-0.51446491479873657,-0.48172301054000854,0.40878540277481079,0.52518075704574585,0.40984204411506653,-0.37125542759895325,-0.31756812334060669,0.12044918537139893,-0.26056304574012756,-0.38881868124008179,0.19445973634719849,-0.48521053791046143,-0.14442948997020721,-0.39254459738731384,-0.021301710978150368,0.2950262725353241,0.40984204411506653,-0.37125542759895325,-0.31756812334060669,0.12044918537139893,-0.26056304574012756,-0.38881868124008179,0.19445973634719849,-0.48521053791046143,-0.14442948997020721,-0.39254459738731384,-0.021301710978150368,0.2950262725353241,1.2049210220575333,-0.37125542759895325,-1.2540544986724853,-0.93977540731430054,-0.26056304574012756,0.68894505500793457,1.0972298681735992,-0.41999999999999998,-1.1155435919761658,-1.1962722986936569,-0.021301710978150368,1.2360210180282594
-0.097420824985280915,-0.033648835845850426,0.061059737790697913,0.036319651898767222,-0.0096918322248557513,-0.99929322587220493,0.96702103956122509,-0.065602925648314422,-1.0923667768916829,-1.1108797790467826,-0.11948822076746944,0.8825768644070634,0.89513100856851735,-0.082947212591655245,-1.0536160062886517,-1.0194954418258186,0.016366592392991715,1.0507666476571595,0,0.055,0.048000000000000001,0.055,0.055,-0.097420826554298401,-0.033648837357759476,0.06105973944067955,0.036319650709629059,-0.0096918325871229172,-0.99929320812225342,1,0,0,0,0,-0.032978959381580353,-0.065602928400039673,-0.092366777360439301,-0.11087977886199951,-0.11948822438716888,-0.11742313206195831,-0.10486899316310883,-0.082947209477424622,-0.053616005927324295,-0.019495442509651184,0.016366591677069664,0.050766646862030029,0.40984204411506653,-0.37125542759895325,-0.31756812334060669,0.12044918537139893,-0.26056304574012756,-0.38881868124008179,0.19445973634719849,-0.48521053791046143,-0.14442948997020721,-0.39254459738731384,-0.021301710978150368,0.2950262725353241,-0.099523983895778656,-0.045572388917207718,0.050278246402740479,0.035803753882646561,-0.0082621239125728607,-0.99932467937469482,1,0,0,0,0,-0.022475359961390495,-0.056306403130292892,-0.085107766091823578,-0.10630670189857483,-0.11800958216190338,-0.11917101591825485,-0.10968725383281708,-0.090405464172363281,-0.063048012554645538,-0.030058678239583969,0.0056157112121582031,0.040788464248180389,0.38155955076217651,-0.55219197273254395,-0.39978224039077759,0.18082557618618011,-0.39148670434951782,-0.11099178344011307,0.27535763382911682,-0.381013423204422,-0.25041839480400085,-0.46142715215682983,0.22556279599666595,0.4586198627948761,-0.099947549402713776,-0.056726854294538498,0.038648251444101334,0.035255562514066696,-0.0068116672337055206,-0.99935513734817505,1,0,0,0,0,-0.011789831332862377,-0.046554110944271088,-0.077159851789474487,-0.10087312757968903,-0.11557570844888687,-0.11995425820350647,-0.11361765116453171,-0.097131915390491486,-0.071969680488109589,-0.040378604084253311,-0.0051806261762976646,0.030480120331048965,0.37533670663833618,-0.69702839851379395,-0.40779292583465576,0.21126823127269745,-0.56964606046676636,0.33606579899787903,0.46350955963134766,-0.23086546361446381,-0.48204687237739563,-0.49895048141479492,0.39354357123374939,0.51910519599914551,-0.098684385418891907,-0.06692398339509964,0.026366017758846283,0.034675568342208862,-0.0053440895862877369,-0.99938434362411499,0,1,0,0,0,-0.0010088697308674455,-0.036424983292818069,-0.068587355315685272,-0.094623029232025146,-0.11220631003379822,-0.11976653337478638,-0.11662837117910385,-0.10307213664054871,-0.080308780074119568,-0.050371680408716202,-0.015935029834508896,0.019925052300095558,0.36828148365020752,-0.70990490913391113,-0.40904664993286133,0.22981725633144379,-0.58987468481063843,0.35637855529785156,0.49037182331085205,-0.21371759474277496,-0.49844914674758911,-0.49067243933677673,0.4013340175151825,0.52272146940231323,0.42017138004302979,-0.21246197819709778,-0.22548866271972656,0.10913901776075363,-0.22744934260845184,-0.40755295753479004,0.16505636274814606,-0.63733351230621338,-0.058814719319343567,-0.33464327454566956,-0.071750476956367493,0.20376364886760712,0.42017138004302979,-0.21246197819709778,-0.22548866271972656,0.10913901776075363,-0.22744934260845184,-0.40755295753479004,0.16505636274814606,-0.63733351230621338,-0.058814719319343567,-0.33464327454566956,-0.071750476956367493,0.20376364886760712,1.2100856900215149,-0.21246197819709778,-1.1803909301757813,-0.94543049111962318,-0.22744934260845184,0.67395763397216801,1.082528181374073,-0.41999999999999998,-1.0470517754554749,-1.1673216372728348,-0.071750476956367493,1.1630109190940856
-0.093673572842407904,-0.021157416593738505,0.070810770898788386,0.036802803928339553,-0.011097217249503783,-0.99926092958362456,0.95678438806336386,-0.074368421231395532,-1.0988781209453951,-1.1145553325992259,-0.11999965756652616,0.88527522948746584,0.90079813861215563,-0.074817545433442309,-1.0437500009709162,-1.0087743992201517,0.026984993480584044,1.0603338970817886,0,0.055,0.041999999999999996,0.055,0.055,-0.093673571944236755,-0.021157417446374893,0.070810772478580475,0.036802802234888077,-0.011097216978669167,-0.99926090240478516,1,0,0,0,0,-0.043215610086917877,-0.074368424713611603,-0.098878122866153717,-0.11455532908439636,-0.11999965459108353,-0.1147247701883316,-0.099201858043670654,-0.074817545711994171,-0.04374999925494194,-0.0087743988260626793,0.026984993368387222,0.060333896428346634,0.42017138004302979,-0.21246197819709778,-0.22548866271972656,0.10913901776075363,-0.22744934260845184,-0.40755295753479004,0.16505636274814606,-0.63733351230621338,-0.058814719319343567,-0.33464327454566956,-0.071750476956367493,0.20376364886760712,-0.097420826554298401,-0.033648837357759476,0.06105973944067955,0.036319650709629059,-0.0096918325871229172,-0.99929320812225342,1,0,0,0,0,-0.032978959381580353,-0.065602928400039673,-0.092366777360439301,-0.11087977886199951,-0.11948822438716888,-0.11742313206195831,-0.10486899316310883,-0.082947209477424622,-0.053616005927324295,-0.019495442509651184,0.016366591677069664,0.050766646862030029,0.40984204411506653,-0.37125542759895325,-0.31756812334060669,0.12044918537139893,-0.26056304574012756,-0.38881868124008179,0.19445973634719849,-0.48521053791046143,-0.14442948997020721,-0.39254459738731384,-0.021301710978150368,0.2950262725353241,-0.099523983895778656,-0.045572388917207718,0.050278246402740479,0.035803753882646561,-0.0082621239125728607,-0.99932467937469482,1,0,0,0,0,-0.022475359961390495,-0.056306403130292892,-0.085107766091823578,-0.10630670189857483,-0.11800958216190338,-0.11917101591825485,-0.10968725383281708,-0.090405464172363281,-0.063048012554645538,-0.030058678239583969,0.0056157112121582031,0.040788464248180389,0.38155955076217651,-0.55219197273254395,-0.39978224039077759,0.18082557618618011,-0.39148670434951782,-0.11099178344011307,0.27535763382911682,-0.381013423204422,-0.25041839480400085,-0.46142715215682983,0.22556279599666595,0.4586198627948761,-0.099947549402713776,-0.056726854294538498,0.038648251444101334,0.035255562514066696,-0.0068116672337055206,-0.99935513734817505,1,0,0,0,0,-0.011789831332862377,-0.046554110944271088,-0.077159851789474487,-0.10087312757968903,-0.11557570844888687,-0.11995425820350647,-0.11361765116453171,-0.097131915390491486,-0.071969680488109589,-0.040378604084253311,-0.0051806261762976646,0.030480120331048965,0.37533670663833618,-0.69702839851379395,-0.40779292583465576,0.21126823127269745,-0.56964606046676636,0.33606579899787903,0.46350955963134766,-0.23086546361446381,-0.48204687237739563,-0.49895048141479492,0.39354357123374939,0.51910519599914551,0.41150632500648499,-0.12475806474685669,-0.17104776203632355,0.088535599410533905,-0.20752018690109253,-0.4087681770324707,0.16141974925994873,-0.68910551071166992,-0.077130019664764404,-0.27004021406173706,-0.070979088544845581,0.17867536842823029,0.41150632500648499,-0.12475806474685669,-0.17104776203632355,0.088535599410533905,-0.20752018690109253,-0.4087681770324707,0.16141974925994873,-0.68910551071166992,-0.077130019664764404,-0.27004021406173706,-0.070979088544845581,0.17867536842823029,1.2057531625032425,-0.12475806474685669,-1.1368382096290588,-0.95573220029473305,-0.20752018690109253,0.67298545837402335,1.0807098746299744,-0.41999999999999998,-1.0617040157318116,-1.1350201070308685,-0.070979088544845581,1.1429402947425842
-0.088345465572015322,-0.00830894028174964,0.079366786384915317,0.037252782340471385,-0.012474767225677976,-0.99922800720884464,0.9468975468046178,-0.082531939102076804,-1.1045890926896305,-1.1173036141198116,-0.11953975306030087,0.88890223812067215,0.90726826149328144,-0.066082265111716595,-1.0335298597838711,-0.99798233194187813,0.037384963621605344,1.069412771726584,0,0.055,0.035999999999999997,0.055,0.055,-0.088345468044281006,-0.0083089405670762062,0.079366788268089294,0.03725278377532959,-0.012474766932427883,-0.99922800064086914,1,0,0,0,0,-0.053102452307939529,-0.082531936466693878,-0.10458908975124359,-0.11730361729860306,-0.11953975260257721,-0.11109776049852371,-0.092731736600399017,-0.066082261502742767,-0.033529859036207199,0.0020176679827272892,0.037384964525699615,0.069412775337696075,0.41150632500648499,-0.12475806474685669,-0.17104776203632355,0.088535599410533905,-0.20752018690109253,-0.4087681770324707,0.16141974925994873,-0.68910551071166992,-0.077130019664764404,-0.27004021406173706,-0.070979088544845581,0.17867536842823029,-0.093673571944236755,-0.021157417446374893,0.070810772478580475,0.036802802234888077,-0.011097216978669167,-0.99926090240478516,1,0,0,0,0,-0.043215610086917877,-0.074368424713611603,-0.098878122866153717,-0.11455532908439636,-0.11999965459108353,-0.1147247701883316,-0.099201858043670654,-0.074817545711994171,-0.04374999925494194,-0.0087743988260626793,0.026984993368387222,0.060333896428346634,0.42017138004302979,-0.21246197819709778,-0.22548866271972656,0.10913901776075363,-0.22744934260845184,-0.40755295753479004,0.16505636274814606,-0.63733351230621338,-0.058814719319343567,-0.33464327454566956,-0.071750476956367493,0.20376364886760712,-0.097420826554298401,-0.033648837357759476,0.06105973944067955,0.036319650709629059,-0.0096918325871229172,-0.99929320812225342,1,0,0,0,0,-0.032978959381580353,-0.065602928400039673,-0.092366777360439301,-0.11087977886199951,-0.11948822438716888,-0.11742313206195831,-0.10486899316310883,-0.082947209477424622,-0.053616005927324295,-0.019495442509651184,0.016366591677069664,0.050766646862030029,0.40984204411506653,-0.37125542759895325,-0.31756812334060669,0.12044918537139893,-0.26056304574012756,-0.38881868124008179,0.19445973634719849,-0.48521053791046143,-0.14442948997020721,-0.39254459738731384,-0.021301710978150368,0.2950262725353241,-0.099523983895778656,-0.045572388917207718,0.050278246402740479,0.035803753882646561,-0.0082621239125728607,-0.99932467937469482,1,0,0,0,0,-0.022475359961390495,-0.056306403130292892,-0.085107766091823578,-0.10630670189857483,-0.11800958216190338,-0.11917101591825485,-0.10968725383281708,-0.090405464172363281,-0.063048012554645538,-0.030058678239583969,0.0056157112121582031,0.040788464248180389,0.38155955076217651,-0.55219197273254395,-0.39978224039077759,0.18082557618618011,-0.39148670434951782,-0.11099178344011307,0.27535763382911682,-0.381013423204422,-0.25041839480400085,-0.46142715215682983,0.22556279599666595,0.4586198627948761,0.39957243204116821,-0.096498847007751465,-0.15491278469562531,0.082497879862785339,-0.19451960921287537,-0.38888168334960938,0.12687063217163086,-0.71789747476577759,-0.052710037678480148,-0.26891499757766724,-0.03660636767745018,0.18244265019893646,0.39957243204116821,-0.096498847007751465,-0.15491278469562531,0.082497879862785339,-0.19451960921287537,-0.38888168334960938,0.12687063217163086,-0.71789747476577759,-0.052710037678480148,-0.26891499757766724,-0.03660636767745018,0.18244265019893646,1.1997862160205841,-0.096498847007751465,-1.1239302277565002,-0.95875106006860733,-0.19451960921287537,0.68889465332031241,1.0634353160858154,-0.41999999999999998,-1.042168030142784,-1.1344574987888336,-0.03660636767745018,1.1459541201591492
-0.081526421444996347,0.0046797594726689885,0.086583391112978997,0.037669191916510296,-0.013821041425108102,-0.99919468112789844,0.93744054515747122,-0.090027399387590246,-1.1094534644695697,-1.1191023775503957,-0.11811222996144498,0.89342853136206946,0.91448900458240456,-0.056812079649832203,-1.0230383100075946,-0.98720659674625333,0.047482319904399592,1.0779297823322693,0,0.055,0.029999999999999999,0.055,0.055,-0.081526421010494232,0.0046797594986855984,0.086583390831947327,0.037669192999601364,-0.013821041211485863,-0.9991946816444397,1,0,0,0,0,-0.062559455633163452,-0.090027399361133575,-0.1094534620642662,-0.11910238116979599,-0.1181122288107872,-0.10657146573066711,-0.085510998964309692,-0.05681208148598671,-0.023038310930132866,0.012793403118848801,0.047482319176197052,0.077929779887199402,0.39957243204116821,-0.096498847007751465,-0.15491278469562531,0.082497879862785339,-0.19451960921287537,-0.38888168334960938,0.12687063217163086,-0.71789747476577759,-0.052710037678480148,-0.26891499757766724,-0.03660636767745018,0.18244265019893646,-0.088345468044281006,-0.0083089405670762062,0.079366788268089294,0.03725278377532959,-0.012474766932427883,-0.99922800064086914,1,0,0,0,0,-0.053102452307939529,-0.082531936466693878,-0.10458908975124359,-0.11730361729860306,-0.11953975260257721,-0.11109776049852371,-0.092731736600399017,-0.066082261502742767,-0.033529859036207199,0.0020176679827272892,0.037384964525699615,0.069412775337696075,0.41150632500648499,-0.12475806474685669,-0.17104776203632355,0.088535599410533905,-0.20752018690109253,-0.4087681770324707,0.16141974925994873,-0.68910551071166992,-0.077130019664764404,-0.27004021406173706,-0.070979088544845581,0.17867536842823029,-0.093673571944236755,-0.021157417446374893,0.070810772478580475,0.036802802234888077,-0.011097216978669167,-0.99926090240478516,1,0,0,0,0,-0.043215610086917877,-0.074368424713611603,-0.098878122866153717,-0.11455532908439636,-0.11999965459108353,-0.1147247701883316,-0.099201858043670654,-0.074817545711994171,-0.04374999925494194,-0.0087743988260626793,0.026984993368387222,0.060333896428346634,0.42017138004302979,-0.21246197819709778,-0.22548866271972656,0.10913901776075363,-0.22744934260845184,-0.40755295753479004,0.16505636274814606,-0.63733351230621338,-0.058814719319343567,-0.33464327454566956,-0.071750476956367493,0.20376364886760712,-0.097420826554298401,-0.033648837357759476,0.06105973944067955,0.036319650709629059,-0.0096918325871229172,-0.99929320812225342,1,0,0,0,0,-0.032978959381580353,-0.065602928400039673,-0.092366777360439301,-0.11087977886199951,-0.11948822438716888,-0.11742313206195831,-0.10486899316310883,-0.082947209477424622,-0.053616005927324295,-0.019495442509651184,0.016366591677069664,0.050766646862030029,0.40984204411506653,-0.37125542759895325,-0.31756812334060669,0.12044918537139893,-0.26056304574012756,-0.38881868124008179,0.19445973634719849,-0.48521053791046143,-0.14442948997020721,-0.39254459738731384,-0.021301710978150368,0.2950262725353241,0.38915076851844788,-0.085114181041717529,-0.14567840099334717,0.067442737519741058,-0.19572140276432037,-0.38111618161201477,0.11094655841588974,-0.7216041088104248,-0.059976097196340561,-0.25729861855506897,-0.020426856353878975,0.1838759183883667,0.38915076851844788,-0.085114181041717529,-0.14567840099334717,0.067442737519741058,-0.19572140276432037,-0.38111618161201477,0.11094655841588974,-0.7216041088104248,-0.059976097196340561,-0.25729861855506897,-0.020426856353878975,0.1838759183883667,1.1945753842592239,-0.085114181041717529,-1.1165427207946776,-0.96627863124012947,-0.19572140276432037,0.69510705471038814,1.0554732792079449,-0.41999999999999998,-1.0479808777570725,-1.1286493092775345,-0.020426856353878975,1.1471007347106934
-0.073331520099565659,0.017589482611448402,0.0923387961275519,0.038051668536997041,-0.015132678955394267,-0.99916118446884394,0.92848993314306838,-0.096794129829988862,-1.1134318614625676,-1.1199370627392742,-0.11572864340418368,0.89881747097722997,0.92240191932925797,-0.047082026878974462,-1.0123602758482118,-0.97653441818793474,0.057195328935467846,1.085815987667123,0,0.055,0.023999999999999994,0.055,0.055,-0.073331519961357117,0.01758948341012001,0.092338792979717255,0.038051668554544449,-0.015132678672671318,-0.99916118383407593,1,0,0,0,0,-0.071510069072246552,-0.09679412841796875,-0.11343186348676682,-0.11993706226348877,-0.11572864651679993,-0.10118252784013748,-0.077598080039024353,-0.047082025557756424,-0.012360275723040104,0.023465581238269806,0.057195328176021576,0.085815988481044769,0.38915076851844788,-0.085114181041717529,-0.14567840099334717,0.067442737519741058,-0.19572140276432037,-0.38111618161201477,0.11094655841588974,-0.7216041088104248,-0.059976097196340561,-0.25729861855506897,-0.020426856353878975,0.1838759183883667,-0.081526421010494232,0.0046797594986855984,0.086583390831947327,0.037669192999601364,-0.013821041211485863,-0.9991946816444397,1,0,0,0,0,-0.062559455633163452,-0.090027399361133575,-0.1094534620642662,-0.11910238116979599,-0.1181122288107872,-0.10657146573066711,-0.085510998964309692,-0.05681208148598671,-0.023038310930132866,0.012793403118848801,0.047482319176197052,0.077929779887199402,0.39957243204116821,-0.096498847007751465,-0.15491278469562531,0.082497879862785339,-0.19451960921287537,-0.38888168334960938,0.12687063217163086,-0.71789747476577759,-0.052710037678480148,-0.26891499757766724,-0.03660636767745018,0.18244265019893646,-0.088345468044281006,-0.0083089405670762062,0.079366788268089294,0.03725278377532959,-0.012474766932427883,-0.99922800064086914,1,0,0,0,0,-0.053102452307939529,-0.082531936466693878,-0.10458908975124359,-0.11730361729860306,-0.11953975260257721,-0.11109776049852371,-0.092731736600399017,-0.066082261502742767,-0.033529859036207199,0.0020176679827272892,0.037384964525699615,0.069412775337696075,0.41150632500648499,-0.12475806474685669,-0.17104776203632355,0.088535599410533905,-0.20752018690109253,-0.4087681770324707,0.16141974925994873,-0.68910551071166992,-0.077130019664764404,-0.27004021406173706,-0.070979088544845581,0.17867536842823029,-0.093673571944236755,-0.021157417446374893,0.070810772478580475,0.036802802234888077,-0.011097216978669167,-0.99926090240478516,1,0,0,0,0,-0.043215610086917877,-0.074368424713611603,-0.098878122866153717,-0.11455532908439636,-0.11999965459108353,-0.1147247701883316,-0.099201858043670654,-0.074817545711994171,-0.04374999925494194,-0.0087743988260626793,0.026984993368387222,0.060333896428346634,0.42017138004302979,-0.21246197819709778,-0.22548866271972656,0.10913901776075363,-0.22744934260845184,-0.40755295753479004,0.16505636274814606,-0.63733351230621338,-0.058814719319343567,-0.33464327454566956,-0.071750476956367493,0.20376364886760712,0.38723069429397583,-0.081189848482608795,-0.1466810554265976,0.063136808574199677,-0.19827388226985931,-0.3871074914932251,0.10454911738634109,-0.71964234113693237,-0.068432778120040894,-0.24560554325580597,-0.008137701079249382,0.17782941460609436,0.38723069429397583,-0.081189848482608795,-0.1466810554265976,0.063136808574199677,-0.19827388226985931,-0.3871074914932251,0.10454911738634109,-0.71964234113693237,-0.068432778120040894,-0.24560554325580597,-0.008137701079249382,0.17782941460609436,1.1936153471469879,-0.081189848482608795,-1.1173448443412781,-0.96843159571290016,-0.19827388226985931,0.69031400680541988,1.0522745586931705,-0.41999999999999998,-1.0547462224960327,-1.122802771627903,-0.008137701079249382,1.1422635316848755
-0.063899060432822383,0.030202361902673239,0.096535871990179184,0.038399879383829917,-0.0164064071326522,-0.99912775913208651,0.92011816179446571,-0.10277735689980014,-1.1164920803989946,-1.1198009132988265,-0.11240828741088951,0.905025436011344,0.93094295437657393,-0.036970867041885375,-1.0015821910160227,-0.96605218257886094,0.066445368433198787,1.0930075525741201,0,0.055,0.017999999999999995,0.055,0.055,-0.06389906257390976,0.030202362686395645,0.096535868942737579,0.038399878889322281,-0.016406407579779625,-0.99912774562835693,1,0,0,0,0,-0.079881839454174042,-0.10277735441923141,-0.11649207770824432,-0.11980091035366058,-0.11240828782320023,-0.094974562525749207,-0.069057047367095947,-0.036970868706703186,-0.0015821909764781594,0.033947817981243134,0.06644536554813385,0.093007549643516541,0.38723069429397583,-0.081189848482608795,-0.1466810554265976,0.063136808574199677,-0.19827388226985931,-0.3871074914932251,0.10454911738634109,-0.71964234113693237,-0.068432778120040894,-0.24560554325580597,-0.008137701079249382,0.17782941460609436,-0.073331519961357117,0.01758948341012001,0.092338792979717255,0.038051668554544449,-0.015132678672671318,-0.99916118383407593,1,0,0,0,0,-0.071510069072246552,-0.09679412841796875,-0.11343186348676682,-0.11993706226348877,-0.11572864651679993,-0.10118252784013748,-0.077598080039024353,-0.047082025557756424,-0.012360275723040104,0.023465581238269806,0.057195328176021576,0.085815988481044769,0.38915076851844788,-0.085114181041717529,-0.14567840099334717,0.067442737519741058,-0.19572140276432037,-0.38111618161201477,0.11094655841588974,-0.7216041088104248,-0.059976097196340561,-0.25729861855506897,-0.020426856353878975,0.1838759183883667,-0.081526421010494232,0.0046797594986855984,0.086583390831947327,0.037669192999601364,-0.013821041211485863,-0.9991946816444397,1,0,0,0,0,-0.062559455633163452,-0.090027399361133575,-0.1094534620642662,-0.11910238116979599,-0.1181122288107872,-0.10657146573066711,-0.085510998964309692,-0.05681208148598671,-0.023038310930132866,0.012793403118848801,0.047482319176197052,0.077929779887199402,0.39957243204116821,-0.096498847007751465,-0.15491278469562531,0.082497879862785339,-0.19451960921287537,-0.38888168334960938,0.12687063217163086,-0.71789747476577759,-0.052710037678480148,-0.26891499757766724,-0.03660636767745018,0.18244265019893646,-0.088345468044281006,-0.0083089405670762062,0.079366788268089294,0.03725278377532959,-0.012474766932427883,-0.99922800064086914,1,0,0,0,0,-0.053102452307939529,-0.082531936466693878,-0.10458908975124359,-0.11730361729860306,-0.11953975260257721,-0.11109776049852371,-0.092731736600399017,-0.066082261502742767,-0.033529859036207199,0.0020176679827272892,0.037384964525699615,0.069412775337696075,0.41150632500648499,-0.12475806474685669,-0.17104776203632355,0.088535599410533905,-0.20752018690109253,-0.4087681770324707,0.16141974925994873,-0.68910551071166992,-0.077130019664764404,-0.27004021406173706,-0.070979088544845581,0.17867536842823029,0.3888297975063324,-0.087512850761413574,-0.14784532785415649,0.057544909417629242,-0.2045719176530838,-0.40067663788795471,0.10355733335018158,-0.7157408595085144,-0.077865734696388245,-0.23590712249279022,-0.00010162591934204102,0.17135801911354065,0.3888297975063324,-0.087512850761413574,-0.14784532785415649,0.057544909417629242,-0.2045719176530838,-0.40067663788795471,0.10355733335018158,-0.7157408595085144,-0.077865734696388245,-0.23590712249279022,-0.00010162591934204102,0.17135801911354065,1.1944148987531662,-0.087512850761413574,-1.1182762622833251,-0.97122754529118538,-0.2045719176530838,0.67945868968963619,1.0517786666750908,-0.41999999999999998,-1.0622925877571106,-1.1179535612463951,-0.00010162591934204102,1.1370864152908324
-0.05338822663916435,0.042305539714299761,0.09910378795642899,0.038713523099591932,-0.017639049598446727,-0.99909465370328188,0.91239299669928409,-0.10792864916222132,-1.1186093502326957,-1.1186950312953243,-0.10817803871596257,0.91200217588052124,0.9400429740259717,-0.026560445265403038,-0.99079129908489783,-0.95584473873131381,0.075157563638598698,1.0994462646867802,0,0.055,0.011999999999999997,0.055,0.055,-0.05338822677731514,0.042305540293455124,0.099103786051273346,0.038713522255420685,-0.017639050260186195,-0.99909466505050659,1,0,0,0,0,-0.087607003748416901,-0.10792864859104156,-0.11860935389995575,-0.11869502812623978,-0.1081780418753624,-0.08799782395362854,-0.059957027435302734,-0.026560444384813309,0.0092087006196379662,0.044155262410640717,0.075157560408115387,0.099446266889572144,0.3888297975063324,-0.087512850761413574,-0.14784532785415649,0.057544909417629242,-0.2045719176530838,-0.40067663788795471,0.10355733335018158,-0.7157408595085144,-0.077865734696388245,-0.23590712249279022,-0.00010162591934204102,0.17135801911354065,-0.06389906257390976,0.030202362686395645,0.096535868942737579,0.038399878889322281,-0.016406407579779625,-0.99912774562835693,1,0,0,0,0,-0.079881839454174042,-0.10277735441923141,-0.11649207770824432,-0.11980091035366058,-0.11240828782320023,-0.094974562525749207,-0.069057047367095947,-0.036970868706703186,-0.0015821909764781594,0.033947817981243134,0.06644536554813385,0.093007549643516541,0.38723069429397583,-0.081189848482608795,-0.1466810554265976,0.063136808574199677,-0.19827388226985931,-0.3871074914932251,0.10454911738634109,-0.71964234113693237,-0.068432778120040894,-0.24560554325580597,-0.008137701079249382,0.17782941460609436,-0.073331519961357117,0.01758948341012001,0.092338792979717255,0.038051668554544449,-0.015132678672671318,-0.99916118383407593,1,0,0,0,0,-0.071510069072246552,-0.09679412841796875,-0.11343186348676682,-0.11993706226348877,-0.11572864651679993,-0.10118252784013748,-0.077598080039024353,-0.047082025557756424,-0.012360275723040104,0.023465581238269806,0.057195328176021576,0.085815988481044769,0.38915076851844788,-0.085114181041717529,-0.14567840099334717,0.067442737519741058,-0.19572140276432037,-0.38111618161201477,0.11094655841588974,-0.7216041088104248,-0.059976097196340561,-0.25729861855506897,-0.020426856353878975,0.1838759183883667,-0.081526421010494232,0.0046797594986855984,0.086583390831947327,0.037669192999601364,-0.013821041211485863,-0.9991946816444397,1,0,0,0,0,-0.062559455633163452,-0.090027399361133575,-0.1094534620642662,-0.11910238116979599,-0.1181122288107872,-0.10657146573066711,-0.085510998964309692,-0.05681208148598671,-0.023038310930132866,0.012793403118848801,0.047482319176197052,0.077929779887199402,0.39957243204116821,-0.096498847007751465,-0.15491278469562531,0.082497879862785339,-0.19451960921287537,-0.38888168334960938,0.12687063217163086,-0.71789747476577759,-0.052710037678480148,-0.26891499757766724,-0.03660636767745018,0.18244265019893646,0.39494204521179199,-0.094513550400733948,-0.15080945193767548,0.055243376642465591,-0.20833249390125275,-0.41654059290885925,0.10492029041051865,-0.71412503719329834,-0.08498779684305191,-0.22699512541294098,0.0097940107807517052,0.16282655298709869,0.39494204521179199,-0.094513550400733948,-0.15080945193767548,0.055243376642465591,-0.20833249390125275,-0.41654059290885925,0.10492029041051865,-0.71412503719329834,-0.08498779684305191,-0.22699512541294098,0.0097940107807517052,0.16282655298709869,1.197471022605896,-0.094513550400733948,-1.1206475615501403,-0.9723783116787672,-0.20833249390125275,0.66676752567291264,1.0524601452052593,-0.41999999999999998,-1.0679902374744414,-1.1134975627064705,0.0097940107807517052,1.130261242389679
-0.041976401783985894,0.05369476024480118,0.09999920733059188,0.038992329905903157,-0.018827534161385859,-0.99906212127470384,0.9053769694688566,-0.11220630930701388,-1.1197665326510655,-1.1166283683282185,-0.10307213921119103,0.91969121712684854,0.94962831785921686,-0.015935029062302007,-0.98007494729620526,-0.94599471114632594,0.083261393391571639,1.1050800056311458,0,0.055,0.0059999999999999984,0.055,0.055,-0.041976403445005417,0.05369475856423378,0.099999204277992249,0.038992330431938171,-0.018827533349394798,-0.99906212091445923,1,0,0,0,0,-0.094623029232025146,-0.11220631003379822,-0.11976653337478638,-0.11662837117910385,-0.10307213664054871,-0.080308780074119568,-0.050371680408716202,-0.015935029834508896,0.019925052300095558,0.05400528758764267,0.083261393010616302,0.1050800085067749,0.39494204521179199,-0.094513550400733948,-0.15080945193767548,0.055243376642465591,-0.20833249390125275,-0.41654059290885925,0.10492029041051865,-0.71412503719329834,-0.08498779684305191,-0.22699512541294098,0.0097940107807517052,0.16282655298709869,-0.05338822677731514,0.042305540293455124,0.099103786051273346,0.038713522255420685,-0.017639050260186195,-0.99909466505050659,1,0,0,0,0,-0.087607003748416901,-0.10792864859104156,-0.11860935389995575,-0.11869502812623978,-0.1081780418753624,-0.08799782395362854,-0.059957027435302734,-0.026560444384813309,0.0092087006196379662,0.044155262410640717,0.075157560408115387,0.099446266889572144,0.3888297975063324,-0.087512850761413574,-0.14784532785415649,0.057544909417629242,-0.2045719176530838,-0.40067663788795471,0.10355733335018158,-0.7157408595085144,-0.077865734696388245,-0.23590712249279022,-0.00010162591934204102,0.17135801911354065,-0.06389906257390976,0.030202362686395645,0.096535868942737579,0.038399878889322281,-0.016406407579779625,-0.99912774562835693,1,0,0,0,0,-0.079881839454174042,-0.10277735441923141,-0.11649207770824432,-0.11980091035366058,-0.11240828782320023,-0.094974562525749207,-0.069057047367095947,-0.036970868706703186,-0.0015821909764781594,0.033947817981243134,0.06644536554813385,0.093007549643516541,0.38723069429397583,-0.081189848482608795,-0.1466810554265976,0.063136808574199677,-0.19827388226985931,-0.3871074914932251,0.10454911738634109,-0.71964234113693237,-0.068432778120040894,-0.24560554325580597,-0.008137701079249382,0.17782941460609436,-0.073331519961357117,0.01758948341012001,0.092338792979717255,0.038051668554544449,-0.015132678672671318,-0.99916118383407593,1,0,0,0,0,-0.071510069072246552,-0.09679412841796875,-0.11343186348676682,-0.11993706226348877,-0.11572864651679993,-0.10118252784013748,-0.077598080039024353,-0.047082025557756424,-0.012360275723040104,0.023465581238269806,0.057195328176021576,0.085815988481044769,0.38915076851844788,-0.085114181041717529,-0.14567840099334717,0.067442737519741058,-0.19572140276432037,-0.38111618161201477,0.11094655841588974,-0.7216041088104248,-0.059976097196340561,-0.25729861855506897,-0.020426856353878975,0.1838759183883667,0.39932167530059814,-0.10220423340797424,-0.15066120028495789,0.05119149386882782,-0.21221943199634552,-0.43222290277481079,0.10782240331172943,-0.71141386032104492,-0.093054793775081635,-0.21762557327747345,0.015045430511236191,0.15596562623977661,0.39932167530059814,-0.10220423340797424,-0.15066120028495789,0.05119149386882782,-0.21221943199634552,-0.43222290277481079,0.10782240331172943,-0.71141386032104492,-0.093054793775081635,-0.21762557327747345,0.015045430511236191,0.15596562623977661,1.1996608376502991,-0.10220423340797424,-1.1205289602279662,-0.97440425306558609,-0.21221943199634552,0.65422167778015128,1.0539112016558647,-0.41999999999999998,-1.0744438350200654,-1.1088127866387367,0.015045430511236191,1.1247725009918212
-0.029856174249359359,0.064177816587493372,0.099207018824969795,0.03923606168292669,-0.019968900345204252,-0.99903041719590147,0.89912687157397664,-0.11557571166879797,-1.1199542608017024,-1.113617653071113,-0.097131918773594325,0.92803032054471479,0.95962139698497939,-0.0051806262250474414,-0.96951987952359731,-0.93658183120684835,0.090691260966846446,1.1098631728997308,0,0.055,6.9388939039072284e-18,0.055,0.055,-0.029856173321604729,0.064177818596363068,0.099207021296024323,0.039236061275005341,-0.019968900829553604,-0.99903041124343872,1,0,0,0,0,-0.10087312757968903,-0.11557570844888687,-0.11995425820350647,-0.11361765116453171,-0.097131915390491486,-0.071969680488109589,-0.040378604084253311,-0.0051806261762976646,0.030480120331048965,0.063418172299861908,0.090691260993480682,0.10986316949129105,0.39932167530059814,-0.10220423340797424,-0.15066120028495789,0.05119149386882782,-0.21221943199634552,-0.43222290277481079,0.10782240331172943,-0.71141386032104492,-0.093054793775081635,-0.21762557327747345,0.015045430511236191,0.15596562623977661,-0.041976403445005417,0.05369475856423378,0.099999204277992249,0.038992330431938171,-0.018827533349394798,-0.99906212091445923,1,0,0,0,0,-0.094623029232025146,-0.11220631003379822,-0.11976653337478638,-0.11662837117910385,-0.10307213664054871,-0.080308780074119568,-0.050371680408716202,-0.015935029834508896,0.019925052300095558,0.05400528758764267,0.083261393010616302,0.1050800085067749,0.39494204521179199,-0.094513550400733948,-0.15080945193767548,0.055243376642465591,-0.20833249390125275,-0.41654059290885925,0.10492029041051865,-0.71412503719329834,-0.08498779684305191,-0.22699512541294098,0.0097940107807517052,0.16282655298709869,-0.05338822677731514,0.042305540293455124,0.099103786051273346,0.038713522255420685,-0.017639050260186195,-0.99909466505050659,1,0,0,0,0,-0.087607003748416901,-0.10792864859104156,-0.11860935389995575,-0.11869502812623978,-0.1081780418753624,-0.08799782395362854,-0.059957027435302734,-0.026560444384813309,0.0092087006196379662,0.044155262410640717,0.075157560408115387,0.099446266889572144,0.3888297975063324,-0.087512850761413574,-0.14784532785415649,0.057544909417629242,-0.2045719176530838,-0.40067663788795471,0.10355733335018158,-0.7157408595085144,-0.077865734696388245,-0.23590712249279022,-0.00010162591934204102,0.17135801911354065,-0.06389906257390976,0.030202362686395645,0.096535868942737579,0.038399878889322281,-0.016406407579779625,-0.99912774562835693,1,0,0,0,0,-0.079881839454174042,-0.10277735441923141,-0.11649207770824432,-0.11980091035366058,-0.11240828782320023,-0.094974562525749207,-0.069057047367095947,-0.036970868706703186,-0.0015821909764781594,0.033947817981243134,0.06644536554813385,0.093007549643516541,0.38723069429397583,-0.081189848482608795,-0.1466810554265976,0.063136808574199677,-0.19827388226985931,-0.3871074914932251,0.10454911738634109,-0.71964234113693237,-0.068432778120040894,-0.24560554325580597,-0.008137701079249382,0.17782941460609436,0.40435582399368286,-0.10801453143358231,-0.14933937788009644,0.045121006667613983,-0.21496909856796265,-0.44765332341194153,0.11199640482664108,-0.70840913057327271,-0.10249960422515869,-0.20934729278087616,0.019583551213145256,0.14958943426609039,0.40435582399368286,-0.10801453143358231,-0.14933937788009644,0.045121006667613983,-0.21496909856796265,-0.44765332341194153,0.11199640482664108,-0.70840913057327271,-0.10249960422515869,-0.20934729278087616,0.019583551213145256,0.14958943426609039,1.2021779119968414,-0.10801453143358231,-1.1194715023040771,-0.97743949666619301,-0.21496909856796265,0.64187734127044682,1.0559982024133205,-0.41999999999999998,-1.0819996833801269,-1.1046736463904381,0.019583551213145256,1.1196715474128722
-0.017232087571561024,0.073577794455149365,0.096740591581179494,0.039444512012384754,-0.021060306626641743,-0.99899979677520301,0.89369329464440772,-0.11800958250567727,-1.1191710151127123,-1.109687255860949,-0.090405460719329575,0.93695198497817445,0.96994132208475092,0.0056157113672027862,-0.95921153412177862,-0.92768229178936334,0.097387025048897791,1.1137570489825663,0,0.055,-0.002,0.055,0.055,-0.01723208837211132,0.073577791452407837,0.096740588545799255,0.039444513618946075,-0.021060306578874588,-0.99899977445602417,1,0,0,0,0,-0.10630670189857483,-0.11800958216190338,-0.11917101591825485,-0.10968725383281708,-0.090405464172363281,-0.063048012554645538,-0.030058678239583969,0.0056157112121582031,0.040788464248180389,0.072317704558372498,0.097387023270130157,0.11375705152750015,0.40435582399368286,-0.10801453143358231,-0.14933937788009644,0.045121006667613983,-0.21496909856796265,-0.44765332341194153,0.11199640482664108,-0.70840913057327271,-0.10249960422515869,-0.20934729278087616,0.019583551213145256,0.14958943426609039,-0.029856173321604729,0.064177818596363068,0.099207021296024323,0.039236061275005341,-0.019968900829553604,-0.99903041124343872,1,0,0,0,0,-0.10087312757968903,-0.11557570844888687,-0.11995425820350647,-0.11361765116453171,-0.097131915390491486,-0.071969680488109589,-0.040378604084253311,-0.0051806261762976646,0.030480120331048965,0.063418172299861908,0.090691260993480682,0.10986316949129105,0.39932167530059814,-0.10220423340797424,-0.15066120028495789,0.05119149386882782,-0.21221943199634552,-0.43222290277481079,0.10782240331172943,-0.71141386032104492,-0.093054793775081635,-0.21762557327747345,0.015045430511236191,0.15596562623977661,-0.041976403445005417,0.05369475856423378,0.099999204277992249,0.038992330431938171,-0.018827533349394798,-0.99906212091445923,1,0,0,0,0,-0.094623029232025146,-0.11220631003379822,-0.11976653337478638,-0.11662837117910385,-0.10307213664054871,-0.080308780074119568,-0.050371680408716202,-0.015935029834508896,0.019925052300095558,0.05400528758764267,0.083261393010616302,0.1050800085067749,0.39494204521179199,-0.094513550400733948,-0.15080945193767548,0.055243376642465591,-0.20833249390125275,-0.41654059290885925,0.10492029041051865,-0.71412503719329834,-0.08498779684305191,-0.22699512541294098,0.0097940107807517052,0.16282655298709869,-0.05338822677731514,0.042305540293455124,0.099103786051273346,0.038713522255420685,-0.017639050260186195,-0.99909466505050659,1,0,0,0,0,-0.087607003748416901,-0.10792864859104156,-0.11860935389995575,-0.11869502812623978,-0.1081780418753624,-0.08799782395362854,-0.059957027435302734,-0.026560444384813309,0.0092087006196379662,0.044155262410640717,0.075157560408115387,0.099446266889572144,0.3888297975063324,-0.087512850761413574,-0.14784532785415649,0.057544909417629242,-0.2045719176530838,-0.40067663788795471,0.10355733335018158,-0.7157408595085144,-0.077865734696388245,-0.23590712249279022,-0.00010162591934204102,0.17135801911354065,0.40912580490112305,-0.11350910365581512,-0.14702583849430084,0.037381280213594437,-0.21710266172885895,-0.46137151122093201,0.11712061613798141,-0.70572358369827271,-0.11304275691509247,-0.20227481424808502,0.023139039054512978,0.14359568059444427,0.40912580490112305,-0.11350910365581512,-0.14702583849430084,0.037381280213594437,-0.21710266172885895,-0.46137151122093201,0.11712061613798141,-0.70572358369827271,-0.11304275691509247,-0.20227481424808502,0.023139039054512978,0.14359568059444427,1.2045629024505615,-0.11350910365581512,-1.1176206707954406,-0.98130935989320278,-0.21710266172885895,0.63090279102325431,1.0585603080689907,-0.41999999999999998,-1.0904342055320739,-1.1011374071240425,0.023139039054512978,1.1148765444755555
-0.0043171885208728679,0.081736057823117297,0.092641549549676627,0.039617506186628355,-0.02209903734790182,-0.9989705129541353,0.88912022095321741,-0.11948822076746944,-1.1174231355929367,-1.1048689914314826,-0.082947212591655162,0.9463839937113484,0.98050455817418147,0.016366592392991715,-0.94923335234284023,-0.91936813051805666,0.10329448654786819,1.1167301147674016,0,0.055,-0.002,0.055,0.055,-0.004317188635468483,0.081736057996749878,0.092641547322273254,0.039617504924535751,-0.02209903672337532,-0.99897050857543945,1,0,0,0,0,-0.11087977886199951,-0.11948822438716888,-0.11742313206195831,-0.10486899316310883,-0.082947209477424622,-0.053616005927324295,-0.019495442509651184,0.016366591677069664,0.050766646862030029,0.080631867051124573,0.1032944843173027,0.11673011630773544,0.40912580490112305,-0.11350910365581512,-0.14702583849430084,0.037381280213594437,-0.21710266172885895,-0.46137151122093201,0.11712061613798141,-0.70572358369827271,-0.11304275691509247,-0.20227481424808502,0.023139039054512978,0.14359568059444427,-0.01723208837211132,0.073577791452407837,0.096740588545799255,0.039444513618946075,-0.021060306578874588,-0.99899977445602417,1,0,0,0,0,-0.10630670189857483,-0.11800958216190338,-0.11917101591825485,-0.10968725383281708,-0.090405464172363281,-0.063048012554645538,-0.030058678239583969,0.0056157112121582031,0.040788464248180389,0.072317704558372498,0.097387023270130157,0.11375705152750015,0.40435582399368286,-0.10801453143358231,-0.14933937788009644,0.045121006667613983,-0.21496909856796265,-0.44765332341194153,0.11199640482664108,-0.70840913057327271,-0.10249960422515869,-0.20934729278087616,0.019583551213145256,0.14958943426609039,-0.029856173321604729,0.064177818596363068,0.099207021296024323,0.039236061275005341,-0.019968900829553604,-0.99903041124343872,1,0,0,0,0,-0.10087312757968903,-0.11557570844888687,-0.11995425820350647,-0.11361765116453171,-0.097131915390491486,-0.071969680488109589,-0.040378604084253311,-0.0051806261762976646,0.030480120331048965,0.063418172299861908,0.090691260993480682,0.10986316949129105,0.39932167530059814,-0.10220423340797424,-0.15066120028495789,0.05119149386882782,-0.21221943199634552,-0.43222290277481079,0.10782240331172943,-0.71141386032104492,-0.093054793775081635,-0.21762557327747345,0.015045430511236191,0.15596562623977661,-0.041976403445005417,0.05369475856423378,0.099999204277992249,0.038992330431938171,-0.018827533349394798,-0.99906212091445923,1,0,0,0,0,-0.094623029232025146,-0.11220631003379822,-0.11976653337478638,-0.11662837117910385,-0.10307213664054871,-0.080308780074119568,-0.050371680408716202,-0.015935029834508896,0.019925052300095558,0.05400528758764267,0.083261393010616302,0.1050800085067749,0.39494204521179199,-0.094513550400733948,-0.15080945193767548,0.055243376642465591,-0.20833249390125275,-0.41654059290885925,0.10492029041051865,-0.71412503719329834,-0.08498779684305191,-0.22699512541294098,0.0097940107807517052,0.16282655298709869,0.41409808397293091,-0.11824648827314377,-0.14415587484836578,0.029161553829908371,-0.21843081712722778,-0.47396048903465271,0.12310052663087845,-0.70266354084014893,-0.12399270385503769,-0.19635842740535736,0.026078475639224052,0.13807523250579834,0.41409808397293091,-0.11824648827314377,-0.14415587484836578,0.029161553829908371,-0.21843081712722778,-0.47396048903465271,0.12310052663087845,-0.70266354084014893,-0.12399270385503769,-0.19635842740535736,0.026078475639224052,0.13807523250579834,1.2070490419864655,-0.11824648827314377,-1.1153246998786925,-0.98541922308504581,-0.21843081712722778,0.62083160877227783,1.0615502633154392,-0.41999999999999998,-1.0991941630840301,-1.0981792137026787,0.026078475639224052,1.1104601860046386
0.0086705683210001327,0.088514926104593827,0.086979069035119913,0.03975490118644711,-0.023082509289934404,-0.99894281397712459,0.8854446674007741,-0.11999965756652616,-1.1147247705125343,-1.0992018613878443,-0.07481754543344224,0.95624999902908381,0.99122560077984845,0.026984993480584044,-0.93966610291821129,-0.91170664665382084,0.10836582731594217,1.1187583046722285,0,0.055,-0.002,0.055,0.055,0.0086705684661865234,0.088514924049377441,0.08697906881570816,0.039754901081323624,-0.023082509636878967,-0.9989427924156189,1,0,0,0,0,-0.11455532908439636,-0.11999965459108353,-0.1147247701883316,-0.099201858043670654,-0.074817545711994171,-0.04374999925494194,-0.0087743988260626793,0.026984993368387222,0.060333896428346634,0.088293351233005524,0.10836582630872726,0.11875830590724945,0.41409808397293091,-0.11824648827314377,-0.14415587484836578,0.029161553829908371,-0.21843081712722778,-0.47396048903465271,0.12310052663087845,-0.70266354084014893,-0.12399270385503769,-0.19635842740535736,0.026078475639224052,0.13807523250579834,-0.004317188635468483,0.081736057996749878,0.092641547322273254,0.039617504924535751,-0.02209903672337532,-0.99897050857543945,1,0,0,0,0,-0.11087977886199951,-0.11948822438716888,-0.11742313206195831,-0.10486899316310883,-0.082947209477424622,-0.053616005927324295,-0.019495442509651184,0.016366591677069664,0.050766646862030029,0.080631867051124573,0.1032944843173027,0.11673011630773544,0.40912580490112305,-0.11350910365581512,-0.14702583849430084,0.037381280213594437,-0.21710266172885895,-0.46137151122093201,0.11712061613798141,-0.70572358369827271,-0.11304275691509247,-0.20227481424808502,0.023139039054512978,0.14359568059444427,-0.01723208837211132,0.073577791452407837,0.096740588545799255,0.039444513618946075,-0.021060306578874588,-0.99899977445602417,1,0,0,0,0,-0.10630670189857483,-0.11800958216190338,-0.11917101591825485,-0.10968725383281708,-0.090405464172363281,-0.063048012554645538,-0.030058678239583969,0.0056157112121582031,0.040788464248180389,0.072317704558372498,0.097387023270130157,0.11375705152750015,0.40435582399368286,-0.10801453143358231,-0.14933937788009644,0.045121006667613983,-0.21496909856796265,-0.44765332341194153,0.11199640482664108,-0.70840913057327271,-0.10249960422515869,-0.20934729278087616,0.019583551213145256,0.14958943426609039,-0.029856173321604729,0.064177818596363068,0.099207021296024323,0.039236061275005341,-0.019968900829553604,-0.99903041124343872,1,0,0,0,0,-0.10087312757968903,-0.11557570844888687,-0.11995425820350647,-0.11361765116453171,-0.097131915390491486,-0.071969680488109589,-0.040378604084253311,-0.0051806261762976646,0.030480120331048965,0.063418172299861908,0.090691260993480682,0.10986316949129105,0.39932167530059814,-0.10220423340797424,-0.15066120028495789,0.05119149386882782,-0.21221943199634552,-0.43222290277481079,0.10782240331172943,-0.71141386032104492,-0.093054793775081635,-0.21762557327747345,0.015045430511236191,0.15596562623977661,0.4189068078994751,-0.12300422042608261,-0.14069123566150665,0.020503578707575798,-0.21939247846603394,-0.48485457897186279,0.12983253598213196,-0.69929212331771851,-0.13555997610092163,-0.1912081241607666,0.028126802295446396,0.13332459330558777,0.4189068078994751,-0.12300422042608261,-0.14069123566150665,0.020503578707575798,-0.21939247846603394,-0.48485457897186279,0.12983253598213196,-0.69929212331771851,-0.13555997610092163,-0.1912081241607666,0.028126802295446396,0.13332459330558777,1.2094534039497375,-0.12300422042608261,-1.1125529885292054,-0.9897482106462121,-0.21939247846603394,0.61211633682250977,1.064916267991066,-0.41999999999999998,-1.1084479808807373,-1.0956040620803833,0.028126802295446396,1.1066596746444701
0.021511998808781553,0.093799997677473892,0.079848711262349034,0.039856585630402702,-0.024008277894211168,-0.99891694107890705,0.88269638588018839,-0.11953975306030087,-1.1110977618793278,-1.0927317385067186,-0.066082265111716512,0.96647014021612887,1.0020176680581219,0.037384963621605344,-0.930587228273416,-0.90475985633810163,0.11255999721296867,1.1198252014449526,0,0.055,-0.002,0.055,0.055,0.021511998027563095,0.093800000846385956,0.079848714172840118,0.03985658660531044,-0.024008277803659439,-0.99891692399978638,1,0,0,0,0,-0.11730361729860306,-0.11953975260257721,-0.11109776049852371,-0.092731736600399017,-0.066082261502742767,-0.033529859036207199,0.0020176679827272892,0.037384964525699615,0.069412775337696075,0.095240145921707153,0.11255999654531479,0.11982519924640656,0.4189068078994751,-0.12300422042608261,-0.14069123566150665,0.020503578707575798,-0.21939247846603394,-0.48485457897186279,0.12983253598213196,-0.69929212331771851,-0.13555997610092163,-0.1912081241607666,0.028126802295446396,0.13332459330558777,0.0086705684661865234,0.088514924049377441,0.08697906881570816,0.039754901081323624,-0.023082509636878967,-0.9989427924156189,1,0,0,0,0,-0.11455532908439636,-0.11999965459108353,-0.1147247701883316,-0.099201858043670654,-0.074817545711994171,-0.04374999925494194,-0.0087743988260626793,0.026984993368387222,0.060333896428346634,0.088293351233005524,0.10836582630872726,0.11875830590724945,0.41409808397293091,-0.11824648827314377,-0.14415587484836578,0.029161553829908371,-0.21843081712722778,-0.47396048903465271,0.12310052663087845,-0.70266354084014893,-0.12399270385503769,-0.19635842740535736,0.026078475639224052,0.13807523250579834,-0.004317188635468483,0.081736057996749878,0.092641547322273254,0.039617504924535751,-0.02209903672337532,-0.99897050857543945,1,0,0,0,0,-0.11087977886199951,-0.11948822438716888,-0.11742313206195831,-0.10486899316310883,-0.082947209477424622,-0.053616005927324295,-0.019495442509651184,0.016366591677069664,0.050766646862030029,0.080631867051124573,0.1032944843173027,0.11673011630773544,0.40912580490112305,-0.11350910365581512,-0.14702583849430084,0.037381280213594437,-0.21710266172885895,-0.46137151122093201,0.11712061613798141,-0.70572358369827271,-0.11304275691509247,-0.20227481424808502,0.023139039054512978,0.14359568059444427,-0.01723208837211132,0.073577791452407837,0.096740588545799255,0.039444513618946075,-0.021060306578874588,-0.99899977445602417,1,0,0,0,0,-0.10630670189857483,-0.11800958216190338,-0.11917101591825485,-0.10968725383281708,-0.090405464172363281,-0.063048012554645538,-0.030058678239583969,0.0056157112121582031,0.040788464248180389,0.072317704558372498,0.097387023270130157,0.11375705152750015,0.40435582399368286,-0.10801453143358231,-0.14933937788009644,0.045121006667613983,-0.21496909856796265,-0.44765332341194153,0.11199640482664108,-0.70840913057327271,-0.10249960422515869,-0.20934729278087616,0.019583551213145256,0.14958943426609039,0.42353874444961548,-0.12779311835765839,-0.13676021993160248,0.011755802668631077,-0.21982397139072418,-0.49420702457427979,0.13704927265644073,-0.69566935300827026,-0.14735302329063416,-0.18678213655948639,0.029458636417984962,0.12914802134037018,0.42353874444961548,-0.12779311835765839,-0.13676021993160248,0.011755802668631077,-0.21982397139072418,-0.49420702457427979,0.13704927265644073,-0.69566935300827026,-0.14735302329063416,-0.18678213655948639,0.029458636417984962,0.12914802134037018,1.2117693722248077,-0.12779311835765839,-1.1094081759452821,-0.99412209866568446,-0.21982397139072418,0.60463438034057615,1.0685246363282204,-0.41999999999999998,-1.1178824186325074,-1.0933910682797432,0.029458636417984962,1.1033184170722961
0.033990388231851271,0.097502080550443626,0.071370809664840371,0.03992247969851985,-0.024874043122031793,-0.99889312621195103,0.88089762244960446,-0.11811222996144498,-1.1065714686379307,-1.0855109954175954,-0.056812079649832203,0.9769616899924054,1.0127934032537467,0.047482319904399592,-0.92207021766773067,-0.89858399060113403,0.11584304638821501,1.119922169053398,0,0.055,-0.002,0.055,0.055,0.033990386873483658,0.097502082586288452,0.071370810270309448,0.039922479540109634,-0.024874042719602585,-0.998893141746521,1,0,0,0,0,-0.11910238116979599,-0.1181122288107872,-0.10657146573066711,-0.085510998964309692,-0.05681208148598671,-0.023038310930132866,0.012793403118848801,0.047482319176197052,0.077929779887199402,0.10141600668430328,0.1158430427312851,0.11992216855287552,0.42353874444961548,-0.12779311835765839,-0.13676021993160248,0.011755802668631077,-0.21982397139072418,-0.49420702457427979,0.13704927265644073,-0.69566935300827026,-0.14735302329063416,-0.18678213655948639,0.029458636417984962,0.12914802134037018,0.021511998027563095,0.093800000846385956,0.079848714172840118,0.03985658660531044,-0.024008277803659439,-0.99891692399978638,1,0,0,0,0,-0.11730361729860306,-0.11953975260257721,-0.11109776049852371,-0.092731736600399017,-0.066082261502742767,-0.033529859036207199,0.0020176679827272892,0.037384964525699615,0.069412775337696075,0.095240145921707153,0.11255999654531479,0.11982519924640656,0.4189068078994751,-0.12300422042608261,-0.14069123566150665,0.020503578707575798,-0.21939247846603394,-0.48485457897186279,0.12983253598213196,-0.69929212331771851,-0.13555997610092163,-0.1912081241607666,0.028126802295446396,0.13332459330558777,0.0086705684661865234,0.088514924049377441,0.08697906881570816,0.039754901081323624,-0.023082509636878967,-0.9989427924156189,1,0,0,0,0,-0.11455532908439636,-0.11999965459108353,-0.1147247701883316,-0.099201858043670654,-0.074817545711994171,-0.04374999925494194,-0.0087743988260626793,0.026984993368387222,0.060333896428346634,0.088293351233005524,0.10836582630872726,0.11875830590724945,0.41409808397293091,-0.11824648827314377,-0.14415587484836578,0.029161553829908371,-0.21843081712722778,-0.47396048903465271,0.12310052663087845,-0.70266354084014893,-0.12399270385503769,-0.19635842740535736,0.026078475639224052,0.13807523250579834,-0.004317188635468483,0.081736057996749878,0.092641547322273254,0.039617504924535751,-0.02209903672337532,-0.99897050857543945,1,0,0,0,0,-0.11087977886199951,-0.11948822438716888,-0.11742313206195831,-0.10486899316310883,-0.082947209477424622,-0.053616005927324295,-0.019495442509651184,0.016366591677069664,0.050766646862030029,0.080631867051124573,0.1032944843173027,0.11673011630773544,0.40912580490112305,-0.11350910365581512,-0.14702583849430084,0.037381280213594437,-0.21710266172885895,-0.46137151122093201,0.11712061613798141,-0.70572358369827271,-0.11304275691509247,-0.20227481424808502,0.023139039054512978,0.14359568059444427,0.42783728241920471,-0.13279807567596436,-0.13246046006679535,0.0032425851095467806,-0.2196974903345108,-0.50215893983840942,0.14464761316776276,-0.69174563884735107,-0.15925575792789459,-0.18291658163070679,0.030119037255644798,0.12539516389369965,0.42783728241920471,-0.13279807567596436,-0.13246046006679535,0.0032425851095467806,-0.2196974903345108,-0.50215893983840942,0.14464761316776276,-0.69174563884735107,-0.15925575792789459,-0.18291658163070679,0.030119037255644798,0.12539516389369965,1.2139186412096024,-0.13279807567596436,-1.1059683680534362,-0.99837870744522661,-0.2196974903345108,0.59827284812927251,1.0723238065838814,-0.41999999999999998,-1.1274046063423158,-1.0914582908153534,0.030119037255644798,1.1003161311149596
0.045895148637769029,0.099558697585985484,0.061688439112104476,0.039952535033170436,-0.025677654941701964,-0.99887158983580981,0.88006293726072593,-0.11572864340418368,-1.1011825290227701,-1.0775980806707419,-0.047082026878974462,0.98763972415178825,1.0234655818120653,0.057195328935467846,-0.91418401233287705,-0.8932290401979569,0.11818840008858729,1.1190484225899637,0,0.055,-0.002,0.055,0.055,0.045895148068666458,0.099558696150779724,0.061688438057899475,0.039952535182237625,-0.025677654892206192,-0.9988715648651123,1,0,0,0,0,-0.11993706226348877,-0.11572864651679993,-0.10118252784013748,-0.077598080039024353,-0.047082025557756424,-0.012360275723040104,0.023465581238269806,0.057195328176021576,0.085815988481044769,0.10677096247673035,0.11818840354681015,0.11904842406511307,0.42783728241920471,-0.13279807567596436,-0.13246046006679535,0.0032425851095467806,-0.2196974903345108,-0.50215893983840942,0.14464761316776276,-0.69174563884735107,-0.15925575792789459,-0.18291658163070679,0.030119037255644798,0.12539516389369965,0.033990386873483658,0.097502082586288452,0.071370810270309448,0.039922479540109634,-0.024874042719602585,-0.998893141746521,1,0,0,0,0,-0.11910238116979599,-0.1181122288107872,-0.10657146573066711,-0.085510998964309692,-0.05681208148598671,-0.023038310930132866,0.012793403118848801,0.047482319176197052,0.077929779887199402,0.10141600668430328,0.1158430427312851,0.11992216855287552,0.42353874444961548,-0.12779311835765839,-0.13676021993160248,0.011755802668631077,-0.21982397139072418,-0.49420702457427979,0.13704927265644073,-0.69566935300827026,-0.14735302329063416,-0.18678213655948639,0.029458636417984962,0.12914802134037018,0.021511998027563095,0.093800000846385956,0.079848714172840118,0.03985658660531044,-0.024008277803659439,-0.99891692399978638,1,0,0,0,0,-0.11730361729860306,-0.11953975260257721,-0.11109776049852371,-0.092731736600399017,-0.066082261502742767,-0.033529859036207199,0.0020176679827272892,0.037384964525699615,0.069412775337696075,0.095240145921707153,0.11255999654531479,0.11982519924640656,0.4189068078994751,-0.12300422042608261,-0.14069123566150665,0.020503578707575798,-0.21939247846603394,-0.48485457897186279,0.12983253598213196,-0.69929212331771851,-0.13555997610092163,-0.1912081241607666,0.028126802295446396,0.13332459330558777,0.0086705684661865234,0.088514924049377441,0.08697906881570816,0.039754901081323624,-0.023082509636878967,-0.9989427924156189,1,0,0,0,0,-0.11455532908439636,-0.11999965459108353,-0.1147247701883316,-0.099201858043670654,-0.074817545711994171,-0.04374999925494194,-0.0087743988260626793,0.026984993368387222,0.060333896428346634,0.088293351233005524,0.10836582630872726,0.11875830590724945,0.41409808397293091,-0.11824648827314377,-0.14415587484836578,0.029161553829908371,-0.21843081712722778,-0.47396048903465271,0.12310052663087845,-0.70266354084014893,-0.12399270385503769,-0.19635842740535736,0.026078475639224052,0.13807523250579834,0.43179702758789062,-0.1378149688243866,-0.12790210545063019,-0.0048385029658675194,-0.21902285516262054,-0.50882059335708618,0.15247789025306702,-0.68748480081558228,-0.17138098180294037,-0.17939856648445129,0.030185256153345108,0.12198467552661896,0.43179702758789062,-0.1378149688243866,-0.12790210545063019,-0.0048385029658675194,-0.21902285516262054,-0.50882059335708618,0.15247789025306702,-0.68748480081558228,-0.17138098180294037,-0.17939856648445129,0.030185256153345108,0.12198467552661896,1.2158985137939453,-0.1378149688243866,-1.1023216843605042,-1.0024192514829338,-0.21902285516262054,0.59294352531433103,1.0762389451265335,-0.41999999999999998,-1.1371047854423524,-1.0896992832422256,0.030185256153345108,1.0975877404212953
0.05702537275932467,0.099935140877831702,0.050965001347775041,0.039946734619942054,-0.026417118435146839,-0.99885253878977931,0.88019908670117353,-0.11240828741088951,-1.0949745639886559,-1.0690570456234261,-0.036970867041885375,0.99841780898397736,1.0339478174211389,0.066445368433198787,-0.90699244742587992,-0.88873835095654885,0.11957707376887206,1.1172110346250845,0,0.055,-0.002,0.055,0.055,0.057025372982025146,0.099935144186019897,0.050964999943971634,0.03994673490524292,-0.026417117565870285,-0.99885255098342896,1,0,0,0,0,-0.11980091035366058,-0.11240828782320023,-0.094974562525749207,-0.069057047367095947,-0.036970868706703186,-0.0015821909764781594,0.033947817981243134,0.06644536554813385,0.093007549643516541,0.11126165091991425,0.1195770725607872,0.11721103638410568,0.43179702758789062,-0.1378149688243866,-0.12790210545063019,-0.0048385029658675194,-0.21902285516262054,-0.50882059335708618,0.15247789025306702,-0.68748480081558228,-0.17138098180294037,-0.17939856648445129,0.030185256153345108,0.12198467552661896,0.045895148068666458,0.099558696150779724,0.061688438057899475,0.039952535182237625,-0.025677654892206192,-0.9988715648651123,1,0,0,0,0,-0.11993706226348877,-0.11572864651679993,-0.10118252784013748,-0.077598080039024353,-0.047082025557756424,-0.012360275723040104,0.023465581238269806,0.057195328176021576,0.085815988481044769,0.10677096247673035,0.11818840354681015,0.11904842406511307,0.42783728241920471,-0.13279807567596436,-0.13246046006679535,0.0032425851095467806,-0.2196974903345108,-0.50215893983840942,0.14464761316776276,-0.69174563884735107,-0.15925575792789459,-0.18291658163070679,0.030119037255644798,0.12539516389369965,0.033990386873483658,0.097502082586288452,0.071370810270309448,0.039922479540109634,-0.024874042719602585,-0.998893141746521,1,0,0,0,0,-0.11910238116979599,-0.1181122288107872,-0.10657146573066711,-0.085510998964309692,-0.05681208148598671,-0.023038310930132866,0.012793403118848801,0.047482319176197052,0.077929779887199402,0.10141600668430328,0.1158430427312851,0.11992216855287552,0.42353874444961548,-0.12779311835765839,-0.13676021993160248,0.011755802668631077,-0.21982397139072418,-0.49420702457427979,0.13704927265644073,-0.69566935300827026,-0.14735302329063416,-0.18678213655948639,0.029458636417984962,0.12914802134037018,0.021511998027563095,0.093800000846385956,0.079848714172840118,0.03985658660531044,-0.024008277803659439,-0.99891692399978638,1,0,0,0,0,-0.11730361729860306,-0.11953975260257721,-0.11109776049852371,-0.092731736600399017,-0.066082261502742767,-0.033529859036207199,0.0020176679827272892,0.037384964525699615,0.069412775337696075,0.095240145921707153,0.11255999654531479,0.11982519924640656,0.4189068078994751,-0.12300422042608261,-0.14069123566150665,0.020503578707575798,-0.21939247846603394,-0.48485457897186279,0.12983253598213196,-0.69929212331771851,-0.13555997610092163,-0.1912081241607666,0.028126802295446396,0.13332459330558777,0.43532100319862366,-0.14285916090011597,-0.12314833700656891,-0.012315544299781322,-0.21783892810344696,-0.51428478956222534,0.16043326258659363,-0.68289387226104736,-0.18371431529521942,-0.17605067789554596,0.029649712145328522,0.11882850527763367,0.43532100319862366,-0.14285916090011597,-0.12314833700656891,-0.012315544299781322,-0.21783892810344696,-0.51428478956222534,0.16043326258659363,-0.68289387226104736,-0.18371431529521942,-0.17605067789554596,0.029649712145328522,0.11882850527763367,1.2176605015993118,-0.14285916090011597,-1.0985186696052551,-1.0061577721498907,-0.21783892810344696,0.58857216835021964,1.0802166312932968,-0.41999999999999998,-1.1469714522361756,-1.088025338947773,0.029649712145328522,1.0950628042221069
0.067193224568286219,0.098625057488968382,0.039381467387048764,0.039905092651190681,-0.027090598516655625,-0.99883616426945077,0.88130496870467567,-0.10817803871596263,-1.0879978241194788,-1.0599570259740283,-0.026560445265403142,1.0092087009151021,1.044155261268686,0.075157563638598615,-0.90055373531321981,-0.88514827291355003,0.11999782676278266,1.114424877958069,0,0.055,-0.002,0.055,0.055,0.067193225026130676,0.098625056445598602,0.039381466805934906,0.039905093610286713,-0.027090597897768021,-0.99883615970611572,1,0,0,0,0,-0.11869502812623978,-0.1081780418753624,-0.08799782395362854,-0.059957027435302734,-0.026560444384813309,0.0092087006196379662,0.044155262410640717,0.075157560408115387,0.099446266889572144,0.11485172808170319,0.11999782919883728,0.11442487686872482,0.43532100319862366,-0.14285916090011597,-0.12314833700656891,-0.012315544299781322,-0.21783892810344696,-0.51428478956222534,0.16043326258659363,-0.68289387226104736,-0.18371431529521942,-0.17605067789554596,0.029649712145328522,0.11882850527763367,0.057025372982025146,0.099935144186019897,0.050964999943971634,0.03994673490524292,-0.026417117565870285,-0.99885255098342896,1,0,0,0,0,-0.11980091035366058,-0.11240828782320023,-0.094974562525749207,-0.069057047367095947,-0.036970868706703186,-0.0015821909764781594,0.033947817981243134,0.06644536554813385,0.093007549643516541,0.11126165091991425,0.1195770725607872,0.11721103638410568,0.43179702758789062,-0.1378149688243866,-0.12790210545063019,-0.0048385029658675194,-0.21902285516262054,-0.50882059335708618,0.15247789025306702,-0.68748480081558228,-0.17138098180294037,-0.17939856648445129,0.030185256153345108,0.12198467552661896,0.045895148068666458,0.099558696150779724,0.061688438057899475,0.039952535182237625,-0.025677654892206192,-0.9988715648651123,1,0,0,0,0,-0.11993706226348877,-0.11572864651679993,-0.10118252784013748,-0.077598080039024353,-0.047082025557756424,-0.012360275723040104,0.023465581238269806,0.057195328176021576,0.085815988481044769,0.10677096247673035,0.11818840354681015,0.11904842406511307,0.42783728241920471,-0.13279807567596436,-0.13246046006679535,0.0032425851095467806,-0.2196974903345108,-0.50215893983840942,0.14464761316776276,-0.69174563884735107,-0.15925575792789459,-0.18291658163070679,0.030119037255644798,0.12539516389369965,0.033990386873483658,0.097502082586288452,0.071370810270309448,0.039922479540109634,-0.024874042719602585,-0.998893141746521,1,0,0,0,0,-0.11910238116979599,-0.1181122288107872,-0.10657146573066711,-0.085510998964309692,-0.05681208148598671,-0.023038310930132866,0.012793403118848801,0.047482319176197052,0.077929779887199402,0.10141600668430328,0.1158430427312851,0.11992216855287552,0.42353874444961548,-0.12779311835765839,-0.13676021993160248,0.011755802668631077,-0.21982397139072418,-0.49420702457427979,0.13704927265644073,-0.69566935300827026,-0.14735302329063416,-0.18678213655948639,0.029458636417984962,0.12914802134037018,0.43829619884490967,-0.14776937663555145,-0.118292436003685,-0.01904243603348732,-0.2161213755607605,-0.51849710941314697,0.16823750734329224,-0.67801755666732788,-0.19605614244937897,-0.1728423684835434,0.028435485437512398,0.11587969958782196,0.43829619884490967,-0.14776937663555145,-0.118292436003685,-0.01904243603348732,-0.2161213755607605,-0.51849710941314697,0.16823750734329224,-0.67801755666732788,-0.19605614244937897,-0.1728423684835434,0.028435485437512398,0.11587969958782196,1.2191480994224548,-0.14776937663555145,-1.094633948802948,-1.0095212180167437,-0.2161213755607605,0.5852023124694824,1.0841187536716461,-0.41999999999999998,-1.1568449139595032,-1.0864211842417717,0.028435485437512398,1.0927037596702576
0.076227109236141122,0.095650556665150918,0.027133323411363278,0.039827654374842023,-0.02769642425748901,-0.99882263992680254,0.88337163167178145,-0.10307213921119103,-1.0803087828731515,-1.0503716821407831,-0.015935029062302007,1.0199250527037949,1.0540052888536742,0.083261393391571722,-0.89491999436885417,-0.88248786607765606,0.11944725327091438,1.1107125052287208,0,0.055,-0.002,0.055,0.055,0.076227106153964996,0.095650553703308105,0.02713332325220108,0.039827656000852585,-0.027696425095200539,-0.99882262945175171,1,0,0,0,0,-0.11662837117910385,-0.10307213664054871,-0.080308780074119568,-0.050371680408716202,-0.015935029834508896,0.019925052300095558,0.05400528758764267,0.083261393010616302,0.1050800085067749,0.11751213669776917,0.1194472536444664,0.11071250587701797,0.43829619884490967,-0.14776937663555145,-0.118292436003685,-0.01904243603348732,-0.2161213755607605,-0.51849710941314697,0.16823750734329224,-0.67801755666732788,-0.19605614244937897,-0.1728423684835434,0.028435485437512398,0.11587969958782196,0.067193225026130676,0.098625056445598602,0.039381466805934906,0.039905093610286713,-0.027090597897768021,-0.99883615970611572,1,0,0,0,0,-0.11869502812623978,-0.1081780418753624,-0.08799782395362854,-0.059957027435302734,-0.026560444384813309,0.0092087006196379662,0.044155262410640717,0.075157560408115387,0.099446266889572144,0.11485172808170319,0.11999782919883728,0.11442487686872482,0.43532100319862366,-0.14285916090011597,-0.12314833700656891,-0.012315544299781322,-0.21783892810344696,-0.51428478956222534,0.16043326258659363,-0.68289387226104736,-0.18371431529521942,-0.17605067789554596,0.029649712145328522,0.11882850527763367,0.057025372982025146,0.099935144186019897,0.050964999943971634,0.03994673490524292,-0.026417117565870285,-0.99885255098342896,1,0,0,0,0,-0.11980091035366058,-0.11240828782320023,-0.094974562525749207,-0.069057047367095947,-0.036970868706703186,-0.0015821909764781594,0.033947817981243134,0.06644536554813385,0.093007549643516541,0.11126165091991425,0.1195770725607872,0.11721103638410568,0.43179702758789062,-0.1378149688243866,-0.12790210545063019,-0.0048385029658675194,-0.21902285516262054,-0.50882059335708618,0.15247789025306702,-0.68748480081558228,-0.17138098180294037,-0.17939856648445129,0.030185256153345108,0.12198467552661896,0.045895148068666458,0.099558696150779724,0.061688438057899475,0.039952535182237625,-0.025677654892206192,-0.9988715648651123,1,0,0,0,0,-0.11993706226348877,-0.11572864651679993,-0.10118252784013748,-0.077598080039024353,-0.047082025557756424,-0.012360275723040104,0.023465581238269806,0.057195328176021576,0.085815988481044769,0.10677096247673035,0.11818840354681015,0.11904842406511307,0.42783728241920471,-0.13279807567596436,-0.13246046006679535,0.0032425851095467806,-0.2196974903345108,-0.50215893983840942,0.14464761316776276,-0.69174563884735107,-0.15925575792789459,-0.18291658163070679,0.030119037255644798,0.12539516389369965,0.44067645072937012,-0.15245798230171204,-0.11339162290096283,-0.024941587820649147,-0.21387952566146851,-0.52151179313659668,0.1757434606552124,-0.67291939258575439,-0.20838256180286407,-0.16969241201877594,0.026553642004728317,0.11305733025074005,0.44067645072937012,-0.15245798230171204,-0.11339162290096283,-0.024941587820649147,-0.21387952566146851,-0.52151179313659668,0.1757434606552124,-0.67291939258575439,-0.20838256180286407,-0.16969241201877594,0.026553642004728317,0.11305733025074005,1.2203382253646851,-0.15245798230171204,-1.0907132983207704,-1.0124707939103246,-0.21387952566146851,0.58279056549072261,1.0878717303276062,-0.41999999999999998,-1.1667060494422912,-1.084846206009388,0.026553642004728317,1.0904458642005921
0.083974569004897998,0.091061836714572963,0.014427271702045552,0.03971449593082834,-0.0282330928110139,-0.99881212011232856,0.88638234692888695,-0.097131918773594325,-1.0719696794552853,-1.0403786030150206,-0.0051806262250474414,1.0304801204764027,1.0634181687931517,0.090691260966846515,-0.89013682710026931,-0.88077866520239012,0.11792980992910346,1.1061039663642296,0,0.055,-0.002,0.055,0.055,0.083974570035934448,0.09106183797121048,0.014427271671593189,0.039714496582746506,-0.028233092278242111,-0.99881213903427124,1,0,0,0,0,-0.11361765116453171,-0.097131915390491486,-0.071969680488109589,-0.040378604084253311,-0.0051806261762976646,0.030480120331048965,0.063418172299861908,0.090691260993480682,0.10986316949129105,0.11922133713960648,0.11792980879545212,0.10610396414995193,0.44067645072937012,-0.15245798230171204,-0.11339162290096283,-0.024941587820649147,-0.21387952566146851,-0.52151179313659668,0.1757434606552124,-0.67291939258575439,-0.20838256180286407,-0.16969241201877594,0.026553642004728317,0.11305733025074005,0.076227106153964996,0.095650553703308105,0.02713332325220108,0.039827656000852585,-0.027696425095200539,-0.99882262945175171,1,0,0,0,0,-0.11662837117910385,-0.10307213664054871,-0.080308780074119568,-0.050371680408716202,-0.015935029834508896,0.019925052300095558,0.05400528758764267,0.083261393010616302,0.1050800085067749,0.11751213669776917,0.1194472536444664,0.11071250587701797,0.43829619884490967,-0.14776937663555145,-0.118292436003685,-0.01904243603348732,-0.2161213755607605,-0.51849710941314697,0.16823750734329224,-0.67801755666732788,-0.19605614244937897,-0.1728423684835434,0.028435485437512398,0.11587969958782196,0.067193225026130676,0.098625056445598602,0.039381466805934906,0.039905093610286713,-0.027090597897768021,-0.99883615970611572,1,0,0,0,0,-0.11869502812623978,-0.1081780418753624,-0.08799782395362854,-0.059957027435302734,-0.026560444384813309,0.0092087006196379662,0.044155262410640717,0.075157560408115387,0.099446266889572144,0.11485172808170319,0.11999782919883728,0.11442487686872482,0.43532100319862366,-0.14285916090011597,-0.12314833700656891,-0.012315544299781322,-0.21783892810344696,-0.51428478956222534,0.16043326258659363,-0.68289387226104736,-0.18371431529521942,-0.17605067789554596,0.029649712145328522,0.11882850527763367,0.057025372982025146,0.099935144186019897,0.050964999943971634,0.03994673490524292,-0.026417117565870285,-0.99885255098342896,1,0,0,0,0,-0.11980091035366058,-0.11240828782320023,-0.094974562525749207,-0.069057047367095947,-0.036970868706703186,-0.0015821909764781594,0.033947817981243134,0.06644536554813385,0.093007549643516541,0.11126165091991425,0.1195770725607872,0.11721103638410568,0.43179702758789062,-0.1378149688243866,-0.12790210545063019,-0.0048385029658675194,-0.21902285516262054,-0.50882059335708618,0.15247789025306702,-0.68748480081558228,-0.17138098180294037,-0.17939856648445129,0.030185256153345108,0.12198467552661896,0.44244387745857239,-0.15682198107242584,-0.10843697935342789,-0.029948765411973,-0.21112862229347229,-0.52344179153442383,0.18273726105690002,-0.66771221160888672,-0.22060565650463104,-0.166568323969841,0.023944061249494553,0.11027635633945465,0.44244387745857239,-0.15682198107242584,-0.10843697935342789,-0.029948765411973,-0.21112862229347229,-0.52344179153442383,0.18273726105690002,-0.66771221160888672,-0.22060565650463104,-0.166568323969841,0.023944061249494553,0.11027635633945465,1.2212219387292862,-0.15682198107242584,-1.0867495834827423,-1.0149743827059865,-0.21112862229347229,0.58124656677246089,1.09136863052845,-0.41999999999999998,-1.1764845252037048,-1.0832841619849205,0.023944061249494553,1.0882210850715637
0.09030485609661848,0.084936337850546731,0.0014777422886730236,0.039565724177331868,-0.028699272933860764,-0.99880473827640159,0.89031274413905115,-0.090405460719329575,-1.0630480150218256,-1.0300586779152492,0.0056157113672027862,1.0407884658782216,1.0723177082106368,0.097387025048897846,-0.88624295101743378,-0.88003450547230888,0.11545777973403681,1.1006365653390133,0,0.055,-0.002,0.055,0.055,0.090304858982563019,0.084936335682868958,0.0014777423348277807,0.039565723389387131,-0.028699273243546486,-0.99880474805831909,1,0,0,0,0,-0.10968725383281708,-0.090405464172363281,-0.063048012554645538,-0.030058678239583969,0.0056157112121582031,0.040788464248180389,0.072317704558372498,0.097387023270130157,0.11375705152750015,0.11996549367904663,0.11545778065919876,0.1006365641951561,0.44244387745857239,-0.15682198107242584,-0.10843697935342789,-0.029948765411973,-0.21112862229347229,-0.52344179153442383,0.18273726105690002,-0.66771221160888672,-0.22060565650463104,-0.166568323969841,0.023944061249494553,0.11027635633945465,0.083974570035934448,0.09106183797121048,0.014427271671593189,0.039714496582746506,-0.028233092278242111,-0.99881213903427124,1,0,0,0,0,-0.11361765116453171,-0.097131915390491486,-0.071969680488109589,-0.040378604084253311,-0.0051806261762976646,0.030480120331048965,0.063418172299861908,0.090691260993480682,0.10986316949129105,0.11922133713960648,0.11792980879545212,0.10610396414995193,0.44067645072937012,-0.15245798230171204,-0.11339162290096283,-0.024941587820649147,-0.21387952566146851,-0.52151179313659668,0.1757434606552124,-0.67291939258575439,-0.20838256180286407,-0.16969241201877594,0.026553642004728317,0.11305733025074005,0.076227106153964996,0.095650553703308105,0.02713332325220108,0.039827656000852585,-0.027696425095200539,-0.99882262945175171,1,0,0,0,0,-0.11662837117910385,-0.10307213664054871,-0.080308780074119568,-0.050371680408716202,-0.015935029834508896,0.019925052300095558,0.05400528758764267,0.083261393010616302,0.1050800085067749,0.11751213669776917,0.1194472536444664,0.11071250587701797,0.43829619884490967,-0.14776937663555145,-0.118292436003685,-0.01904243603348732,-0.2161213755607605,-0.51849710941314697,0.16823750734329224,-0.67801755666732788,-0.19605614244937897,-0.1728423684835434,0.028435485437512398,0.11587969958782196,0.067193225026130676,0.098625056445598602,0.039381466805934906,0.039905093610286713,-0.027090597897768021,-0.99883615970611572,1,0,0,0,0,-0.11869502812623978,-0.1081780418753624,-0.08799782395362854,-0.059957027435302734,-0.026560444384813309,0.0092087006196379662,0.044155262410640717,0.075157560408115387,0.099446266889572144,0.11485172808170319,0.11999782919883728,0.11442487686872482,0.43532100319862366,-0.14285916090011597,-0.12314833700656891,-0.012315544299781322,-0.21783892810344696,-0.51428478956222534,0.16043326258659363,-0.68289387226104736,-0.18371431529521942,-0.17605067789554596,0.029649712145328522,0.11882850527763367,0.44361767172813416,-0.16084156930446625,-0.10349141061306,-0.034058071672916412,-0.20790362358093262,-0.52442431449890137,0.18888702988624573,-0.66267532110214233,-0.23252534866333008,-0.16345997154712677,0.020574016496539116,0.10751020908355713,0.44361767172813416,-0.16084156930446625,-0.10349141061306,-0.034058071672916412,-0.20790362358093262,-0.52442431449890137,0.18888702988624573,-0.66267532110214233,-0.23252534866333008,-0.16345997154712677,0.020574016496539116,0.10751020908355713,1.2218088358640671,-0.16084156930446625,-1.082793128490448,-1.0170290358364582,-0.20790362358093262,0.58046054840087891,1.0944435149431229,-0.41999999999999998,-1.186020278930664,-1.0817299857735634,0.020574016496539116,1.0860081672668458
0.095111139240710907,0.077377435294001345,-0.011496725817687455,0.039381476508754752,-0.029093808099325862,-0.99880060554560646,0.89513100856851735,-0.082947212591655245,-1.0536160062886517,-1.0194954418258186,0.016366592392991715,1.0507666476571595,1.0806318694819435,0.10329448654786819,-0.88326988523259842,-0.88026141051363105,0.11205117261811816,1.0943545582164316,0,0.055,-0.002,0.055,0.055,0.095111139118671417,0.077377438545227051,-0.011496725492179394,0.039381477981805801,-0.029093807563185692,-0.99880063533782959,1,0,0,0,0,-0.10486899316310883,-0.082947209477424622,-0.053616005927324295,-0.019495442509651184,0.016366591677069664,0.050766646862030029,0.080631867051124573,0.1032944843173027,0.11673011630773544,0.11973858624696732,0.11205117404460907,0.094354555010795593,0.44361767172813416,-0.16084156930446625,-0.10349141061306,-0.034058071672916412,-0.20790362358093262,-0.52442431449890137,0.18888702988624573,-0.66267532110214233,-0.23252534866333008,-0.16345997154712677,0.020574016496539116,0.10751020908355713,0.090304858982563019,0.084936335682868958,0.0014777423348277807,0.039565723389387131,-0.028699273243546486,-0.99880474805831909,1,0,0,0,0,-0.10968725383281708,-0.090405464172363281,-0.063048012554645538,-0.030058678239583969,0.0056157112121582031,0.040788464248180389,0.072317704558372498,0.097387023270130157,0.11375705152750015,0.11996549367904663,0.11545778065919876,0.1006365641951561,0.44244387745857239,-0.15682198107242584,-0.10843697935342789,-0.029948765411973,-0.21112862229347229,-0.52344179153442383,0.18273726105690002,-0.66771221160888672,-0.22060565650463104,-0.166568323969841,0.023944061249494553,0.11027635633945465,0.083974570035934448,0.09106183797121048,0.014427271671593189,0.039714496582746506,-0.028233092278242111,-0.99881213903427124,1,0,0,0,0,-0.11361765116453171,-0.097131915390491486,-0.071969680488109589,-0.040378604084253311,-0.0051806261762976646,0.030480120331048965,0.063418172299861908,0.090691260993480682,0.10986316949129105,0.11922133713960648,0.11792980879545212,0.10610396414995193,0.44067645072937012,-0.15245798230171204,-0.11339162290096283,-0.024941587820649147,-0.21387952566146851,-0.52151179313659668,0.1757434606552124,-0.67291939258575439,-0.20838256180286407,-0.16969241201877594,0.026553642004728317,0.11305733025074005,0.076227106153964996,0.095650553703308105,0.02713332325220108,0.039827656000852585,-0.027696425095200539,-0.99882262945175171,1,0,0,0,0,-0.11662837117910385,-0.10307213664054871,-0.080308780074119568,-0.050371680408716202,-0.015935029834508896,0.019925052300095558,0.05400528758764267,0.083261393010616302,0.1050800085067749,0.11751213669776917,0.1194472536444664,0.11071250587701797,0.43829619884490967,-0.14776937663555145,-0.118292436003685,-0.01904243603348732,-0.2161213755607605,-0.51849710941314697,0.16823750734329224,-0.67801755666732788,-0.19605614244937897,-0.1728423684835434,0.028435485437512398,0.11587969958782196,0.44426363706588745,-0.16444092988967896,-0.098602861166000366,-0.037371072918176651,-0.2042371928691864,-0.52442997694015503,0.19390986859798431,-0.65806156396865845,-0.24403661489486694,-0.16044406592845917,0.01637735404074192,0.10471511632204056,0.44426363706588745,-0.16444092988967896,-0.098602861166000366,-0.037371072918176651,-0.2042371928691864,-0.52442997694015503,0.19390986859798431,-0.65806156396865845,-0.24403661489486694,-0.16044406592845917,0.01637735404074192,0.10471511632204056,1.2221318185329437,-0.16444092988967896,-1.0788822889328002,-1.0186855364590883,-0.2042371928691864,0.58045601844787598,1.0969549342989922,-0.41999999999999998,-1.1952292919158936,-1.0802220329642296,0.01637735404074192,1.0837720930576324
0.098312306581161885,0.06851269469128006,-0.024277172735284937,0.039161920667054005,-0.029415719199869433,-0.99879980948817859,0.90079813861215563,-0.074817545433442309,-1.0437500009709162,-1.0087743992201517,0.026984993480584044,1.0603338970817886,1.0882933533461792,0.10836582731594217,-0.88124169532777152,-0.88145754363579043,0.10773756347839022,1.0873087949165752,0,0.055,-0.002,0.055,0.055,0.098312303423881531,0.068512693047523499,-0.024277172982692719,0.039161920547485352,-0.029415719211101532,-0.99879980087280273,1,0,0,0,0,-0.099201858043670654,-0.074817545711994171,-0.04374999925494194,-0.0087743988260626793,0.026984993368387222,0.060333896428346634,0.088293351233005524,0.10836582630872726,0.11875830590724945,0.11854245513677597,0.10773756355047226,0.087308794260025024,0.44426363706588745,-0.16444092988967896,-0.098602861166000366,-0.037371072918176651,-0.2042371928691864,-0.52442997694015503,0.19390986859798431,-0.65806156396865845,-0.24403661489486694,-0.16044406592845917,0.01637735404074192,0.10471511632204056,0.095111139118671417,0.077377438545227051,-0.011496725492179394,0.039381477981805801,-0.029093807563185692,-0.99880063533782959,1,0,0,0,0,-0.10486899316310883,-0.082947209477424622,-0.053616005927324295,-0.019495442509651184,0.016366591677069664,0.050766646862030029,0.080631867051124573,0.1032944843173027,0.11673011630773544,0.11973858624696732,0.11205117404460907,0.094354555010795593,0.44361767172813416,-0.16084156930446625,-0.10349141061306,-0.034058071672916412,-0.20790362358093262,-0.52442431449890137,0.18888702988624573,-0.66267532110214233,-0.23252534866333008,-0.16345997154712677,0.020574016496539116,0.10751020908355713,0.090304858982563019,0.084936335682868958,0.0014777423348277807,0.039565723389387131,-0.028699273243546486,-0.99880474805831909,1,0,0,0,0,-0.10968725383281708,-0.090405464172363281,-0.063048012554645538,-0.030058678239583969,0.0056157112121582031,0.040788464248180389,0.072317704558372498,0.097387023270130157,0.11375705152750015,0.11996549367904663,0.11545778065919876,0.1006365641951561,0.44244387745857239,-0.15682198107242584,-0.10843697935342789,-0.029948765411973,-0.21112862229347229,-0.52344179153442383,0.18273726105690002,-0.66771221160888672,-0.22060565650463104,-0.166568323969841,0.023944061249494553,0.11027635633945465,0.083974570035934448,0.09106183797121048,0.014427271671593189,0.039714496582746506,-0.028233092278242111,-0.99881213903427124,1,0,0,0,0,-0.11361765116453171,-0.097131915390491486,-0.071969680488109589,-0.040378604084253311,-0.0051806261762976646,0.030480120331048965,0.063418172299861908,0.090691260993480682,0.10986316949129105,0.11922133713960648,0.11792980879545212,0.10610396414995193,0.44067645072937012,-0.15245798230171204,-0.11339162290096283,-0.024941587820649147,-0.21387952566146851,-0.52151179313659668,0.1757434606552124,-0.67291939258575439,-0.20838256180286407,-0.16969241201877594,0.026553642004728317,0.11305733025074005,0.44443804025650024,-0.16750817000865936,-0.093754969537258148,-0.04002801701426506,-0.20014858245849609,-0.52342534065246582,0.19767259061336517,-0.65397024154663086,-0.2551422119140625,-0.15760582685470581,0.011267065070569515,0.10183116793632507,0.44443804025650024,-0.16750817000865936,-0.093754969537258148,-0.04002801701426506,-0.20014858245849609,-0.52342534065246582,0.19767259061336517,-0.65397024154663086,-0.2551422119140625,-0.15760582685470581,0.011267065070569515,0.10183116793632507,1.2222190201282501,-0.16750817000865936,-1.0750039756298064,-1.0200140085071325,-0.20014858245849609,0.58125972747802734,1.0988362953066826,-0.41999999999999998,-1.20411376953125,-1.0788029134273529,0.011267065070569515,1.0814649343490601
0.09985433453746051,0.058491719289176174,-0.036647912925192837,0.038907254547772531,-0.029664206836096937,-0.99880241308095563,0.90726826149328144,-0.066082265111716595,-1.0335298597838711,-0.99798233194187813,0.037384963621605344,1.069412771726584,1.0952401436618984,0.11255999721296867,-0.88017479855504743,-0.88361322269858966,0.10255186897059376,1.079556307609862,0,0.055,-0.002,0.055,0.055,0.099854335188865662,0.058491718024015427,-0.036647912114858627,0.038907255977392197,-0.029664207249879837,-0.99880242347717285,1,0,0,0,0,-0.092731736600399017,-0.066082261502742767,-0.033529859036207199,0.0020176679827272892,0.037384964525699615,0.069412775337696075,0.095240145921707153,0.11255999654531479,0.11982519924640656,0.116386778652668,0.10255187004804611,0.079556308686733246,0.44443804025650024,-0.16750817000865936,-0.093754969537258148,-0.04002801701426506,-0.20014858245849609,-0.52342534065246582,0.19767259061336517,-0.65397024154663086,-0.2551422119140625,-0.15760582685470581,0.011267065070569515,0.10183116793632507,0.098312303423881531,0.068512693047523499,-0.024277172982692719,0.039161920547485352,-0.029415719211101532,-0.99879980087280273,1,0,0,0,0,-0.099201858043670654,-0.074817545711994171,-0.04374999925494194,-0.0087743988260626793,0.026984993368387222,0.060333896428346634,0.088293351233005524,0.10836582630872726,0.11875830590724945,0.11854245513677597,0.10773756355047226,0.087308794260025024,0.44426363706588745,-0.16444092988967896,-0.098602861166000366,-0.037371072918176651,-0.2042371928691864,-0.52442997694015503,0.19390986859798431,-0.65806156396865845,-0.24403661489486694,-0.16044406592845917,0.01637735404074192,0.10471511632204056,0.095111139118671417,0.077377438545227051,-0.011496725492179394,0.039381477981805801,-0.029093807563185692,-0.99880063533782959,1,0,0,0,0,-0.10486899316310883,-0.082947209477424622,-0.053616005927324295,-0.019495442509651184,0.016366591677069664,0.050766646862030029,0.080631867051124573,0.1032944843173027,0.11673011630773544,0.11973858624696732,0.11205117404460907,0.094354555010795593,0.44361767172813416,-0.16084156930446625,-0.10349141061306,-0.034058071672916412,-0.20790362358093262,-0.52442431449890137,0.18888702988624573,-0.66267532110214233,-0.23252534866333008,-0.16345997154712677,0.020574016496539116,0.10751020908355713,0.090304858982563019,0.084936335682868958,0.0014777423348277807,0.039565723389387131,-0.028699273243546486,-0.99880474805831909,1,0,0,0,0,-0.10968725383281708,-0.090405464172363281,-0.063048012554645538,-0.030058678239583969,0.0056157112121582031,0.040788464248180389,0.072317704558372498,0.097387023270130157,0.11375705152750015,0.11996549367904663,0.11545778065919876,0.1006365641951561,0.44244387745857239,-0.15682198107242584,-0.10843697935342789,-0.029948765411973,-0.21112862229347229,-0.52344179153442383,0.18273726105690002,-0.66771221160888672,-0.22060565650463104,-0.166568323969841,0.023944061249494553,0.11027635633945465,0.44422906637191772,-0.17000631988048553,-0.088942527770996094,-0.042174648493528366,-0.19564434885978699,-0.52135330438613892,0.20007613301277161,-0.65049535036087036,-0.26584222912788391,-0.15507028996944427,0.0051719383336603642,0.098805099725723267,0.44422906637191772,-0.17000631988048553,-0.088942527770996094,-0.042174648493528366,-0.19564434885978699,-0.52135330438613892,0.20007613301277161,-0.65049535036087036,-0.26584222912788391,-0.15507028996944427,0.0051719383336603642,0.098805099725723267,1.2221145331859589,-0.17000631988048553,-1.0711540222167968,-1.0210873242467642,-0.19564434885978699,0.58291735649108878,1.1000380665063858,-0.41999999999999998,-1.2126737833023071,-1.0775351449847221,0.0051719383336603642,1.0790440797805787
0.099711199518026705,0.047483625198738721,-0.048400175146312646,0.038617706001769121,-0.029838653190062153,-0.99880845388841411,0.91448900458240456,-0.056812079649832203,-1.0230383100075946,-0.98720659674625322,0.047482319904399696,1.0779297823322693,1.1014160093988661,0.11584304638821501,-0.88007783094660197,-0.88671099848461366,0.096536064875111238,1.0711598490681948,2,0.055,0.055,0.055,0.055,0.099711202085018158,0.047483626753091812,-0.048400174826383591,0.038617707788944244,-0.029838653281331062,-0.99880844354629517,0,0,1,0,0,-0.085510998964309692,-0.05681208148598671,-0.023038310930132866,0.012793403118848801,0.047482319176197052,0.077929779887199402,0.10141600668430328,0.1158430427312851,0.11992216855287552,0.1132889986038208,0.096536062657833099,0.07115984708070755,0.44422906637191772,-0.17000631988048553,-0.088942527770996094,-0.042174648493528366,-0.19564434885978699,-0.52135330438613892,0.20007613301277161,-0.65049535036087036,-0.26584222912788391,-0.15507028996944427,0.0051719383336603642,0.098805099725723267,0.099854335188865662,0.058491718024015427,-0.036647912114858627,0.038907255977392197,-0.029664207249879837,-0.99880242347717285,1,0,0,0,0,-0.092731736600399017,-0.066082261502742767,-0.033529859036207199,0.0020176679827272892,0.037384964525699615,0.069412775337696075,0.095240145921707153,0.11255999654531479,0.11982519924640656,0.116386778652668,0.10255187004804611,0.079556308686733246,0.44443804025650024,-0.16750817000865936,-0.093754969537258148,-0.04002801701426506,-0.20014858245849609,-0.52342534065246582,0.19767259061336517,-0.65397024154663086,-0.2551422119140625,-0.15760582685470581,0.011267065070569515,0.10183116793632507,0.098312303423881531,0.068512693047523499,-0.024277172982692719,0.039161920547485352,-0.029415719211101532,-0.99879980087280273,1,0,0,0,0,-0.099201858043670654,-0.074817545711994171,-0.04374999925494194,-0.0087743988260626793,0.026984993368387222,0.060333896428346634,0.088293351233005524,0.10836582630872726,0.11875830590724945,0.11854245513677597,0.10773756355047226,0.087308794260025024,0.44426363706588745,-0.16444092988967896,-0.098602861166000366,-0.037371072918176651,-0.2042371928691864,-0.52442997694015503,0.19390986859798431,-0.65806156396865845,-0.24403661489486694,-0.16044406592845917,0.01637735404074192,0.10471511632204056,0.095111139118671417,0.077377438545227051,-0.011496725492179394,0.039381477981805801,-0.029093807563185692,-0.99880063533782959,1,0,0,0,0,-0.10486899316310883,-0.082947209477424622,-0.053616005927324295,-0.019495442509651184,0.016366591677069664,0.050766646862030029,0.080631867051124573,0.1032944843173027,0.11673011630773544,0.11973858624696732,0.11205117404460907,0.094354555010795593,0.44361767172813416,-0.16084156930446625,-0.10349141061306,-0.034058071672916412,-0.20790362358093262,-0.52442431449890137,0.18888702988624573,-0.66267532110214233,-0.23252534866333008,-0.16345997154712677,0.020574016496539116,0.10751020908355713,0.47516322135925293,-0.15936100482940674,-0.13472509384155273,-0.084001019597053528,-0.16061410307884216,-0.57517498731613159,0.21638092398643494,-0.58388078212738037,-0.18558067083358765,-0.26061421632766724,0.032797366380691528,0.098886094987392426,0.47516322135925293,-0.15936100482940674,-0.13472509384155273,-0.084001019597053528,-0.16061410307884216,-0.57517498731613159,0.21638092398643494,-0.58388078212738037,-0.18558067083358765,-0.26061421632766724,0.032797366380691528,0.098886094987392426,1.2375816106796265,-0.15936100482940674,-1.1077800750732423,-1.0420005097985268,-0.16061410307884216,0.53986001014709473,1.1081904619932175,-0.41999999999999998,-1.1484645366668702,-1.1303071081638336,0.032797366380691528,1.0791088759899139
0.097885317099874747,0.035674187355832859,-0.059335625723217683,0.038293532633307113,-0.02993862348110949,-0.99881794346243002,0.92240191932925797,-0.047082026878974462,-1.0123602758482118,-0.97653441818793474,0.057195328935467936,1.085815987667123,1.1067709598020432,0.11818840008858729,-0.88095157741003627,-0.89072579594251233,0.089738846322586774,1.0621873847105172,2,0.055,0.055,0.055,0.055,0.097885318100452423,0.035674188286066055,-0.059335626661777496,0.038293533027172089,-0.029938623309135437,-0.99881792068481445,0,0,1,0,0,-0.077598080039024353,-0.047082025557756424,-0.012360275723040104,0.023465581238269806,0.057195328176021576,0.085815988481044769,0.10677096247673035,0.11818840354681015,0.11904842406511307,0.10927420109510422,0.089738845825195312,0.062187384814023972,0.47516322135925293,-0.15936100482940674,-0.13472509384155273,-0.084001019597053528,-0.16061410307884216,-0.57517498731613159,0.21638092398643494,-0.58388078212738037,-0.18558067083358765,-0.26061421632766724,0.032797366380691528,0.098886094987392426,0.099711202085018158,0.047483626753091812,-0.048400174826383591,0.038617707788944244,-0.029838653281331062,-0.99880844354629517,0,0,1,0,0,-0.085510998964309692,-0.05681208148598671,-0.023038310930132866,0.012793403118848801,0.047482319176197052,0.077929779887199402,0.10141600668430328,0.1158430427312851,0.11992216855287552,0.1132889986038208,0.096536062657833099,0.07115984708070755,0.44422906637191772,-0.17000631988048553,-0.088942527770996094,-0.042174648493528366,-0.19564434885978699,-0.52135330438613892,0.20007613301277161,-0.65049535036087036,-0.26584222912788391,-0.15507028996944427,0.0051719383336603642,0.098805099725723267,0.099854335188865662,0.058491718024015427,-0.036647912114858627,0.038907255977392197,-0.029664207249879837,-0.99880242347717285,1,0,0,0,0,-0.092731736600399017,-0.066082261502742767,-0.033529859036207199,0.0020176679827272892,0.037384964525699615,0.069412775337696075,0.095240145921707153,0.11255999654531479,0.11982519924640656,0.116386778652668,0.10255187004804611,0.079556308686733246,0.44443804025650024,-0.16750817000865936,-0.093754969537258148,-0.04002801701426506,-0.20014858245849609,-0.52342534065246582,0.19767259061336517,-0.65397024154663086,-0.2551422119140625,-0.15760582685470581,0.011267065070569515,0.10183116793632507,0.098312303423881531,0.068512693047523499,-0.024277172982692719,0.039161920547485352,-0.029415719211101532,-0.99879980087280273,1,0,0,0,0,-0.099201858043670654,-0.074817545711994171,-0.04374999925494194,-0.0087743988260626793,0.026984993368387222,0.060333896428346634,0.088293351233005524,0.10836582630872726,0.11875830590724945,0.11854245513677597,0.10773756355047226,0.087308794260025024,0.44426363706588745,-0.16444092988967896,-0.098602861166000366,-0.037371072918176651,-0.2042371928691864,-0.52442997694015503,0.19390986859798431,-0.65806156396865845,-0.24403661489486694,-0.16044406592845917,0.01637735404074192,0.10471511632204056,0.47798269987106323,-0.13572028279304504,-0.17685042321681976,-0.0040936386212706566,-0.037092942744493484,-0.61690163612365723,0.18907129764556885,-0.50192254781723022,-0.11992544680833817,-0.29132756590843201,0.025116493925452232,0.026897624135017395,0.47798269987106323,-0.13572028279304504,-0.17685042321681976,-0.0040936386212706566,-0.037092942744493484,-0.61690163612365723,0.18907129764556885,-0.50192254781723022,-0.11992544680833817,-0.29132756590843201,0.025116493925452232,0.026897624135017395,1.2389913499355316,-0.13572028279304504,-1.1414803385734558,-1.0020468193106353,-0.037092942744493484,0.50647869110107413,1.0945356488227844,-0.41999999999999998,-1.0959403574466706,-1.145663782954216,0.025116493925452232,1.021518099308014
0.094407501262821977,0.023262704343833002,-0.069269715667418449,0.037935021594808452,-0.029963867002790672,-0.9988308669693986,0.93094295437657393,-0.036970867041885375,-1.0015821910160227,-0.96605218257886083,0.066445368433198884,1.0930075525741201,1.1112616490434513,0.11957707376887206,-0.88278896537491558,-0.89562511715785598,0.082215233629536075,1.0527115424544211,2,0.055,0.055,0.055,0.055,0.094407498836517334,0.023262703791260719,-0.069269716739654541,0.037935022264719009,-0.029963867738842964,-0.99883085489273071,0,0,1,0,0,-0.069057047367095947,-0.036970868706703186,-0.0015821909764781594,0.033947817981243134,0.06644536554813385,0.093007549643516541,0.11126165091991425,0.1195770725607872,0.11721103638410568,0.10437488555908203,0.082215234637260437,0.052711542695760727,0.47798269987106323,-0.13572028279304504,-0.17685042321681976,-0.0040936386212706566,-0.037092942744493484,-0.61690163612365723,0.18907129764556885,-0.50192254781723022,-0.11992544680833817,-0.29132756590843201,0.025116493925452232,0.026897624135017395,0.097885318100452423,0.035674188286066055,-0.059335626661777496,0.038293533027172089,-0.029938623309135437,-0.99881792068481445,0,0,1,0,0,-0.077598080039024353,-0.047082025557756424,-0.012360275723040104,0.023465581238269806,0.057195328176021576,0.085815988481044769,0.10677096247673035,0.11818840354681015,0.11904842406511307,0.10927420109510422,0.089738845825195312,0.062187384814023972,0.47516322135925293,-0.15936100482940674,-0.13472509384155273,-0.084001019597053528,-0.16061410307884216,-0.57517498731613159,0.21638092398643494,-0.58388078212738037,-0.18558067083358765,-0.26061421632766724,0.032797366380691528,0.098886094987392426,0.099711202085018158,0.047483626753091812,-0.048400174826383591,0.038617707788944244,-0.029838653281331062,-0.99880844354629517,0,0,1,0,0,-0.085510998964309692,-0.05681208148598671,-0.023038310930132866,0.012793403118848801,0.047482319176197052,0.077929779887199402,0.10141600668430328,0.1158430427312851,0.11992216855287552,0.1132889986038208,0.096536062657833099,0.07115984708070755,0.44422906637191772,-0.17000631988048553,-0.088942527770996094,-0.042174648493528366,-0.19564434885978699,-0.52135330438613892,0.20007613301277161,-0.65049535036087036,-0.26584222912788391,-0.15507028996944427,0.0051719383336603642,0.098805099725723267,0.099854335188865662,0.058491718024015427,-0.036647912114858627,0.038907255977392197,-0.029664207249879837,-0.99880242347717285,1,0,0,0,0,-0.092731736600399017,-0.066082261502742767,-0.033529859036207199,0.0020176679827272892,0.037384964525699615,0.069412775337696075,0.095240145921707153,0.11255999654531479,0.11982519924640656,0.116386778652668,0.10255187004804611,0.079556308686733246,0.44443804025650024,-0.16750817000865936,-0.093754969537258148,-0.04002801701426506,-0.20014858245849609,-0.52342534065246582,0.19767259061336517,-0.65397024154663086,-0.2551422119140625,-0.15760582685470581,0.011267065070569515,0.10183116793632507,0.4305453896522522,-0.20441114902496338,-0.16880816221237183,0.05655733123421669,0.018651362508535385,-0.68499195575714111,0.15271654725074768,-0.36968344449996948,-0.024784376844763756,-0.32150942087173462,-0.063400700688362122,0.055645126849412918,0.4305453896522522,-0.20441114902496338,-0.16880816221237183,0.05655733123421669,0.018651362508535385,-0.68499195575714111,0.15271654725074768,-0.36968344449996948,-0.024784376844763756,-0.32150942087173462,-0.063400700688362122,0.055645126849412918,1.2152726948261261,-0.20441114902496338,-1.1350465297698975,-0.97172133438289165,0.018651362508535385,0.45200643539428709,1.0763582736253738,-0.36968344449996948,-1.0198275014758109,-1.1607547104358673,-0.063400700688362122,1.0445161014795303
0.089336444366215198,0.010458634988363526,-0.078034795165323162,0.037542489378223243,-0.029914317739661668,-0.99884718304926723,0.9400429740259717,-0.026560445265403142,-0.99079129908489783,-0.95584473873131381,0.075157563638598698,1.0994462646867802,1.11485172708645,0.11999782676278266,-0.88557512204193112,-0.90136930440860763,0.074026126934525371,1.0428090248269997,2,0.055,0.055,0.055,0.055,0.089336447417736053,0.010458635166287422,-0.078034795820713043,0.037542488425970078,-0.029914317652583122,-0.99884718656539917,0,0,1,0,0,-0.059957027435302734,-0.026560444384813309,0.0092087006196379662,0.044155262410640717,0.075157560408115387,0.099446266889572144,0.11485172808170319,0.11999782919883728,0.11442487686872482,0.098630696535110474,0.074026130139827728,0.042809024453163147,0.4305453896522522,-0.20441114902496338,-0.16880816221237183,0.05655733123421669,0.018651362508535385,-0.68499195575714111,0.15271654725074768,-0.36968344449996948,-0.024784376844763756,-0.32150942087173462,-0.063400700688362122,0.055645126849412918,0.094407498836517334,0.023262703791260719,-0.069269716739654541,0.037935022264719009,-0.029963867738842964,-0.99883085489273071,0,0,1,0,0,-0.069057047367095947,-0.036970868706703186,-0.0015821909764781594,0.033947817981243134,0.06644536554813385,0.093007549643516541,0.11126165091991425,0.1195770725607872,0.11721103638410568,0.10437488555908203,0.082215234637260437,0.052711542695760727,0.47798269987106323,-0.13572028279304504,-0.17685042321681976,-0.0040936386212706566,-0.037092942744493484,-0.61690163612365723,0.18907129764556885,-0.50192254781723022,-0.11992544680833817,-0.29132756590843201,0.025116493925452232,0.026897624135017395,0.097885318100452423,0.035674188286066055,-0.059335626661777496,0.038293533027172089,-0.029938623309135437,-0.99881792068481445,0,0,1,0,0,-0.077598080039024353,-0.047082025557756424,-0.012360275723040104,0.023465581238269806,0.057195328176021576,0.085815988481044769,0.10677096247673035,0.11818840354681015,0.11904842406511307,0.10927420109510422,0.089738845825195312,0.062187384814023972,0.47516322135925293,-0.15936100482940674,-0.13472509384155273,-0.084001019597053528,-0.16061410307884216,-0.57517498731613159,0.21638092398643494,-0.58388078212738037,-0.18558067083358765,-0.26061421632766724,0.032797366380691528,0.098886094987392426,0.099711202085018158,0.047483626753091812,-0.048400174826383591,0.038617707788944244,-0.029838653281331062,-0.99880844354629517,0,0,1,0,0,-0.085510998964309692,-0.05681208148598671,-0.023038310930132866,0.012793403118848801,0.047482319176197052,0.077929779887199402,0.10141600668430328,0.1158430427312851,0.11992216855287552,0.1132889986038208,0.096536062657833099,0.07115984708070755,0.44422906637191772,-0.17000631988048553,-0.088942527770996094,-0.042174648493528366,-0.19564434885978699,-0.52135330438613892,0.20007613301277161,-0.65049535036087036,-0.26584222912788391,-0.15507028996944427,0.0051719383336603642,0.098805099725723267,0.40346390008926392,-0.14544190466403961,-0.22792908549308777,0.088588200509548187,0.043896697461605072,-0.66942018270492554,0.063745006918907166,-0.33295750617980957,0.03084181621670723,-0.38077819347381592,-0.06198522076010704,0.057900190353393555,0.40346390008926392,-0.14544190466403961,-0.22792908549308777,0.088588200509548187,0.043896697461605072,-0.66942018270492554,0.063745006918907166,-0.33295750617980957,0.03084181621670723,-0.38077819347381592,-0.06198522076010704,0.057900190353393555,1.201731950044632,-0.14544190466403961,-1.1823432683944701,-0.95570589974522591,0.043896697461605072,0.46446385383605959,1.0318725034594536,-0.33295750617980957,-0.97532654702663424,-1.190389096736908,-0.06198522076010704,1.0463201522827148
0.082757726644198309,-0.00252193651436605,-0.085482942872128376,0.037116281602610567,-0.029790094563005798,-0.99886682390893466,0.94962831785921686,-0.015935029062302111,-0.98007494729620526,-0.94599471114632594,0.083261393391571639,1.1050800056311458,1.1175121339223439,0.11944725327091439,-0.88928749477127922,-0.90791186117590139,0.065237813239930609,1.032559988093636,2,0.055,0.055,0.055,0.055,0.082757726311683655,-0.0025219365488737822,-0.085482940077781677,0.037116281688213348,-0.029790094122290611,-0.99886679649353027,0,0,1,0,0,-0.050371680408716202,-0.015935029834508896,0.019925052300095558,0.05400528758764267,0.083261393010616302,0.1050800085067749,0.11751213669776917,0.1194472536444664,0.11071250587701797,0.092088140547275543,0.065237812697887421,0.032559987157583237,0.40346390008926392,-0.14544190466403961,-0.22792908549308777,0.088588200509548187,0.043896697461605072,-0.66942018270492554,0.063745006918907166,-0.33295750617980957,0.03084181621670723,-0.38077819347381592,-0.06198522076010704,0.057900190353393555,0.089336447417736053,0.010458635166287422,-0.078034795820713043,0.037542488425970078,-0.029914317652583122,-0.99884718656539917,0,0,1,0,0,-0.059957027435302734,-0.026560444384813309,0.0092087006196379662,0.044155262410640717,0.075157560408115387,0.099446266889572144,0.11485172808170319,0.11999782919883728,0.11442487686872482,0.098630696535110474,0.074026130139827728,0.042809024453163147,0.4305453896522522,-0.20441114902496338,-0.16880816221237183,0.05655733123421669,0.018651362508535385,-0.68499195575714111,0.15271654725074768,-0.36968344449996948,-0.024784376844763756,-0.32150942087173462,-0.063400700688362122,0.055645126849412918,0.094407498836517334,0.023262703791260719,-0.069269716739654541,0.037935022264719009,-0.029963867738842964,-0.99883085489273071,0,0,1,0,0,-0.069057047367095947,-0.036970868706703186,-0.0015821909764781594,0.033947817981243134,0.06644536554813385,0.093007549643516541,0.11126165091991425,0.1195770725607872,0.11721103638410568,0.10437488555908203,0.082215234637260437,0.052711542695760727,0.47798269987106323,-0.13572028279304504,-0.17685042321681976,-0.0040936386212706566,-0.037092942744493484,-0.61690163612365723,0.18907129764556885,-0.50192254781723022,-0.11992544680833817,-0.29132756590843201,0.025116493925452232,0.026897624135017395,0.097885318100452423,0.035674188286066055,-0.059335626661777496,0.038293533027172089,-0.029938623309135437,-0.99881792068481445,0,0,1,0,0,-0.077598080039024353,-0.047082025557756424,-0.012360275723040104,0.023465581238269806,0.057195328176021576,0.085815988481044769,0.10677096247673035,0.11818840354681015,0.11904842406511307,0.10927420109510422,0.089738845825195312,0.062187384814023972,0.47516322135925293,-0.15936100482940674,-0.13472509384155273,-0.084001019597053528,-0.16061410307884216,-0.57517498731613159,0.21638092398643494,-0.58388078212738037,-0.18558067083358765,-0.26061421632766724,0.032797366380691528,0.098886094987392426,0.39911282062530518,-0.14751787483692169,-0.2300020158290863,0.10928292572498322,0.059150688350200653,-0.67038249969482422,0.056610468775033951,-0.30392920970916748,0.049975737929344177,-0.38758125901222229,-0.06416688859462738,0.063807480037212372,0.39911282062530518,-0.14751787483692169,-0.2300020158290863,0.10928292572498322,0.059150688350200653,-0.67038249969482422,0.056610468775033951,-0.30392920970916748,0.049975737929344177,-0.38758125901222229,-0.06416688859462738,0.063807480037212372,1.1995564103126526,-0.14751787483692169,-1.1840016126632691,-0.94535853713750839,0.059150688350200653,0.46369400024414065,1.028305234387517,-0.30392920970916748,-0.96001940965652466,-1.1937906295061111,-0.06416688859462738,1.0510459840297699
0.074782371935488978,-0.015459947280389894,-0.091488462263878065,0.036656772797179819,-0.029591501004753312,-0.99888969565031627,0.95962139698497939,-0.0051806262250475481,-0.96951987952359731,-0.93658183120684835,0.090691260966846446,1.1098631728997308,1.1192213347976099,0.11792980992910346,-0.89389603363577053,-0.91519982851169446,0.055921429849544534,1.0220473934303902,2,0.055,0.055,0.055,0.055,0.074782371520996094,-0.015459947288036346,-0.091488465666770935,0.036656774580478668,-0.029591500759124756,-0.99888968467712402,0,0,1,0,0,-0.040378604084253311,-0.0051806261762976646,0.030480120331048965,0.063418172299861908,0.090691260993480682,0.10986316949129105,0.11922133713960648,0.11792980879545212,0.10610396414995193,0.084800168871879578,0.055921431630849838,0.022047393023967743,0.39911282062530518,-0.14751787483692169,-0.2300020158290863,0.10928292572498322,0.059150688350200653,-0.67038249969482422,0.056610468775033951,-0.30392920970916748,0.049975737929344177,-0.38758125901222229,-0.06416688859462738,0.063807480037212372,0.082757726311683655,-0.0025219365488737822,-0.085482940077781677,0.037116281688213348,-0.029790094122290611,-0.99886679649353027,0,0,1,0,0,-0.050371680408716202,-0.015935029834508896,0.019925052300095558,0.05400528758764267,0.083261393010616302,0.1050800085067749,0.11751213669776917,0.1194472536444664,0.11071250587701797,0.092088140547275543,0.065237812697887421,0.032559987157583237,0.40346390008926392,-0.14544190466403961,-0.22792908549308777,0.088588200509548187,0.043896697461605072,-0.66942018270492554,0.063745006918907166,-0.33295750617980957,0.03084181621670723,-0.38077819347381592,-0.06198522076010704,0.057900190353393555,0.089336447417736053,0.010458635166287422,-0.078034795820713043,0.037542488425970078,-0.029914317652583122,-0.99884718656539917,0,0,1,0,0,-0.059957027435302734,-0.026560444384813309,0.0092087006196379662,0.044155262410640717,0.075157560408115387,0.099446266889572144,0.11485172808170319,0.11999782919883728,0.11442487686872482,0.098630696535110474,0.074026130139827728,0.042809024453163147,0.4305453896522522,-0.20441114902496338,-0.16880816221237183,0.05655733123421669,0.018651362508535385,-0.68499195575714111,0.15271654725074768,-0.36968344449996948,-0.024784376844763756,-0.32150942087173462,-0.063400700688362122,0.055645126849412918,0.094407498836517334,0.023262703791260719,-0.069269716739654541,0.037935022264719009,-0.029963867738842964,-0.99883085489273071,0,0,1,0,0,-0.069057047367095947,-0.036970868706703186,-0.0015821909764781594,0.033947817981243134,0.06644536554813385,0.093007549643516541,0.11126165091991425,0.1195770725607872,0.11721103638410568,0.10437488555908203,0.082215234637260437,0.052711542695760727,0.47798269987106323,-0.13572028279304504,-0.17685042321681976,-0.0040936386212706566,-0.037092942744493484,-0.61690163612365723,0.18907129764556885,-0.50192254781723022,-0.11992544680833817,-0.29132756590843201,0.025116493925452232,0.026897624135017395,0.3990764319896698,-0.1369769424200058,-0.23375074565410614,0.11704127490520477,0.07709464430809021,-0.67976820468902588,0.046577677130699158,-0.27843758463859558,0.061308585107326508,-0.40348982810974121,-0.059255626052618027,0.068948931992053986,0.3990764319896698,-0.1369769424200058,-0.23375074565410614,0.11704127490520477,0.07709464430809021,-0.67976820468902588,0.046577677130699158,-0.27843758463859558,0.061308585107326508,-0.40348982810974121,-0.059255626052618027,0.068948931992053986,1.1995382159948349,-0.1369769424200058,-1.1870005965232848,-0.94147936254739761,0.07709464430809021,0.45618543624877927,1.0232888385653496,-0.27843758463859558,-0.95095313191413877,-1.2017449140548706,-0.059255626052618027,1.0551591455936431
0.06554497402147573,-0.028137052689782505,-0.095950002918721411,0.03616436617870946,-0.029319024609094128,-0.99891567883123333,0.96994132208475092,0.0056157113672026795,-0.95921153412177862,-0.92768229178936334,0.097387025048897791,1.1137570489825663,1.1199654945276911,0.11545777973403681,-0.89936343466098667,-0.92317421371677133,0.046152388545254192,1.0113563353919395,2,0.055,0.055,0.055,0.055,0.065544970333576202,-0.028137052431702614,-0.095949999988079071,0.036164365708827972,-0.029319023713469505,-0.99891567230224609,0,0,1,0,0,-0.030058678239583969,0.0056157112121582031,0.040788464248180389,0.072317704558372498,0.097387023270130157,0.11375705152750015,0.11996549367904663,0.11545778065919876,0.1006365641951561,0.076825782656669617,0.04615238681435585,0.011356335133314133,0.3990764319896698,-0.1369769424200058,-0.23375074565410614,0.11704127490520477,0.07709464430809021,-0.67976820468902588,0.046577677130699158,-0.27843758463859558,0.061308585107326508,-0.40348982810974121,-0.059255626052618027,0.068948931992053986,0.074782371520996094,-0.015459947288036346,-0.091488465666770935,0.036656774580478668,-0.029591500759124756,-0.99888968467712402,0,0,1,0,0,-0.040378604084253311,-0.0051806261762976646,0.030480120331048965,0.063418172299861908,0.090691260993480682,0.10986316949129105,0.11922133713960648,0.11792980879545212,0.10610396414995193,0.084800168871879578,0.055921431630849838,0.022047393023967743,0.39911282062530518,-0.14751787483692169,-0.2300020158290863,0.10928292572498322,0.059150688350200653,-0.67038249969482422,0.056610468775033951,-0.30392920970916748,0.049975737929344177,-0.38758125901222229,-0.06416688859462738,0.063807480037212372,0.082757726311683655,-0.0025219365488737822,-0.085482940077781677,0.037116281688213348,-0.029790094122290611,-0.99886679649353027,0,0,1,0,0,-0.050371680408716202,-0.015935029834508896,0.019925052300095558,0.05400528758764267,0.083261393010616302,0.1050800085067749,0.11751213669776917,0.1194472536444664,0.11071250587701797,0.092088140547275543,0.065237812697887421,0.032559987157583237,0.40346390008926392,-0.14544190466403961,-0.22792908549308777,0.088588200509548187,0.043896697461605072,-0.66942018270492554,0.063745006918907166,-0.33295750617980957,0.03084181621670723,-0.38077819347381592,-0.06198522076010704,0.057900190353393555,0.089336447417736053,0.010458635166287422,-0.078034795820713043,0.037542488425970078,-0.029914317652583122,-0.99884718656539917,0,0,1,0,0,-0.059957027435302734,-0.026560444384813309,0.0092087006196379662,0.044155262410640717,0.075157560408115387,0.099446266889572144,0.11485172808170319,0.11999782919883728,0.11442487686872482,0.098630696535110474,0.074026130139827728,0.042809024453163147,0.4305453896522522,-0.20441114902496338,-0.16880816221237183,0.05655733123421669,0.018651362508535385,-0.68499195575714111,0.15271654725074768,-0.36968344449996948,-0.024784376844763756,-0.32150942087173462,-0.063400700688362122,0.055645126849412918,0.40235820412635803,-0.1276007741689682,-0.22749112546443939,0.11721149832010269,0.091974139213562012,-0.67795264720916748,0.046983916312456131,-0.26839244365692139,0.060175463557243347,-0.41447934508323669,-0.057414017617702484,0.076873861253261566,0.40235820412635803,-0.1276007741689682,-0.22749112546443939,0.11721149832010269,0.091974139213562012,-0.67795264720916748,0.046983916312456131,-0.26839244365692139,0.060175463557243347,-0.41447934508323669,-0.057414017617702484,0.076873861253261566,1.201179102063179,-0.1276007741689682,-1.1819929003715515,-0.94139425083994865,0.091974139213562012,0.45763788223266599,1.0234919581562281,-0.26839244365692139,-0.9518596291542053,-1.2072396725416183,-0.057414017617702484,1.0614990890026093
0.055201425192953291,-0.040339311216876964,-0.098792270928175552,0.035639493421946319,-0.028973335861524771,-0.99894462925513672,0.98050455817418147,0.016366592392991715,-0.94923335234284034,-0.91936813051805666,0.10329448654786819,1.1167301147674016,1.119738589486369,0.11205117261811808,-0.90564544178356854,-0.93177046785915163,0.036009765163809986,1.0005733531108154,2,0.055,0.055,0.055,0.055,0.055201426148414612,-0.040339309722185135,-0.098792269825935364,0.035639494657516479,-0.028973335400223732,-0.99894464015960693,0,0,1,0,0,-0.019495442509651184,0.016366591677069664,0.050766646862030029,0.080631867051124573,0.1032944843173027,0.11673011630773544,0.11973858624696732,0.11205117404460907,0.094354555010795593,0.068229533731937408,0.036009766161441803,0.00057335308520123363,0.40235820412635803,-0.1276007741689682,-0.22749112546443939,0.11721149832010269,0.091974139213562012,-0.67795264720916748,0.046983916312456131,-0.26839244365692139,0.060175463557243347,-0.41447934508323669,-0.057414017617702484,0.076873861253261566,0.065544970333576202,-0.028137052431702614,-0.095949999988079071,0.036164365708827972,-0.029319023713469505,-0.99891567230224609,0,0,1,0,0,-0.030058678239583969,0.0056157112121582031,0.040788464248180389,0.072317704558372498,0.097387023270130157,0.11375705152750015,0.11996549367904663,0.11545778065919876,0.1006365641951561,0.076825782656669617,0.04615238681435585,0.011356335133314133,0.3990764319896698,-0.1369769424200058,-0.23375074565410614,0.11704127490520477,0.07709464430809021,-0.67976820468902588,0.046577677130699158,-0.27843758463859558,0.061308585107326508,-0.40348982810974121,-0.059255626052618027,0.068948931992053986,0.074782371520996094,-0.015459947288036346,-0.091488465666770935,0.036656774580478668,-0.029591500759124756,-0.99888968467712402,0,0,1,0,0,-0.040378604084253311,-0.0051806261762976646,0.030480120331048965,0.063418172299861908,0.090691260993480682,0.10986316949129105,0.11922133713960648,0.11792980879545212,0.10610396414995193,0.084800168871879578,0.055921431630849838,0.022047393023967743,0.39911282062530518,-0.14751787483692169,-0.2300020158290863,0.10928292572498322,0.059150688350200653,-0.67038249969482422,0.056610468775033951,-0.30392920970916748,0.049975737929344177,-0.38758125901222229,-0.06416688859462738,0.063807480037212372,0.082757726311683655,-0.0025219365488737822,-0.085482940077781677,0.037116281688213348,-0.029790094122290611,-0.99886679649353027,0,0,1,0,0,-0.050371680408716202,-0.015935029834508896,0.019925052300095558,0.05400528758764267,0.083261393010616302,0.1050800085067749,0.11751213669776917,0.1194472536444664,0.11071250587701797,0.092088140547275543,0.065237812697887421,0.032559987157583237,0.40346390008926392,-0.14544190466403961,-0.22792908549308777,0.088588200509548187,0.043896697461605072,-0.66942018270492554,0.063745006918907166,-0.33295750617980957,0.03084181621670723,-0.38077819347381592,-0.06198522076010704,0.057900190353393555,0.40738260746002197,-0.12218205630779266,-0.23133188486099243,0.1212606281042099,0.10525663197040558,-0.67587018013000488,0.045359879732131958,-0.2606719434261322,0.060540772974491119,-0.42613884806632996,-0.049926895648241043,0.073363758623600006,0.40738260746002197,-0.12218205630779266,-0.23133188486099243,0.1212606281042099,0.10525663197040558,-0.67587018013000488,0.045359879732131958,-0.2606719434261322,0.060540772974491119,-0.42613884806632996,-0.049926895648241043,0.073363758623600006,1.203691303730011,-0.12218205630779266,-1.1850655078887939,-0.93936968594789505,0.10525663197040558,0.45930385589599609,1.022679939866066,-0.2606719434261322,-0.9515673816204071,-1.213069424033165,-0.049926895648241043,1.05869100689888
0.043926285378684059,-0.051860794952931083,-0.099967299573130941,0.035082614421300659,-0.028555286695350079,-0.99897637898356373,0.99122560077984845,0.026984993480584044,-0.9396661029182114,-0.91170664665382084,0.10836582731594217,1.1187583046722285,1.1185424563642097,0.10773756347839013,-0.91269120508342483,-0.94091900826761332,0.025575659514779338,0.98978572980345592,2,0.055,0.055,0.055,0.055,0.043926283717155457,-0.051860794425010681,-0.099967300891876221,0.035082615911960602,-0.028555287048220634,-0.99897634983062744,0,0,1,0,0,-0.0087743988260626793,0.026984993368387222,0.060333896428346634,0.088293351233005524,0.10836582630872726,0.11875830590724945,0.11854245513677597,0.10773756355047226,0.087308794260025024,0.059080991894006729,0.025575660169124603,-0.01021427009254694,0.40738260746002197,-0.12218205630779266,-0.23133188486099243,0.1212606281042099,0.10525663197040558,-0.67587018013000488,0.045359879732131958,-0.2606719434261322,0.060540772974491119,-0.42613884806632996,-0.049926895648241043,0.073363758623600006,0.055201426148414612,-0.040339309722185135,-0.098792269825935364,0.035639494657516479,-0.028973335400223732,-0.99894464015960693,0,0,1,0,0,-0.019495442509651184,0.016366591677069664,0.050766646862030029,0.080631867051124573,0.1032944843173027,0.11673011630773544,0.11973858624696732,0.11205117404460907,0.094354555010795593,0.068229533731937408,0.036009766161441803,0.00057335308520123363,0.40235820412635803,-0.1276007741689682,-0.22749112546443939,0.11721149832010269,0.091974139213562012,-0.67795264720916748,0.046983916312456131,-0.26839244365692139,0.060175463557243347,-0.41447934508323669,-0.057414017617702484,0.076873861253261566,0.065544970333576202,-0.028137052431702614,-0.095949999988079071,0.036164365708827972,-0.029319023713469505,-0.99891567230224609,0,0,1,0,0,-0.030058678239583969,0.0056157112121582031,0.040788464248180389,0.072317704558372498,0.097387023270130157,0.11375705152750015,0.11996549367904663,0.11545778065919876,0.1006365641951561,0.076825782656669617,0.04615238681435585,0.011356335133314133,0.3990764319896698,-0.1369769424200058,-0.23375074565410614,0.11704127490520477,0.07709464430809021,-0.67976820468902588,0.046577677130699158,-0.27843758463859558,0.061308585107326508,-0.40348982810974121,-0.059255626052618027,0.068948931992053986,0.074782371520996094,-0.015459947288036346,-0.091488465666770935,0.036656774580478668,-0.029591500759124756,-0.99888968467712402,0,0,1,0,0,-0.040378604084253311,-0.0051806261762976646,0.030480120331048965,0.063418172299861908,0.090691260993480682,0.10986316949129105,0.11922133713960648,0.11792980879545212,0.10610396414995193,0.084800168871879578,0.055921431630849838,0.022047393023967743,0.39911282062530518,-0.14751787483692169,-0.2300020158290863,0.10928292572498322,0.059150688350200653,-0.67038249969482422,0.056610468775033951,-0.30392920970916748,0.049975737929344177,-0.38758125901222229,-0.06416688859462738,0.063807480037212372,0.4086872935295105,-0.10978930443525314,-0.22739435732364655,0.11730558425188065,0.12288706004619598,-0.67209601402282715,0.043895944952964783,-0.26039305329322815,0.057492908090353012,-0.43723917007446289,-0.05062798410654068,0.077640257775783539,0.4086872935295105,-0.10978930443525314,-0.22739435732364655,0.11730558425188065,0.12288706004619598,-0.67209601402282715,0.043895944952964783,-0.26039305329322815,0.057492908090353012,-0.43723917007446289,-0.05062798410654068,0.077640257775783539,1.2043436467647552,-0.10978930443525314,-1.1819154858589171,-0.94134720787405968,0.12288706004619598,0.46232318878173828,1.0219479724764824,-0.26039305329322815,-0.95400567352771759,-1.2186195850372314,-0.05062798410654068,1.0621122062206267
0.031909836234935214,-0.062507064889288214,-0.09945525882039892,0.034494217041892476,-0.028065908575989708,-0.99901073756315106,1.0020176680581219,0.037384963621605344,-0.93058722827341611,-0.90475985633810163,0.11255999721296867,1.1198252014449526,1.1163867773014104,0.10255186897059365,-0.92044369239013801,-0.95054578177098925,0.014934530820847404,0.97908078625324246,2,0.055,0.055,0.055,0.055,0.03190983459353447,-0.062507063150405884,-0.099455259740352631,0.034494217485189438,-0.028065908700227737,-0.99901074171066284,0,0,1,0,0,0.0020176679827272892,0.037384964525699615,0.069412775337696075,0.095240145921707153,0.11255999654531479,0.11982519924640656,0.116386778652668,0.10255187004804611,0.079556308686733246,0.0494542196393013,0.014934530481696129,-0.020919213071465492,0.4086872935295105,-0.10978930443525314,-0.22739435732364655,0.11730558425188065,0.12288706004619598,-0.67209601402282715,0.043895944952964783,-0.26039305329322815,0.057492908090353012,-0.43723917007446289,-0.05062798410654068,0.077640257775783539,0.043926283717155457,-0.051860794425010681,-0.099967300891876221,0.035082615911960602,-0.028555287048220634,-0.99897634983062744,0,0,1,0,0,-0.0087743988260626793,0.026984993368387222,0.060333896428346634,0.088293351233005524,0.10836582630872726,0.11875830590724945,0.11854245513677597,0.10773756355047226,0.087308794260025024,0.059080991894006729,0.025575660169124603,-0.01021427009254694,0.40738260746002197,-0.12218205630779266,-0.23133188486099243,0.1212606281042099,0.10525663197040558,-0.67587018013000488,0.045359879732131958,-0.2606719434261322,0.060540772974491119,-0.42613884806632996,-0.049926895648241043,0.073363758623600006,0.055201426148414612,-0.040339309722185135,-0.098792269825935364,0.035639494657516479,-0.028973335400223732,-0.99894464015960693,0,0,1,0,0,-0.019495442509651184,0.016366591677069664,0.050766646862030029,0.080631867051124573,0.1032944843173027,0.11673011630773544,0.11973858624696732,0.11205117404460907,0.094354555010795593,0.068229533731937408,0.036009766161441803,0.00057335308520123363,0.40235820412635803,-0.1276007741689682,-0.22749112546443939,0.11721149832010269,0.091974139213562012,-0.67795264720916748,0.046983916312456131,-0.26839244365692139,0.060175463557243347,-0.41447934508323669,-0.057414017617702484,0.076873861253261566,0.065544970333576202,-0.028137052431702614,-0.095949999988079071,0.036164365708827972,-0.029319023713469505,-0.99891567230224609,0,0,1,0,0,-0.030058678239583969,0.0056157112121582031,0.040788464248180389,0.072317704558372498,0.097387023270130157,0.11375705152750015,0.11996549367904663,0.11545778065919876,0.1006365641951561,0.076825782656669617,0.04615238681435585,0.011356335133314133,0.3990764319896698,-0.1369769424200058,-0.23375074565410614,0.11704127490520477,0.07709464430809021,-0.67976820468902588,0.046577677130699158,-0.27843758463859558,0.061308585107326508,-0.40348982810974121,-0.059255626052618027,0.068948931992053986,0.41098609566688538,-0.096729286015033722,-0.22518046200275421,0.11120554059743881,0.14032392203807831,-0.66685086488723755,0.041009750217199326,-0.26402947306632996,0.05254049226641655,-0.44846135377883911,-0.052099041640758514,0.081478580832481384,0.41098609566688538,-0.096729286015033722,-0.22518046200275421,0.11120554059743881,0.14032392203807831,-0.66685086488723755,0.041009750217199326,-0.26402947306632996,0.05254049226641655,-0.44846135377883911,-0.052099041640758514,0.081478580832481384,1.2054930478334427,-0.096729286015033722,-1.1801443696022034,-0.94439722970128059,0.14032392203807831,0.46651930809020992,1.0205048751085997,-0.26402947306632996,-0.95796760618686672,-1.2242306768894196,-0.052099041640758514,1.0651828646659851
0.019354869911798019,-0.072098452311420577,-0.097264789978567301,0.033874816857780071,-0.027506410163834757,-0.99904749345701815,1.0127934032537467,0.047482319904399592,-0.92207021766773078,-0.89858399060113403,0.11584304638821501,1.119922169053398,1.1132890015153865,0.096536064875111238,-0.92884015093180516,-0.96057286412407694,0.0041725140597703297,0.96854517398945361,2,0.055,0.055,0.055,0.055,0.019354870542883873,-0.072098448872566223,-0.097264789044857025,0.033874817192554474,-0.027506411075592041,-0.99904751777648926,0,0,1,0,0,0.012793403118848801,0.047482319176197052,0.077929779887199402,0.10141600668430328,0.1158430427312851,0.11992216855287552,0.1132889986038208,0.096536062657833099,0.07115984708070755,0.039427135139703751,0.0041725141927599907,-0.031454827636480331,0.41098609566688538,-0.096729286015033722,-0.22518046200275421,0.11120554059743881,0.14032392203807831,-0.66685086488723755,0.041009750217199326,-0.26402947306632996,0.05254049226641655,-0.44846135377883911,-0.052099041640758514,0.081478580832481384,0.03190983459353447,-0.062507063150405884,-0.099455259740352631,0.034494217485189438,-0.028065908700227737,-0.99901074171066284,0,0,1,0,0,0.0020176679827272892,0.037384964525699615,0.069412775337696075,0.095240145921707153,0.11255999654531479,0.11982519924640656,0.116386778652668,0.10255187004804611,0.079556308686733246,0.0494542196393013,0.014934530481696129,-0.020919213071465492,0.4086872935295105,-0.10978930443525314,-0.22739435732364655,0.11730558425188065,0.12288706004619598,-0.67209601402282715,0.043895944952964783,-0.26039305329322815,0.057492908090353012,-0.43723917007446289,-0.05062798410654068,0.077640257775783539,0.043926283717155457,-0.051860794425010681,-0.099967300891876221,0.035082615911960602,-0.028555287048220634,-0.99897634983062744,0,0,1,0,0,-0.0087743988260626793,0.026984993368387222,0.060333896428346634,0.088293351233005524,0.10836582630872726,0.11875830590724945,0.11854245513677597,0.10773756355047226,0.087308794260025024,0.059080991894006729,0.025575660169124603,-0.01021427009254694,0.40738260746002197,-0.12218205630779266,-0.23133188486099243,0.1212606281042099,0.10525663197040558,-0.67587018013000488,0.045359879732131958,-0.2606719434261322,0.060540772974491119,-0.42613884806632996,-0.049926895648241043,0.073363758623600006,0.055201426148414612,-0.040339309722185135,-0.098792269825935364,0.035639494657516479,-0.028973335400223732,-0.99894464015960693,0,0,1,0,0,-0.019495442509651184,0.016366591677069664,0.050766646862030029,0.080631867051124573,0.1032944843173027,0.11673011630773544,0.11973858624696732,0.11205117404460907,0.094354555010795593,0.068229533731937408,0.036009766161441803,0.00057335308520123363,0.40235820412635803,-0.1276007741689682,-0.22749112546443939,0.11721149832010269,0.091974139213562012,-0.67795264720916748,0.046983916312456131,-0.26839244365692139,0.060175463557243347,-0.41447934508323669,-0.057414017617702484,0.076873861253261566,0.41213744878768921,-0.083120986819267273,-0.22261500358581543,0.1051468625664711,0.1590719074010849,-0.65978062152862549,0.03994351252913475,-0.26828610897064209,0.047165781259536743,-0.45941182971000671,-0.054226521402597427,0.08679528534412384,0.41213744878768921,-0.083120986819267273,-0.22261500358581543,0.1051468625664711,0.1590719074010849,-0.65978062152862549,0.03994351252913475,-0.26828610897064209,0.047165781259536743,-0.45941182971000671,-0.054226521402597427,0.08679528534412384,1.2060687243938446,-0.083120986819267273,-1.1780920028686523,-0.94742656871676445,0.1590719074010849,0.47217550277709963,1.0199717562645674,-0.26828610897064209,-0.96226737499237058,-1.2297059148550034,-0.054226521402597427,1.0694362282752992
0.0064732666897565896,-0.080473090926346719,-0.093432859865439796,0.033224956875014776,-0.026878174556872778,-0.99908641566840628,1.0234655818120653,0.057195328935467846,-0.91418401233287716,-0.8932290401979569,0.11818840008858729,1.1190484225899637,1.1092742040574877,0.089738846322586774,-0.93781261528948279,-0.97091909076808913,-0.0066232772581289413,0.95826417388351659,2,0.055,0.055,0.055,0.055,0.0064732665196061134,-0.080473087728023529,-0.09343285858631134,0.033224955201148987,-0.026878174394369125,-0.99908643960952759,0,0,1,0,0,0.023465581238269806,0.057195328176021576,0.085815988481044769,0.10677096247673035,0.11818840354681015,0.11904842406511307,0.10927420109510422,0.089738845825195312,0.062187384814023972,0.029080908745527267,-0.0066232774406671524,-0.041735827922821045,0.41213744878768921,-0.083120986819267273,-0.22261500358581543,0.1051468625664711,0.1590719074010849,-0.65978062152862549,0.03994351252913475,-0.26828610897064209,0.047165781259536743,-0.45941182971000671,-0.054226521402597427,0.08679528534412384,0.019354870542883873,-0.072098448872566223,-0.097264789044857025,0.033874817192554474,-0.027506411075592041,-0.99904751777648926,0,0,1,0,0,0.012793403118848801,0.047482319176197052,0.077929779887199402,0.10141600668430328,0.1158430427312851,0.11992216855287552,0.1132889986038208,0.096536062657833099,0.07115984708070755,0.039427135139703751,0.0041725141927599907,-0.031454827636480331,0.41098609566688538,-0.096729286015033722,-0.22518046200275421,0.11120554059743881,0.14032392203807831,-0.66685086488723755,0.041009750217199326,-0.26402947306632996,0.05254049226641655,-0.44846135377883911,-0.052099041640758514,0.081478580832481384,0.03190983459353447,-0.062507063150405884,-0.099455259740352631,0.034494217485189438,-0.028065908700227737,-0.99901074171066284,0,0,1,0,0,0.0020176679827272892,0.037384964525699615,0.069412775337696075,0.095240145921707153,0.11255999654531479,0.11982519924640656,0.116386778652668,0.10255187004804611,0.079556308686733246,0.0494542196393013,0.014934530481696129,-0.020919213071465492,0.4086872935295105,-0.10978930443525314,-0.22739435732364655,0.11730558425188065,0.12288706004619598,-0.67209601402282715,0.043895944952964783,-0.26039305329322815,0.057492908090353012,-0.43723917007446289,-0.05062798410654068,0.077640257775783539,0.043926283717155457,-0.051860794425010681,-0.099967300891876221,0.035082615911960602,-0.028555287048220634,-0.99897634983062744,0,0,1,0,0,-0.0087743988260626793,0.026984993368387222,0.060333896428346634,0.088293351233005524,0.10836582630872726,0.11875830590724945,0.11854245513677597,0.10773756355047226,0.087308794260025024,0.059080991894006729,0.025575660169124603,-0.01021427009254694,0.40738260746002197,-0.12218205630779266,-0.23133188486099243,0.1212606281042099,0.10525663197040558,-0.67587018013000488,0.045359879732131958,-0.2606719434261322,0.060540772974491119,-0.42613884806632996,-0.049926895648241043,0.073363758623600006,0.41459044814109802,-0.067522399127483368,-0.22177107632160187,0.098288983106613159,0.17949163913726807,-0.65175217390060425,0.03984365239739418,-0.27500113844871521,0.043006647378206253,-0.47101107239723206,-0.055147331207990646,0.092394985258579254,0.41459044814109802,-0.067522399127483368,-0.22177107632160187,0.098288983106613159,0.17949163913726807,-0.65175217390060425,0.03984365239739418,-0.27500113844871521,0.043006647378206253,-0.47101107239723206,-0.055147331207990646,0.092394985258579254,1.207295224070549,-0.067522399127483368,-1.1774168610572815,-0.95085550844669342,0.17949163913726807,0.47859826087951662,1.0199218261986971,-0.27500113844871521,-0.96559468209743504,-1.235505536198616,-0.055147331207990646,1.0739159882068634
-0.0065175807569663909,-0.087489648552600885,-0.088024136948160428,0.032545207237020556,-0.026182756114862368,-0.99912725554262061,1.0339478174211389,0.066445368433198787,-0.90699244742588003,-0.88873835095654885,0.11957707376887206,1.1172110346250845,1.104374882842144,0.082215233629536075,-0.94728845754557889,-0.98150071381993231,-0.017365456233229742,0.94832100584009638,2,0.055,0.055,0.055,0.055,-0.0065175807103514671,-0.087489649653434753,-0.088024139404296875,0.032545208930969238,-0.026182755827903748,-0.99912726879119873,0,0,1,0,0,0.033947817981243134,0.06644536554813385,0.093007549643516541,0.11126165091991425,0.1195770725607872,0.11721103638410568,0.10437488555908203,0.082215234637260437,0.052711542695760727,0.018499286845326424,-0.017365455627441406,-0.051678992807865143,0.41459044814109802,-0.067522399127483368,-0.22177107632160187,0.098288983106613159,0.17949163913726807,-0.65175217390060425,0.03984365239739418,-0.27500113844871521,0.043006647378206253,-0.47101107239723206,-0.055147331207990646,0.092394985258579254,0.0064732665196061134,-0.080473087728023529,-0.09343285858631134,0.033224955201148987,-0.026878174394369125,-0.99908643960952759,0,0,1,0,0,0.023465581238269806,0.057195328176021576,0.085815988481044769,0.10677096247673035,0.11818840354681015,0.11904842406511307,0.10927420109510422,0.089738845825195312,0.062187384814023972,0.029080908745527267,-0.0066232774406671524,-0.041735827922821045,0.41213744878768921,-0.083120986819267273,-0.22261500358581543,0.1051468625664711,0.1590719074010849,-0.65978062152862549,0.03994351252913475,-0.26828610897064209,0.047165781259536743,-0.45941182971000671,-0.054226521402597427,0.08679528534412384,0.019354870542883873,-0.072098448872566223,-0.097264789044857025,0.033874817192554474,-0.027506411075592041,-0.99904751777648926,0,0,1,0,0,0.012793403118848801,0.047482319176197052,0.077929779887199402,0.10141600668430328,0.1158430427312851,0.11992216855287552,0.1132889986038208,0.096536062657833099,0.07115984708070755,0.039427135139703751,0.0041725141927599907,-0.031454827636480331,0.41098609566688538,-0.096729286015033722,-0.22518046200275421,0.11120554059743881,0.14032392203807831,-0.66685086488723755,0.041009750217199326,-0.26402947306632996,0.05254049226641655,-0.44846135377883911,-0.052099041640758514,0.081478580832481384,0.03190983459353447,-0.062507063150405884,-0.099455259740352631,0.034494217485189438,-0.028065908700227737,-0.99901074171066284,0,0,1,0,0,0.0020176679827272892,0.037384964525699615,0.069412775337696075,0.095240145921707153,0.11255999654531479,0.11982519924640656,0.116386778652668,0.10255187004804611,0.079556308686733246,0.0494542196393013,0.014934530481696129,-0.020919213071465492,0.4086872935295105,-0.10978930443525314,-0.22739435732364655,0.11730558425188065,0.12288706004619598,-0.67209601402282715,0.043895944952964783,-0.26039305329322815,0.057492908090353012,-0.43723917007446289,-0.05062798410654068,0.077640257775783539,0.41694584488868713,-0.050489760935306549,-0.22017858922481537,0.091125957667827606,0.20086036622524261,-0.64208173751831055,0.040313106030225754,-0.28322964906692505,0.039000455290079117,-0.48182472586631775,-0.057182326912879944,0.09913952648639679,0.41694584488868713,-0.050489760935306549,-0.22017858922481537,0.091125957667827606,0.20086036622524261,-0.64208173751831055,0.040313106030225754,-0.28322964906692505,0.039000455290079117,-0.48182472586631775,-0.057182326912879944,0.09913952648639679,1.2084729224443436,-0.050489760935306549,-1.1761428713798523,-0.9544370211660862,0.20086036622524261,0.4863346099853515,1.0201565530151129,-0.28322964906692505,-0.96879963576793671,-1.2409123629331589,-0.057182326912879944,1.0793116211891174
-0.019398436125389898,-0.093029712272169662,-0.081129899984415776,0.031836164909696089,-0.025421876867500609,-0.9991697487316038,1.0441552612686862,0.075157563638598698,-0.90055373531321981,-0.88514827291354992,0.11999782676278266,1.114424877958069,1.0986306955913923,0.074026126934525371,-0.95719097517300056,-0.99223207997229212,-0.027967069932841728,0.93879615517074944,2,0.055,0.055,0.055,0.055,-0.019398435950279236,-0.093029715120792389,-0.081129901111125946,0.031836163252592087,-0.025421876460313797,-0.99916976690292358,0,0,1,0,0,0.044155262410640717,0.075157560408115387,0.099446266889572144,0.11485172808170319,0.11999782919883728,0.11442487686872482,0.098630696535110474,0.074026130139827728,0.042809024453163147,0.0077679199166595936,-0.027967069298028946,-0.061203844845294952,0.41694584488868713,-0.050489760935306549,-0.22017858922481537,0.091125957667827606,0.20086036622524261,-0.64208173751831055,0.040313106030225754,-0.28322964906692505,0.039000455290079117,-0.48182472586631775,-0.057182326912879944,0.09913952648639679,-0.0065175807103514671,-0.087489649653434753,-0.088024139404296875,0.032545208930969238,-0.026182755827903748,-0.99912726879119873,0,0,1,0,0,0.033947817981243134,0.06644536554813385,0.093007549643516541,0.11126165091991425,0.1195770725607872,0.11721103638410568,0.10437488555908203,0.082215234637260437,0.052711542695760727,0.018499286845326424,-0.017365455627441406,-0.051678992807865143,0.41459044814109802,-0.067522399127483368,-0.22177107632160187,0.098288983106613159,0.17949163913726807,-0.65175217390060425,0.03984365239739418,-0.27500113844871521,0.043006647378206253,-0.47101107239723206,-0.055147331207990646,0.092394985258579254,0.0064732665196061134,-0.080473087728023529,-0.09343285858631134,0.033224955201148987,-0.026878174394369125,-0.99908643960952759,0,0,1,0,0,0.023465581238269806,0.057195328176021576,0.085815988481044769,0.10677096247673035,0.11818840354681015,0.11904842406511307,0.10927420109510422,0.089738845825195312,0.062187384814023972,0.029080908745527267,-0.0066232774406671524,-0.041735827922821045,0.41213744878768921,-0.083120986819267273,-0.22261500358581543,0.1051468625664711,0.1590719074010849,-0.65978062152862549,0.03994351252913475,-0.26828610897064209,0.047165781259536743,-0.45941182971000671,-0.054226521402597427,0.08679528534412384,0.019354870542883873,-0.072098448872566223,-0.097264789044857025,0.033874817192554474,-0.027506411075592041,-0.99904751777648926,0,0,1,0,0,0.012793403118848801,0.047482319176197052,0.077929779887199402,0.10141600668430328,0.1158430427312851,0.11992216855287552,0.1132889986038208,0.096536062657833099,0.07115984708070755,0.039427135139703751,0.0041725141927599907,-0.031454827636480331,0.41098609566688538,-0.096729286015033722,-0.22518046200275421,0.11120554059743881,0.14032392203807831,-0.66685086488723755,0.041009750217199326,-0.26402947306632996,0.05254049226641655,-0.44846135377883911,-0.052099041640758514,0.081478580832481384,0.41964077949523926,-0.031984243541955948,-0.21911604702472687,0.08440668135881424,0.22353321313858032,-0.63110220432281494,0.041986037045717239,-0.29305744171142578,0.0354435034096241,-0.49210983514785767,-0.058926064521074295,0.10599316656589508,0.41964077949523926,-0.031984243541955948,-0.21911604702472687,0.08440668135881424,0.22353321313858032,-0.63110220432281494,0.041986037045717239,-0.29305744171142578,0.0354435034096241,-0.49210983514785767,-0.058926064521074295,0.10599316656589508,1.2098203897476196,-0.031984243541955948,-1.1752928376197815,-0.95779665932059288,0.22353321313858032,0.49511823654174802,1.0209930185228586,-0.29305744171142578,-0.9716451972723007,-1.2460549175739288,-0.058926064521074295,1.084794533252716
-0.031951919362227368,-0.09699978679206786,-0.072866497582717002,0.031098453343583056,-0.024597422509794371,-0.99921361730388336,1.0540052888536742,0.083261393391571639,-0.89491999436885417,-0.88248786607765606,0.11944725327091438,1.1107125052287208,1.0920881388240984,0.065237813239930609,-0.96744001190636408,-1.003026323817239,-0.038342303234672838,0.92976672110283565,2,0.055,0.055,0.055,0.055,-0.031951919198036194,-0.096999786794185638,-0.072866499423980713,0.03109845332801342,-0.024597423151135445,-0.99921363592147827,0,0,1,0,0,0.05400528758764267,0.083261393010616302,0.1050800085067749,0.11751213669776917,0.1194472536444664,0.11071250587701797,0.092088140547275543,0.065237812697887421,0.032559987157583237,-0.0030263238586485386,-0.038342304527759552,-0.070233277976512909,0.41964077949523926,-0.031984243541955948,-0.21911604702472687,0.08440668135881424,0.22353321313858032,-0.63110220432281494,0.041986037045717239,-0.29305744171142578,0.0354435034096241,-0.49210983514785767,-0.058926064521074295,0.10599316656589508,-0.019398435950279236,-0.093029715120792389,-0.081129901111125946,0.031836163252592087,-0.025421876460313797,-0.99916976690292358,0,0,1,0,0,0.044155262410640717,0.075157560408115387,0.099446266889572144,0.11485172808170319,0.11999782919883728,0.11442487686872482,0.098630696535110474,0.074026130139827728,0.042809024453163147,0.0077679199166595936,-0.027967069298028946,-0.061203844845294952,0.41694584488868713,-0.050489760935306549,-0.22017858922481537,0.091125957667827606,0.20086036622524261,-0.64208173751831055,0.040313106030225754,-0.28322964906692505,0.039000455290079117,-0.48182472586631775,-0.057182326912879944,0.09913952648639679,-0.0065175807103514671,-0.087489649653434753,-0.088024139404296875,0.032545208930969238,-0.026182755827903748,-0.99912726879119873,0,0,1,0,0,0.033947817981243134,0.06644536554813385,0.093007549643516541,0.11126165091991425,0.1195770725607872,0.11721103638410568,0.10437488555908203,0.082215234637260437,0.052711542695760727,0.018499286845326424,-0.017365455627441406,-0.051678992807865143,0.41459044814109802,-0.067522399127483368,-0.22177107632160187,0.098288983106613159,0.17949163913726807,-0.65175217390060425,0.03984365239739418,-0.27500113844871521,0.043006647378206253,-0.47101107239723206,-0.055147331207990646,0.092394985258579254,0.0064732665196061134,-0.080473087728023529,-0.09343285858631134,0.033224955201148987,-0.026878174394369125,-0.99908643960952759,0,0,1,0,0,0.023465581238269806,0.057195328176021576,0.085815988481044769,0.10677096247673035,0.11818840354681015,0.11904842406511307,0.10927420109510422,0.089738845825195312,0.062187384814023972,0.029080908745527267,-0.0066232774406671524,-0.041735827922821045,0.41213744878768921,-0.083120986819267273,-0.22261500358581543,0.1051468625664711,0.1590719074010849,-0.65978062152862549,0.03994351252913475,-0.26828610897064209,0.047165781259536743,-0.45941182971000671,-0.054226521402597427,0.08679528534412384,0.42252230644226074,-0.011206376366317272,-0.21832944452762604,0.078125275671482086,0.24787405133247375,-0.61843854188919067,0.044694993644952774,-0.30454963445663452,0.032364264130592346,-0.50198823213577271,-0.060131721198558807,0.11311224848031998,0.42252230644226074,-0.011206376366317272,-0.21832944452762604,0.078125275671482086,0.24787405133247375,-0.61843854188919067,0.044694993644952774,-0.30454963445663452,0.032364264130592346,-0.50198823213577271,-0.060131721198558807,0.11311224848031998,1.2112611532211304,-0.011206376366317272,-1.1746635556221008,-0.96093736216425896,0.24787405133247375,0.50524916648864737,1.0223474968224764,-0.30454963445663452,-0.97410858869552608,-1.2509941160678864,-0.060131721198558807,1.0904897987842559
-0.043966175215875009,-0.099332872290777363,-0.063373384678549902,0.030332722110437551,-0.02371143798872476,-0.99925857198118528,1.0634181687931517,0.090691260966846446,-0.89013682710026931,-0.88077866520239012,0.11792980992910346,1.1061039663642296,1.0848001714883053,0.055921429849544534,-0.97795260656961003,-1.013796070981225,-0.048407173460252348,0.92130579269720159,2,0.055,0.055,0.055,0.055,-0.043966174125671387,-0.099332869052886963,-0.063373386859893799,0.030332721769809723,-0.023711437359452248,-0.99925857782363892,0,0,1,0,0,0.063418172299861908,0.090691260993480682,0.10986316949129105,0.11922133713960648,0.11792980879545212,0.10610396414995193,0.084800168871879578,0.055921431630849838,0.022047393023967743,-0.013796070590615273,-0.048407174646854401,-0.078694209456443787,0.42252230644226074,-0.011206376366317272,-0.21832944452762604,0.078125275671482086,0.24787405133247375,-0.61843854188919067,0.044694993644952774,-0.30454963445663452,0.032364264130592346,-0.50198823213577271,-0.060131721198558807,0.11311224848031998,-0.031951919198036194,-0.096999786794185638,-0.072866499423980713,0.03109845332801342,-0.024597423151135445,-0.99921363592147827,0,0,1,0,0,0.05400528758764267,0.083261393010616302,0.1050800085067749,0.11751213669776917,0.1194472536444664,0.11071250587701797,0.092088140547275543,0.065237812697887421,0.032559987157583237,-0.0030263238586485386,-0.038342304527759552,-0.070233277976512909,0.41964077949523926,-0.031984243541955948,-0.21911604702472687,0.08440668135881424,0.22353321313858032,-0.63110220432281494,0.041986037045717239,-0.29305744171142578,0.0354435034096241,-0.49210983514785767,-0.058926064521074295,0.10599316656589508,-0.019398435950279236,-0.093029715120792389,-0.081129901111125946,0.031836163252592087,-0.025421876460313797,-0.99916976690292358,0,0,1,0,0,0.044155262410640717,0.075157560408115387,0.099446266889572144,0.11485172808170319,0.11999782919883728,0.11442487686872482,0.098630696535110474,0.074026130139827728,0.042809024453163147,0.0077679199166595936,-0.027967069298028946,-0.061203844845294952,0.41694584488868713,-0.050489760935306549,-0.22017858922481537,0.091125957667827606,0.20086036622524261,-0.64208173751831055,0.040313106030225754,-0.28322964906692505,0.039000455290079117,-0.48182472586631775,-0.057182326912879944,0.09913952648639679,-0.0065175807103514671,-0.087489649653434753,-0.088024139404296875,0.032545208930969238,-0.026182755827903748,-0.99912726879119873,0,0,1,0,0,0.033947817981243134,0.06644536554813385,0.093007549643516541,0.11126165091991425,0.1195770725607872,0.11721103638410568,0.10437488555908203,0.082215234637260437,0.052711542695760727,0.018499286845326424,-0.017365455627441406,-0.051678992807865143,0.41459044814109802,-0.067522399127483368,-0.22177107632160187,0.098288983106613159,0.17949163913726807,-0.65175217390060425,0.03984365239739418,-0.27500113844871521,0.043006647378206253,-0.47101107239723206,-0.055147331207990646,0.092394985258579254,0.42557871341705322,0.011692261323332787,-0.2180829644203186,0.072526656091213226,0.2731972336769104,-0.60425007343292236,0.047815319150686264,-0.31745532155036926,0.030167063698172569,-0.5112261176109314,-0.061244063079357147,0.12039782106876373,0.42557871341705322,0.011692261323332787,-0.2180829644203186,0.072526656091213226,0.2731972336769104,-0.60425007343292236,0.047815319150686264,-0.31745532155036926,0.030167063698172569,-0.5112261176109314,-0.061244063079357147,0.12039782106876373,1.2127893567085266,0.011692261323332787,-1.1744663715362549,-0.96373667195439339,0.2731972336769104,0.51659994125366215,1.0239076595753431,-0.31745532155036926,-0.97586634904146197,-1.2556130588054657,-0.061244063079357147,1.0963182568550109
-0.055238448550670886,-0.099989595121476926,-0.052810769063240483,0.029539646511584042,-0.02276612268628438,-0.99930431448173174,1.0723177082106368,0.097387025048897791,-0.88624295101743378,-0.88003450547230888,0.11545777973403681,1.1006365653390133,1.0768257862832287,0.046152388545254192,-0.98864366460806075,-1.0244541453799179,-0.058080210175575173,0.91348185722629527,2,0.055,0.055,0.055,0.055,-0.055238448083400726,-0.099989593029022217,-0.052810769528150558,0.029539646580815315,-0.022766122594475746,-0.99930429458618164,0,0,1,0,0,0.072317704558372498,0.097387023270130157,0.11375705152750015,0.11996549367904663,0.11545778065919876,0.1006365641951561,0.076825782656669617,0.04615238681435585,0.011356335133314133,-0.024454144760966301,-0.058080211281776428,-0.086518146097660065,0.42557871341705322,0.011692261323332787,-0.2180829644203186,0.072526656091213226,0.2731972336769104,-0.60425007343292236,0.047815319150686264,-0.31745532155036926,0.030167063698172569,-0.5112261176109314,-0.061244063079357147,0.12039782106876373,-0.043966174125671387,-0.099332869052886963,-0.063373386859893799,0.030332721769809723,-0.023711437359452248,-0.99925857782363892,0,0,1,0,0,0.063418172299861908,0.090691260993480682,0.10986316949129105,0.11922133713960648,0.11792980879545212,0.10610396414995193,0.084800168871879578,0.055921431630849838,0.022047393023967743,-0.013796070590615273,-0.048407174646854401,-0.078694209456443787,0.42252230644226074,-0.011206376366317272,-0.21832944452762604,0.078125275671482086,0.24787405133247375,-0.61843854188919067,0.044694993644952774,-0.30454963445663452,0.032364264130592346,-0.50198823213577271,-0.060131721198558807,0.11311224848031998,-0.031951919198036194,-0.096999786794185638,-0.072866499423980713,0.03109845332801342,-0.024597423151135445,-0.99921363592147827,0,0,1,0,0,0.05400528758764267,0.083261393010616302,0.1050800085067749,0.11751213669776917,0.1194472536444664,0.11071250587701797,0.092088140547275543,0.065237812697887421,0.032559987157583237,-0.0030263238586485386,-0.038342304527759552,-0.070233277976512909,0.41964077949523926,-0.031984243541955948,-0.21911604702472687,0.08440668135881424,0.22353321313858032,-0.63110220432281494,0.041986037045717239,-0.29305744171142578,0.0354435034096241,-0.49210983514785767,-0.058926064521074295,0.10599316656589508,-0.019398435950279236,-0.093029715120792389,-0.081129901111125946,0.031836163252592087,-0.025421876460313797,-0.99916976690292358,0,0,1,0,0,0.044155262410640717,0.075157560408115387,0.099446266889572144,0.11485172808170319,0.11999782919883728,0.11442487686872482,0.098630696535110474,0.074026130139827728,0.042809024453163147,0.0077679199166595936,-0.027967069298028946,-0.061203844845294952,0.41694584488868713,-0.050489760935306549,-0.22017858922481537,0.091125957667827606,0.20086036622524261,-0.64208173751831055,0.040313106030225754,-0.28322964906692505,0.039000455290079117,-0.48182472586631775,-0.057182326912879944,0.09913952648639679,0.42863279581069946,0.036859456449747086,-0.21801105141639709,0.067466877400875092,0.29922837018966675,-0.58830296993255615,0.051286280155181885,-0.33172589540481567,0.028571333736181259,-0.51980859041213989,-0.062423162162303925,0.12796305119991302,0.42863279581069946,0.036859456449747086,-0.21801105141639709,0.067466877400875092,0.29922837018966675,-0.58830296993255615,0.051286280155181885,-0.33172589540481567,0.028571333736181259,-0.51980859041213989,-0.062423162162303925,0.12796305119991302,1.2143163979053497,0.036859456449747086,-1.1744088411331177,-0.96626656129956245,0.29922837018966675,0.52935762405395503,1.0256431400775909,-0.33172589540481567,-0.97714293301105504,-1.2599042952060699,-0.062423162162303925,1.1023704409599304
-0.065578506085665358,-0.098958872290075828,-0.041356907683212096,0.028719927155522951,-0.021763825205067852,-0.99935053994913348,1.0806318694819435,0.10329448654786814,-0.88326988523259842,-0.88026141051363105,0.11205117261811816,1.0943545582164316,1.0682295321408484,0.036009765163810194,-0.99942664688918459,-1.0349142748679787,-0.06728311465629791,0.90635824580161217,2,0.055,0.055,0.055,0.055,-0.065578505396842957,-0.098958872258663177,-0.041356906294822693,0.028719926252961159,-0.021763825789093971,-0.99935054779052734,0,0,1,0,0,0.080631867051124573,0.1032944843173027,0.11673011630773544,0.11973858624696732,0.11205117404460907,0.094354555010795593,0.068229533731937408,0.036009766161441803,0.00057335308520123363,-0.034914273768663406,-0.067283116281032562,-0.093641750514507294,0.42863279581069946,0.036859456449747086,-0.21801105141639709,0.067466877400875092,0.29922837018966675,-0.58830296993255615,0.051286280155181885,-0.33172589540481567,0.028571333736181259,-0.51980859041213989,-0.062423162162303925,0.12796305119991302,-0.055238448083400726,-0.099989593029022217,-0.052810769528150558,0.029539646580815315,-0.022766122594475746,-0.99930429458618164,0,0,1,0,0,0.072317704558372498,0.097387023270130157,0.11375705152750015,0.11996549367904663,0.11545778065919876,0.1006365641951561,0.076825782656669617,0.04615238681435585,0.011356335133314133,-0.024454144760966301,-0.058080211281776428,-0.086518146097660065,0.42557871341705322,0.011692261323332787,-0.2180829644203186,0.072526656091213226,0.2731972336769104,-0.60425007343292236,0.047815319150686264,-0.31745532155036926,0.030167063698172569,-0.5112261176109314,-0.061244063079357147,0.12039782106876373,-0.043966174125671387,-0.099332869052886963,-0.063373386859893799,0.030332721769809723,-0.023711437359452248,-0.99925857782363892,0,0,1,0,0,0.063418172299861908,0.090691260993480682,0.10986316949129105,0.11922133713960648,0.11792980879545212,0.10610396414995193,0.084800168871879578,0.055921431630849838,0.022047393023967743,-0.013796070590615273,-0.048407174646854401,-0.078694209456443787,0.42252230644226074,-0.011206376366317272,-0.21832944452762604,0.078125275671482086,0.24787405133247375,-0.61843854188919067,0.044694993644952774,-0.30454963445663452,0.032364264130592346,-0.50198823213577271,-0.060131721198558807,0.11311224848031998,-0.031951919198036194,-0.096999786794185638,-0.072866499423980713,0.03109845332801342,-0.024597423151135445,-0.99921363592147827,0,0,1,0,0,0.05400528758764267,0.083261393010616302,0.1050800085067749,0.11751213669776917,0.1194472536444664,0.11071250587701797,0.092088140547275543,0.065237812697887421,0.032559987157583237,-0.0030263238586485386,-0.038342304527759552,-0.070233277976512909,0.41964077949523926,-0.031984243541955948,-0.21911604702472687,0.08440668135881424,0.22353321313858032,-0.63110220432281494,0.041986037045717239,-0.29305744171142578,0.0354435034096241,-0.49210983514785767,-0.058926064521074295,0.10599316656589508,0.43171927332878113,0.064321279525756836,-0.21822187304496765,0.062951579689979553,0.32570257782936096,-0.57048296928405762,0.054859671741724014,-0.34728384017944336,0.027748653665184975,-0.52788537740707397,-0.063628867268562317,0.13576868176460266,0.43171927332878113,0.064321279525756836,-0.21822187304496765,0.062951579689979553,0.32570257782936096,-0.57048296928405762,0.054859671741724014,-0.34728384017944336,0.027748653665184975,-0.52788537740707397,-0.063628867268562317,0.13576868176460266,1.2158596366643906,0.064321279525756836,-1.174577498435974,-0.96852421015501022,0.32570257782936096,0.54361362457275386,1.027429835870862,-0.34728384017944336,-0.97780107706785202,-1.263942688703537,-0.063628867268562317,1.108614945411682
-0.074811846811907168,-0.09625809849417799,-0.029205098337866588,0.027874289502401079,-0.020707037763804562,-0.99939693944487584,1.0882933533461792,0.10836582731594213,-0.88124169532777152,-0.88145754363579043,0.10773756347839022,1.0873087949165752,1.0590809917323867,0.025575659514779546,-1.0102142701965442,-1.0450917895718728,-0.075941393679423375,0.89999262073786124,2,0.055,0.055,0.055,0.055,-0.074811846017837524,-0.096258096396923065,-0.029205098748207092,0.027874289080500603,-0.020707037299871445,-0.9993969202041626,0,0,1,0,0,0.088293351233005524,0.10836582630872726,0.11875830590724945,0.11854245513677597,0.10773756355047226,0.087308794260025024,0.059080991894006729,0.025575660169124603,-0.01021427009254694,-0.045091789215803146,-0.075941391289234161,-0.10000737756490707,0.43171927332878113,0.064321279525756836,-0.21822187304496765,0.062951579689979553,0.32570257782936096,-0.57048296928405762,0.054859671741724014,-0.34728384017944336,0.027748653665184975,-0.52788537740707397,-0.063628867268562317,0.13576868176460266,-0.065578505396842957,-0.098958872258663177,-0.041356906294822693,0.028719926252961159,-0.021763825789093971,-0.99935054779052734,0,0,1,0,0,0.080631867051124573,0.1032944843173027,0.11673011630773544,0.11973858624696732,0.11205117404460907,0.094354555010795593,0.068229533731937408,0.036009766161441803,0.00057335308520123363,-0.034914273768663406,-0.067283116281032562,-0.093641750514507294,0.42863279581069946,0.036859456449747086,-0.21801105141639709,0.067466877400875092,0.29922837018966675,-0.58830296993255615,0.051286280155181885,-0.33172589540481567,0.028571333736181259,-0.51980859041213989,-0.062423162162303925,0.12796305119991302,-0.055238448083400726,-0.099989593029022217,-0.052810769528150558,0.029539646580815315,-0.022766122594475746,-0.99930429458618164,0,0,1,0,0,0.072317704558372498,0.097387023270130157,0.11375705152750015,0.11996549367904663,0.11545778065919876,0.1006365641951561,0.076825782656669617,0.04615238681435585,0.011356335133314133,-0.024454144760966301,-0.058080211281776428,-0.086518146097660065,0.42557871341705322,0.011692261323332787,-0.2180829644203186,0.072526656091213226,0.2731972336769104,-0.60425007343292236,0.047815319150686264,-0.31745532155036926,0.030167063698172569,-0.5112261176109314,-0.061244063079357147,0.12039782106876373,-0.043966174125671387,-0.099332869052886963,-0.063373386859893799,0.030332721769809723,-0.023711437359452248,-0.99925857782363892,0,0,1,0,0,0.063418172299861908,0.090691260993480682,0.10986316949129105,0.11922133713960648,0.11792980879545212,0.10610396414995193,0.084800168871879578,0.055921431630849838,0.022047393023967743,-0.013796070590615273,-0.048407174646854401,-0.078694209456443787,0.42252230644226074,-0.011206376366317272,-0.21832944452762604,0.078125275671482086,0.24787405133247375,-0.61843854188919067,0.044694993644952774,-0.30454963445663452,0.032364264130592346,-0.50198823213577271,-0.060131721198558807,0.11311224848031998,0.43479922413825989,0.093939140439033508,-0.21867990493774414,0.059029038995504379,0.35234421491622925,-0.55054998397827148,0.058152277022600174,-0.36387607455253601,0.027847431600093842,-0.53566455841064453,-0.065102420747280121,0.14391475915908813,0.43479922413825989,0.093939140439033508,-0.21867990493774414,0.059029038995504379,0.35234421491622925,-0.55054998397827148,0.058152277022600174,-0.36387607455253601,0.027847431600093842,-0.53566455841064453,-0.065102420747280121,0.14391475915908813,1.2173996120691299,0.093939140439033508,-1.1749439239501953,-0.97048548050224781,0.35234421491622925,0.55956001281738277,1.0290761385113001,-0.36387607455253601,-0.9777220547199249,-1.2678322792053223,-0.065102420747280121,1.1151318073272705
-0.082782646908565377,-0.091932852566467577,-0.016560417544830942,0.027003483373140097,-0.01959839021152945,-0.99944320248167828,1.0952401436618984,0.11255999721296862,-0.88017479855504743,-0.88361322269858966,0.10255186897059376,1.079556307609862,1.0494542182290107,0.014934530820847615,-1.0209192137467575,-1.0549043072530384,-0.083984962511225073,0.89443650880339964,2,0.055,0.055,0.055,0.055,-0.082782648503780365,-0.091932855546474457,-0.016560416668653488,0.027003483846783638,-0.019598390907049179,-0.9994431734085083,0,0,1,0,0,0.095240145921707153,0.11255999654531479,0.11982519924640656,0.116386778652668,0.10255187004804611,0.079556308686733246,0.0494542196393013,0.014934530481696129,-0.020919213071465492,-0.054904308170080185,-0.083984963595867157,-0.10556349158287048,0.43479922413825989,0.093939140439033508,-0.21867990493774414,0.059029038995504379,0.35234421491622925,-0.55054998397827148,0.058152277022600174,-0.36387607455253601,0.027847431600093842,-0.53566455841064453,-0.065102420747280121,0.14391475915908813,-0.074811846017837524,-0.096258096396923065,-0.029205098748207092,0.027874289080500603,-0.020707037299871445,-0.9993969202041626,0,0,1,0,0,0.088293351233005524,0.10836582630872726,0.11875830590724945,0.11854245513677597,0.10773756355047226,0.087308794260025024,0.059080991894006729,0.025575660169124603,-0.01021427009254694,-0.045091789215803146,-0.075941391289234161,-0.10000737756490707,0.43171927332878113,0.064321279525756836,-0.21822187304496765,0.062951579689979553,0.32570257782936096,-0.57048296928405762,0.054859671741724014,-0.34728384017944336,0.027748653665184975,-0.52788537740707397,-0.063628867268562317,0.13576868176460266,-0.065578505396842957,-0.098958872258663177,-0.041356906294822693,0.028719926252961159,-0.021763825789093971,-0.99935054779052734,0,0,1,0,0,0.080631867051124573,0.1032944843173027,0.11673011630773544,0.11973858624696732,0.11205117404460907,0.094354555010795593,0.068229533731937408,0.036009766161441803,0.00057335308520123363,-0.034914273768663406,-0.067283116281032562,-0.093641750514507294,0.42863279581069946,0.036859456449747086,-0.21801105141639709,0.067466877400875092,0.29922837018966675,-0.58830296993255615,0.051286280155181885,-0.33172589540481567,0.028571333736181259,-0.51980859041213989,-0.062423162162303925,0.12796305119991302,-0.055238448083400726,-0.099989593029022217,-0.052810769528150558,0.029539646580815315,-0.022766122594475746,-0.99930429458618164,0,0,1,0,0,0.072317704558372498,0.097387023270130157,0.11375705152750015,0.11996549367904663,0.11545778065919876,0.1006365641951561,0.076825782656669617,0.04615238681435585,0.011356335133314133,-0.024454144760966301,-0.058080211281776428,-0.086518146097660065,0.42557871341705322,0.011692261323332787,-0.2180829644203186,0.072526656091213226,0.2731972336769104,-0.60425007343292236,0.047815319150686264,-0.31745532155036926,0.030167063698172569,-0.5112261176109314,-0.061244063079357147,0.12039782106876373,0.43783381581306458,0.12505185604095459,-0.21921861171722412,0.055525034666061401,0.37863320112228394,-0.52880901098251343,0.060829021036624908,-0.38128328323364258,0.028941351920366287,-0.54322665929794312,-0.067184023559093475,0.15235282480716705,0.43783381581306458,0.12505185604095459,-0.21921861171722412,0.055525034666061401,0.37863320112228394,-0.52880901098251343,0.060829021036624908,-0.38128328323364258,0.028941351920366287,-0.54322665929794312,-0.067184023559093475,0.15235282480716705,1.2189169079065323,0.12505185604095459,-1.1753748893737792,-0.9722374826669693,0.37863320112228394,0.57695279121398924,1.0304145105183125,-0.38128328323364258,-0.97684691846370697,-1.2716133296489716,-0.067184023559093475,1.1218822598457336
-0.08935638945885227,-0.086056128276639984,-0.0036362596250537464,0.026108282421246777,-0.01844064367048634,-0.99948901957451763,1.1014160093988661,0.11584304638821501,-0.88007783094660197,-0.88671099848461366,0.096536064875111238,1.0711598490681948,1.0394271358759231,0.0041725140597703297,-1.0314548260105465,-1.0642724001537149,-0.091348712210505625,0.88973488413505519,0,0.059999999999999998,0.055,0.055,0.055,-0.089356392621994019,-0.086056128144264221,-0.0036362595856189728,0.026108281686902046,-0.018440643325448036,-0.99948900938034058,1,0,0,0,0,0.10141600668430328,0.1158430427312851,0.11992216855287552,0.1132889986038208,0.096536062657833099,0.07115984708070755,0.039427135139703751,0.0041725141927599907,-0.031454827636480331,-0.064272403717041016,-0.091348715126514435,-0.11026511341333389,0.43783381581306458,0.12505185604095459,-0.21921861171722412,0.055525034666061401,0.37863320112228394,-0.52880901098251343,0.060829021036624908,-0.38128328323364258,0.028941351920366287,-0.54322665929794312,-0.067184023559093475,0.15235282480716705,-0.082782648503780365,-0.091932855546474457,-0.016560416668653488,0.027003483846783638,-0.019598390907049179,-0.9994431734085083,0,0,1,0,0,0.095240145921707153,0.11255999654531479,0.11982519924640656,0.116386778652668,0.10255187004804611,0.079556308686733246,0.0494542196393013,0.014934530481696129,-0.020919213071465492,-0.054904308170080185,-0.083984963595867157,-0.10556349158287048,0.43479922413825989,0.093939140439033508,-0.21867990493774414,0.059029038995504379,0.35234421491622925,-0.55054998397827148,0.058152277022600174,-0.36387607455253601,0.027847431600093842,-0.53566455841064453,-0.065102420747280121,0.14391475915908813,-0.074811846017837524,-0.096258096396923065,-0.029205098748207092,0.027874289080500603,-0.020707037299871445,-0.9993969202041626,0,0,1,0,0,0.088293351233005524,0.10836582630872726,0.11875830590724945,0.11854245513677597,0.10773756355047226,0.087308794260025024,0.059080991894006729,0.025575660169124603,-0.01021427009254694,-0.045091789215803146,-0.075941391289234161,-0.10000737756490707,0.43171927332878113,0.064321279525756836,-0.21822187304496765,0.062951579689979553,0.32570257782936096,-0.57048296928405762,0.054859671741724014,-0.34728384017944336,0.027748653665184975,-0.52788537740707397,-0.063628867268562317,0.13576868176460266,-0.065578505396842957,-0.098958872258663177,-0.041356906294822693,0.028719926252961159,-0.021763825789093971,-0.99935054779052734,0,0,1,0,0,0.080631867051124573,0.1032944843173027,0.11673011630773544,0.11973858624696732,0.11205117404460907,0.094354555010795593,0.068229533731937408,0.036009766161441803,0.00057335308520123363,-0.034914273768663406,-0.067283116281032562,-0.093641750514507294,0.42863279581069946,0.036859456449747086,-0.21801105141639709,0.067466877400875092,0.29922837018966675,-0.58830296993255615,0.051286280155181885,-0.33172589540481567,0.028571333736181259,-0.51980859041213989,-0.062423162162303925,0.12796305119991302,0.41103553771972656,0.062858335673809052,-0.17068104445934296,0.082113221287727356,0.2849087119102478,-0.46891573071479797,0.16230510175228119,-0.44894865155220032,-0.083668753504753113,-0.42812821269035339,-0.12910620868206024,0.084133483469486237,0.41103553771972656,0.062858335673809052,-0.17068104445934296,0.082113221287727356,0.2849087119102478,-0.46891573071479797,0.16230510175228119,-0.44894865155220032,-0.083668753504753113,-0.42812821269035339,-0.12910620868206024,0.084133483469486237,1.2055177688598633,0.062858335673809052,-1.1365448355674743,-0.95894338935613632,0.2849087119102478,0.6248674154281616,1.0811525508761406,-0.41999999999999998,-1.0669350028038025,-1.2140641063451767,-0.12910620868206024,1.067306786775589
-0.094422134586105891,-0.078727102473028235,0.0093492645851169284,0.02518948356559891,-0.017236683819332976,-0.99953408478581207,1.1067709598020432,0.11818840008858729,-0.88095157741003627,-0.89072579594251233,0.089738846322586774,1.0621873847105172,1.0290809092319109,-0.0066232772581289413,-1.0417358261164833,-1.0731202379276272,-0.09797303665513335,0.88592580419344835,0,0.053999999999999999,0.055,0.055,0.055,-0.094422131776809692,-0.078727103769779205,0.0093492642045021057,0.025189483538269997,-0.017236683517694473,-0.99953407049179077,1,0,0,0,0,0.10677096247673035,0.11818840354681015,0.11904842406511307,0.10927420109510422,0.089738845825195312,0.062187384814023972,0.029080908745527267,-0.0066232774406671524,-0.041735827922821045,-0.073120236396789551,-0.097973033785820007,-0.11407419294118881,0.41103553771972656,0.062858335673809052,-0.17068104445934296,0.082113221287727356,0.2849087119102478,-0.46891573071479797,0.16230510175228119,-0.44894865155220032,-0.083668753504753113,-0.42812821269035339,-0.12910620868206024,0.084133483469486237,-0.089356392621994019,-0.086056128144264221,-0.0036362595856189728,0.026108281686902046,-0.018440643325448036,-0.99948900938034058,1,0,0,0,0,0.10141600668430328,0.1158430427312851,0.11992216855287552,0.1132889986038208,0.096536062657833099,0.07115984708070755,0.039427135139703751,0.0041725141927599907,-0.031454827636480331,-0.064272403717041016,-0.091348715126514435,-0.11026511341333389,0.43783381581306458,0.12505185604095459,-0.21921861171722412,0.055525034666061401,0.37863320112228394,-0.52880901098251343,0.060829021036624908,-0.38128328323364258,0.028941351920366287,-0.54322665929794312,-0.067184023559093475,0.15235282480716705,-0.082782648503780365,-0.091932855546474457,-0.016560416668653488,0.027003483846783638,-0.019598390907049179,-0.9994431734085083,0,0,1,0,0,0.095240145921707153,0.11255999654531479,0.11982519924640656,0.116386778652668,0.10255187004804611,0.079556308686733246,0.0494542196393013,0.014934530481696129,-0.020919213071465492,-0.054904308170080185,-0.083984963595867157,-0.10556349158287048,0.43479922413825989,0.093939140439033508,-0.21867990493774414,0.059029038995504379,0.35234421491622925,-0.55054998397827148,0.058152277022600174,-0.36387607455253601,0.027847431600093842,-0.53566455841064453,-0.065102420747280121,0.14391475915908813,-0.074811846017837524,-0.096258096396923065,-0.029205098748207092,0.027874289080500603,-0.020707037299871445,-0.9993969202041626,0,0,1,0,0,0.088293351233005524,0.10836582630872726,0.11875830590724945,0.11854245513677597,0.10773756355047226,0.087308794260025024,0.059080991894006729,0.025575660169124603,-0.01021427009254694,-0.045091789215803146,-0.075941391289234161,-0.10000737756490707,0.43171927332878113,0.064321279525756836,-0.21822187304496765,0.062951579689979553,0.32570257782936096,-0.57048296928405762,0.054859671741724014,-0.34728384017944336,0.027748653665184975,-0.52788537740707397,-0.063628867268562317,0.13576868176460266,0.40384173393249512,0.0060816067270934582,-0.12822265923023224,0.062278460711240768,0.092016629874706268,-0.39110270142555237,0.15101321041584015,-0.50731617212295532,-0.058809284120798111,-0.40675446391105652,-0.11568900942802429,0.12185501307249069,0.40384173393249512,0.0060816067270934582,-0.12822265923023224,0.062278460711240768,0.092016629874706268,-0.39110270142555237,0.15101321041584015,-0.50731617212295532,-0.058809284120798111,-0.40675446391105652,-0.11568900942802429,0.12185501307249069,1.2019208669662476,0.0060816067270934582,-1.1025781273841857,-0.96886076964437962,0.092016629874706268,0.68711783885955802,1.0755066052079201,-0.41999999999999998,-1.0470474272966386,-1.2033772319555283,-0.11568900942802429,1.0974840104579926
-0.097894391698731278,-0.070069461353028009,0.022177008618772212,0.02424790638280739,-0.015989513829755598,-0.99957809824122223,1.1112616490434513,0.11957707376887206,-0.88278896537491558,-0.89562511715785598,0.082215233629536075,1.0527115424544211,1.0184992861800677,-0.017365456233229742,-1.0516789941599036,-1.0813762014513004,-0.10380431502582306,0.88304010170558389,0,0.048000000000000001,0.055,0.055,0.055,-0.097894392907619476,-0.070069462060928345,0.022177008911967278,0.024247907102108002,-0.015989514067769051,-0.99957811832427979,1,0,0,0,0,0.11126165091991425,0.1195770725607872,0.11721103638410568,0.10437488555908203,0.082215234637260437,0.052711542695760727,0.018499286845326424,-0.017365455627441406,-0.051678992807865143,-0.081376202404499054,-0.10380431264638901,-0.11695989966392517,0.40384173393249512,0.0060816067270934582,-0.12822265923023224,0.062278460711240768,0.092016629874706268,-0.39110270142555237,0.15101321041584015,-0.50731617212295532,-0.058809284120798111,-0.40675446391105652,-0.11568900942802429,0.12185501307249069,-0.094422131776809692,-0.078727103769779205,0.0093492642045021057,0.025189483538269997,-0.017236683517694473,-0.99953407049179077,1,0,0,0,0,0.10677096247673035,0.11818840354681015,0.11904842406511307,0.10927420109510422,0.089738845825195312,0.062187384814023972,0.029080908745527267,-0.0066232774406671524,-0.041735827922821045,-0.073120236396789551,-0.097973033785820007,-0.11407419294118881,0.41103553771972656,0.062858335673809052,-0.17068104445934296,0.082113221287727356,0.2849087119102478,-0.46891573071479797,0.16230510175228119,-0.44894865155220032,-0.083668753504753113,-0.42812821269035339,-0.12910620868206024,0.084133483469486237,-0.089356392621994019,-0.086056128144264221,-0.0036362595856189728,0.026108281686902046,-0.018440643325448036,-0.99948900938034058,1,0,0,0,0,0.10141600668430328,0.1158430427312851,0.11992216855287552,0.1132889986038208,0.096536062657833099,0.07115984708070755,0.039427135139703751,0.0041725141927599907,-0.031454827636480331,-0.064272403717041016,-0.091348715126514435,-0.11026511341333389,0.43783381581306458,0.12505185604095459,-0.21921861171722412,0.055525034666061401,0.37863320112228394,-0.52880901098251343,0.060829021036624908,-0.38128328323364258,0.028941351920366287,-0.54322665929794312,-0.067184023559093475,0.15235282480716705,-0.082782648503780365,-0.091932855546474457,-0.016560416668653488,0.027003483846783638,-0.019598390907049179,-0.9994431734085083,0,0,1,0,0,0.095240145921707153,0.11255999654531479,0.11982519924640656,0.116386778652668,0.10255187004804611,0.079556308686733246,0.0494542196393013,0.014934530481696129,-0.020919213071465492,-0.054904308170080185,-0.083984963595867157,-0.10556349158287048,0.43479922413825989,0.093939140439033508,-0.21867990493774414,0.059029038995504379,0.35234421491622925,-0.55054998397827148,0.058152277022600174,-0.36387607455253601,0.027847431600093842,-0.53566455841064453,-0.065102420747280121,0.14391475915908813,0.45179590582847595,0.077771179378032684,-0.095331013202667236,-0.0011721843620762229,0.053128287196159363,-0.23292940855026245,0.14028991758823395,-0.64419293403625488,-0.097968071699142456,-0.39150816202163696,-0.13620215654373169,0.14971224963665009,0.45179590582847595,0.077771179378032684,-0.095331013202667236,-0.0011721843620762229,0.053128287196159363,-0.23292940855026245,0.14028991758823395,-0.64419293403625488,-0.097968071699142456,-0.39150816202163696,-0.13620215654373169,0.14971224963665009,1.225897952914238,0.077771179378032684,-1.0762648105621337,-1.0005860921810381,0.053128287196159363,0.81365647315979006,1.070144958794117,-0.41999999999999998,-1.0783744573593139,-1.1957540810108185,-0.13620215654373169,1.1197697997093201
-0.099714562247596505,-0.060229313108539108,0.034630488740800797,0.023284392458093904,-0.014702246971184316,-0.99962076859269766,1.11485172708645,0.11999782676278266,-0.88557512204193112,-0.90136930440860763,0.074026126934525371,1.0428090248269997,1.0077679200277079,-0.027967069932841728,-1.0612038448292502,-1.0889734625474872,-0.10879534584167967,0.88110113508829446,0,0.041999999999999996,0.055,0.055,0.055,-0.099714562296867371,-0.060229312628507614,0.034630488604307175,0.023284392431378365,-0.014702246524393559,-0.99962079524993896,1,0,0,0,0,0.11485172808170319,0.11999782919883728,0.11442487686872482,0.098630696535110474,0.074026130139827728,0.042809024453163147,0.0077679199166595936,-0.027967069298028946,-0.061203844845294952,-0.088973462581634521,-0.10879534482955933,-0.11889886856079102,0.45179590582847595,0.077771179378032684,-0.095331013202667236,-0.0011721843620762229,0.053128287196159363,-0.23292940855026245,0.14028991758823395,-0.64419293403625488,-0.097968071699142456,-0.39150816202163696,-0.13620215654373169,0.14971224963665009,-0.097894392907619476,-0.070069462060928345,0.022177008911967278,0.024247907102108002,-0.015989514067769051,-0.99957811832427979,1,0,0,0,0,0.11126165091991425,0.1195770725607872,0.11721103638410568,0.10437488555908203,0.082215234637260437,0.052711542695760727,0.018499286845326424,-0.017365455627441406,-0.051678992807865143,-0.081376202404499054,-0.10380431264638901,-0.11695989966392517,0.40384173393249512,0.0060816067270934582,-0.12822265923023224,0.062278460711240768,0.092016629874706268,-0.39110270142555237,0.15101321041584015,-0.50731617212295532,-0.058809284120798111,-0.40675446391105652,-0.11568900942802429,0.12185501307249069,-0.094422131776809692,-0.078727103769779205,0.0093492642045021057,0.025189483538269997,-0.017236683517694473,-0.99953407049179077,1,0,0,0,0,0.10677096247673035,0.11818840354681015,0.11904842406511307,0.10927420109510422,0.089738845825195312,0.062187384814023972,0.029080908745527267,-0.0066232774406671524,-0.041735827922821045,-0.073120236396789551,-0.097973033785820007,-0.11407419294118881,0.41103553771972656,0.062858335673809052,-0.17068104445934296,0.082113221287727356,0.2849087119102478,-0.46891573071479797,0.16230510175228119,-0.44894865155220032,-0.083668753504753113,-0.42812821269035339,-0.12910620868206024,0.084133483469486237,-0.089356392621994019,-0.086056128144264221,-0.0036362595856189728,0.026108281686902046,-0.018440643325448036,-0.99948900938034058,1,0,0,0,0,0.10141600668430328,0.1158430427312851,0.11992216855287552,0.1132889986038208,0.096536062657833099,0.07115984708070755,0.039427135139703751,0.0041725141927599907,-0.031454827636480331,-0.064272403717041016,-0.091348715126514435,-0.11026511341333389,0.43783381581306458,0.12505185604095459,-0.21921861171722412,0.055525034666061401,0.37863320112228394,-0.52880901098251343,0.060829021036624908,-0.38128328323364258,0.028941351920366287,-0.54322665929794312,-0.067184023559093475,0.15235282480716705,0.44045093655586243,0.060305401682853699,-0.074264571070671082,-0.015121022239327431,-0.020446434617042542,-0.22517922520637512,0.14800070226192474,-0.70924192667007446,-0.14590626955032349,-0.35431024432182312,-0.16095797717571259,0.15495601296424866,0.44045093655586243,0.060305401682853699,-0.074264571070671082,-0.015121022239327431,-0.020446434617042542,-0.22517922520637512,0.14800070226192474,-0.70924192667007446,-0.14590626955032349,-0.35431024432182312,-0.16095797717571259,0.15495601296424866,1.2202254682779312,0.060305401682853699,-1.0594116568565368,-1.0075605111196637,-0.020446434617042542,0.81985661983489988,1.0740003511309624,-0.41999999999999998,-1.1167250156402588,-1.1771551221609116,-0.16095797717571259,1.1239648103713988
-0.099851928647604546,-0.049372722173059748,0.046499537373422127,0.022299804693990524,-0.013378098899911255,-0.99966181540580723,1.1175121339223439,0.11944725327091439,-0.88928749477127922,-0.90791186117590139,0.065237813239930609,1.032559988093636,0.996973676182761,-0.038342303234672838,-1.0702332788971642,-1.0958505249281201,-0.11290572903418887,0.88012459937274201,0,0.035999999999999997,0.055,0.055,0.055,-0.099851928651332855,-0.049372721463441849,0.046499539166688919,0.022299803793430328,-0.013378098607063293,-0.99966180324554443,1,0,0,0,0,0.11751213669776917,0.1194472536444664,0.11071250587701797,0.092088140547275543,0.065237812697887421,0.032559987157583237,-0.0030263238586485386,-0.038342304527759552,-0.070233277976512909,-0.095850527286529541,-0.11290572583675385,-0.11987540125846863,0.44045093655586243,0.060305401682853699,-0.074264571070671082,-0.015121022239327431,-0.020446434617042542,-0.22517922520637512,0.14800070226192474,-0.70924192667007446,-0.14590626955032349,-0.35431024432182312,-0.16095797717571259,0.15495601296424866,-0.099714562296867371,-0.060229312628507614,0.034630488604307175,0.023284392431378365,-0.014702246524393559,-0.99962079524993896,1,0,0,0,0,0.11485172808170319,0.11999782919883728,0.11442487686872482,0.098630696535110474,0.074026130139827728,0.042809024453163147,0.0077679199166595936,-0.027967069298028946,-0.061203844845294952,-0.088973462581634521,-0.10879534482955933,-0.11889886856079102,0.45179590582847595,0.077771179378032684,-0.095331013202667236,-0.0011721843620762229,0.053128287196159363,-0.23292940855026245,0.14028991758823395,-0.64419293403625488,-0.097968071699142456,-0.39150816202163696,-0.13620215654373169,0.14971224963665009,-0.097894392907619476,-0.070069462060928345,0.022177008911967278,0.024247907102108002,-0.015989514067769051,-0.99957811832427979,1,0,0,0,0,0.11126165091991425,0.1195770725607872,0.11721103638410568,0.10437488555908203,0.082215234637260437,0.052711542695760727,0.018499286845326424,-0.017365455627441406,-0.051678992807865143,-0.081376202404499054,-0.10380431264638901,-0.11695989966392517,0.40384173393249512,0.0060816067270934582,-0.12822265923023224,0.062278460711240768,0.092016629874706268,-0.39110270142555237,0.15101321041584015,-0.50731617212295532,-0.058809284120798111,-0.40675446391105652,-0.11568900942802429,0.12185501307249069,-0.094422131776809692,-0.078727103769779205,0.0093492642045021057,0.025189483538269997,-0.017236683517694473,-0.99953407049179077,1,0,0,0,0,0.10677096247673035,0.11818840354681015,0.11904842406511307,0.10927420109510422,0.089738845825195312,0.062187384814023972,0.029080908745527267,-0.0066232774406671524,-0.041735827922821045,-0.073120236396789551,-0.097973033785820007,-0.11407419294118881,0.41103553771972656,0.062858335673809052,-0.17068104445934296,0.082113221287727356,0.2849087119102478,-0.46891573071479797,0.16230510175228119,-0.44894865155220032,-0.083668753504753113,-0.42812821269035339,-0.12910620868206024,0.084133483469486237,0.43934088945388794,0.071267940104007721,-0.079350396990776062,-0.028708120808005333,-0.044825877994298935,-0.2044757753610611,0.14284993708133698,-0.72760021686553955,-0.15749640762805939,-0.3536725640296936,-0.17833636701107025,0.14787471294403076,0.43934088945388794,0.071267940104007721,-0.079350396990776062,-0.028708120808005333,-0.044825877994298935,-0.2044757753610611,0.14284993708133698,-0.72760021686553955,-0.15749640762805939,-0.3536725640296936,-0.17833636701107025,0.14787471294403076,1.219670444726944,0.071267940104007721,-1.0634803175926208,-1.0143540604040027,-0.044825877994298935,0.8364193797111511,1.0714249685406685,-0.41999999999999998,-1.1259971261024475,-1.1768362820148468,-0.17833636701107025,1.1182997703552247
-0.098304172674188825,-0.0376829066830075,0.057583849928903058,0.021295026576555239,-0.012020379650529713,-0.99970097144904346,1.1192213347976099,0.11792980992910346,-0.89389603363577053,-0.91519982851169446,0.055921429849544534,1.0220473934303902,0.98620392901877507,-0.048407173460252348,-1.0786942073027983,-1.1019517219781036,-0.11610219296694448,0.88011839916045487,0,0.029999999999999999,0.055,0.055,0.055,-0.098304174840450287,-0.037682905793190002,0.057583849877119064,0.021295025944709778,-0.012020379304885864,-0.99970096349716187,1,0,0,0,0,0.11922133713960648,0.11792980879545212,0.10610396414995193,0.084800168871879578,0.055921431630849838,0.022047393023967743,-0.013796070590615273,-0.048407174646854401,-0.078694209456443787,-0.1019517183303833,-0.1161021962761879,-0.11988160014152527,0.43934088945388794,0.071267940104007721,-0.079350396990776062,-0.028708120808005333,-0.044825877994298935,-0.2044757753610611,0.14284993708133698,-0.72760021686553955,-0.15749640762805939,-0.3536725640296936,-0.17833636701107025,0.14787471294403076,-0.099851928651332855,-0.049372721463441849,0.046499539166688919,0.022299803793430328,-0.013378098607063293,-0.99966180324554443,1,0,0,0,0,0.11751213669776917,0.1194472536444664,0.11071250587701797,0.092088140547275543,0.065237812697887421,0.032559987157583237,-0.0030263238586485386,-0.038342304527759552,-0.070233277976512909,-0.095850527286529541,-0.11290572583675385,-0.11987540125846863,0.44045093655586243,0.060305401682853699,-0.074264571070671082,-0.015121022239327431,-0.020446434617042542,-0.22517922520637512,0.14800070226192474,-0.70924192667007446,-0.14590626955032349,-0.35431024432182312,-0.16095797717571259,0.15495601296424866,-0.099714562296867371,-0.060229312628507614,0.034630488604307175,0.023284392431378365,-0.014702246524393559,-0.99962079524993896,1,0,0,0,0,0.11485172808170319,0.11999782919883728,0.11442487686872482,0.098630696535110474,0.074026130139827728,0.042809024453163147,0.0077679199166595936,-0.027967069298028946,-0.061203844845294952,-0.088973462581634521,-0.10879534482955933,-0.11889886856079102,0.45179590582847595,0.077771179378032684,-0.095331013202667236,-0.0011721843620762229,0.053128287196159363,-0.23292940855026245,0.14028991758823395,-0.64419293403625488,-0.097968071699142456,-0.39150816202163696,-0.13620215654373169,0.14971224963665009,-0.097894392907619476,-0.070069462060928345,0.022177008911967278,0.024247907102108002,-0.015989514067769051,-0.99957811832427979,1,0,0,0,0,0.11126165091991425,0.1195770725607872,0.11721103638410568,0.10437488555908203,0.082215234637260437,0.052711542695760727,0.018499286845326424,-0.017365455627441406,-0.051678992807865143,-0.081376202404499054,-0.10380431264638901,-0.11695989966392517,0.40384173393249512,0.0060816067270934582,-0.12822265923023224,0.062278460711240768,0.092016629874706268,-0.39110270142555237,0.15101321041584015,-0.50731617212295532,-0.058809284120798111,-0.40675446391105652,-0.11568900942802429,0.12185501307249069,0.44077432155609131,0.067769750952720642,-0.085130982100963593,-0.033690433949232101,-0.072359137237071991,-0.18792198598384857,0.1359369158744812,-0.74227267503738403,-0.1536976546049118,-0.35214319825172424,-0.18885447084903717,0.14529483020305634,0.44077432155609131,0.067769750952720642,-0.085130982100963593,-0.033690433949232101,-0.072359137237071991,-0.18792198598384857,0.1359369158744812,-0.74227267503738403,-0.1536976546049118,-0.35214319825172424,-0.18885447084903717,0.14529483020305634,1.2203871607780457,0.067769750952720642,-1.0681047856807708,-1.0168452169746161,-0.072359137237071991,0.84966241121292119,1.0679684579372406,-0.41999999999999998,-1.1229581236839294,-1.1760715991258621,-0.18885447084903717,1.116235864162445
-0.095097414586163789,-0.025357146449501208,0.067696365192360566,0.020270961399201991,-0.01063248534921356,-0.99973798486365961,1.1199654945276911,0.11545777973403674,-0.89936343466098667,-0.92317421371677144,0.046152388545254192,1.0113563353919393,0.97554585462008214,-0.058080210175575173,-1.0865181427737047,-1.1072276673506225,-0.11835886375403976,0.88108258463926203,0,0.023999999999999994,0.055,0.055,0.055,-0.095097415149211884,-0.025357145816087723,0.067696362733840942,0.02027096226811409,-0.010632485151290894,-0.99973797798156738,1,0,0,0,0,0.11996549367904663,0.11545778065919876,0.1006365641951561,0.076825782656669617,0.04615238681435585,0.011356335133314133,-0.024454144760966301,-0.058080211281776428,-0.086518146097660065,-0.10722766816616058,-0.11835886538028717,-0.11891741305589676,0.44077432155609131,0.067769750952720642,-0.085130982100963593,-0.033690433949232101,-0.072359137237071991,-0.18792198598384857,0.1359369158744812,-0.74227267503738403,-0.1536976546049118,-0.35214319825172424,-0.18885447084903717,0.14529483020305634,-0.098304174840450287,-0.037682905793190002,0.057583849877119064,0.021295025944709778,-0.012020379304885864,-0.99970096349716187,1,0,0,0,0,0.11922133713960648,0.11792980879545212,0.10610396414995193,0.084800168871879578,0.055921431630849838,0.022047393023967743,-0.013796070590615273,-0.048407174646854401,-0.078694209456443787,-0.1019517183303833,-0.1161021962761879,-0.11988160014152527,0.43934088945388794,0.071267940104007721,-0.079350396990776062,-0.028708120808005333,-0.044825877994298935,-0.2044757753610611,0.14284993708133698,-0.72760021686553955,-0.15749640762805939,-0.3536725640296936,-0.17833636701107025,0.14787471294403076,-0.099851928651332855,-0.049372721463441849,0.046499539166688919,0.022299803793430328,-0.013378098607063293,-0.99966180324554443,1,0,0,0,0,0.11751213669776917,0.1194472536444664,0.11071250587701797,0.092088140547275543,0.065237812697887421,0.032559987157583237,-0.0030263238586485386,-0.038342304527759552,-0.070233277976512909,-0.095850527286529541,-0.11290572583675385,-0.11987540125846863,0.44045093655586243,0.060305401682853699,-0.074264571070671082,-0.015121022239327431,-0.020446434617042542,-0.22517922520637512,0.14800070226192474,-0.70924192667007446,-0.14590626955032349,-0.35431024432182312,-0.16095797717571259,0.15495601296424866,-0.099714562296867371,-0.060229312628507614,0.034630488604307175,0.023284392431378365,-0.014702246524393559,-0.99962079524993896,1,0,0,0,0,0.11485172808170319,0.11999782919883728,0.11442487686872482,0.098630696535110474,0.074026130139827728,0.042809024453163147,0.0077679199166595936,-0.027967069298028946,-0.061203844845294952,-0.088973462581634521,-0.10879534482955933,-0.11889886856079102,0.45179590582847595,0.077771179378032684,-0.095331013202667236,-0.0011721843620762229,0.053128287196159363,-0.23292940855026245,0.14028991758823395,-0.64419293403625488,-0.097968071699142456,-0.39150816202163696,-0.13620215654373169,0.14971224963665009,0.43554690480232239,0.071139462292194366,-0.086728557944297791,-0.025376355275511742,-0.084465444087982178,-0.18592320382595062,0.12926290929317474,-0.74812406301498413,-0.14747287333011627,-0.34878364205360413,-0.20378758013248444,0.14924485981464386,0.43554690480232239,0.071139462292194366,-0.086728557944297791,-0.025376355275511742,-0.084465444087982178,-0.18592320382595062,0.12926290929317474,-0.74812406301498413,-0.14747287333011627,-0.34878364205360413,-0.20378758013248444,0.14924485981464386,1.2177734524011612,0.071139462292194366,-1.0693828463554382,-1.0126881776377559,-0.084465444087982178,0.8512614369392395,1.0646314546465874,-0.41999999999999998,-1.1179782986640929,-1.1743918210268021,-0.20378758013248444,1.1193958878517152
-0.090285772314684917,-0.012603453622333753,0.07666642220658676,0.019228531444656357,-0.0092178896699191774,-0.99977262119369681,1.119738589486369,0.11205117261811808,-0.90564544178356854,-0.93177046785915163,0.036009765163810194,1.0005733531108154,0.96508572513202129,-0.06728311465629791,-1.0936417541983878,-1.1116356547266035,-0.1196574746971158,0.88300935117704626,0,0.017999999999999995,0.055,0.055,0.055,-0.0902857705950737,-0.012603453360497952,0.076666422188282013,0.019228531047701836,-0.0092178899794816971,-0.99977260828018188,1,0,0,0,0,0.11973858624696732,0.11205117404460907,0.094354555010795593,0.068229533731937408,0.036009766161441803,0.00057335308520123363,-0.034914273768663406,-0.067283116281032562,-0.093641750514507294,-0.11163565516471863,-0.11965747177600861,-0.11699064821004868,0.43554690480232239,0.071139462292194366,-0.086728557944297791,-0.025376355275511742,-0.084465444087982178,-0.18592320382595062,0.12926290929317474,-0.74812406301498413,-0.14747287333011627,-0.34878364205360413,-0.20378758013248444,0.14924485981464386,-0.095097415149211884,-0.025357145816087723,0.067696362733840942,0.02027096226811409,-0.010632485151290894,-0.99973797798156738,1,0,0,0,0,0.11996549367904663,0.11545778065919876,0.1006365641951561,0.076825782656669617,0.04615238681435585,0.011356335133314133,-0.024454144760966301,-0.058080211281776428,-0.086518146097660065,-0.10722766816616058,-0.11835886538028717,-0.11891741305589676,0.44077432155609131,0.067769750952720642,-0.085130982100963593,-0.033690433949232101,-0.072359137237071991,-0.18792198598384857,0.1359369158744812,-0.74227267503738403,-0.1536976546049118,-0.35214319825172424,-0.18885447084903717,0.14529483020305634,-0.098304174840450287,-0.037682905793190002,0.057583849877119064,0.021295025944709778,-0.012020379304885864,-0.99970096349716187,1,0,0,0,0,0.11922133713960648,0.11792980879545212,0.10610396414995193,0.084800168871879578,0.055921431630849838,0.022047393023967743,-0.013796070590615273,-0.048407174646854401,-0.078694209456443787,-0.1019517183303833,-0.1161021962761879,-0.11988160014152527,0.43934088945388794,0.071267940104007721,-0.079350396990776062,-0.028708120808005333,-0.044825877994298935,-0.2044757753610611,0.14284993708133698,-0.72760021686553955,-0.15749640762805939,-0.3536725640296936,-0.17833636701107025,0.14787471294403076,-0.099851928651332855,-0.049372721463441849,0.046499539166688919,0.022299803793430328,-0.013378098607063293,-0.99966180324554443,1,0,0,0,0,0.11751213669776917,0.1194472536444664,0.11071250587701797,0.092088140547275543,0.065237812697887421,0.032559987157583237,-0.0030263238586485386,-0.038342304527759552,-0.070233277976512909,-0.095850527286529541,-0.11290572583675385,-0.11987540125846863,0.44045093655586243,0.060305401682853699,-0.074264571070671082,-0.015121022239327431,-0.020446434617042542,-0.22517922520637512,0.14800070226192474,-0.70924192667007446,-0.14590626955032349,-0.35431024432182312,-0.16095797717571259,0.15495601296424866,0.43018338084220886,0.074970200657844543,-0.086637839674949646,-0.024606131017208099,-0.096134796738624573,-0.18073569238185883,0.11936710774898529,-0.75255376100540161,-0.13840916752815247,-0.34785494208335876,-0.21154938638210297,0.15538856387138367,0.43018338084220886,0.074970200657844543,-0.086637839674949646,-0.024606131017208099,-0.096134796738624573,-0.18073569238185883,0.11936710774898529,-0.75255376100540161,-0.13840916752815247,-0.34785494208335876,-0.21154938638210297,0.15538856387138367,1.2150916904211044,0.074970200657844543,-1.0693102717399596,-1.012303065508604,-0.096134796738624573,0.85541144609451292,1.0596835538744926,-0.41999999999999998,-1.1107273340225219,-1.1739274710416794,-0.21154938638210297,1.1243108510971069
-0.083950448157538604,0.00036293776728550686,0.084342640382640596,0.018168677125964955,-0.0077801350560942175,-0.99980466525716982,1.1185424563642097,0.10773756347839013,-0.91269120508342483,-0.94091900826761332,0.025575659514779546,0.98978572980345592,0.95490821042812712,-0.075941393679423375,-1.1000073792621388,-1.1151400035024657,-0.1199875141457723,0.8858831024966034,0,0.011999999999999997,0.055,0.055,0.055,-0.083950445055961609,0.00036293777520768344,0.084342643618583679,0.018168676644563675,-0.0077801351435482502,-0.99980467557907104,1,0,0,0,0,0.11854245513677597,0.10773756355047226,0.087308794260025024,0.059080991894006729,0.025575660169124603,-0.01021427009254694,-0.045091789215803146,-0.075941391289234161,-0.10000737756490707,-0.11514000594615936,-0.11998751759529114,-0.11411689966917038,0.43018338084220886,0.074970200657844543,-0.086637839674949646,-0.024606131017208099,-0.096134796738624573,-0.18073569238185883,0.11936710774898529,-0.75255376100540161,-0.13840916752815247,-0.34785494208335876,-0.21154938638210297,0.15538856387138367,-0.0902857705950737,-0.012603453360497952,0.076666422188282013,0.019228531047701836,-0.0092178899794816971,-0.99977260828018188,1,0,0,0,0,0.11973858624696732,0.11205117404460907,0.094354555010795593,0.068229533731937408,0.036009766161441803,0.00057335308520123363,-0.034914273768663406,-0.067283116281032562,-0.093641750514507294,-0.11163565516471863,-0.11965747177600861,-0.11699064821004868,0.43554690480232239,0.071139462292194366,-0.086728557944297791,-0.025376355275511742,-0.084465444087982178,-0.18592320382595062,0.12926290929317474,-0.74812406301498413,-0.14747287333011627,-0.34878364205360413,-0.20378758013248444,0.14924485981464386,-0.095097415149211884,-0.025357145816087723,0.067696362733840942,0.02027096226811409,-0.010632485151290894,-0.99973797798156738,1,0,0,0,0,0.11996549367904663,0.11545778065919876,0.1006365641951561,0.076825782656669617,0.04615238681435585,0.011356335133314133,-0.024454144760966301,-0.058080211281776428,-0.086518146097660065,-0.10722766816616058,-0.11835886538028717,-0.11891741305589676,0.44077432155609131,0.067769750952720642,-0.085130982100963593,-0.033690433949232101,-0.072359137237071991,-0.18792198598384857,0.1359369158744812,-0.74227267503738403,-0.1536976546049118,-0.35214319825172424,-0.18885447084903717,0.14529483020305634,-0.098304174840450287,-0.037682905793190002,0.057583849877119064,0.021295025944709778,-0.012020379304885864,-0.99970096349716187,1,0,0,0,0,0.11922133713960648,0.11792980879545212,0.10610396414995193,0.084800168871879578,0.055921431630849838,0.022047393023967743,-0.013796070590615273,-0.048407174646854401,-0.078694209456443787,-0.1019517183303833,-0.1161021962761879,-0.11988160014152527,0.43934088945388794,0.071267940104007721,-0.079350396990776062,-0.028708120808005333,-0.044825877994298935,-0.2044757753610611,0.14284993708133698,-0.72760021686553955,-0.15749640762805939,-0.3536725640296936,-0.17833636701107025,0.14787471294403076,0.42605477571487427,0.076840311288833618,-0.089876249432563782,-0.021104523912072182,-0.1070527583360672,-0.17645226418972015,0.11320300400257111,-0.75479602813720703,-0.12913590669631958,-0.34706184267997742,-0.21439880132675171,0.15954640507698059,0.42605477571487427,0.076840311288833618,-0.089876249432563782,-0.021104523912072182,-0.1070527583360672,-0.17645226418972015,0.11320300400257111,-0.75479602813720703,-0.12913590669631958,-0.34706184267997742,-0.21439880132675171,0.15954640507698059,1.2130273878574371,0.076840311288833618,-1.0719009995460511,-1.0105522619560361,-0.1070527583360672,0.85883818864822392,1.0566015020012856,-0.41999999999999998,-1.1033087253570557,-1.1735309213399887,-0.21439880132675171,1.1276371240615846
-0.076198358391903212,0.013323204141994397,0.090595474230846268,0.017092356087898553,-0.0063228237318977915,-0.99983392284089856,1.1163867773014104,0.10255186897059365,-0.92044369239013801,-0.95054578177098925,0.014934530820847615,0.97908078625324246,0.94509569274696159,-0.083984962511225073,-1.1055634911966004,-1.1177123476079789,-0.1193463105844787,0.88968057692023883,0,0.0059999999999999984,0.055,0.055,0.055,-0.076198361814022064,0.013323204591870308,0.09059547632932663,0.017092356458306313,-0.0063228239305317402,-0.99983394145965576,1,0,0,0,0,0.116386778652668,0.10255187004804611,0.079556308686733246,0.0494542196393013,0.014934530481696129,-0.020919213071465492,-0.054904308170080185,-0.083984963595867157,-0.10556349158287048,-0.1177123486995697,-0.11934631317853928,-0.11031942069530487,0.42605477571487427,0.076840311288833618,-0.089876249432563782,-0.021104523912072182,-0.1070527583360672,-0.17645226418972015,0.11320300400257111,-0.75479602813720703,-0.12913590669631958,-0.34706184267997742,-0.21439880132675171,0.15954640507698059,-0.083950445055961609,0.00036293777520768344,0.084342643618583679,0.018168676644563675,-0.0077801351435482502,-0.99980467557907104,1,0,0,0,0,0.11854245513677597,0.10773756355047226,0.087308794260025024,0.059080991894006729,0.025575660169124603,-0.01021427009254694,-0.045091789215803146,-0.075941391289234161,-0.10000737756490707,-0.11514000594615936,-0.11998751759529114,-0.11411689966917038,0.43018338084220886,0.074970200657844543,-0.086637839674949646,-0.024606131017208099,-0.096134796738624573,-0.18073569238185883,0.11936710774898529,-0.75255376100540161,-0.13840916752815247,-0.34785494208335876,-0.21154938638210297,0.15538856387138367,-0.0902857705950737,-0.012603453360497952,0.076666422188282013,0.019228531047701836,-0.0092178899794816971,-0.99977260828018188,1,0,0,0,0,0.11973858624696732,0.11205117404460907,0.094354555010795593,0.068229533731937408,0.036009766161441803,0.00057335308520123363,-0.034914273768663406,-0.067283116281032562,-0.093641750514507294,-0.11163565516471863,-0.11965747177600861,-0.11699064821004868,0.43554690480232239,0.071139462292194366,-0.086728557944297791,-0.025376355275511742,-0.084465444087982178,-0.18592320382595062,0.12926290929317474,-0.74812406301498413,-0.14747287333011627,-0.34878364205360413,-0.20378758013248444,0.14924485981464386,-0.095097415149211884,-0.025357145816087723,0.067696362733840942,0.02027096226811409,-0.010632485151290894,-0.99973797798156738,1,0,0,0,0,0.11996549367904663,0.11545778065919876,0.1006365641951561,0.076825782656669617,0.04615238681435585,0.011356335133314133,-0.024454144760966301,-0.058080211281776428,-0.086518146097660065,-0.10722766816616058,-0.11835886538028717,-0.11891741305589676,0.44077432155609131,0.067769750952720642,-0.085130982100963593,-0.033690433949232101,-0.072359137237071991,-0.18792198598384857,0.1359369158744812,-0.74227267503738403,-0.1536976546049118,-0.35214319825172424,-0.18885447084903717,0.14529483020305634,0.42228454351425171,0.079569451510906219,-0.092481933534145355,-0.016747411340475082,-0.11653412133455276,-0.17276027798652649,0.10761552304029465,-0.75746893882751465,-0.12051745504140854,-0.3458634614944458,-0.21543624997138977,0.16327916085720062,0.42228454351425171,0.079569451510906219,-0.092481933534145355,-0.016747411340475082,-0.11653412133455276,-0.17276027798652649,0.10761552304029465,-0.75746893882751465,-0.12051745504140854,-0.3458634614944458,-0.21543624997138977,0.16327916085720062,1.2111422717571259,0.079569451510906219,-1.0739855468273163,-1.0083737056702375,-0.11653412133455276,0.86179177761077885,1.0538077615201473,-0.41999999999999998,-1.0964139640331267,-1.1729317307472229,-0.21543624997138977,1.1306233286857605
-0.067160328932528851,0.026058625291483662,0.095319399598013735,0.016000542270490515,-0.0048496085282509448,-0.99986022220317028,1.1132890015153865,0.096536064875111238,-0.92884015093180516,-0.96057286412407694,0.0041725140597705431,0.96854517398945361,0.93572759984628517,-0.091348712210505625,-1.1102651158649448,-1.1193318651163835,-0.11773905425724741,0.89437103566220744,0,6.9388939039072284e-18,0.055,0.055,0.055,-0.067160330712795258,0.026058625429868698,0.095319397747516632,0.016000542789697647,-0.0048496085219085217,-0.99986022710800171,1,0,0,0,0,0.1132889986038208,0.096536062657833099,0.07115984708070755,0.039427135139703751,0.0041725141927599907,-0.031454827636480331,-0.064272403717041016,-0.091348715126514435,-0.11026511341333389,-0.11933186650276184,-0.11773905158042908,-0.10562896728515625,0.42228454351425171,0.079569451510906219,-0.092481933534145355,-0.016747411340475082,-0.11653412133455276,-0.17276027798652649,0.10761552304029465,-0.75746893882751465,-0.12051745504140854,-0.3458634614944458,-0.21543624997138977,0.16327916085720062,-0.076198361814022064,0.013323204591870308,0.09059547632932663,0.017092356458306313,-0.0063228239305317402,-0.99983394145965576,1,0,0,0,0,0.116386778652668,0.10255187004804611,0.079556308686733246,0.0494542196393013,0.014934530481696129,-0.020919213071465492,-0.054904308170080185,-0.083984963595867157,-0.10556349158287048,-0.1177123486995697,-0.11934631317853928,-0.11031942069530487,0.42605477571487427,0.076840311288833618,-0.089876249432563782,-0.021104523912072182,-0.1070527583360672,-0.17645226418972015,0.11320300400257111,-0.75479602813720703,-0.12913590669631958,-0.34706184267997742,-0.21439880132675171,0.15954640507698059,-0.083950445055961609,0.00036293777520768344,0.084342643618583679,0.018168676644563675,-0.0077801351435482502,-0.99980467557907104,1,0,0,0,0,0.11854245513677597,0.10773756355047226,0.087308794260025024,0.059080991894006729,0.025575660169124603,-0.01021427009254694,-0.045091789215803146,-0.075941391289234161,-0.10000737756490707,-0.11514000594615936,-0.11998751759529114,-0.11411689966917038,0.43018338084220886,0.074970200657844543,-0.086637839674949646,-0.024606131017208099,-0.096134796738624573,-0.18073569238185883,0.11936710774898529,-0.75255376100540161,-0.13840916752815247,-0.34785494208335876,-0.21154938638210297,0.15538856387138367,-0.0902857705950737,-0.012603453360497952,0.076666422188282013,0.019228531047701836,-0.0092178899794816971,-0.99977260828018188,1,0,0,0,0,0.11973858624696732,0.11205117404460907,0.094354555010795593,0.068229533731937408,0.036009766161441803,0.00057335308520123363,-0.034914273768663406,-0.067283116281032562,-0.093641750514507294,-0.11163565516471863,-0.11965747177600861,-0.11699064821004868,0.43554690480232239,0.071139462292194366,-0.086728557944297791,-0.025376355275511742,-0.084465444087982178,-0.18592320382595062,0.12926290929317474,-0.74812406301498413,-0.14747287333011627,-0.34878364205360413,-0.20378758013248444,0.14924485981464386,0.41964727640151978,0.083041451871395111,-0.094858348369598389,-0.013749059289693832,-0.12521247565746307,-0.16902913153171539,0.10266857594251633,-0.75938886404037476,-0.11257272958755493,-0.34486913681030273,-0.21493682265281677,0.16738989949226379,0.41964727640151978,0.083041451871395111,-0.094858348369598389,-0.013749059289693832,-0.12521247565746307,-0.16902913153171539,0.10266857594251633,-0.75938886404037476,-0.11257272958755493,-0.34486913681030273,-0.21493682265281677,0.16738989949226379,1.2098236382007599,0.083041451871395111,-1.0758866786956787,-1.0068745296448469,-0.12521247565746307,0.86477669477462771,1.0513342879712582,-0.41999999999999998,-1.090058183670044,-1.1724345684051514,-0.21493682265281677,1.133911919593811
-0.05698888748578939,0.038354275541261001,0.098434694515480023,0.014894224936837711,-0.0033641835502269319,-0.99988341537029757,1.1092742040574877,0.089738846322586774,-0.93781261528948279,-0.97091909076808913,-0.0066232772581287288,0.95826417388351659,0.92687976207237288,-0.09797303665513335,-1.1140741958065516,-1.1199854467881825,-0.11517875515502739,0.89991651164485909,0,-0.002,0.055,0.055,0.055,-0.05698888748884201,0.03835427388548851,0.098434694111347198,0.01489422470331192,-0.0033641834743320942,-0.99988341331481934,1,0,0,0,0,0.10927420109510422,0.089738845825195312,0.062187384814023972,0.029080908745527267,-0.0066232774406671524,-0.041735827922821045,-0.073120236396789551,-0.097973033785820007,-0.11407419294118881,-0.11998544633388519,-0.11517875641584396,-0.10008348524570465,0.41964727640151978,0.083041451871395111,-0.094858348369598389,-0.013749059289693832,-0.12521247565746307,-0.16902913153171539,0.10266857594251633,-0.75938886404037476,-0.11257272958755493,-0.34486913681030273,-0.21493682265281677,0.16738989949226379,-0.067160330712795258,0.026058625429868698,0.095319397747516632,0.016000542789697647,-0.0048496085219085217,-0.99986022710800171,1,0,0,0,0,0.1132889986038208,0.096536062657833099,0.07115984708070755,0.039427135139703751,0.0041725141927599907,-0.031454827636480331,-0.064272403717041016,-0.091348715126514435,-0.11026511341333389,-0.11933186650276184,-0.11773905158042908,-0.10562896728515625,0.42228454351425171,0.079569451510906219,-0.092481933534145355,-0.016747411340475082,-0.11653412133455276,-0.17276027798652649,0.10761552304029465,-0.75746893882751465,-0.12051745504140854,-0.3458634614944458,-0.21543624997138977,0.16327916085720062,-0.076198361814022064,0.013323204591870308,0.09059547632932663,0.017092356458306313,-0.0063228239305317402,-0.99983394145965576,1,0,0,0,0,0.116386778652668,0.10255187004804611,0.079556308686733246,0.0494542196393013,0.014934530481696129,-0.020919213071465492,-0.054904308170080185,-0.083984963595867157,-0.10556349158287048,-0.1177123486995697,-0.11934631317853928,-0.11031942069530487,0.42605477571487427,0.076840311288833618,-0.089876249432563782,-0.021104523912072182,-0.1070527583360672,-0.17645226418972015,0.11320300400257111,-0.75479602813720703,-0.12913590669631958,-0.34706184267997742,-0.21439880132675171,0.15954640507698059,-0.083950445055961609,0.00036293777520768344,0.084342643618583679,0.018168676644563675,-0.0077801351435482502,-0.99980467557907104,1,0,0,0,0,0.11854245513677597,0.10773756355047226,0.087308794260025024,0.059080991894006729,0.025575660169124603,-0.01021427009254694,-0.045091789215803146,-0.075941391289234161,-0.10000737756490707,-0.11514000594615936,-0.11998751759529114,-0.11411689966917038,0.43018338084220886,0.074970200657844543,-0.086637839674949646,-0.024606131017208099,-0.096134796738624573,-0.18073569238185883,0.11936710774898529,-0.75255376100540161,-0.13840916752815247,-0.34785494208335876,-0.21154938638210297,0.15538856387138367,0.41713637113571167,0.084498360753059387,-0.09769778698682785,-0.010226473212242126,-0.1341320127248764,-0.16623625159263611,0.098349325358867645,-0.76097685098648071,-0.10552728176116943,-0.34284532070159912,-0.21333485841751099,0.17139753699302673,0.41713637113571167,0.084498360753059387,-0.09769778698682785,-0.010226473212242126,-0.1341320127248764,-0.16623625159263611,0.098349325358867645,-0.76097685098648071,-0.10552728176116943,-0.34284532070159912,-0.21333485841751099,0.17139753699302673,1.2085681855678558,0.084498360753059387,-1.0781582295894623,-1.0051132366061211,-0.1341320127248764,0.86701099872589116,1.0491746626794338,-0.41999999999999998,-1.0844218254089355,-1.1714226603507996,-0.21333485841751099,1.1371180295944214
-0.045855689459687939,0.050002650884019242,0.099888784603998276,0.013774407667651629,-0.0018702747133373071,-0.99990337921516292,1.104374882842144,0.082215233629536075,-0.94728845754557889,-0.98150071381993231,-0.017365456233229534,0.94832100584009638,0.91862379854869969,-0.10380431502582306,-1.116959898294416,-1.1196678021843278,-0.11168613770589027,0.90627211682443931,0,-0.002,0.055,0.055,0.055,-0.04585568979382515,0.050002649426460266,0.099888786673545837,0.013774408027529716,-0.0018702746601775289,-0.99990338087081909,1,0,0,0,0,0.10437488555908203,0.082215234637260437,0.052711542695760727,0.018499286845326424,-0.017365455627441406,-0.051678992807865143,-0.081376202404499054,-0.10380431264638901,-0.11695989966392517,-0.11966780573129654,-0.11168614029884338,-0.09372788667678833,0.41713637113571167,0.084498360753059387,-0.09769778698682785,-0.010226473212242126,-0.1341320127248764,-0.16623625159263611,0.098349325358867645,-0.76097685098648071,-0.10552728176116943,-0.34284532070159912,-0.21333485841751099,0.17139753699302673,-0.05698888748884201,0.03835427388548851,0.098434694111347198,0.01489422470331192,-0.0033641834743320942,-0.99988341331481934,1,0,0,0,0,0.10927420109510422,0.089738845825195312,0.062187384814023972,0.029080908745527267,-0.0066232774406671524,-0.041735827922821045,-0.073120236396789551,-0.097973033785820007,-0.11407419294118881,-0.11998544633388519,-0.11517875641584396,-0.10008348524570465,0.41964727640151978,0.083041451871395111,-0.094858348369598389,-0.013749059289693832,-0.12521247565746307,-0.16902913153171539,0.10266857594251633,-0.75938886404037476,-0.11257272958755493,-0.34486913681030273,-0.21493682265281677,0.16738989949226379,-0.067160330712795258,0.026058625429868698,0.095319397747516632,0.016000542789697647,-0.0048496085219085217,-0.99986022710800171,1,0,0,0,0,0.1132889986038208,0.096536062657833099,0.07115984708070755,0.039427135139703751,0.0041725141927599907,-0.031454827636480331,-0.064272403717041016,-0.091348715126514435,-0.11026511341333389,-0.11933186650276184,-0.11773905158042908,-0.10562896728515625,0.42228454351425171,0.079569451510906219,-0.092481933534145355,-0.016747411340475082,-0.11653412133455276,-0.17276027798652649,0.10761552304029465,-0.75746893882751465,-0.12051745504140854,-0.3458634614944458,-0.21543624997138977,0.16327916085720062,-0.076198361814022064,0.013323204591870308,0.09059547632932663,0.017092356458306313,-0.0063228239305317402,-0.99983394145965576,1,0,0,0,0,0.116386778652668,0.10255187004804611,0.079556308686733246,0.0494542196393013,0.014934530481696129,-0.020919213071465492,-0.054904308170080185,-0.083984963595867157,-0.10556349158287048,-0.1177123486995697,-0.11934631317853928,-0.11031942069530487,0.42605477571487427,0.076840311288833618,-0.089876249432563782,-0.021104523912072182,-0.1070527583360672,-0.17645226418972015,0.11320300400257111,-0.75479602813720703,-0.12913590669631958,-0.34706184267997742,-0.21439880132675171,0.15954640507698059,0.41525188088417053,0.085252672433853149,-0.10090082138776779,-0.0071185510605573654,-0.14269287884235382,-0.16461397707462311,0.094779543578624725,-0.76221460103988647,-0.099598601460456848,-0.34016460180282593,-0.2103581428527832,0.17515155673027039,0.41525188088417053,0.085252672433853149,-0.10090082138776779,-0.0071185510605573654,-0.14269287884235382,-0.16461397707462311,0.094779543578624725,-0.76221460103988647,-0.099598601460456848,-0.34016460180282593,-0.2103581428527832,0.17515155673027039,1.2076259404420853,0.085252672433853149,-1.0807206571102141,-1.0035592755302787,-0.14269287884235382,0.86830881834030149,1.0473897717893124,-0.41999999999999998,-1.0796788811683655,-1.170082300901413,-0.2103581428527832,1.1401212453842162
-0.033948621070701283,0.06080717086137423,0.099657130330138191,0.012642107325380595,-0.00037163017715543444,-0.99992001630799698,1.0986306955913925,0.074026126934525371,-0.95719097517300034,-0.99223207997229212,-0.02796706993284152,0.93879615517074966,0.91102653745251283,-0.10879534584167967,-1.1188988649117055,-1.1183815024898573,-0.10728947302044334,0.91338640553888362,0,-0.002,0.055,0.055,0.055,-0.033948622643947601,0.060807172209024429,0.099657133221626282,0.012642106972634792,-0.00037163018714636564,-0.99992001056671143,1,0,0,0,0,0.098630696535110474,0.074026130139827728,0.042809024453163147,0.0077679199166595936,-0.027967069298028946,-0.061203844845294952,-0.088973462581634521,-0.10879534482955933,-0.11889886856079102,-0.11838150024414062,-0.10728947073221207,-0.086613595485687256,0.41525188088417053,0.085252672433853149,-0.10090082138776779,-0.0071185510605573654,-0.14269287884235382,-0.16461397707462311,0.094779543578624725,-0.76221460103988647,-0.099598601460456848,-0.34016460180282593,-0.2103581428527832,0.17515155673027039,-0.04585568979382515,0.050002649426460266,0.099888786673545837,0.013774408027529716,-0.0018702746601775289,-0.99990338087081909,1,0,0,0,0,0.10437488555908203,0.082215234637260437,0.052711542695760727,0.018499286845326424,-0.017365455627441406,-0.051678992807865143,-0.081376202404499054,-0.10380431264638901,-0.11695989966392517,-0.11966780573129654,-0.11168614029884338,-0.09372788667678833,0.41713637113571167,0.084498360753059387,-0.09769778698682785,-0.010226473212242126,-0.1341320127248764,-0.16623625159263611,0.098349325358867645,-0.76097685098648071,-0.10552728176116943,-0.34284532070159912,-0.21333485841751099,0.17139753699302673,-0.05698888748884201,0.03835427388548851,0.098434694111347198,0.01489422470331192,-0.0033641834743320942,-0.99988341331481934,1,0,0,0,0,0.10927420109510422,0.089738845825195312,0.062187384814023972,0.029080908745527267,-0.0066232774406671524,-0.041735827922821045,-0.073120236396789551,-0.097973033785820007,-0.11407419294118881,-0.11998544633388519,-0.11517875641584396,-0.10008348524570465,0.41964727640151978,0.083041451871395111,-0.094858348369598389,-0.013749059289693832,-0.12521247565746307,-0.16902913153171539,0.10266857594251633,-0.75938886404037476,-0.11257272958755493,-0.34486913681030273,-0.21493682265281677,0.16738989949226379,-0.067160330712795258,0.026058625429868698,0.095319397747516632,0.016000542789697647,-0.0048496085219085217,-0.99986022710800171,1,0,0,0,0,0.1132889986038208,0.096536062657833099,0.07115984708070755,0.039427135139703751,0.0041725141927599907,-0.031454827636480331,-0.064272403717041016,-0.091348715126514435,-0.11026511341333389,-0.11933186650276184,-0.11773905158042908,-0.10562896728515625,0.42228454351425171,0.079569451510906219,-0.092481933534145355,-0.016747411340475082,-0.11653412133455276,-0.17276027798652649,0.10761552304029465,-0.75746893882751465,-0.12051745504140854,-0.3458634614944458,-0.21543624997138977,0.16327916085720062,0.41355210542678833,0.085033096373081207,-0.10439622402191162,-0.0043074516579508781,-0.15090174973011017,-0.16403050720691681,0.091768950223922729,-0.76297897100448608,-0.094481229782104492,-0.33661442995071411,-0.20661062002182007,0.17885982990264893,0.41355210542678833,0.085033096373081207,-0.10439622402191162,-0.0043074516579508781,-0.15090174973011017,-0.16403050720691681,0.091768950223922729,-0.76297897100448608,-0.094481229782104492,-0.33661442995071411,-0.20661062002182007,0.17885982990264893,1.2067760527133942,0.085033096373081207,-1.0835169792175292,-1.0021537258289754,-0.15090174973011017,0.8687755942344666,1.0458844751119614,-0.41999999999999998,-1.0755849838256837,-1.1683072149753571,-0.20661062002182007,1.1430878639221191
-0.021468628536052869,0.070585496097466435,0.097743641140668261,0.011498352991020928,0.0011279892945684909,-0.9999332555319107,1.0920881388240986,0.065237813239930609,-0.96744001190636386,-1.003026323817239,-0.03834230323467263,0.92976672110283576,0.90414947507188015,-0.11290572903418887,-1.119875400627258,-1.1161369597013515,-0.10202435005036406,0.92120179093647803,0,-0.002,0.055,0.055,0.055,-0.021468628197908401,0.070585496723651886,0.09774363785982132,0.011498353444039822,0.0011279892642050982,-0.99993324279785156,1,0,0,0,0,0.092088140547275543,0.065237812697887421,0.032559987157583237,-0.0030263238586485386,-0.038342304527759552,-0.070233277976512909,-0.095850527286529541,-0.11290572583675385,-0.11987540125846863,-0.11613696068525314,-0.10202434659004211,-0.078798212110996246,0.41355210542678833,0.085033096373081207,-0.10439622402191162,-0.0043074516579508781,-0.15090174973011017,-0.16403050720691681,0.091768950223922729,-0.76297897100448608,-0.094481229782104492,-0.33661442995071411,-0.20661062002182007,0.17885982990264893,-0.033948622643947601,0.060807172209024429,0.099657133221626282,0.012642106972634792,-0.00037163018714636564,-0.99992001056671143,1,0,0,0,0,0.098630696535110474,0.074026130139827728,0.042809024453163147,0.0077679199166595936,-0.027967069298028946,-0.061203844845294952,-0.088973462581634521,-0.10879534482955933,-0.11889886856079102,-0.11838150024414062,-0.10728947073221207,-0.086613595485687256,0.41525188088417053,0.085252672433853149,-0.10090082138776779,-0.0071185510605573654,-0.14269287884235382,-0.16461397707462311,0.094779543578624725,-0.76221460103988647,-0.099598601460456848,-0.34016460180282593,-0.2103581428527832,0.17515155673027039,-0.04585568979382515,0.050002649426460266,0.099888786673545837,0.013774408027529716,-0.0018702746601775289,-0.99990338087081909,1,0,0,0,0,0.10437488555908203,0.082215234637260437,0.052711542695760727,0.018499286845326424,-0.017365455627441406,-0.051678992807865143,-0.081376202404499054,-0.10380431264638901,-0.11695989966392517,-0.11966780573129654,-0.11168614029884338,-0.09372788667678833,0.41713637113571167,0.084498360753059387,-0.09769778698682785,-0.010226473212242126,-0.1341320127248764,-0.16623625159263611,0.098349325358867645,-0.76097685098648071,-0.10552728176116943,-0.34284532070159912,-0.21333485841751099,0.17139753699302673,-0.05698888748884201,0.03835427388548851,0.098434694111347198,0.01489422470331192,-0.0033641834743320942,-0.99988341331481934,1,0,0,0,0,0.10927420109510422,0.089738845825195312,0.062187384814023972,0.029080908745527267,-0.0066232774406671524,-0.041735827922821045,-0.073120236396789551,-0.097973033785820007,-0.11407419294118881,-0.11998544633388519,-0.11517875641584396,-0.10008348524570465,0.41964727640151978,0.083041451871395111,-0.094858348369598389,-0.013749059289693832,-0.12521247565746307,-0.16902913153171539,0.10266857594251633,-0.75938886404037476,-0.11257272958755493,-0.34486913681030273,-0.21493682265281677,0.16738989949226379,0.41192829608917236,0.083492100238800049,-0.10809195786714554,-0.0015338795492425561,-0.15867623686790466,-0.16469971835613251,0.089432090520858765,-0.76344805955886841,-0.090218499302864075,-0.33220890164375305,-0.20215538144111633,0.18241100013256073,0.41192829608917236,0.083492100238800049,-0.10809195786714554,-0.0015338795492425561,-0.15867623686790466,-0.16469971835613251,0.089432090520858765,-0.76344805955886841,-0.090218499302864075,-0.33220890164375305,-0.20215538144111633,0.18241100013256073,1.2059641480445862,0.083492100238800049,-1.0864735662937164,-1.0007669397746213,-0.15867623686790466,0.86824022531509404,1.0447160452604294,-0.41999999999999998,-1.0721747994422912,-1.1661044508218765,-0.20215538144111633,1.1459288001060486
-0.0086263268626343859,0.079172605497029119,0.094180609485901151,0.010344184876993788,0.0026248200176224958,-0.99994305245804149,1.0848001714883053,0.055921429849544346,-0.97795260656961003,-1.0137960709812253,-0.048407173460252348,0.92130579269720159,0.89804827802189624,-0.11610219296694453,-1.1198816008395451,-1.1129523423466723,-0.095933387512421503,0.92965501111458626,0,-0.002,0.055,0.055,0.055,-0.0086263269186019897,0.079172603785991669,0.094180606305599213,0.010344184935092926,0.0026248199865221977,-0.9999430775642395,1,0,0,0,0,0.084800168871879578,0.055921431630849838,0.022047393023967743,-0.013796070590615273,-0.048407174646854401,-0.078694209456443787,-0.1019517183303833,-0.1161021962761879,-0.11988160014152527,-0.1129523441195488,-0.095933385193347931,-0.070344991981983185,0.41192829608917236,0.083492100238800049,-0.10809195786714554,-0.0015338795492425561,-0.15867623686790466,-0.16469971835613251,0.089432090520858765,-0.76344805955886841,-0.090218499302864075,-0.33220890164375305,-0.20215538144111633,0.18241100013256073,-0.021468628197908401,0.070585496723651886,0.09774363785982132,0.011498353444039822,0.0011279892642050982,-0.99993324279785156,1,0,0,0,0,0.092088140547275543,0.065237812697887421,0.032559987157583237,-0.0030263238586485386,-0.038342304527759552,-0.070233277976512909,-0.095850527286529541,-0.11290572583675385,-0.11987540125846863,-0.11613696068525314,-0.10202434659004211,-0.078798212110996246,0.41355210542678833,0.085033096373081207,-0.10439622402191162,-0.0043074516579508781,-0.15090174973011017,-0.16403050720691681,0.091768950223922729,-0.76297897100448608,-0.094481229782104492,-0.33661442995071411,-0.20661062002182007,0.17885982990264893,-0.033948622643947601,0.060807172209024429,0.099657133221626282,0.012642106972634792,-0.00037163018714636564,-0.99992001056671143,1,0,0,0,0,0.098630696535110474,0.074026130139827728,0.042809024453163147,0.0077679199166595936,-0.027967069298028946,-0.061203844845294952,-0.088973462581634521,-0.10879534482955933,-0.11889886856079102,-0.11838150024414062,-0.10728947073221207,-0.086613595485687256,0.41525188088417053,0.085252672433853149,-0.10090082138776779,-0.0071185510605573654,-0.14269287884235382,-0.16461397707462311,0.094779543578624725,-0.76221460103988647,-0.099598601460456848,-0.34016460180282593,-0.2103581428527832,0.17515155673027039,-0.04585568979382515,0.050002649426460266,0.099888786673545837,0.013774408027529716,-0.0018702746601775289,-0.99990338087081909,1,0,0,0,0,0.10437488555908203,0.082215234637260437,0.052711542695760727,0.018499286845326424,-0.017365455627441406,-0.051678992807865143,-0.081376202404499054,-0.10380431264638901,-0.11695989966392517,-0.11966780573129654,-0.11168614029884338,-0.09372788667678833,0.41713637113571167,0.084498360753059387,-0.09769778698682785,-0.010226473212242126,-0.1341320127248764,-0.16623625159263611,0.098349325358867645,-0.76097685098648071,-0.10552728176116943,-0.34284532070159912,-0.21333485841751099,0.17139753699302673,0.41041123867034912,0.0805925652384758,-0.1120632067322731,0.00099088205024600029,-0.16598957777023315,-0.16664226353168488,0.087685801088809967,-0.76366937160491943,-0.086611278355121613,-0.32714703679084778,-0.19691792130470276,0.18577587604522705,0.41041123867034912,0.0805925652384758,-0.1120632067322731,0.00099088205024600029,-0.16598957777023315,-0.16664226353168488,0.087685801088809967,-0.76366937160491943,-0.086611278355121613,-0.32714703679084778,-0.19691792130470276,0.18577587604522705,1.2052056193351746,0.0805925652384758,-1.0896505653858184,-0.999504558974877,-0.16598957777023315,0.86668618917465212,1.043842900544405,-0.41999999999999998,-1.0692890226840972,-1.1635735183954239,-0.19691792130470276,1.1486207008361817
0.0043615545366198745,0.086423581176469588,0.089028165845437879,0.009180653219678309,0.0041151050848680518,-0.99994938947758782,1.0768257862832287,0.04615238854525399,-0.98864366460806075,-1.0244541453799181,-0.058080210175575173,0.91348185722629527,0.89277233264937728,-0.11835886375403976,-1.118917415360738,-1.1088534284191978,-0.089065888909825863,0.93867764119526931,0,-0.002,0.055,0.055,0.055,0.0043615545146167278,0.086423583328723907,0.089028164744377136,0.0091806529089808464,0.0041151051409542561,-0.99994939565658569,1,0,0,0,0,0.076825782656669617,0.04615238681435585,0.011356335133314133,-0.024454144760966301,-0.058080211281776428,-0.086518146097660065,-0.10722766816616058,-0.11835886538028717,-0.11891741305589676,-0.10885342955589294,-0.089065887033939362,-0.061322357505559921,0.41041123867034912,0.0805925652384758,-0.1120632067322731,0.00099088205024600029,-0.16598957777023315,-0.16664226353168488,0.087685801088809967,-0.76366937160491943,-0.086611278355121613,-0.32714703679084778,-0.19691792130470276,0.18577587604522705,-0.0086263269186019897,0.079172603785991669,0.094180606305599213,0.010344184935092926,0.0026248199865221977,-0.9999430775642395,1,0,0,0,0,0.084800168871879578,0.055921431630849838,0.022047393023967743,-0.013796070590615273,-0.048407174646854401,-0.078694209456443787,-0.1019517183303833,-0.1161021962761879,-0.11988160014152527,-0.1129523441195488,-0.095933385193347931,-0.070344991981983185,0.41192829608917236,0.083492100238800049,-0.10809195786714554,-0.0015338795492425561,-0.15867623686790466,-0.16469971835613251,0.089432090520858765,-0.76344805955886841,-0.090218499302864075,-0.33220890164375305,-0.20215538144111633,0.18241100013256073,-0.021468628197908401,0.070585496723651886,0.09774363785982132,0.011498353444039822,0.0011279892642050982,-0.99993324279785156,1,0,0,0,0,0.092088140547275543,0.065237812697887421,0.032559987157583237,-0.0030263238586485386,-0.038342304527759552,-0.070233277976512909,-0.095850527286529541,-0.11290572583675385,-0.11987540125846863,-0.11613696068525314,-0.10202434659004211,-0.078798212110996246,0.41355210542678833,0.085033096373081207,-0.10439622402191162,-0.0043074516579508781,-0.15090174973011017,-0.16403050720691681,0.091768950223922729,-0.76297897100448608,-0.094481229782104492,-0.33661442995071411,-0.20661062002182007,0.17885982990264893,-0.033948622643947601,0.060807172209024429,0.099657133221626282,0.012642106972634792,-0.00037163018714636564,-0.99992001056671143,1,0,0,0,0,0.098630696535110474,0.074026130139827728,0.042809024453163147,0.0077679199166595936,-0.027967069298028946,-0.061203844845294952,-0.088973462581634521,-0.10879534482955933,-0.11889886856079102,-0.11838150024414062,-0.10728947073221207,-0.086613595485687256,0.41525188088417053,0.085252672433853149,-0.10090082138776779,-0.0071185510605573654,-0.14269287884235382,-0.16461397707462311,0.094779543578624725,-0.76221460103988647,-0.099598601460456848,-0.34016460180282593,-0.2103581428527832,0.17515155673027039,0.40888351202011108,0.076207630336284637,-0.11622188985347748,0.0034023837652057409,-0.17282062768936157,-0.16995254158973694,0.086494706571102142,-0.76360136270523071,-0.083581492304801941,-0.32139596343040466,-0.19101026654243469,0.18895122408866882,0.40888351202011108,0.076207630336284637,-0.11622188985347748,0.0034023837652057409,-0.17282062768936157,-0.16995254158973694,0.086494706571102142,-0.76360136270523071,-0.083581492304801941,-0.32139596343040466,-0.19101026654243469,0.18895122408866882,1.2044417560100555,0.076207630336284637,-1.092977511882782,-0.99829880811739713,-0.17282062768936157,0.86403796672821043,1.0432473532855511,-0.41999999999999998,-1.0668651938438416,-1.1606979817152023,-0.19101026654243469,1.151160979270935
0.017275829414376467,0.092216054128878594,0.082373263953412115,0.0080088171553597803,0.0055951040474555656,-0.99995227569043021,1.0682295321408484,0.036009765163809986,-0.99942664688918459,-1.0349142748679789,-0.06728311465629791,0.90635824580161217,0.88836434527339647,-0.1196574746971158,-1.1169906488229537,-1.1038733967169789,-0.081477443443345995,0.9481966471927864,0,-0.002,0.055,0.055,0.055,0.017275828868150711,0.092216052114963531,0.082373261451721191,0.0080088172107934952,0.0055951038375496864,-0.99995225667953491,1,0,0,0,0,0.068229533731937408,0.036009766161441803,0.00057335308520123363,-0.034914273768663406,-0.067283116281032562,-0.093641750514507294,-0.11163565516471863,-0.11965747177600861,-0.11699064821004868,-0.10387339442968369,-0.081477440893650055,-0.051803354173898697,0.40888351202011108,0.076207630336284637,-0.11622188985347748,0.0034023837652057409,-0.17282062768936157,-0.16995254158973694,0.086494706571102142,-0.76360136270523071,-0.083581492304801941,-0.32139596343040466,-0.19101026654243469,0.18895122408866882,0.0043615545146167278,0.086423583328723907,0.089028164744377136,0.0091806529089808464,0.0041151051409542561,-0.99994939565658569,1,0,0,0,0,0.076825782656669617,0.04615238681435585,0.011356335133314133,-0.024454144760966301,-0.058080211281776428,-0.086518146097660065,-0.10722766816616058,-0.11835886538028717,-0.11891741305589676,-0.10885342955589294,-0.089065887033939362,-0.061322357505559921,0.41041123867034912,0.0805925652384758,-0.1120632067322731,0.00099088205024600029,-0.16598957777023315,-0.16664226353168488,0.087685801088809967,-0.76366937160491943,-0.086611278355121613,-0.32714703679084778,-0.19691792130470276,0.18577587604522705,-0.0086263269186019897,0.079172603785991669,0.094180606305599213,0.010344184935092926,0.0026248199865221977,-0.9999430775642395,1,0,0,0,0,0.084800168871879578,0.055921431630849838,0.022047393023967743,-0.013796070590615273,-0.048407174646854401,-0.078694209456443787,-0.1019517183303833,-0.1161021962761879,-0.11988160014152527,-0.1129523441195488,-0.095933385193347931,-0.070344991981983185,0.41192829608917236,0.083492100238800049,-0.10809195786714554,-0.0015338795492425561,-0.15867623686790466,-0.16469971835613251,0.089432090520858765,-0.76344805955886841,-0.090218499302864075,-0.33220890164375305,-0.20215538144111633,0.18241100013256073,-0.021468628197908401,0.070585496723651886,0.09774363785982132,0.011498353444039822,0.0011279892642050982,-0.99993324279785156,1,0,0,0,0,0.092088140547275543,0.065237812697887421,0.032559987157583237,-0.0030263238586485386,-0.038342304527759552,-0.070233277976512909,-0.095850527286529541,-0.11290572583675385,-0.11987540125846863,-0.11613696068525314,-0.10202434659004211,-0.078798212110996246,0.41355210542678833,0.085033096373081207,-0.10439622402191162,-0.0043074516579508781,-0.15090174973011017,-0.16403050720691681,0.091768950223922729,-0.76297897100448608,-0.094481229782104492,-0.33661442995071411,-0.20661062002182007,0.17885982990264893,0.40722978115081787,0.070193514227867126,-0.12050120532512665,0.0057507562451064587,-0.17916914820671082,-0.17469355463981628,0.085800677537918091,-0.7632603645324707,-0.081056803464889526,-0.31495034694671631,-0.18448449671268463,0.19189907610416412,0.40722978115081787,0.070193514227867126,-0.12050120532512665,0.0057507562451064587,-0.17916914820671082,-0.17469355463981628,0.085800677537918091,-0.7632603645324707,-0.081056803464889526,-0.31495034694671631,-0.18448449671268463,0.19189907610416412,1.2036148905754089,0.070193514227867126,-1.0964009642601014,-0.99712462187744677,-0.17916914820671082,0.86024515628814702,1.042900338768959,-0.41999999999999998,-1.0648454427719116,-1.1574751734733582,-0.18448449671268463,1.1535192608833313
0.029898553722605831,0.096452269349402986,0.074328213348788835,0.0068297435834691819,0.0070611025496504342,-0.99995174655248609,1.0590809917323867,0.025575659514779338,-1.0102142701965442,-1.045091789571873,-0.075941393679423375,0.89999262073786124,0.88485999649753433,-0.1199875141457723,-1.1141168975033966,-1.0980525582758307,-0.073229476042635411,0.95813497718967278,0,-0.002,0.055,0.055,0.055,0.029898554086685181,0.096452265977859497,0.074328213930130005,0.0068297437392175198,0.0070611024275422096,-0.99995172023773193,1,0,0,0,0,0.059080991894006729,0.025575660169124603,-0.01021427009254694,-0.045091789215803146,-0.075941391289234161,-0.10000737756490707,-0.11514000594615936,-0.11998751759529114,-0.11411689966917038,-0.098052561283111572,-0.073229476809501648,-0.041865020990371704,0.40722978115081787,0.070193514227867126,-0.12050120532512665,0.0057507562451064587,-0.17916914820671082,-0.17469355463981628,0.085800677537918091,-0.7632603645324707,-0.081056803464889526,-0.31495034694671631,-0.18448449671268463,0.19189907610416412,0.017275828868150711,0.092216052114963531,0.082373261451721191,0.0080088172107934952,0.0055951038375496864,-0.99995225667953491,1,0,0,0,0,0.068229533731937408,0.036009766161441803,0.00057335308520123363,-0.034914273768663406,-0.067283116281032562,-0.093641750514507294,-0.11163565516471863,-0.11965747177600861,-0.11699064821004868,-0.10387339442968369,-0.081477440893650055,-0.051803354173898697,0.40888351202011108,0.076207630336284637,-0.11622188985347748,0.0034023837652057409,-0.17282062768936157,-0.16995254158973694,0.086494706571102142,-0.76360136270523071,-0.083581492304801941,-0.32139596343040466,-0.19101026654243469,0.18895122408866882,0.0043615545146167278,0.086423583328723907,0.089028164744377136,0.0091806529089808464,0.0041151051409542561,-0.99994939565658569,1,0,0,0,0,0.076825782656669617,0.04615238681435585,0.011356335133314133,-0.024454144760966301,-0.058080211281776428,-0.086518146097660065,-0.10722766816616058,-0.11835886538028717,-0.11891741305589676,-0.10885342955589294,-0.089065887033939362,-0.061322357505559921,0.41041123867034912,0.0805925652384758,-0.1120632067322731,0.00099088205024600029,-0.16598957777023315,-0.16664226353168488,0.087685801088809967,-0.76366937160491943,-0.086611278355121613,-0.32714703679084778,-0.19691792130470276,0.18577587604522705,-0.0086263269186019897,0.079172603785991669,0.094180606305599213,0.010344184935092926,0.0026248199865221977,-0.9999430775642395,1,0,0,0,0,0.084800168871879578,0.055921431630849838,0.022047393023967743,-0.013796070590615273,-0.048407174646854401,-0.078694209456443787,-0.1019517183303833,-0.1161021962761879,-0.11988160014152527,-0.1129523441195488,-0.095933385193347931,-0.070344991981983185,0.41192829608917236,0.083492100238800049,-0.10809195786714554,-0.0015338795492425561,-0.15867623686790466,-0.16469971835613251,0.089432090520858765,-0.76344805955886841,-0.090218499302864075,-0.33220890164375305,-0.20215538144111633,0.18241100013256073,0.40539690852165222,0.062498770654201508,-0.1248394176363945,0.0080660907551646233,-0.18500472605228424,-0.18087096512317657,0.085531286895275116,-0.76266700029373169,-0.078967049717903137,-0.30784857273101807,-0.17738956212997437,0.19458538293838501,0.40539690852165222,0.062498770654201508,-0.1248394176363945,0.0080660907551646233,-0.18500472605228424,-0.18087096512317657,0.085531286895275116,-0.76266700029373169,-0.078967049717903137,-0.30784857273101807,-0.17738956212997437,0.19458538293838501,1.2026984542608261,0.062498770654201508,-1.0998715341091156,-0.99596695462241769,-0.18500472605228424,0.85530322790145874,1.0427656434476376,-0.41999999999999998,-1.0631736397743226,-1.153924286365509,-0.17738956212997437,1.1556683063507081
0.042016703682664094,0.099060735569487038,0.065028784015711688,0.0056445060210566188,0.0085094218874726072,-0.99994786328634122,1.0494542182290107,0.014934530820847404,-1.0209192137467575,-1.0549043072530386,-0.083984962511225073,0.89443650880339964,0.882287652392021,-0.1193463105844787,-1.1103194230797611,-1.0914380300702839,-0.064388750160052188,0.96841218503610393,0,-0.002,0.055,0.055,0.055,0.042016703635454178,0.09906073659658432,0.065028786659240723,0.0056445058435201645,0.0085094217211008072,-0.99994784593582153,1,0,0,0,0,0.0494542196393013,0.014934530481696129,-0.020919213071465492,-0.054904308170080185,-0.083984963595867157,-0.10556349158287048,-0.1177123486995697,-0.11934631317853928,-0.11031942069530487,-0.091438032686710358,-0.064388751983642578,-0.031587816774845123,0.40539690852165222,0.062498770654201508,-0.1248394176363945,0.0080660907551646233,-0.18500472605228424,-0.18087096512317657,0.085531286895275116,-0.76266700029373169,-0.078967049717903137,-0.30784857273101807,-0.17738956212997437,0.19458538293838501,0.029898554086685181,0.096452265977859497,0.074328213930130005,0.0068297437392175198,0.0070611024275422096,-0.99995172023773193,1,0,0,0,0,0.059080991894006729,0.025575660169124603,-0.01021427009254694,-0.045091789215803146,-0.075941391289234161,-0.10000737756490707,-0.11514000594615936,-0.11998751759529114,-0.11411689966917038,-0.098052561283111572,-0.073229476809501648,-0.041865020990371704,0.40722978115081787,0.070193514227867126,-0.12050120532512665,0.0057507562451064587,-0.17916914820671082,-0.17469355463981628,0.085800677537918091,-0.7632603645324707,-0.081056803464889526,-0.31495034694671631,-0.18448449671268463,0.19189907610416412,0.017275828868150711,0.092216052114963531,0.082373261451721191,0.0080088172107934952,0.0055951038375496864,-0.99995225667953491,1,0,0,0,0,0.068229533731937408,0.036009766161441803,0.00057335308520123363,-0.034914273768663406,-0.067283116281032562,-0.093641750514507294,-0.11163565516471863,-0.11965747177600861,-0.11699064821004868,-0.10387339442968369,-0.081477440893650055,-0.051803354173898697,0.40888351202011108,0.076207630336284637,-0.11622188985347748,0.0034023837652057409,-0.17282062768936157,-0.16995254158973694,0.086494706571102142,-0.76360136270523071,-0.083581492304801941,-0.32139596343040466,-0.19101026654243469,0.18895122408866882,0.0043615545146167278,0.086423583328723907,0.089028164744377136,0.0091806529089808464,0.0041151051409542561,-0.99994939565658569,1,0,0,0,0,0.076825782656669617,0.04615238681435585,0.011356335133314133,-0.024454144760966301,-0.058080211281776428,-0.086518146097660065,-0.10722766816616058,-0.11835886538028717,-0.11891741305589676,-0.10885342955589294,-0.089065887033939362,-0.061322357505559921,0.41041123867034912,0.0805925652384758,-0.1120632067322731,0.00099088205024600029,-0.16598957777023315,-0.16664226353168488,0.087685801088809967,-0.76366937160491943,-0.086611278355121613,-0.32714703679084778,-0.19691792130470276,0.18577587604522705,0.40333470702171326,0.053101357072591782,-0.12910744547843933,0.010395955294370651,-0.19027321040630341,-0.18847796320915222,0.085712142288684845,-0.76185840368270874,-0.077385321259498596,-0.30007249116897583,-0.16976593434810638,0.19690996408462524,0.40333470702171326,0.053101357072591782,-0.12910744547843933,0.010395955294370651,-0.19027321040630341,-0.18847796320915222,0.085712142288684845,-0.76185840368270874,-0.077385321259498596,-0.30007249116897583,-0.16976593434810638,0.19690996408462524,1.2016673535108566,0.053101357072591782,-1.1032859563827515,-0.99480202235281467,-0.19027321040630341,0.8492176294326782,1.0428560711443424,-0.41999999999999998,-1.0619082570075988,-1.1500362455844879,-0.16976593434810638,1.1575279712677002
0.053425770819865361,0.099997431758717892,0.054631915100389075,0.0044541834524562838,0.0099364284618195138,-0.99994071206206769,1.0394271358759231,0.0041725140597703297,-1.0314548260105465,-1.0642724001537149,-0.091348712210505625,0.88973488413505519,0.8806681348836165,-0.11773905425724741,-1.1056289643377926,-1.0840833536236338,-0.055026827351625521,0.97894508152398818,0,-0.002,0.055,0.055,0.055,0.053425770252943039,0.099997431039810181,0.05463191494345665,0.004454183392226696,0.0099364286288619041,-0.99994069337844849,1,0,0,0,0,0.039427135139703751,0.0041725141927599907,-0.031454827636480331,-0.064272403717041016,-0.091348715126514435,-0.11026511341333389,-0.11933186650276184,-0.11773905158042908,-0.10562896728515625,-0.084083355963230133,-0.055026825517416,-0.021054917946457863,0.40333470702171326,0.053101357072591782,-0.12910744547843933,0.010395955294370651,-0.19027321040630341,-0.18847796320915222,0.085712142288684845,-0.76185840368270874,-0.077385321259498596,-0.30007249116897583,-0.16976593434810638,0.19690996408462524,0.042016703635454178,0.09906073659658432,0.065028786659240723,0.0056445058435201645,0.0085094217211008072,-0.99994784593582153,1,0,0,0,0,0.0494542196393013,0.014934530481696129,-0.020919213071465492,-0.054904308170080185,-0.083984963595867157,-0.10556349158287048,-0.1177123486995697,-0.11934631317853928,-0.11031942069530487,-0.091438032686710358,-0.064388751983642578,-0.031587816774845123,0.40539690852165222,0.062498770654201508,-0.1248394176363945,0.0080660907551646233,-0.18500472605228424,-0.18087096512317657,0.085531286895275116,-0.76266700029373169,-0.078967049717903137,-0.30784857273101807,-0.17738956212997437,0.19458538293838501,0.029898554086685181,0.096452265977859497,0.074328213930130005,0.0068297437392175198,0.0070611024275422096,-0.99995172023773193,1,0,0,0,0,0.059080991894006729,0.025575660169124603,-0.01021427009254694,-0.045091789215803146,-0.075941391289234161,-0.10000737756490707,-0.11514000594615936,-0.11998751759529114,-0.11411689966917038,-0.098052561283111572,-0.073229476809501648,-0.041865020990371704,0.40722978115081787,0.070193514227867126,-0.12050120532512665,0.0057507562451064587,-0.17916914820671082,-0.17469355463981628,0.085800677537918091,-0.7632603645324707,-0.081056803464889526,-0.31495034694671631,-0.18448449671268463,0.19189907610416412,0.017275828868150711,0.092216052114963531,0.082373261451721191,0.0080088172107934952,0.0055951038375496864,-0.99995225667953491,1,0,0,0,0,0.068229533731937408,0.036009766161441803,0.00057335308520123363,-0.034914273768663406,-0.067283116281032562,-0.093641750514507294,-0.11163565516471863,-0.11965747177600861,-0.11699064821004868,-0.10387339442968369,-0.081477440893650055,-0.051803354173898697,0.40888351202011108,0.076207630336284637,-0.11622188985347748,0.0034023837652057409,-0.17282062768936157,-0.16995254158973694,0.086494706571102142,-0.76360136270523071,-0.083581492304801941,-0.32139596343040466,-0.19101026654243469,0.18895122408866882,0.40098518133163452,0.041918423026800156,-0.13319899141788483,0.012699351646006107,-0.19498182833194733,-0.19749234616756439,0.086422361433506012,-0.76083868741989136,-0.076465599238872528,-0.29160770773887634,-0.16161607205867767,0.19882869720458984,0.40098518133163452,0.041918423026800156,-0.13319899141788483,0.012699351646006107,-0.19498182833194733,-0.19749234616756439,0.086422361433506012,-0.76083868741989136,-0.076465599238872528,-0.29160770773887634,-0.16161607205867767,0.19882869720458984,1.2004925906658173,0.041918423026800156,-1.106559193134308,-0.99365032417699695,-0.19498182833194733,0.84200612306594846,1.043211180716753,-0.41999999999999998,-1.0611724793910979,-1.1458038538694382,-0.16161607205867767,1.159062957763672
0.063933213291971699,0.099246550033092171,0.043313066372703102,0.0032598591780616743,0.011338543097397695,-0.99993040295740954,1.0290809092319109,-0.0066232772581289413,-1.0417358261164833,-1.0731202379276272,-0.09797303665513335,0.88592580419344835,0.88001455321181754,-0.11517875515502739,-1.1000834883551407,-1.07604806161426,-0.04521948801960899,0.98964840776483876,0,-0.002,0.055,0.055,0.055,0.063933216035366058,0.099246546626091003,0.043313067406415939,0.0032598592806607485,0.011338543146848679,-0.99993038177490234,1,0,0,0,0,0.029080908745527267,-0.0066232774406671524,-0.041735827922821045,-0.073120236396789551,-0.097973033785820007,-0.11407419294118881,-0.11998544633388519,-0.11517875641584396,-0.10008348524570465,-0.07604806125164032,-0.045219488441944122,-0.010351592674851418,0.40098518133163452,0.041918423026800156,-0.13319899141788483,0.012699351646006107,-0.19498182833194733,-0.19749234616756439,0.086422361433506012,-0.76083868741989136,-0.076465599238872528,-0.29160770773887634,-0.16161607205867767,0.19882869720458984,0.053425770252943039,0.099997431039810181,0.05463191494345665,0.004454183392226696,0.0099364286288619041,-0.99994069337844849,1,0,0,0,0,0.039427135139703751,0.0041725141927599907,-0.031454827636480331,-0.064272403717041016,-0.091348715126514435,-0.11026511341333389,-0.11933186650276184,-0.11773905158042908,-0.10562896728515625,-0.084083355963230133,-0.055026825517416,-0.021054917946457863,0.40333470702171326,0.053101357072591782,-0.12910744547843933,0.010395955294370651,-0.19027321040630341,-0.18847796320915222,0.085712142288684845,-0.76185840368270874,-0.077385321259498596,-0.30007249116897583,-0.16976593434810638,0.19690996408462524,0.042016703635454178,0.09906073659658432,0.065028786659240723,0.0056445058435201645,0.0085094217211008072,-0.99994784593582153,1,0,0,0,0,0.0494542196393013,0.014934530481696129,-0.020919213071465492,-0.054904308170080185,-0.083984963595867157,-0.10556349158287048,-0.1177123486995697,-0.11934631317853928,-0.11031942069530487,-0.091438032686710358,-0.064388751983642578,-0.031587816774845123,0.40539690852165222,0.062498770654201508,-0.1248394176363945,0.0080660907551646233,-0.18500472605228424,-0.18087096512317657,0.085531286895275116,-0.76266700029373169,-0.078967049717903137,-0.30784857273101807,-0.17738956212997437,0.19458538293838501,0.029898554086685181,0.096452265977859497,0.074328213930130005,0.0068297437392175198,0.0070611024275422096,-0.99995172023773193,1,0,0,0,0,0.059080991894006729,0.025575660169124603,-0.01021427009254694,-0.045091789215803146,-0.075941391289234161,-0.10000737756490707,-0.11514000594615936,-0.11998751759529114,-0.11411689966917038,-0.098052561283111572,-0.073229476809501648,-0.041865020990371704,0.40722978115081787,0.070193514227867126,-0.12050120532512665,0.0057507562451064587,-0.17916914820671082,-0.17469355463981628,0.085800677537918091,-0.7632603645324707,-0.081056803464889526,-0.31495034694671631,-0.18448449671268463,0.19189907610416412,0.39832028746604919,0.028925120830535889,-0.13705776631832123,0.015006739646196365,-0.19914086163043976,-0.20788225531578064,0.087597884237766266,-0.75959789752960205,-0.076180391013622284,-0.28245154023170471,-0.15299035608768463,0.20033411681652069,0.39832028746604919,0.028925120830535889,-0.13705776631832123,0.015006739646196365,-0.19914086163043976,-0.20788225531578064,0.087597884237766266,-0.75959789752960205,-0.076180391013622284,-0.28245154023170471,-0.15299035608768463,0.20033411681652069,1.1991601437330246,0.028925120830535889,-1.1096462130546569,-0.99249663017690182,-0.19914086163043976,0.83369419574737547,1.0437989421188831,-0.41999999999999998,-1.0609443128108977,-1.1412257701158524,-0.15299035608768463,1.1602672934532166
0.073361705266252589,0.096820762432226745,0.031263257129834347,0.0020626196660419481,0.0127122501996213,-0.99991706870868813,1.0184992861800677,-0.017365456233229742,-1.0516789941599036,-1.0813762014513004,-0.10380431502582306,0.88304010170558389,0.88033219781567229,-0.11168613770589027,-1.0937278831755606,-1.06739719598634,-0.0350461180054399,1.0004355253207426,0,-0.002,0.055,0.055,0.055,0.073361702263355255,0.096820764243602753,0.031263258308172226,0.0020626196637749672,0.012712250463664532,-0.99991708993911743,1,0,0,0,0,0.018499286845326424,-0.017365455627441406,-0.051678992807865143,-0.081376202404499054,-0.10380431264638901,-0.11695989966392517,-0.11966780573129654,-0.11168614029884338,-0.09372788667678833,-0.06739719957113266,-0.03504611924290657,0.00043552531860768795,0.39832028746604919,0.028925120830535889,-0.13705776631832123,0.015006739646196365,-0.19914086163043976,-0.20788225531578064,0.087597884237766266,-0.75959789752960205,-0.076180391013622284,-0.28245154023170471,-0.15299035608768463,0.20033411681652069,0.063933216035366058,0.099246546626091003,0.043313067406415939,0.0032598592806607485,0.011338543146848679,-0.99993038177490234,1,0,0,0,0,0.029080908745527267,-0.0066232774406671524,-0.041735827922821045,-0.073120236396789551,-0.097973033785820007,-0.11407419294118881,-0.11998544633388519,-0.11517875641584396,-0.10008348524570465,-0.07604806125164032,-0.045219488441944122,-0.010351592674851418,0.40098518133163452,0.041918423026800156,-0.13319899141788483,0.012699351646006107,-0.19498182833194733,-0.19749234616756439,0.086422361433506012,-0.76083868741989136,-0.076465599238872528,-0.29160770773887634,-0.16161607205867767,0.19882869720458984,0.053425770252943039,0.099997431039810181,0.05463191494345665,0.004454183392226696,0.0099364286288619041,-0.99994069337844849,1,0,0,0,0,0.039427135139703751,0.0041725141927599907,-0.031454827636480331,-0.064272403717041016,-0.091348715126514435,-0.11026511341333389,-0.11933186650276184,-0.11773905158042908,-0.10562896728515625,-0.084083355963230133,-0.055026825517416,-0.021054917946457863,0.40333470702171326,0.053101357072591782,-0.12910744547843933,0.010395955294370651,-0.19027321040630341,-0.18847796320915222,0.085712142288684845,-0.76185840368270874,-0.077385321259498596,-0.30007249116897583,-0.16976593434810638,0.19690996408462524,0.042016703635454178,0.09906073659658432,0.065028786659240723,0.0056445058435201645,0.0085094217211008072,-0.99994784593582153,1,0,0,0,0,0.0494542196393013,0.014934530481696129,-0.020919213071465492,-0.054904308170080185,-0.083984963595867157,-0.10556349158287048,-0.1177123486995697,-0.11934631317853928,-0.11031942069530487,-0.091438032686710358,-0.064388751983642578,-0.031587816774845123,0.40539690852165222,0.062498770654201508,-0.1248394176363945,0.0080660907551646233,-0.18500472605228424,-0.18087096512317657,0.085531286895275116,-0.76266700029373169,-0.078967049717903137,-0.30784857273101807,-0.17738956212997437,0.19458538293838501,0.39540174603462219,0.014374601654708385,-0.14065049588680267,0.017236683517694473,-0.20281578600406647,-0.2195456326007843,0.089134827256202698,-0.75807482004165649,-0.076320655643939972,-0.27271774411201477,-0.14391498267650604,0.20142380893230438,0.39540174603462219,0.014374601654708385,-0.14065049588680267,0.017236683517694473,-0.20281578600406647,-0.2195456326007843,0.089134827256202698,-0.75807482004165649,-0.076320655643939972,-0.27271774411201477,-0.14391498267650604,0.20142380893230438,1.1977008730173111,0.014374601654708385,-1.1125203967094421,-0.99138165824115276,-0.20281578600406647,0.82436349391937258,1.0445674136281013,-0.41999999999999998,-1.061056524515152,-1.1363588720560074,-0.14391498267650604,1.1611390471458436
0.081552129507931295,0.092761007063324602,0.018685842513998855,0.0008635534106909902,0.014054106722630289,-0.99990086326582173,1.0077679200277079,-0.027967069932841728,-1.0612038448292502,-1.0889734625474872,-0.10879534584167967,0.88110113508829446,0.88161849751014276,-0.10728947302044334,-1.0866135944611162,-1.0582007814656205,-0.02458906599834847,1.0112191175021403,0,-0.002,0.055,0.055,0.055,0.081552132964134216,0.092761009931564331,0.018685841932892799,0.00086355343228206038,0.014054106548428535,-0.99990087747573853,1,0,0,0,0,0.0077679199166595936,-0.027967069298028946,-0.061203844845294952,-0.088973462581634521,-0.10879534482955933,-0.11889886856079102,-0.11838150024414062,-0.10728947073221207,-0.086613595485687256,-0.058200780302286148,-0.024589065462350845,0.011219117790460587,0.39540174603462219,0.014374601654708385,-0.14065049588680267,0.017236683517694473,-0.20281578600406647,-0.2195456326007843,0.089134827256202698,-0.75807482004165649,-0.076320655643939972,-0.27271774411201477,-0.14391498267650604,0.20142380893230438,0.073361702263355255,0.096820764243602753,0.031263258308172226,0.0020626196637749672,0.012712250463664532,-0.99991708993911743,1,0,0,0,0,0.018499286845326424,-0.017365455627441406,-0.051678992807865143,-0.081376202404499054,-0.10380431264638901,-0.11695989966392517,-0.11966780573129654,-0.11168614029884338,-0.09372788667678833,-0.06739719957113266,-0.03504611924290657,0.00043552531860768795,0.39832028746604919,0.028925120830535889,-0.13705776631832123,0.015006739646196365,-0.19914086163043976,-0.20788225531578064,0.087597884237766266,-0.75959789752960205,-0.076180391013622284,-0.28245154023170471,-0.15299035608768463,0.20033411681652069,0.063933216035366058,0.099246546626091003,0.043313067406415939,0.0032598592806607485,0.011338543146848679,-0.99993038177490234,1,0,0,0,0,0.029080908745527267,-0.0066232774406671524,-0.041735827922821045,-0.073120236396789551,-0.097973033785820007,-0.11407419294118881,-0.11998544633388519,-0.11517875641584396,-0.10008348524570465,-0.07604806125164032,-0.045219488441944122,-0.010351592674851418,0.40098518133163452,0.041918423026800156,-0.13319899141788483,0.012699351646006107,-0.19498182833194733,-0.19749234616756439,0.086422361433506012,-0.76083868741989136,-0.076465599238872528,-0.29160770773887634,-0.16161607205867767,0.19882869720458984,0.053425770252943039,0.099997431039810181,0.05463191494345665,0.004454183392226696,0.0099364286288619041,-0.99994069337844849,1,0,0,0,0,0.039427135139703751,0.0041725141927599907,-0.031454827636480331,-0.064272403717041016,-0.091348715126514435,-0.11026511341333389,-0.11933186650276184,-0.11773905158042908,-0.10562896728515625,-0.084083355963230133,-0.055026825517416,-0.021054917946457863,0.40333470702171326,0.053101357072591782,-0.12910744547843933,0.010395955294370651,-0.19027321040630341,-0.18847796320915222,0.085712142288684845,-0.76185840368270874,-0.077385321259498596,-0.30007249116897583,-0.16976593434810638,0.19690996408462524,0.3923155665397644,-0.0014912249753251672,-0.14390558004379272,0.019313406199216843,-0.20617541670799255,-0.23233197629451752,0.091047711670398712,-0.75621455907821655,-0.076768092811107635,-0.26261994242668152,-0.13437323272228241,0.20207726955413818,0.3923155665397644,-0.0014912249753251672,-0.14390558004379272,0.019313406199216843,-0.20617541670799255,-0.23233197629451752,0.091047711670398712,-0.75621455907821655,-0.076768092811107635,-0.26261994242668152,-0.13437323272228241,0.20207726955413818,1.1961577832698822,-0.0014912249753251672,-1.1151244640350342,-0.99034329690039158,-0.20617541670799255,0.81413441896438599,1.0455238558351994,-0.41999999999999998,-1.061414474248886,-1.1313099712133408,-0.13437323272228241,1.1616618156433105
0.088366262676463525,0.087135797220975128,0.0057930816478394811,-0.00033625019908285086,0.015360750922724854,-0.99988196016674569,0.996973676182761,-0.038342303234672838,-1.0702332788971642,-1.0958505249281201,-0.11290572903418887,0.88012459937274201,0.88386304029864859,-0.10202435005036406,-1.0787982090635218,-1.048533258741897,-0.013932976961095014,1.0219118961557361,0,-0.002,0.055,0.055,0.055,0.08836626261472702,0.08713579922914505,0.005793081596493721,-0.00033625020296312869,0.015360751189291477,-0.99988198280334473,1,0,0,0,0,-0.0030263238586485386,-0.038342304527759552,-0.070233277976512909,-0.095850527286529541,-0.11290572583675385,-0.11987540125846863,-0.11613696068525314,-0.10202434659004211,-0.078798212110996246,-0.048533257097005844,-0.013932976871728897,0.021911896765232086,0.3923155665397644,-0.0014912249753251672,-0.14390558004379272,0.019313406199216843,-0.20617541670799255,-0.23233197629451752,0.091047711670398712,-0.75621455907821655,-0.076768092811107635,-0.26261994242668152,-0.13437323272228241,0.20207726955413818,0.081552132964134216,0.092761009931564331,0.018685841932892799,0.00086355343228206038,0.014054106548428535,-0.99990087747573853,1,0,0,0,0,0.0077679199166595936,-0.027967069298028946,-0.061203844845294952,-0.088973462581634521,-0.10879534482955933,-0.11889886856079102,-0.11838150024414062,-0.10728947073221207,-0.086613595485687256,-0.058200780302286148,-0.024589065462350845,0.011219117790460587,0.39540174603462219,0.014374601654708385,-0.14065049588680267,0.017236683517694473,-0.20281578600406647,-0.2195456326007843,0.089134827256202698,-0.75807482004165649,-0.076320655643939972,-0.27271774411201477,-0.14391498267650604,0.20142380893230438,0.073361702263355255,0.096820764243602753,0.031263258308172226,0.0020626196637749672,0.012712250463664532,-0.99991708993911743,1,0,0,0,0,0.018499286845326424,-0.017365455627441406,-0.051678992807865143,-0.081376202404499054,-0.10380431264638901,-0.11695989966392517,-0.11966780573129654,-0.11168614029884338,-0.09372788667678833,-0.06739719957113266,-0.03504611924290657,0.00043552531860768795,0.39832028746604919,0.028925120830535889,-0.13705776631832123,0.015006739646196365,-0.19914086163043976,-0.20788225531578064,0.087597884237766266,-0.75959789752960205,-0.076180391013622284,-0.28245154023170471,-0.15299035608768463,0.20033411681652069,0.063933216035366058,0.099246546626091003,0.043313067406415939,0.0032598592806607485,0.011338543146848679,-0.99993038177490234,1,0,0,0,0,0.029080908745527267,-0.0066232774406671524,-0.041735827922821045,-0.073120236396789551,-0.097973033785820007,-0.11407419294118881,-0.11998544633388519,-0.11517875641584396,-0.10008348524570465,-0.07604806125164032,-0.045219488441944122,-0.010351592674851418,0.40098518133163452,0.041918423026800156,-0.13319899141788483,0.012699351646006107,-0.19498182833194733,-0.19749234616756439,0.086422361433506012,-0.76083868741989136,-0.076465599238872528,-0.29160770773887634,-0.16161607205867767,0.19882869720458984,0.38908764719963074,-0.018595032393932343,-0.14678594470024109,0.021252155303955078,-0.20926842093467712,-0.24622635543346405,0.093322001397609711,-0.753989577293396,-0.077593408524990082,-0.25211036205291748,-0.12437614053487778,0.20231388509273529,0.38908764719963074,-0.018595032393932343,-0.14678594470024109,0.021252155303955078,-0.20926842093467712,-0.24622635543346405,0.093322001397609711,-0.753989577293396,-0.077593408524990082,-0.25211036205291748,-0.12437614053487778,0.20231388509273529,1.1945438235998154,-0.018595032393932343,-1.117428755760193,-0.98937392234802246,-0.20926842093467712,0.8030189156532288,1.0466610006988049,-0.41999999999999998,-1.0620747268199922,-1.1260551810264587,-0.12437614053487778,1.1618511080741882
0.093689108012013814,0.080040065142231109,-0.0071974444956466547,-0.0015357019978472896,0.016628910872783471,-0.99986055074823255,0.98620392901877507,-0.048407173460252348,-1.0786942073027983,-1.1019517219781036,-0.11610219296694448,0.88011839916045487,0.88704765765332783,-0.095933387512421614,-1.070344988885414,-1.0384728819063207,-0.003164106968442991,1.0324273082214204,3,0.055,0.055,0.055,0.055,0.093689106404781342,0.080040067434310913,-0.0071974443271756172,-0.0015357020311057568,0.016628911718726158,-0.99986052513122559,0,0,0,1,0,-0.013796070590615273,-0.048407174646854401,-0.078694209456443787,-0.1019517183303833,-0.1161021962761879,-0.11988160014152527,-0.1129523441195488,-0.095933385193347931,-0.070344991981983185,-0.038472883403301239,-0.0031641069799661636,0.032427307218313217,0.38908764719963074,-0.018595032393932343,-0.14678594470024109,0.021252155303955078,-0.20926842093467712,-0.24622635543346405,0.093322001397609711,-0.753989577293396,-0.077593408524990082,-0.25211036205291748,-0.12437614053487778,0.20231388509273529,0.08836626261472702,0.08713579922914505,0.005793081596493721,-0.00033625020296312869,0.015360751189291477,-0.99988198280334473,1,0,0,0,0,-0.0030263238586485386,-0.038342304527759552,-0.070233277976512909,-0.095850527286529541,-0.11290572583675385,-0.11987540125846863,-0.11613696068525314,-0.10202434659004211,-0.078798212110996246,-0.048533257097005844,-0.013932976871728897,0.021911896765232086,0.3923155665397644,-0.0014912249753251672,-0.14390558004379272,0.019313406199216843,-0.20617541670799255,-0.23233197629451752,0.091047711670398712,-0.75621455907821655,-0.076768092811107635,-0.26261994242668152,-0.13437323272228241,0.20207726955413818,0.081552132964134216,0.092761009931564331,0.018685841932892799,0.00086355343228206038,0.014054106548428535,-0.99990087747573853,1,0,0,0,0,0.0077679199166595936,-0.027967069298028946,-0.061203844845294952,-0.088973462581634521,-0.10879534482955933,-0.11889886856079102,-0.11838150024414062,-0.10728947073221207,-0.086613595485687256,-0.058200780302286148,-0.024589065462350845,0.011219117790460587,0.39540174603462219,0.014374601654708385,-0.14065049588680267,0.017236683517694473,-0.20281578600406647,-0.2195456326007843,0.089134827256202698,-0.75807482004165649,-0.076320655643939972,-0.27271774411201477,-0.14391498267650604,0.20142380893230438,0.073361702263355255,0.096820764243602753,0.031263258308172226,0.0020626196637749672,0.012712250463664532,-0.99991708993911743,1,0,0,0,0,0.018499286845326424,-0.017365455627441406,-0.051678992807865143,-0.081376202404499054,-0.10380431264638901,-0.11695989966392517,-0.11966780573129654,-0.11168614029884338,-0.09372788667678833,-0.06739719957113266,-0.03504611924290657,0.00043552531860768795,0.39832028746604919,0.028925120830535889,-0.13705776631832123,0.015006739646196365,-0.19914086163043976,-0.20788225531578064,0.087597884237766266,-0.75959789752960205,-0.076180391013622284,-0.28245154023170471,-0.15299035608768463,0.20033411681652069,0.33608993887901306,0.044417712837457657,-0.16324330866336823,0.11027079075574875,-0.18886592984199524,-0.37576648592948914,0.041595533490180969,-0.5533103346824646,-0.15609794855117798,-0.066524699330329895,-0.067691221833229065,0.20850157737731934,0.33608993887901306,0.044417712837457657,-0.16324330866336823,0.11027079075574875,-0.18886592984199524,-0.37576648592948914,0.041595533490180969,-0.5533103346824646,-0.15609794855117798,-0.066524699330329895,-0.067691221833229065,0.20850157737731934,1.1680449694395065,0.044417712837457657,-1.1305946469306947,-0.94486460462212563,-0.18886592984199524,0.69938681125640867,1.0207977667450905,-0.41999999999999998,-1.1248783588409423,-1.0332623496651649,-0.067691221833229065,1.1668012619018555
0.097430836045219904,0.071593559909996315,-0.020066505035860254,-0.0027337141453033665,0.017855412714612662,-0.99983684221164926,0.97554585462008214,-0.058080210175575173,-1.0865181427737045,-1.1072276673506225,-0.11835886375403973,0.88108258463926203,0.89114657158080213,-0.089065888909826016,-1.0613223588047309,-1.0281010850209988,0.0076303749955688276,1.0426802363389558,3,0.055,0.055,0.055,0.055,0.09743083268404007,0.07159356027841568,-0.020066505298018456,-0.0027337141800671816,0.017855413258075714,-0.99983686208724976,0,0,0,1,0,-0.024454144760966301,-0.058080211281776428,-0.086518146097660065,-0.10722766816616058,-0.11835886538028717,-0.11891741305589676,-0.10885342955589294,-0.089065887033939362,-0.061322357505559921,-0.028101084753870964,0.0076303752139210701,0.04268023744225502,0.33608993887901306,0.044417712837457657,-0.16324330866336823,0.11027079075574875,-0.18886592984199524,-0.37576648592948914,0.041595533490180969,-0.5533103346824646,-0.15609794855117798,-0.066524699330329895,-0.067691221833229065,0.20850157737731934,0.093689106404781342,0.080040067434310913,-0.0071974443271756172,-0.0015357020311057568,0.016628911718726158,-0.99986052513122559,0,0,0,1,0,-0.013796070590615273,-0.048407174646854401,-0.078694209456443787,-0.1019517183303833,-0.1161021962761879,-0.11988160014152527,-0.1129523441195488,-0.095933385193347931,-0.070344991981983185,-0.038472883403301239,-0.0031641069799661636,0.032427307218313217,0.38908764719963074,-0.018595032393932343,-0.14678594470024109,0.021252155303955078,-0.20926842093467712,-0.24622635543346405,0.093322001397609711,-0.753989577293396,-0.077593408524990082,-0.25211036205291748,-0.12437614053487778,0.20231388509273529,0.08836626261472702,0.08713579922914505,0.005793081596493721,-0.00033625020296312869,0.015360751189291477,-0.99988198280334473,1,0,0,0,0,-0.0030263238586485386,-0.038342304527759552,-0.070233277976512909,-0.095850527286529541,-0.11290572583675385,-0.11987540125846863,-0.11613696068525314,-0.10202434659004211,-0.078798212110996246,-0.048533257097005844,-0.013932976871728897,0.021911896765232086,0.3923155665397644,-0.0014912249753251672,-0.14390558004379272,0.019313406199216843,-0.20617541670799255,-0.23233197629451752,0.091047711670398712,-0.75621455907821655,-0.076768092811107635,-0.26261994242668152,-0.13437323272228241,0.20207726955413818,0.081552132964134216,0.092761009931564331,0.018685841932892799,0.00086355343228206038,0.014054106548428535,-0.99990087747573853,1,0,0,0,0,0.0077679199166595936,-0.027967069298028946,-0.061203844845294952,-0.088973462581634521,-0.10879534482955933,-0.11889886856079102,-0.11838150024414062,-0.10728947073221207,-0.086613595485687256,-0.058200780302286148,-0.024589065462350845,0.011219117790460587,0.39540174603462219,0.014374601654708385,-0.14065049588680267,0.017236683517694473,-0.20281578600406647,-0.2195456326007843,0.089134827256202698,-0.75807482004165649,-0.076320655643939972,-0.27271774411201477,-0.14391498267650604,0.20142380893230438,0.29432070255279541,0.08532588928937912,-0.23131567239761353,0.16214674711227417,-0.11667881160974503,-0.49258336424827576,-0.032651539891958237,-0.4131779670715332,-0.15475736558437347,0.0014239855809137225,-0.021587591618299484,0.21728760004043579,0.29432070255279541,0.08532588928937912,-0.23131567239761353,0.16214674711227417,-0.11667881160974503,-0.49258336424827576,-0.032651539891958237,-0.4131779670715332,-0.15475736558437347,0.0014239855809137225,-0.021587591618299484,0.21728760004043579,1.1471603512763977,0.08532588928937912,-1.1850525379180907,-0.91892662644386292,-0.11667881160974503,0.60593330860137939,0.98367423005402088,-0.4131779670715332,-1.1238058924674987,-0.99928800720954314,-0.021587591618299484,1.1738300800323487
0.099528300578412762,0.061938826542046944,-0.032596918971543203,-0.0039292012087970779,0.019037188627645325,-0.99981105556350802,0.96508572513202129,-0.06728311465629791,-1.0936417541983876,-1.1116356547266035,-0.1196574746971158,0.88300935117704626,0.89612660328302107,-0.081477443443346162,-1.0518033528072137,-1.0175018229482116,0.018363092629929304,1.0525876878333413,3,0.055,0.055,0.055,0.055,0.099528297781944275,0.061938825994729996,-0.032596919685602188,-0.0039292010478675365,0.019037188962101936,-0.99981105327606201,0,0,0,1,0,-0.034914273768663406,-0.067283116281032562,-0.093641750514507294,-0.11163565516471863,-0.11965747177600861,-0.11699064821004868,-0.10387339442968369,-0.081477440893650055,-0.051803354173898697,-0.017501823604106903,0.018363092094659805,0.052587687969207764,0.29432070255279541,0.08532588928937912,-0.23131567239761353,0.16214674711227417,-0.11667881160974503,-0.49258336424827576,-0.032651539891958237,-0.4131779670715332,-0.15475736558437347,0.0014239855809137225,-0.021587591618299484,0.21728760004043579,0.09743083268404007,0.07159356027841568,-0.020066505298018456,-0.0027337141800671816,0.017855413258075714,-0.99983686208724976,0,0,0,1,0,-0.024454144760966301,-0.058080211281776428,-0.086518146097660065,-0.10722766816616058,-0.11835886538028717,-0.11891741305589676,-0.10885342955589294,-0.089065887033939362,-0.061322357505559921,-0.028101084753870964,0.0076303752139210701,0.04268023744225502,0.33608993887901306,0.044417712837457657,-0.16324330866336823,0.11027079075574875,-0.18886592984199524,-0.37576648592948914,0.041595533490180969,-0.5533103346824646,-0.15609794855117798,-0.066524699330329895,-0.067691221833229065,0.20850157737731934,0.093689106404781342,0.080040067434310913,-0.0071974443271756172,-0.0015357020311057568,0.016628911718726158,-0.99986052513122559,0,0,0,1,0,-0.013796070590615273,-0.048407174646854401,-0.078694209456443787,-0.1019517183303833,-0.1161021962761879,-0.11988160014152527,-0.1129523441195488,-0.095933385193347931,-0.070344991981983185,-0.038472883403301239,-0.0031641069799661636,0.032427307218313217,0.38908764719963074,-0.018595032393932343,-0.14678594470024109,0.021252155303955078,-0.20926842093467712,-0.24622635543346405,0.093322001397609711,-0.753989577293396,-0.077593408524990082,-0.25211036205291748,-0.12437614053487778,0.20231388509273529,0.08836626261472702,0.08713579922914505,0.005793081596493721,-0.00033625020296312869,0.015360751189291477,-0.99988198280334473,1,0,0,0,0,-0.0030263238586485386,-0.038342304527759552,-0.070233277976512909,-0.095850527286529541,-0.11290572583675385,-0.11987540125846863,-0.11613696068525314,-0.10202434659004211,-0.078798212110996246,-0.048533257097005844,-0.013932976871728897,0.021911896765232086,0.3923155665397644,-0.0014912249753251672,-0.14390558004379272,0.019313406199216843,-0.20617541670799255,-0.23233197629451752,0.091047711670398712,-0.75621455907821655,-0.076768092811107635,-0.26261994242668152,-0.13437323272228241,0.20207726955413818,0.27299454808235168,0.074762821197509766,-0.32986471056938171,0.20258216559886932,-0.052409853786230087,-0.5451430082321167,-0.037651360034942627,-0.26016548275947571,-0.14707839488983154,0.057611845433712006,0.033082801848649979,0.20431262254714966,0.27299454808235168,0.074762821197509766,-0.32986471056938171,0.20258216559886932,-0.052409853786230087,-0.5451430082321167,-0.037651360034942627,-0.26016548275947571,-0.14707839488983154,0.057611845433712006,0.033082801848649979,0.20431262254714966,1.1364972740411758,0.074762821197509766,-1.2638917684555053,-0.89870891720056534,-0.052409853786230087,0.56388559341430655,0.98117431998252869,-0.26016548275947571,-1.1176627159118653,-0.971194077283144,0.033082801848649979,1.1634500980377198
0.099946104354271273,0.051238800371011507,-0.044577220373521825,-0.0051210812243020635,0.020171284493937944,-0.99978342345177884,0.9549082104281269,-0.075941393679423527,-1.1000073792621388,-1.1151400035024657,-0.1199875141457723,0.8858831024966034,0.9019474417241693,-0.073229476042635411,-1.0418650228103272,-1.0067608917749276,0.028947169587092383,1.0620694665018402,3,0.055,0.055,0.055,0.055,0.099946103990077972,0.051238801330327988,-0.044577218592166901,-0.0051210811361670494,0.020171284675598145,-0.99978339672088623,0,0,0,1,0,-0.045091789215803146,-0.075941391289234161,-0.10000737756490707,-0.11514000594615936,-0.11998751759529114,-0.11411689966917038,-0.098052561283111572,-0.073229476809501648,-0.041865020990371704,-0.006760891992598772,0.028947168961167336,0.062069468200206757,0.27299454808235168,0.074762821197509766,-0.32986471056938171,0.20258216559886932,-0.052409853786230087,-0.5451430082321167,-0.037651360034942627,-0.26016548275947571,-0.14707839488983154,0.057611845433712006,0.033082801848649979,0.20431262254714966,0.099528297781944275,0.061938825994729996,-0.032596919685602188,-0.0039292010478675365,0.019037188962101936,-0.99981105327606201,0,0,0,1,0,-0.034914273768663406,-0.067283116281032562,-0.093641750514507294,-0.11163565516471863,-0.11965747177600861,-0.11699064821004868,-0.10387339442968369,-0.081477440893650055,-0.051803354173898697,-0.017501823604106903,0.018363092094659805,0.052587687969207764,0.29432070255279541,0.08532588928937912,-0.23131567239761353,0.16214674711227417,-0.11667881160974503,-0.49258336424827576,-0.032651539891958237,-0.4131779670715332,-0.15475736558437347,0.0014239855809137225,-0.021587591618299484,0.21728760004043579,0.09743083268404007,0.07159356027841568,-0.020066505298018456,-0.0027337141800671816,0.017855413258075714,-0.99983686208724976,0,0,0,1,0,-0.024454144760966301,-0.058080211281776428,-0.086518146097660065,-0.10722766816616058,-0.11835886538028717,-0.11891741305589676,-0.10885342955589294,-0.089065887033939362,-0.061322357505559921,-0.028101084753870964,0.0076303752139210701,0.04268023744225502,0.33608993887901306,0.044417712837457657,-0.16324330866336823,0.11027079075574875,-0.18886592984199524,-0.37576648592948914,0.041595533490180969,-0.5533103346824646,-0.15609794855117798,-0.066524699330329895,-0.067691221833229065,0.20850157737731934,0.093689106404781342,0.080040067434310913,-0.0071974443271756172,-0.0015357020311057568,0.016628911718726158,-0.99986052513122559,0,0,0,1,0,-0.013796070590615273,-0.048407174646854401,-0.078694209456443787,-0.1019517183303833,-0.1161021962761879,-0.11988160014152527,-0.1129523441195488,-0.095933385193347931,-0.070344991981983185,-0.038472883403301239,-0.0031641069799661636,0.032427307218313217,0.38908764719963074,-0.018595032393932343,-0.14678594470024109,0.021252155303955078,-0.20926842093467712,-0.24622635543346405,0.093322001397609711,-0.753989577293396,-0.077593408524990082,-0.25211036205291748,-0.12437614053487778,0.20231388509273529,0.27139392495155334,0.041600938886404037,-0.3502802848815918,0.26877745985984802,-0.065898612141609192,-0.52452880144119263,-0.02415974996984005,-0.16989746689796448,-0.11925985664129257,0.042575113475322723,0.038406006991863251,0.18456816673278809,0.27139392495155334,0.041600938886404037,-0.3502802848815918,0.26877745985984802,-0.065898612141609192,-0.52452880144119263,-0.02415974996984005,-0.16989746689796448,-0.11925985664129257,0.042575113475322723,0.038406006991863251,0.18456816673278809,1.1356969624757767,0.041600938886404037,-1.2802242279052733,-0.86561127007007599,-0.065898612141609192,0.58037695884704588,0.98792012501507998,-0.16989746689796448,-1.095407885313034,-0.97871244326233864,0.038406006991863251,1.1476545333862305
0.098677196427461339,0.039674057313061208,-0.055805227128677942,-0.0063082767338412506,0.0212548672409964,-0.99975418791981896,0.94509569274696148,-0.083984962511225239,-1.1055634911966004,-1.1177123476079789,-0.1193463105844787,0.88968057692023894,0.90856196992971605,-0.064388750160052188,-1.0315878149638962,-0.99596523433346362,0.039296932696523165,1.0710488217648668,3,0.055,0.055,0.055,0.055,0.098677195608615875,0.039674058556556702,-0.055805228650569916,-0.0063082766719162464,0.021254867315292358,-0.99975419044494629,0,0,0,1,0,-0.054904308170080185,-0.083984963595867157,-0.10556349158287048,-0.1177123486995697,-0.11934631317853928,-0.11031942069530487,-0.091438032686710358,-0.064388751983642578,-0.031587816774845123,0.0040347655303776264,0.039296932518482208,0.071048818528652191,0.27139392495155334,0.041600938886404037,-0.3502802848815918,0.26877745985984802,-0.065898612141609192,-0.52452880144119263,-0.02415974996984005,-0.16989746689796448,-0.11925985664129257,0.042575113475322723,0.038406006991863251,0.18456816673278809,0.099946103990077972,0.051238801330327988,-0.044577218592166901,-0.0051210811361670494,0.020171284675598145,-0.99978339672088623,0,0,0,1,0,-0.045091789215803146,-0.075941391289234161,-0.10000737756490707,-0.11514000594615936,-0.11998751759529114,-0.11411689966917038,-0.098052561283111572,-0.073229476809501648,-0.041865020990371704,-0.006760891992598772,0.028947168961167336,0.062069468200206757,0.27299454808235168,0.074762821197509766,-0.32986471056938171,0.20258216559886932,-0.052409853786230087,-0.5451430082321167,-0.037651360034942627,-0.26016548275947571,-0.14707839488983154,0.057611845433712006,0.033082801848649979,0.20431262254714966,0.099528297781944275,0.061938825994729996,-0.032596919685602188,-0.0039292010478675365,0.019037188962101936,-0.99981105327606201,0,0,0,1,0,-0.034914273768663406,-0.067283116281032562,-0.093641750514507294,-0.11163565516471863,-0.11965747177600861,-0.11699064821004868,-0.10387339442968369,-0.081477440893650055,-0.051803354173898697,-0.017501823604106903,0.018363092094659805,0.052587687969207764,0.29432070255279541,0.08532588928937912,-0.23131567239761353,0.16214674711227417,-0.11667881160974503,-0.49258336424827576,-0.032651539891958237,-0.4131779670715332,-0.15475736558437347,0.0014239855809137225,-0.021587591618299484,0.21728760004043579,0.09743083268404007,0.07159356027841568,-0.020066505298018456,-0.0027337141800671816,0.017855413258075714,-0.99983686208724976,0,0,0,1,0,-0.024454144760966301,-0.058080211281776428,-0.086518146097660065,-0.10722766816616058,-0.11835886538028717,-0.11891741305589676,-0.10885342955589294,-0.089065887033939362,-0.061322357505559921,-0.028101084753870964,0.0076303752139210701,0.04268023744225502,0.33608993887901306,0.044417712837457657,-0.16324330866336823,0.11027079075574875,-0.18886592984199524,-0.37576648592948914,0.041595533490180969,-0.5533103346824646,-0.15609794855117798,-0.066524699330329895,-0.067691221833229065,0.20850157737731934,0.27094775438308716,0.036891806870698929,-0.35948526859283447,0.28336551785469055,-0.047880858182907104,-0.55152928829193115,-0.017278131097555161,-0.11741601675748825,-0.1072978600859642,0.04598887637257576,0.05235445499420166,0.17848466336727142,0.27094775438308716,0.036891806870698929,-0.35948526859283447,0.28336551785469055,-0.047880858182907104,-0.55152928829193115,-0.017278131097555161,-0.11741601675748825,-0.1072978600859642,0.04598887637257576,0.05235445499420166,0.17848466336727142,1.1354738771915436,0.036891806870698929,-1.2875882148742677,-0.85831724107265472,-0.047880858182907104,0.55877656936645503,0.99136093445122242,-0.11741601675748825,-1.0858382880687714,-0.97700556181371212,0.05235445499420166,1.1427877306938172
0.095742991157888119,0.027439766430364672,-0.066091453008269713,-0.0074897157976847846,0.022285231845559642,-0.99972359810042477,0.93572759984628506,-0.091348712210505764,-1.1102651158649448,-1.1193318651163835,-0.11773905425724741,0.89437103566220744,0.91591664637636627,-0.055026827351625521,-1.0210549184760118,-0.98520223643977267,0.049328605449088903,1.0794530699261622,3,0.055,0.055,0.055,0.055,0.095742993056774139,0.027439765632152557,-0.066091455519199371,-0.0074897157028317451,0.022285232320427895,-0.99972361326217651,0,0,0,1,0,-0.064272403717041016,-0.091348715126514435,-0.11026511341333389,-0.11933186650276184,-0.11773905158042908,-0.10562896728515625,-0.084083355963230133,-0.055026825517416,-0.021054917946457863,0.014797763898968697,0.049328606575727463,0.079453073441982269,0.27094775438308716,0.036891806870698929,-0.35948526859283447,0.28336551785469055,-0.047880858182907104,-0.55152928829193115,-0.017278131097555161,-0.11741601675748825,-0.1072978600859642,0.04598887637257576,0.05235445499420166,0.17848466336727142,0.098677195608615875,0.039674058556556702,-0.055805228650569916,-0.0063082766719162464,0.021254867315292358,-0.99975419044494629,0,0,0,1,0,-0.054904308170080185,-0.083984963595867157,-0.10556349158287048,-0.1177123486995697,-0.11934631317853928,-0.11031942069530487,-0.091438032686710358,-0.064388751983642578,-0.031587816774845123,0.0040347655303776264,0.039296932518482208,0.071048818528652191,0.27139392495155334,0.041600938886404037,-0.3502802848815918,0.26877745985984802,-0.065898612141609192,-0.52452880144119263,-0.02415974996984005,-0.16989746689796448,-0.11925985664129257,0.042575113475322723,0.038406006991863251,0.18456816673278809,0.099946103990077972,0.051238801330327988,-0.044577218592166901,-0.0051210811361670494,0.020171284675598145,-0.99978339672088623,0,0,0,1,0,-0.045091789215803146,-0.075941391289234161,-0.10000737756490707,-0.11514000594615936,-0.11998751759529114,-0.11411689966917038,-0.098052561283111572,-0.073229476809501648,-0.041865020990371704,-0.006760891992598772,0.028947168961167336,0.062069468200206757,0.27299454808235168,0.074762821197509766,-0.32986471056938171,0.20258216559886932,-0.052409853786230087,-0.5451430082321167,-0.037651360034942627,-0.26016548275947571,-0.14707839488983154,0.057611845433712006,0.033082801848649979,0.20431262254714966,0.099528297781944275,0.061938825994729996,-0.032596919685602188,-0.0039292010478675365,0.019037188962101936,-0.99981105327606201,0,0,0,1,0,-0.034914273768663406,-0.067283116281032562,-0.093641750514507294,-0.11163565516471863,-0.11965747177600861,-0.11699064821004868,-0.10387339442968369,-0.081477440893650055,-0.051803354173898697,-0.017501823604106903,0.018363092094659805,0.052587687969207764,0.29432070255279541,0.08532588928937912,-0.23131567239761353,0.16214674711227417,-0.11667881160974503,-0.49258336424827576,-0.032651539891958237,-0.4131779670715332,-0.15475736558437347,0.0014239855809137225,-0.021587591618299484,0.21728760004043579,0.27275747060775757,0.025408819317817688,-0.36474093794822693,0.29545325040817261,-0.035172566771507263,-0.57514506578445435,-0.009481402114033699,-0.079561449587345123,-0.10257600247859955,0.048699799925088882,0.061024192720651627,0.17314952611923218,0.27275747060775757,0.025408819317817688,-0.36474093794822693,0.29545325040817261,-0.035172566771507263,-0.57514506578445435,-0.009481402114033699,-0.079561449587345123,-0.10257600247859955,0.048699799925088882,0.061024192720651627,0.17314952611923218,1.1363787353038788,0.025408819317817688,-1.2917927503585815,-0.8522733747959137,-0.035172566771507263,0.5398839473724365,0.99525929894298315,-0.079561449587345123,-1.0820608019828797,-0.97565010003745556,0.061024192720651627,1.1385196208953858
0.091193006817406108,0.014742396216506352,-0.075262305477805991,-0.0086643329800391265,0.02325980798307151,-0.99969190787292139,0.92687976207237266,-0.097973036655133461,-1.1140741958065516,-1.1199854467881825,-0.11517875515502739,0.8999165116448592,0.92395193838573997,-0.04521948801960899,-1.0103515922351614,-0.97455901954598889,0.058960986128857723,1.0872141825134418,3,0.055,0.055,0.055,0.055,0.091193005442619324,0.014742395840585232,-0.075262308120727539,-0.0086643332615494728,0.023259807378053665,-0.99969190359115601,0,0,0,1,0,-0.073120236396789551,-0.097973033785820007,-0.11407419294118881,-0.11998544633388519,-0.11517875641584396,-0.10008348524570465,-0.07604806125164032,-0.045219488441944122,-0.010351592674851418,0.02544097974896431,0.058960985392332077,0.087214179337024689,0.27275747060775757,0.025408819317817688,-0.36474093794822693,0.29545325040817261,-0.035172566771507263,-0.57514506578445435,-0.009481402114033699,-0.079561449587345123,-0.10257600247859955,0.048699799925088882,0.061024192720651627,0.17314952611923218,0.095742993056774139,0.027439765632152557,-0.066091455519199371,-0.0074897157028317451,0.022285232320427895,-0.99972361326217651,0,0,0,1,0,-0.064272403717041016,-0.091348715126514435,-0.11026511341333389,-0.11933186650276184,-0.11773905158042908,-0.10562896728515625,-0.084083355963230133,-0.055026825517416,-0.021054917946457863,0.014797763898968697,0.049328606575727463,0.079453073441982269,0.27094775438308716,0.036891806870698929,-0.35948526859283447,0.28336551785469055,-0.047880858182907104,-0.55152928829193115,-0.017278131097555161,-0.11741601675748825,-0.1072978600859642,0.04598887637257576,0.05235445499420166,0.17848466336727142,0.098677195608615875,0.039674058556556702,-0.055805228650569916,-0.0063082766719162464,0.021254867315292358,-0.99975419044494629,0,0,0,1,0,-0.054904308170080185,-0.083984963595867157,-0.10556349158287048,-0.1177123486995697,-0.11934631317853928,-0.11031942069530487,-0.091438032686710358,-0.064388751983642578,-0.031587816774845123,0.0040347655303776264,0.039296932518482208,0.071048818528652191,0.27139392495155334,0.041600938886404037,-0.3502802848815918,0.26877745985984802,-0.065898612141609192,-0.52452880144119263,-0.02415974996984005,-0.16989746689796448,-0.11925985664129257,0.042575113475322723,0.038406006991863251,0.18456816673278809,0.099946103990077972,0.051238801330327988,-0.044577218592166901,-0.0051210811361670494,0.020171284675598145,-0.99978339672088623,0,0,0,1,0,-0.045091789215803146,-0.075941391289234161,-0.10000737756490707,-0.11514000594615936,-0.11998751759529114,-0.11411689966917038,-0.098052561283111572,-0.073229476809501648,-0.041865020990371704,-0.006760891992598772,0.028947168961167336,0.062069468200206757,0.27299454808235168,0.074762821197509766,-0.32986471056938171,0.20258216559886932,-0.052409853786230087,-0.5451430082321167,-0.037651360034942627,-0.26016548275947571,-0.14707839488983154,0.057611845433712006,0.033082801848649979,0.20431262254714966,0.27370688319206238,0.0099960248917341232,-0.36861053109169006,0.29909873008728027,-0.028311628848314285,-0.59135746955871582,0.0020926673896610737,-0.051211994141340256,-0.094458393752574921,0.050405330955982208,0.067324236035346985,0.1677442193031311,0.27370688319206238,0.0099960248917341232,-0.36861053109169006,0.29909873008728027,-0.028311628848314285,-0.59135746955871582,0.0020926673896610737,-0.051211994141340256,-0.094458393752574921,0.050405330955982208,0.067324236035346985,0.1677442193031311,1.1368534415960312,0.0099960248917341232,-1.2948884248733521,-0.85045063495635986,-0.028311628848314285,0.52691402435302725,1.0010463336948305,-0.051211994141340256,-1.07556671500206,-0.9747973345220089,0.067324236035346985,1.1341953754425049
0.085104029908937423,0.0017962301903008519,-0.083163015281558395,-0.0098310703073258773,0.024176166309153303,-0.99965937350639811,0.91862379854869958,-0.10380431502582317,-1.116959898294416,-1.1196678021843276,-0.11168613770589027,0.90627211682443942,0.93260280401366014,-0.0350461180054399,-0.99956447467925735,-0.96412173553287317,0.068116105103147362,1.0942693369371761,3,0.055,0.055,0.055,0.055,0.085104033350944519,0.0017962302081286907,-0.08316301554441452,-0.0098310699686408043,0.024176165461540222,-0.99965935945510864,0,0,0,1,0,-0.081376202404499054,-0.10380431264638901,-0.11695989966392517,-0.11966780573129654,-0.11168614029884338,-0.09372788667678833,-0.06739719957113266,-0.03504611924290657,0.00043552531860768795,0.035878263413906097,0.06811610609292984,0.094269335269927979,0.27370688319206238,0.0099960248917341232,-0.36861053109169006,0.29909873008728027,-0.028311628848314285,-0.59135746955871582,0.0020926673896610737,-0.051211994141340256,-0.094458393752574921,0.050405330955982208,0.067324236035346985,0.1677442193031311,0.091193005442619324,0.014742395840585232,-0.075262308120727539,-0.0086643332615494728,0.023259807378053665,-0.99969190359115601,0,0,0,1,0,-0.073120236396789551,-0.097973033785820007,-0.11407419294118881,-0.11998544633388519,-0.11517875641584396,-0.10008348524570465,-0.07604806125164032,-0.045219488441944122,-0.010351592674851418,0.02544097974896431,0.058960985392332077,0.087214179337024689,0.27275747060775757,0.025408819317817688,-0.36474093794822693,0.29545325040817261,-0.035172566771507263,-0.57514506578445435,-0.009481402114033699,-0.079561449587345123,-0.10257600247859955,0.048699799925088882,0.061024192720651627,0.17314952611923218,0.095742993056774139,0.027439765632152557,-0.066091455519199371,-0.0074897157028317451,0.022285232320427895,-0.99972361326217651,0,0,0,1,0,-0.064272403717041016,-0.091348715126514435,-0.11026511341333389,-0.11933186650276184,-0.11773905158042908,-0.10562896728515625,-0.084083355963230133,-0.055026825517416,-0.021054917946457863,0.014797763898968697,0.049328606575727463,0.079453073441982269,0.27094775438308716,0.036891806870698929,-0.35948526859283447,0.28336551785469055,-0.047880858182907104,-0.55152928829193115,-0.017278131097555161,-0.11741601675748825,-0.1072978600859642,0.04598887637257576,0.05235445499420166,0.17848466336727142,0.098677195608615875,0.039674058556556702,-0.055805228650569916,-0.0063082766719162464,0.021254867315292358,-0.99975419044494629,0,0,0,1,0,-0.054904308170080185,-0.083984963595867157,-0.10556349158287048,-0.1177123486995697,-0.11934631317853928,-0.11031942069530487,-0.091438032686710358,-0.064388751983642578,-0.031587816774845123,0.0040347655303776264,0.039296932518482208,0.071048818528652191,0.27139392495155334,0.041600938886404037,-0.3502802848815918,0.26877745985984802,-0.065898612141609192,-0.52452880144119263,-0.02415974996984005,-0.16989746689796448,-0.11925985664129257,0.042575113475322723,0.038406006991863251,0.18456816673278809,0.27826803922653198,0.0053274496458470821,-0.36815184354782104,0.29916960000991821,-0.022636497393250465,-0.60454577207565308,0.015401645563542843,-0.027765790000557899,-0.090958051383495331,0.057158377021551132,0.077837847173213959,0.16655208170413971,0.27826803922653198,0.0053274496458470821,-0.36815184354782104,0.29916960000991821,-0.022636497393250465,-0.60454577207565308,0.015401645563542843,-0.027765790000557899,-0.090958051383495331,0.057158377021551132,0.077837847173213959,0.16655208170413971,1.139134019613266,0.0053274496458470821,-1.2945214748382567,-0.85041519999504089,-0.022636497393250465,0.51636338233947754,1.0077008227817714,-0.027765790000557899,-1.0727664411067963,-0.97142081148922443,0.077837847173213959,1.1332416653633117
0.077578819301125881,-0.011180249398421402,-0.089660248361421807,-0.010988878198527802,0.025032024360932204,-0.9996262513121249,0.91102653745251272,-0.10879534584167974,-1.1188988649117055,-1.1183815024898573,-0.10728947302044334,0.91338640553888384,0.94179921853437965,-0.02458906599834847,-0.98878088249785967,-0.95397486935048703,0.076719855950366025,1.1005614250101767,3,0.055,0.055,0.055,0.055,0.077578820288181305,-0.01118024904280901,-0.089660249650478363,-0.010988878086209297,0.025032024830579758,-0.9996262788772583,0,0,0,1,0,-0.088973462581634521,-0.10879534482955933,-0.11889886856079102,-0.11838150024414062,-0.10728947073221207,-0.086613595485687256,-0.058200780302286148,-0.024589065462350845,0.011219117790460587,0.046025130897760391,0.076719857752323151,0.10056142508983612,0.27826803922653198,0.0053274496458470821,-0.36815184354782104,0.29916960000991821,-0.022636497393250465,-0.60454577207565308,0.015401645563542843,-0.027765790000557899,-0.090958051383495331,0.057158377021551132,0.077837847173213959,0.16655208170413971,0.085104033350944519,0.0017962302081286907,-0.08316301554441452,-0.0098310699686408043,0.024176165461540222,-0.99965935945510864,0,0,0,1,0,-0.081376202404499054,-0.10380431264638901,-0.11695989966392517,-0.11966780573129654,-0.11168614029884338,-0.09372788667678833,-0.06739719957113266,-0.03504611924290657,0.00043552531860768795,0.035878263413906097,0.06811610609292984,0.094269335269927979,0.27370688319206238,0.0099960248917341232,-0.36861053109169006,0.29909873008728027,-0.028311628848314285,-0.59135746955871582,0.0020926673896610737,-0.051211994141340256,-0.094458393752574921,0.050405330955982208,0.067324236035346985,0.1677442193031311,0.091193005442619324,0.014742395840585232,-0.075262308120727539,-0.0086643332615494728,0.023259807378053665,-0.99969190359115601,0,0,0,1,0,-0.073120236396789551,-0.097973033785820007,-0.11407419294118881,-0.11998544633388519,-0.11517875641584396,-0.10008348524570465,-0.07604806125164032,-0.045219488441944122,-0.010351592674851418,0.02544097974896431,0.058960985392332077,0.087214179337024689,0.27275747060775757,0.025408819317817688,-0.36474093794822693,0.29545325040817261,-0.035172566771507263,-0.57514506578445435,-0.009481402114033699,-0.079561449587345123,-0.10257600247859955,0.048699799925088882,0.061024192720651627,0.17314952611923218,0.095742993056774139,0.027439765632152557,-0.066091455519199371,-0.0074897157028317451,0.022285232320427895,-0.99972361326217651,0,0,0,1,0,-0.064272403717041016,-0.091348715126514435,-0.11026511341333389,-0.11933186650276184,-0.11773905158042908,-0.10562896728515625,-0.084083355963230133,-0.055026825517416,-0.021054917946457863,0.014797763898968697,0.049328606575727463,0.079453073441982269,0.27094775438308716,0.036891806870698929,-0.35948526859283447,0.28336551785469055,-0.047880858182907104,-0.55152928829193115,-0.017278131097555161,-0.11741601675748825,-0.1072978600859642,0.04598887637257576,0.05235445499420166,0.17848466336727142,0.27823877334594727,-0.0019278648542240262,-0.36627131700515747,0.29743233323097229,-0.017871523275971413,-0.61709868907928467,0.024328801780939102,-0.012107850983738899,-0.087755568325519562,0.062751010060310364,0.085153914988040924,0.16612334549427032,0.27823877334594727,-0.0019278648542240262,-0.36627131700515747,0.29743233323097229,-0.017871523275971413,-0.61709868907928467,0.024328801780939102,-0.012107850983738899,-0.087755568325519562,0.062751010060310364,0.085153914988040924,0.16612334549427032,1.1391193866729736,-0.0019278648542240262,-1.2930170536041259,-0.85128383338451385,-0.017871523275971413,0.50632104873657224,1.0121644008904696,-0.012107850983738899,-1.0702044546604157,-0.96862449496984482,0.085153914988040924,1.1328986763954163
0.068744372047825922,-0.023968048721705715,-0.094644356030821011,-0.012136716367451214,0.025825252067570491,-0.99959279532790868,0.90414947507187993,-0.11290572903418894,-1.119875400627258,-1.1161369597013513,-0.10202435005036406,0.92120179093647814,0.95146674125810304,-0.013932976961095014,-0.97808810384426392,-0.94420055515189361,0.084702595316959728,1.1060395152117561,3,0.055,0.055,0.055,0.055,0.068744368851184845,-0.023968048393726349,-0.094644352793693542,-0.012136716395616531,0.025825252756476402,-0.99959278106689453,0,0,0,1,0,-0.095850527286529541,-0.11290572583675385,-0.11987540125846863,-0.11613696068525314,-0.10202434659004211,-0.078798212110996246,-0.048533257097005844,-0.013932976871728897,0.021911896765232086,0.055799443274736404,0.084702596068382263,0.10603951662778854,0.27823877334594727,-0.0019278648542240262,-0.36627131700515747,0.29743233323097229,-0.017871523275971413,-0.61709868907928467,0.024328801780939102,-0.012107850983738899,-0.087755568325519562,0.062751010060310364,0.085153914988040924,0.16612334549427032,0.077578820288181305,-0.01118024904280901,-0.089660249650478363,-0.010988878086209297,0.025032024830579758,-0.9996262788772583,0,0,0,1,0,-0.088973462581634521,-0.10879534482955933,-0.11889886856079102,-0.11838150024414062,-0.10728947073221207,-0.086613595485687256,-0.058200780302286148,-0.024589065462350845,0.011219117790460587,0.046025130897760391,0.076719857752323151,0.10056142508983612,0.27826803922653198,0.0053274496458470821,-0.36815184354782104,0.29916960000991821,-0.022636497393250465,-0.60454577207565308,0.015401645563542843,-0.027765790000557899,-0.090958051383495331,0.057158377021551132,0.077837847173213959,0.16655208170413971,0.085104033350944519,0.0017962302081286907,-0.08316301554441452,-0.0098310699686408043,0.024176165461540222,-0.99965935945510864,0,0,0,1,0,-0.081376202404499054,-0.10380431264638901,-0.11695989966392517,-0.11966780573129654,-0.11168614029884338,-0.09372788667678833,-0.06739719957113266,-0.03504611924290657,0.00043552531860768795,0.035878263413906097,0.06811610609292984,0.094269335269927979,0.27370688319206238,0.0099960248917341232,-0.36861053109169006,0.29909873008728027,-0.028311628848314285,-0.59135746955871582,0.0020926673896610737,-0.051211994141340256,-0.094458393752574921,0.050405330955982208,0.067324236035346985,0.1677442193031311,0.091193005442619324,0.014742395840585232,-0.075262308120727539,-0.0086643332615494728,0.023259807378053665,-0.99969190359115601,0,0,0,1,0,-0.073120236396789551,-0.097973033785820007,-0.11407419294118881,-0.11998544633388519,-0.11517875641584396,-0.10008348524570465,-0.07604806125164032,-0.045219488441944122,-0.010351592674851418,0.02544097974896431,0.058960985392332077,0.087214179337024689,0.27275747060775757,0.025408819317817688,-0.36474093794822693,0.29545325040817261,-0.035172566771507263,-0.57514506578445435,-0.009481402114033699,-0.079561449587345123,-0.10257600247859955,0.048699799925088882,0.061024192720651627,0.17314952611923218,0.27742630243301392,-0.0084830112755298615,-0.36438596248626709,0.29558682441711426,-0.01302656251937151,-0.62870395183563232,0.032131075859069824,0.0012597452150657773,-0.085395693778991699,0.067949123680591583,0.092111378908157349,0.16609631478786469,0.27742630243301392,-0.0084830112755298615,-0.36438596248626709,0.29558682441711426,-0.01302656251937151,-0.62870395183563232,0.032131075859069824,0.0012597452150657773,-0.085395693778991699,0.067949123680591583,0.092111378908157349,0.16609631478786469,1.138713151216507,-0.0084830112755298615,-1.2915087699890138,-0.85220658779144287,-0.01302656251937151,0.49703683853149416,1.0160655379295349,0.0012597452150657773,-1.0683165550231934,-0.96602543815970421,0.092111378908157349,1.1328770518302917
0.058749780158826682,-0.036351358159863914,-0.098031225429253008,-0.01327355469711009,0.026553876860759176,-0.99955925505663057,0.89804827802189635,-0.11610219296694453,-1.1198816008395451,-1.1129523423466723,-0.095933387512421614,0.92965501111458604,0.96152711809367919,-0.003164106968442991,-0.96757269177857963,-0.93487791145546584,0.091999706647903953,1.1106592649546543,3,0.055,0.055,0.055,0.055,0.058749780058860779,-0.036351356655359268,-0.098031222820281982,-0.013273554854094982,0.02655387669801712,-0.99955928325653076,0,0,0,1,0,-0.1019517183303833,-0.1161021962761879,-0.11988160014152527,-0.1129523441195488,-0.095933385193347931,-0.070344991981983185,-0.038472883403301239,-0.0031641069799661636,0.032427307218313217,0.065122090280056,0.091999709606170654,0.11065926402807236,0.27742630243301392,-0.0084830112755298615,-0.36438596248626709,0.29558682441711426,-0.01302656251937151,-0.62870395183563232,0.032131075859069824,0.0012597452150657773,-0.085395693778991699,0.067949123680591583,0.092111378908157349,0.16609631478786469,0.068744368851184845,-0.023968048393726349,-0.094644352793693542,-0.012136716395616531,0.025825252756476402,-0.99959278106689453,0,0,0,1,0,-0.095850527286529541,-0.11290572583675385,-0.11987540125846863,-0.11613696068525314,-0.10202434659004211,-0.078798212110996246,-0.048533257097005844,-0.013932976871728897,0.021911896765232086,0.055799443274736404,0.084702596068382263,0.10603951662778854,0.27823877334594727,-0.0019278648542240262,-0.36627131700515747,0.29743233323097229,-0.017871523275971413,-0.61709868907928467,0.024328801780939102,-0.012107850983738899,-0.087755568325519562,0.062751010060310364,0.085153914988040924,0.16612334549427032,0.077578820288181305,-0.01118024904280901,-0.089660249650478363,-0.010988878086209297,0.025032024830579758,-0.9996262788772583,0,0,0,1,0,-0.088973462581634521,-0.10879534482955933,-0.11889886856079102,-0.11838150024414062,-0.10728947073221207,-0.086613595485687256,-0.058200780302286148,-0.024589065462350845,0.011219117790460587,0.046025130897760391,0.076719857752323151,0.10056142508983612,0.27826803922653198,0.0053274496458470821,-0.36815184354782104,0.29916960000991821,-0.022636497393250465,-0.60454577207565308,0.015401645563542843,-0.027765790000557899,-0.090958051383495331,0.057158377021551132,0.077837847173213959,0.16655208170413971,0.085104033350944519,0.0017962302081286907,-0.08316301554441452,-0.0098310699686408043,0.024176165461540222,-0.99965935945510864,0,0,0,1,0,-0.081376202404499054,-0.10380431264638901,-0.11695989966392517,-0.11966780573129654,-0.11168614029884338,-0.09372788667678833,-0.06739719957113266,-0.03504611924290657,0.00043552531860768795,0.035878263413906097,0.06811610609292984,0.094269335269927979,0.27370688319206238,0.0099960248917341232,-0.36861053109169006,0.29909873008728027,-0.028311628848314285,-0.59135746955871582,0.0020926673896610737,-0.051211994141340256,-0.094458393752574921,0.050405330955982208,0.067324236035346985,0.1677442193031311,0.27603325247764587,-0.014949498698115349,-0.36307591199874878,0.29404851794242859,-0.0091347880661487579,-0.63974493741989136,0.037857614457607269,0.012346177361905575,-0.083465978503227234,0.072842389345169067,0.099040374159812927,0.16619917750358582,0.27603325247764587,-0.014949498698115349,-0.36307591199874878,0.29404851794242859,-0.0091347880661487579,-0.63974493741989136,0.037857614457607269,0.012346177361905575,-0.083465978503227234,0.072842389345169067,0.099040374159812927,0.16619917750358582,1.1380166262388229,-0.014949498698115349,-1.2904607295989989,-0.85297574102878571,-0.0091347880661487579,0.48820405006408685,1.0189288072288036,0.012346177361905575,-1.0667727828025817,-0.96357880532741547,0.099040374159812927,1.1329593420028687
0.047763714491401266,-0.04812119435049312,-0.09976369902880193,-0.014398374086772142,0.027216088377277906,-0.99952587328047571,0.89277233264937739,-0.11835886375403976,-1.118917415360738,-1.1088534284191978,-0.089065888909826016,0.93867764119526909,0.97189891497900127,0.0076303749955688276,-0.95731976366104421,-0.9260824007173506,0.098552123227603622,1.1143832795176165,3,0.055,0.055,0.055,0.055,0.047763712704181671,-0.048121195286512375,-0.099763698875904083,-0.014398373663425446,0.027216088026762009,-0.99952584505081177,0,0,0,1,0,-0.10722766816616058,-0.11835886538028717,-0.11891741305589676,-0.10885342955589294,-0.089065887033939362,-0.061322357505559921,-0.028101084753870964,0.0076303752139210701,0.04268023744225502,0.073917597532272339,0.098552122712135315,0.1143832802772522,0.27603325247764587,-0.014949498698115349,-0.36307591199874878,0.29404851794242859,-0.0091347880661487579,-0.63974493741989136,0.037857614457607269,0.012346177361905575,-0.083465978503227234,0.072842389345169067,0.099040374159812927,0.16619917750358582,0.058749780058860779,-0.036351356655359268,-0.098031222820281982,-0.013273554854094982,0.02655387669801712,-0.99955928325653076,0,0,0,1,0,-0.1019517183303833,-0.1161021962761879,-0.11988160014152527,-0.1129523441195488,-0.095933385193347931,-0.070344991981983185,-0.038472883403301239,-0.0031641069799661636,0.032427307218313217,0.065122090280056,0.091999709606170654,0.11065926402807236,0.27742630243301392,-0.0084830112755298615,-0.36438596248626709,0.29558682441711426,-0.01302656251937151,-0.62870395183563232,0.032131075859069824,0.0012597452150657773,-0.085395693778991699,0.067949123680591583,0.092111378908157349,0.16609631478786469,0.068744368851184845,-0.023968048393726349,-0.094644352793693542,-0.012136716395616531,0.025825252756476402,-0.99959278106689453,0,0,0,1,0,-0.095850527286529541,-0.11290572583675385,-0.11987540125846863,-0.11613696068525314,-0.10202434659004211,-0.078798212110996246,-0.048533257097005844,-0.013932976871728897,0.021911896765232086,0.055799443274736404,0.084702596068382263,0.10603951662778854,0.27823877334594727,-0.0019278648542240262,-0.36627131700515747,0.29743233323097229,-0.017871523275971413,-0.61709868907928467,0.024328801780939102,-0.012107850983738899,-0.087755568325519562,0.062751010060310364,0.085153914988040924,0.16612334549427032,0.077578820288181305,-0.01118024904280901,-0.089660249650478363,-0.010988878086209297,0.025032024830579758,-0.9996262788772583,0,0,0,1,0,-0.088973462581634521,-0.10879534482955933,-0.11889886856079102,-0.11838150024414062,-0.10728947073221207,-0.086613595485687256,-0.058200780302286148,-0.024589065462350845,0.011219117790460587,0.046025130897760391,0.076719857752323151,0.10056142508983612,0.27826803922653198,0.0053274496458470821,-0.36815184354782104,0.29916960000991821,-0.022636497393250465,-0.60454577207565308,0.015401645563542843,-0.027765790000557899,-0.090958051383495331,0.057158377021551132,0.077837847173213959,0.16655208170413971,0.2736625075340271,-0.020779004320502281,-0.36218518018722534,0.29337060451507568,-0.0051457625813782215,-0.65079689025878906,0.041775047779083252,0.021832216531038284,-0.082072518765926361,0.078207820653915405,0.10554368048906326,0.16652616858482361,0.2736625075340271,-0.020779004320502281,-0.36218518018722534,0.29337060451507568,-0.0051457625813782215,-0.65079689025878906,0.041775047779083252,0.021832216531038284,-0.082072518765926361,0.078207820653915405,0.10554368048906326,0.16652616858482361,1.1368312537670135,-0.020779004320502281,-1.2897481441497802,-0.85331469774246216,-0.0051457625813782215,0.47936248779296875,1.0208875238895416,0.021832216531038284,-1.065658015012741,-0.9608960896730423,0.10554368048906326,1.1332209348678588
0.035971578225066081,-0.059078927036120416,-0.099812539236728962,-0.015510167272517797,0.027810242746969673,-0.99949288397143332,0.88836434527339647,-0.1196574746971158,-1.1169906488229537,-1.1038733967169789,-0.081477443443346162,0.94819664719278618,0.98249817705178843,0.018363092629929304,-0.94741231216665855,-0.91788521849805405,0.1043068062974294,1.1171814147382357,3,0.055,0.055,0.055,0.055,0.03597157821059227,-0.059078928083181381,-0.099812537431716919,-0.015510166995227337,0.027810242027044296,-0.99949288368225098,0,0,0,1,0,-0.11163565516471863,-0.11965747177600861,-0.11699064821004868,-0.10387339442968369,-0.081477440893650055,-0.051803354173898697,-0.017501823604106903,0.018363092094659805,0.052587687969207764,0.082114778459072113,0.10430680960416794,0.11718141287565231,0.2736625075340271,-0.020779004320502281,-0.36218518018722534,0.29337060451507568,-0.0051457625813782215,-0.65079689025878906,0.041775047779083252,0.021832216531038284,-0.082072518765926361,0.078207820653915405,0.10554368048906326,0.16652616858482361,0.047763712704181671,-0.048121195286512375,-0.099763698875904083,-0.014398373663425446,0.027216088026762009,-0.99952584505081177,0,0,0,1,0,-0.10722766816616058,-0.11835886538028717,-0.11891741305589676,-0.10885342955589294,-0.089065887033939362,-0.061322357505559921,-0.028101084753870964,0.0076303752139210701,0.04268023744225502,0.073917597532272339,0.098552122712135315,0.1143832802772522,0.27603325247764587,-0.014949498698115349,-0.36307591199874878,0.29404851794242859,-0.0091347880661487579,-0.63974493741989136,0.037857614457607269,0.012346177361905575,-0.083465978503227234,0.072842389345169067,0.099040374159812927,0.16619917750358582,0.058749780058860779,-0.036351356655359268,-0.098031222820281982,-0.013273554854094982,0.02655387669801712,-0.99955928325653076,0,0,0,1,0,-0.1019517183303833,-0.1161021962761879,-0.11988160014152527,-0.1129523441195488,-0.095933385193347931,-0.070344991981983185,-0.038472883403301239,-0.0031641069799661636,0.032427307218313217,0.065122090280056,0.091999709606170654,0.11065926402807236,0.27742630243301392,-0.0084830112755298615,-0.36438596248626709,0.29558682441711426,-0.01302656251937151,-0.62870395183563232,0.032131075859069824,0.0012597452150657773,-0.085395693778991699,0.067949123680591583,0.092111378908157349,0.16609631478786469,0.068744368851184845,-0.023968048393726349,-0.094644352793693542,-0.012136716395616531,0.025825252756476402,-0.99959278106689453,0,0,0,1,0,-0.095850527286529541,-0.11290572583675385,-0.11987540125846863,-0.11613696068525314,-0.10202434659004211,-0.078798212110996246,-0.048533257097005844,-0.013932976871728897,0.021911896765232086,0.055799443274736404,0.084702596068382263,0.10603951662778854,0.27823877334594727,-0.0019278648542240262,-0.36627131700515747,0.29743233323097229,-0.017871523275971413,-0.61709868907928467,0.024328801780939102,-0.012107850983738899,-0.087755568325519562,0.062751010060310364,0.085153914988040924,0.16612334549427032,0.27041411399841309,-0.026838509365916252,-0.36173340678215027,0.29346999526023865,-0.0011996079701930285,-0.66153943538665771,0.044417645782232285,0.02974630706012249,-0.081166408956050873,0.082923464477062225,0.11141393333673477,0.16696853935718536,0.27041411399841309,-0.026838509365916252,-0.36173340678215027,0.29346999526023865,-0.0011996079701930285,-0.66153943538665771,0.044417645782232285,0.02974630706012249,-0.081166408956050873,0.082923464477062225,0.11141393333673477,0.16696853935718536,1.1352070569992065,-0.026838509365916252,-1.2893867254257203,-0.85326500236988068,-0.0011996079701930285,0.47076845169067383,1.0222088228911161,0.02974630706012249,-1.0649331271648408,-0.95853826776146889,0.11141393333673477,1.1335748314857483
0.023572377958110888,-0.06903963119065358,-0.0981769218153032,-0.016607939622440938,0.028334866460627481,-0.99946051031751915,0.88485999649753433,-0.1199875141457723,-1.1141168975033966,-1.0980525582758307,-0.073229476042635577,0.95813497718967255,0.99323910822507222,0.028947169587092179,-0.93793053349815991,-0.91035271716755761,0.10921717437975138,1.1190310210158991,3,0.055,0.055,0.055,0.055,0.023572377860546112,-0.069039627909660339,-0.098176918923854828,-0.016607940196990967,0.028334867209196091,-0.99946051836013794,0,0,0,1,0,-0.11514000594615936,-0.11998751759529114,-0.11411689966917038,-0.098052561283111572,-0.073229476809501648,-0.041865020990371704,-0.006760891992598772,0.028947168961167336,0.062069468200206757,0.089647285640239716,0.10921717435121536,0.11903101950883865,0.27041411399841309,-0.026838509365916252,-0.36173340678215027,0.29346999526023865,-0.0011996079701930285,-0.66153943538665771,0.044417645782232285,0.02974630706012249,-0.081166408956050873,0.082923464477062225,0.11141393333673477,0.16696853935718536,0.03597157821059227,-0.059078928083181381,-0.099812537431716919,-0.015510166995227337,0.027810242027044296,-0.99949288368225098,0,0,0,1,0,-0.11163565516471863,-0.11965747177600861,-0.11699064821004868,-0.10387339442968369,-0.081477440893650055,-0.051803354173898697,-0.017501823604106903,0.018363092094659805,0.052587687969207764,0.082114778459072113,0.10430680960416794,0.11718141287565231,0.2736625075340271,-0.020779004320502281,-0.36218518018722534,0.29337060451507568,-0.0051457625813782215,-0.65079689025878906,0.041775047779083252,0.021832216531038284,-0.082072518765926361,0.078207820653915405,0.10554368048906326,0.16652616858482361,0.047763712704181671,-0.048121195286512375,-0.099763698875904083,-0.014398373663425446,0.027216088026762009,-0.99952584505081177,0,0,0,1,0,-0.10722766816616058,-0.11835886538028717,-0.11891741305589676,-0.10885342955589294,-0.089065887033939362,-0.061322357505559921,-0.028101084753870964,0.0076303752139210701,0.04268023744225502,0.073917597532272339,0.098552122712135315,0.1143832802772522,0.27603325247764587,-0.014949498698115349,-0.36307591199874878,0.29404851794242859,-0.0091347880661487579,-0.63974493741989136,0.037857614457607269,0.012346177361905575,-0.083465978503227234,0.072842389345169067,0.099040374159812927,0.16619917750358582,0.058749780058860779,-0.036351356655359268,-0.098031222820281982,-0.013273554854094982,0.02655387669801712,-0.99955928325653076,0,0,0,1,0,-0.1019517183303833,-0.1161021962761879,-0.11988160014152527,-0.1129523441195488,-0.095933385193347931,-0.070344991981983185,-0.038472883403301239,-0.0031641069799661636,0.032427307218313217,0.065122090280056,0.091999709606170654,0.11065926402807236,0.27742630243301392,-0.0084830112755298615,-0.36438596248626709,0.29558682441711426,-0.01302656251937151,-0.62870395183563232,0.032131075859069824,0.0012597452150657773,-0.085395693778991699,0.067949123680591583,0.092111378908157349,0.16609631478786469,0.2667212188243866,-0.032631848007440567,-0.36180141568183899,0.29437723755836487,0.003004356985911727,-0.67208939790725708,0.046078309416770935,0.036699283868074417,-0.080634303390979767,0.087115451693534851,0.11669569462537766,0.16743728518486023,0.2667212188243866,-0.032631848007440567,-0.36180141568183899,0.29437723755836487,0.003004356985911727,-0.67208939790725708,0.046078309416770935,0.036699283868074417,-0.080634303390979767,0.087115451693534851,0.11669569462537766,0.16743728518486023,1.1333606094121933,-0.032631848007440567,-1.2894411325454711,-0.85281138122081757,0.003004356985911727,0.46232848167419427,1.0230391547083855,0.036699283868074417,-1.0645074427127839,-0.95644227415323257,0.11669569462537766,1.1339498281478881
0.010775365229944231,-0.077835207853429844,-0.094884449791812403,-0.017690709907865487,0.028788659813337385,-0.99942896288285921,0.88228765239202112,-0.1193463105844787,-1.1103194230797611,-1.0914380300702839,-0.064388750160052383,0.96841218503610371,1.0040347656665363,0.039296932696522964,-0.92895117823513318,-0.90354586881380561,0.1132434803332925,1.1199171266497501,3,0.055,0.055,0.055,0.055,0.010775364935398102,-0.077835209667682648,-0.094884447753429413,-0.017690710723400116,0.02878865972161293,-0.99942898750305176,0,0,0,1,0,-0.1177123486995697,-0.11934631317853928,-0.11031942069530487,-0.091438032686710358,-0.064388751983642578,-0.031587816774845123,0.0040347655303776264,0.039296932518482208,0.071048818528652191,0.096454128623008728,0.11324348300695419,0.1199171245098114,0.2667212188243866,-0.032631848007440567,-0.36180141568183899,0.29437723755836487,0.003004356985911727,-0.67208939790725708,0.046078309416770935,0.036699283868074417,-0.080634303390979767,0.087115451693534851,0.11669569462537766,0.16743728518486023,0.023572377860546112,-0.069039627909660339,-0.098176918923854828,-0.016607940196990967,0.028334867209196091,-0.99946051836013794,0,0,0,1,0,-0.11514000594615936,-0.11998751759529114,-0.11411689966917038,-0.098052561283111572,-0.073229476809501648,-0.041865020990371704,-0.006760891992598772,0.028947168961167336,0.062069468200206757,0.089647285640239716,0.10921717435121536,0.11903101950883865,0.27041411399841309,-0.026838509365916252,-0.36173340678215027,0.29346999526023865,-0.0011996079701930285,-0.66153943538665771,0.044417645782232285,0.02974630706012249,-0.081166408956050873,0.082923464477062225,0.11141393333673477,0.16696853935718536,0.03597157821059227,-0.059078928083181381,-0.099812537431716919,-0.015510166995227337,0.027810242027044296,-0.99949288368225098,0,0,0,1,0,-0.11163565516471863,-0.11965747177600861,-0.11699064821004868,-0.10387339442968369,-0.081477440893650055,-0.051803354173898697,-0.017501823604106903,0.018363092094659805,0.052587687969207764,0.082114778459072113,0.10430680960416794,0.11718141287565231,0.2736625075340271,-0.020779004320502281,-0.36218518018722534,0.29337060451507568,-0.0051457625813782215,-0.65079689025878906,0.041775047779083252,0.021832216531038284,-0.082072518765926361,0.078207820653915405,0.10554368048906326,0.16652616858482361,0.047763712704181671,-0.048121195286512375,-0.099763698875904083,-0.014398373663425446,0.027216088026762009,-0.99952584505081177,0,0,0,1,0,-0.10722766816616058,-0.11835886538028717,-0.11891741305589676,-0.10885342955589294,-0.089065887033939362,-0.061322357505559921,-0.028101084753870964,0.0076303752139210701,0.04268023744225502,0.073917597532272339,0.098552122712135315,0.1143832802772522,0.27603325247764587,-0.014949498698115349,-0.36307591199874878,0.29404851794242859,-0.0091347880661487579,-0.63974493741989136,0.037857614457607269,0.012346177361905575,-0.083465978503227234,0.072842389345169067,0.099040374159812927,0.16619917750358582,0.26267826557159424,-0.038043197244405746,-0.36236965656280518,0.29608938097953796,0.0075557813979685307,-0.68254166841506958,0.046974610537290573,0.042896416038274765,-0.080559603869915009,0.090847395360469818,0.12143579870462418,0.16788041591644287,0.26267826557159424,-0.038043197244405746,-0.36236965656280518,0.29608938097953796,0.0075557813979685307,-0.68254166841506958,0.046974610537290573,0.042896416038274765,-0.080559603869915009,0.090847395360469818,0.12143579870462418,0.16788041591644287,1.1313391327857971,-0.038043197244405746,-1.2898957252502441,-0.85195530951023102,0.0075557813979685307,0.45396666526794427,1.0234873052686453,0.042896416038274765,-1.064447683095932,-0.95457630231976509,0.12143579870462418,1.1343043327331543
-0.0022034948523667439,-0.085317221003008273,-0.089990687624007359,-0.018757511052156763,0.029170499919766085,-0.99939843791831051,0.88066813488361662,-0.11773905425724741,-1.1056289643377926,-1.0840833536236338,-0.055026827351625708,0.97894508152398796,1.0147977635602272,0.049328605449088715,-0.92054693007383792,-0.89751977170206687,0.116353133087714,1.119832559027629,3,0.055,0.055,0.055,0.055,-0.0022034947760403156,-0.085317224264144897,-0.089990690350532532,-0.018757510930299759,0.029170500114560127,-0.99939841032028198,0,0,0,1,0,-0.11933186650276184,-0.11773905158042908,-0.10562896728515625,-0.084083355963230133,-0.055026825517416,-0.021054917946457863,0.014797763898968697,0.049328606575727463,0.079453073441982269,0.10248022526502609,0.11635313183069229,0.11983256042003632,0.26267826557159424,-0.038043197244405746,-0.36236965656280518,0.29608938097953796,0.0075557813979685307,-0.68254166841506958,0.046974610537290573,0.042896416038274765,-0.080559603869915009,0.090847395360469818,0.12143579870462418,0.16788041591644287,0.010775364935398102,-0.077835209667682648,-0.094884447753429413,-0.017690710723400116,0.02878865972161293,-0.99942898750305176,0,0,0,1,0,-0.1177123486995697,-0.11934631317853928,-0.11031942069530487,-0.091438032686710358,-0.064388751983642578,-0.031587816774845123,0.0040347655303776264,0.039296932518482208,0.071048818528652191,0.096454128623008728,0.11324348300695419,0.1199171245098114,0.2667212188243866,-0.032631848007440567,-0.36180141568183899,0.29437723755836487,0.003004356985911727,-0.67208939790725708,0.046078309416770935,0.036699283868074417,-0.080634303390979767,0.087115451693534851,0.11669569462537766,0.16743728518486023,0.023572377860546112,-0.069039627909660339,-0.098176918923854828,-0.016607940196990967,0.028334867209196091,-0.99946051836013794,0,0,0,1,0,-0.11514000594615936,-0.11998751759529114,-0.11411689966917038,-0.098052561283111572,-0.073229476809501648,-0.041865020990371704,-0.006760891992598772,0.028947168961167336,0.062069468200206757,0.089647285640239716,0.10921717435121536,0.11903101950883865,0.27041411399841309,-0.026838509365916252,-0.36173340678215027,0.29346999526023865,-0.0011996079701930285,-0.66153943538665771,0.044417645782232285,0.02974630706012249,-0.081166408956050873,0.082923464477062225,0.11141393333673477,0.16696853935718536,0.03597157821059227,-0.059078928083181381,-0.099812537431716919,-0.015510166995227337,0.027810242027044296,-0.99949288368225098,0,0,0,1,0,-0.11163565516471863,-0.11965747177600861,-0.11699064821004868,-0.10387339442968369,-0.081477440893650055,-0.051803354173898697,-0.017501823604106903,0.018363092094659805,0.052587687969207764,0.082114778459072113,0.10430680960416794,0.11718141287565231,0.2736625075340271,-0.020779004320502281,-0.36218518018722534,0.29337060451507568,-0.0051457625813782215,-0.65079689025878906,0.041775047779083252,0.021832216531038284,-0.082072518765926361,0.078207820653915405,0.10554368048906326,0.16652616858482361,0.25828823447227478,-0.042928647249937057,-0.36348551511764526,0.29862567782402039,0.012513826601207256,-0.69288492202758789,0.047307953238487244,0.048500329256057739,-0.080887384712696075,0.094148136675357819,0.12557706236839294,0.16828881204128265,0.25828823447227478,-0.042928647249937057,-0.36348551511764526,0.29862567782402039,0.012513826601207256,-0.69288492202758789,0.047307953238487244,0.048500329256057739,-0.080887384712696075,0.094148136675357819,0.12557706236839294,0.16828881204128265,1.1291441172361374,-0.042928647249937057,-1.2907884120941162,-0.85068716108798981,0.012513826601207256,0.44569206237792969,1.0236539766192436,0.048500329256057739,-1.0647099077701569,-0.95292593166232109,0.12557706236839294,1.1346310496330261
-0.015145168287151518,-0.091359402595022121,-0.083578223482500977,-0.01980739085887176,0.029479443298723498,-0.99936911583766752,0.88001455321181754,-0.11517875515502732,-1.1000834883551407,-1.0760480616142598,-0.04521948801960899,0.98964840776483876,1.0254409804540112,0.058960986128857723,-0.91278581748655818,-0.8923232042801551,0.11852096145314163,1.1187780026850263,3,0.055,0.055,0.055,0.055,-0.015145168639719486,-0.091359399259090424,-0.083578221499919891,-0.019807390868663788,0.029479444026947021,-0.99936914443969727,0,0,0,1,0,-0.11998544633388519,-0.11517875641584396,-0.10008348524570465,-0.07604806125164032,-0.045219488441944122,-0.010351592674851418,0.02544097974896431,0.058960985392332077,0.087214179337024689,0.10767679661512375,0.11852096021175385,0.11877800524234772,0.25828823447227478,-0.042928647249937057,-0.36348551511764526,0.29862567782402039,0.012513826601207256,-0.69288492202758789,0.047307953238487244,0.048500329256057739,-0.080887384712696075,0.094148136675357819,0.12557706236839294,0.16828881204128265,-0.0022034947760403156,-0.085317224264144897,-0.089990690350532532,-0.018757510930299759,0.029170500114560127,-0.99939841032028198,0,0,0,1,0,-0.11933186650276184,-0.11773905158042908,-0.10562896728515625,-0.084083355963230133,-0.055026825517416,-0.021054917946457863,0.014797763898968697,0.049328606575727463,0.079453073441982269,0.10248022526502609,0.11635313183069229,0.11983256042003632,0.26267826557159424,-0.038043197244405746,-0.36236965656280518,0.29608938097953796,0.0075557813979685307,-0.68254166841506958,0.046974610537290573,0.042896416038274765,-0.080559603869915009,0.090847395360469818,0.12143579870462418,0.16788041591644287,0.010775364935398102,-0.077835209667682648,-0.094884447753429413,-0.017690710723400116,0.02878865972161293,-0.99942898750305176,0,0,0,1,0,-0.1177123486995697,-0.11934631317853928,-0.11031942069530487,-0.091438032686710358,-0.064388751983642578,-0.031587816774845123,0.0040347655303776264,0.039296932518482208,0.071048818528652191,0.096454128623008728,0.11324348300695419,0.1199171245098114,0.2667212188243866,-0.032631848007440567,-0.36180141568183899,0.29437723755836487,0.003004356985911727,-0.67208939790725708,0.046078309416770935,0.036699283868074417,-0.080634303390979767,0.087115451693534851,0.11669569462537766,0.16743728518486023,0.023572377860546112,-0.069039627909660339,-0.098176918923854828,-0.016607940196990967,0.028334867209196091,-0.99946051836013794,0,0,0,1,0,-0.11514000594615936,-0.11998751759529114,-0.11411689966917038,-0.098052561283111572,-0.073229476809501648,-0.041865020990371704,-0.006760891992598772,0.028947168961167336,0.062069468200206757,0.089647285640239716,0.10921717435121536,0.11903101950883865,0.27041411399841309,-0.026838509365916252,-0.36173340678215027,0.29346999526023865,-0.0011996079701930285,-0.66153943538665771,0.044417645782232285,0.02974630706012249,-0.081166408956050873,0.082923464477062225,0.11141393333673477,0.16696853935718536,0.25366991758346558,-0.047178946435451508,-0.36519724130630493,0.30198559165000916,0.017874997109174728,-0.70308005809783936,0.047329030930995941,0.053625494241714478,-0.081577837467193604,0.097048990428447723,0.12919029593467712,0.16863559186458588,0.25366991758346558,-0.047178946435451508,-0.36519724130630493,0.30198559165000916,0.017874997109174728,-0.70308005809783936,0.047329030930995941,0.053625494241714478,-0.081577837467193604,0.097048990428447723,0.12919029593467712,0.16863559186458588,1.1268349587917328,-0.047178946435451508,-1.2921577930450439,-0.84900720417499542,0.017874997109174728,0.43753595352172847,1.023664515465498,0.053625494241714478,-1.0652622699737548,-0.95147550478577614,0.12919029593467712,1.1349084734916688
-0.027831248642507307,-0.095859783488535549,-0.075755275475245298,-0.020839412721113438,0.02971472802507634,-0.99934115987276084,0.88033219781567229,-0.11168613770589018,-1.0937278831755606,-1.0673971959863398,-0.0350461180054399,1.0004355253207426,1.0358782644671269,0.068116105103147362,-0.90573066306282368,-0.88799823033962577,0.11972941786921723,1.1167619937640869,3,0.055,0.055,0.055,0.055,-0.027831248939037323,-0.09585978090763092,-0.075755275785923004,-0.02083941362798214,0.029714727774262428,-0.99934113025665283,0,0,0,1,0,-0.11966780573129654,-0.11168614029884338,-0.09372788667678833,-0.06739719957113266,-0.03504611924290657,0.00043552531860768795,0.035878263413906097,0.06811610609292984,0.094269335269927979,0.11200176924467087,0.1197294145822525,0.11676199734210968,0.25366991758346558,-0.047178946435451508,-0.36519724130630493,0.30198559165000916,0.017874997109174728,-0.70308005809783936,0.047329030930995941,0.053625494241714478,-0.081577837467193604,0.097048990428447723,0.12919029593467712,0.16863559186458588,-0.015145168639719486,-0.091359399259090424,-0.083578221499919891,-0.019807390868663788,0.029479444026947021,-0.99936914443969727,0,0,0,1,0,-0.11998544633388519,-0.11517875641584396,-0.10008348524570465,-0.07604806125164032,-0.045219488441944122,-0.010351592674851418,0.02544097974896431,0.058960985392332077,0.087214179337024689,0.10767679661512375,0.11852096021175385,0.11877800524234772,0.25828823447227478,-0.042928647249937057,-0.36348551511764526,0.29862567782402039,0.012513826601207256,-0.69288492202758789,0.047307953238487244,0.048500329256057739,-0.080887384712696075,0.094148136675357819,0.12557706236839294,0.16828881204128265,-0.0022034947760403156,-0.085317224264144897,-0.089990690350532532,-0.018757510930299759,0.029170500114560127,-0.99939841032028198,0,0,0,1,0,-0.11933186650276184,-0.11773905158042908,-0.10562896728515625,-0.084083355963230133,-0.055026825517416,-0.021054917946457863,0.014797763898968697,0.049328606575727463,0.079453073441982269,0.10248022526502609,0.11635313183069229,0.11983256042003632,0.26267826557159424,-0.038043197244405746,-0.36236965656280518,0.29608938097953796,0.0075557813979685307,-0.68254166841506958,0.046974610537290573,0.042896416038274765,-0.080559603869915009,0.090847395360469818,0.12143579870462418,0.16788041591644287,0.010775364935398102,-0.077835209667682648,-0.094884447753429413,-0.017690710723400116,0.02878865972161293,-0.99942898750305176,0,0,0,1,0,-0.1177123486995697,-0.11934631317853928,-0.11031942069530487,-0.091438032686710358,-0.064388751983642578,-0.031587816774845123,0.0040347655303776264,0.039296932518482208,0.071048818528652191,0.096454128623008728,0.11324348300695419,0.1199171245098114,0.2667212188243866,-0.032631848007440567,-0.36180141568183899,0.29437723755836487,0.003004356985911727,-0.67208939790725708,0.046078309416770935,0.036699283868074417,-0.080634303390979767,0.087115451693534851,0.11669569462537766,0.16743728518486023,0.24916547536849976,-0.050636090338230133,-0.36736395955085754,0.30612552165985107,0.023609519004821777,-0.71297705173492432,0.047120288014411926,0.05843697115778923,-0.082696817815303802,0.099719777703285217,0.13232310116291046,0.1688946932554245,0.24916547536849976,-0.050636090338230133,-0.36736395955085754,0.30612552165985107,0.023609519004821777,-0.71297705173492432,0.047120288014411926,0.05843697115778923,-0.082696817815303802,0.099719777703285217,0.13232310116291046,0.1688946932554245,1.1245827376842499,-0.050636090338230133,-1.2938911676406861,-0.84693723917007446,0.023609519004821777,0.42961835861206055,1.023560144007206,0.05843697115778923,-1.066157454252243,-0.95014011114835739,0.13232310116291046,1.1351157546043396
-0.040047642929671994,-0.098742414298941539,-0.066653865335738569,-0.021852656314030095,0.029875775447742801,-0.99931471491888724,0.88161849751014276,-0.10728947302044324,-1.0866135944611162,-1.0582007814656202,-0.02458906599834847,1.0112191175021403,1.0460251306495132,0.076719855950366025,-0.89943857498982327,-0.88457985852898569,0.11996872044442236,1.1138008509175172,3,0.055,0.055,0.055,0.055,-0.040047641843557358,-0.098742417991161346,-0.066653862595558167,-0.021852657198905945,0.029875775799155235,-0.99931472539901733,0,0,0,1,0,-0.11838150024414062,-0.10728947073221207,-0.086613595485687256,-0.058200780302286148,-0.024589065462350845,0.011219117790460587,0.046025130897760391,0.076719857752323151,0.10056142508983612,0.1154201403260231,0.1199687197804451,0.11380085349082947,0.24916547536849976,-0.050636090338230133,-0.36736395955085754,0.30612552165985107,0.023609519004821777,-0.71297705173492432,0.047120288014411926,0.05843697115778923,-0.082696817815303802,0.099719777703285217,0.13232310116291046,0.1688946932554245,-0.027831248939037323,-0.09585978090763092,-0.075755275785923004,-0.02083941362798214,0.029714727774262428,-0.99934113025665283,0,0,0,1,0,-0.11966780573129654,-0.11168614029884338,-0.09372788667678833,-0.06739719957113266,-0.03504611924290657,0.00043552531860768795,0.035878263413906097,0.06811610609292984,0.094269335269927979,0.11200176924467087,0.1197294145822525,0.11676199734210968,0.25366991758346558,-0.047178946435451508,-0.36519724130630493,0.30198559165000916,0.017874997109174728,-0.70308005809783936,0.047329030930995941,0.053625494241714478,-0.081577837467193604,0.097048990428447723,0.12919029593467712,0.16863559186458588,-0.015145168639719486,-0.091359399259090424,-0.083578221499919891,-0.019807390868663788,0.029479444026947021,-0.99936914443969727,0,0,0,1,0,-0.11998544633388519,-0.11517875641584396,-0.10008348524570465,-0.07604806125164032,-0.045219488441944122,-0.010351592674851418,0.02544097974896431,0.058960985392332077,0.087214179337024689,0.10767679661512375,0.11852096021175385,0.11877800524234772,0.25828823447227478,-0.042928647249937057,-0.36348551511764526,0.29862567782402039,0.012513826601207256,-0.69288492202758789,0.047307953238487244,0.048500329256057739,-0.080887384712696075,0.094148136675357819,0.12557706236839294,0.16828881204128265,-0.0022034947760403156,-0.085317224264144897,-0.089990690350532532,-0.018757510930299759,0.029170500114560127,-0.99939841032028198,0,0,0,1,0,-0.11933186650276184,-0.11773905158042908,-0.10562896728515625,-0.084083355963230133,-0.055026825517416,-0.021054917946457863,0.014797763898968697,0.049328606575727463,0.079453073441982269,0.10248022526502609,0.11635313183069229,0.11983256042003632,0.26267826557159424,-0.038043197244405746,-0.36236965656280518,0.29608938097953796,0.0075557813979685307,-0.68254166841506958,0.046974610537290573,0.042896416038274765,-0.080559603869915009,0.090847395360469818,0.12143579870462418,0.16788041591644287,0.2449350506067276,-0.053181037306785583,-0.36993506550788879,0.3110281229019165,0.029727151617407799,-0.72251158952713013,0.046816259622573853,0.063048839569091797,-0.08428308367729187,0.10223914682865143,0.13499894738197327,0.16902226209640503,0.2449350506067276,-0.053181037306785583,-0.36993506550788879,0.3110281229019165,0.029727151617407799,-0.72251158952713013,0.046816259622573853,0.063048839569091797,-0.08428308367729187,0.10223914682865143,0.13499894738197327,0.16902226209640503,1.1224675253033638,-0.053181037306785583,-1.2959480524063109,-0.84448593854904175,0.029727151617407799,0.42199072837829588,1.0234081298112869,0.063048839569091797,-1.0674264669418334,-0.94888042658567429,0.13499894738197327,1.1352178096771239
-0.051588184681810936,-0.09995864713592173,-0.056427590396185529,-0.022846218272432439,0.029962191473071578,-0.99928990658005723,0.88386304029864859,-0.10202435005036395,-1.0787982090635218,-1.0485332587418967,-0.013932976961095014,1.0219118961557361,1.0557994448481065,0.084702595316959728,-0.89396048478824375,-0.88209575897499881,0.11923693213593151,1.1099185432166967,3,0.055,0.055,0.055,0.055,-0.051588185131549835,-0.099958650767803192,-0.056427590548992157,-0.022846218198537827,0.029962191358208656,-0.99928992986679077,0,0,0,1,0,-0.11613696068525314,-0.10202434659004211,-0.078798212110996246,-0.048533257097005844,-0.013932976871728897,0.021911896765232086,0.055799443274736404,0.084702596068382263,0.10603951662778854,0.11790423840284348,0.11923693120479584,0.10991854220628738,0.2449350506067276,-0.053181037306785583,-0.36993506550788879,0.3110281229019165,0.029727151617407799,-0.72251158952713013,0.046816259622573853,0.063048839569091797,-0.08428308367729187,0.10223914682865143,0.13499894738197327,0.16902226209640503,-0.040047641843557358,-0.098742417991161346,-0.066653862595558167,-0.021852657198905945,0.029875775799155235,-0.99931472539901733,0,0,0,1,0,-0.11838150024414062,-0.10728947073221207,-0.086613595485687256,-0.058200780302286148,-0.024589065462350845,0.011219117790460587,0.046025130897760391,0.076719857752323151,0.10056142508983612,0.1154201403260231,0.1199687197804451,0.11380085349082947,0.24916547536849976,-0.050636090338230133,-0.36736395955085754,0.30612552165985107,0.023609519004821777,-0.71297705173492432,0.047120288014411926,0.05843697115778923,-0.082696817815303802,0.099719777703285217,0.13232310116291046,0.1688946932554245,-0.027831248939037323,-0.09585978090763092,-0.075755275785923004,-0.02083941362798214,0.029714727774262428,-0.99934113025665283,0,0,0,1,0,-0.11966780573129654,-0.11168614029884338,-0.09372788667678833,-0.06739719957113266,-0.03504611924290657,0.00043552531860768795,0.035878263413906097,0.06811610609292984,0.094269335269927979,0.11200176924467087,0.1197294145822525,0.11676199734210968,0.25366991758346558,-0.047178946435451508,-0.36519724130630493,0.30198559165000916,0.017874997109174728,-0.70308005809783936,0.047329030930995941,0.053625494241714478,-0.081577837467193604,0.097048990428447723,0.12919029593467712,0.16863559186458588,-0.015145168639719486,-0.091359399259090424,-0.083578221499919891,-0.019807390868663788,0.029479444026947021,-0.99936914443969727,0,0,0,1,0,-0.11998544633388519,-0.11517875641584396,-0.10008348524570465,-0.07604806125164032,-0.045219488441944122,-0.010351592674851418,0.02544097974896431,0.058960985392332077,0.087214179337024689,0.10767679661512375,0.11852096021175385,0.11877800524234772,0.25828823447227478,-0.042928647249937057,-0.36348551511764526,0.29862567782402039,0.012513826601207256,-0.69288492202758789,0.047307953238487244,0.048500329256057739,-0.080887384712696075,0.094148136675357819,0.12557706236839294,0.16828881204128265,0.2410639226436615,-0.054735131561756134,-0.372903972864151,0.31670871376991272,0.036207892000675201,-0.73164188861846924,0.046559475362300873,0.067475713789463043,-0.086338751018047333,0.10465573519468307,0.13719759881496429,0.1689455658197403,0.2410639226436615,-0.054735131561756134,-0.372903972864151,0.31670871376991272,0.036207892000675201,-0.73164188861846924,0.046559475362300873,0.067475713789463043,-0.086338751018047333,0.10465573519468307,0.13719759881496429,0.1689455658197403,1.1205319613218307,-0.054735131561756134,-1.2983231782913207,-0.84164564311504364,0.036207892000675201,0.41468648910522454,1.0232797376811504,0.067475713789463043,-1.069071000814438,-0.94767213240265846,0.13719759881496429,1.1351564526557922
-0.062258113263137363,-0.099487956595584126,-0.045249031446269655,-0.023819212855485734,0.029973767413410499,-0.99926684042151204,0.88704765765332783,-0.095933387512421503,-1.070344988885414,-1.0384728819063205,-0.003164106968442991,1.0324273082214204,1.0651220885445343,0.091999706647903953,-0.88934073504534572,-0.88056603930590471,0.11753997642907096,1.1051464961332149,0,0.055,0.055,0.059999999999999998,0.055,-0.062258113175630569,-0.099487952888011932,-0.045249029994010925,-0.023819213733077049,0.029973767697811127,-0.9992668628692627,1,0,0,0,0,-0.1129523441195488,-0.095933385193347931,-0.070344991981983185,-0.038472883403301239,-0.0031641069799661636,0.032427307218313217,0.065122090280056,0.091999709606170654,0.11065926402807236,0.11943396180868149,0.11753997951745987,0.10514649748802185,0.2410639226436615,-0.054735131561756134,-0.372903972864151,0.31670871376991272,0.036207892000675201,-0.73164188861846924,0.046559475362300873,0.067475713789463043,-0.086338751018047333,0.10465573519468307,0.13719759881496429,0.1689455658197403,-0.051588185131549835,-0.099958650767803192,-0.056427590548992157,-0.022846218198537827,0.029962191358208656,-0.99928992986679077,0,0,0,1,0,-0.11613696068525314,-0.10202434659004211,-0.078798212110996246,-0.048533257097005844,-0.013932976871728897,0.021911896765232086,0.055799443274736404,0.084702596068382263,0.10603951662778854,0.11790423840284348,0.11923693120479584,0.10991854220628738,0.2449350506067276,-0.053181037306785583,-0.36993506550788879,0.3110281229019165,0.029727151617407799,-0.72251158952713013,0.046816259622573853,0.063048839569091797,-0.08428308367729187,0.10223914682865143,0.13499894738197327,0.16902226209640503,-0.040047641843557358,-0.098742417991161346,-0.066653862595558167,-0.021852657198905945,0.029875775799155235,-0.99931472539901733,0,0,0,1,0,-0.11838150024414062,-0.10728947073221207,-0.086613595485687256,-0.058200780302286148,-0.024589065462350845,0.011219117790460587,0.046025130897760391,0.076719857752323151,0.10056142508983612,0.1154201403260231,0.1199687197804451,0.11380085349082947,0.24916547536849976,-0.050636090338230133,-0.36736395955085754,0.30612552165985107,0.023609519004821777,-0.71297705173492432,0.047120288014411926,0.05843697115778923,-0.082696817815303802,0.099719777703285217,0.13232310116291046,0.1688946932554245,-0.027831248939037323,-0.09585978090763092,-0.075755275785923004,-0.02083941362798214,0.029714727774262428,-0.99934113025665283,0,0,0,1,0,-0.11966780573129654,-0.11168614029884338,-0.09372788667678833,-0.06739719957113266,-0.03504611924290657,0.00043552531860768795,0.035878263413906097,0.06811610609292984,0.094269335269927979,0.11200176924467087,0.1197294145822525,0.11676199734210968,0.25366991758346558,-0.047178946435451508,-0.36519724130630493,0.30198559165000916,0.017874997109174728,-0.70308005809783936,0.047329030930995941,0.053625494241714478,-0.081577837467193604,0.097048990428447723,0.12919029593467712,0.16863559186458588,0.27985900640487671,-0.12237021327018738,-0.23939588665962219,0.13170859217643738,-0.052020668983459473,-0.5296473503112793,0.1074989065527916,-0.1488928496837616,0.058243151754140854,-0.10237068682909012,-0.090281881392002106,0.23626691102981567,0.27985900640487671,-0.12237021327018738,-0.23939588665962219,0.13170859217643738,-0.052020668983459473,-0.5296473503112793,0.1074989065527916,-0.09252428263425827,0.058243151754140854,-0.10237068682909012,-0.090281881392002106,0.23626691102981567,1.1399295032024384,-0.12237021327018738,-1.1915167093276977,-0.93414570391178131,-0.052020668983459473,0.57628211975097654,1.0537494532763958,-0.09252428263425827,-0.95340547859668734,-1.0511853434145451,-0.090281881392002106,1.1890135288238526
-0.07187736069080182,-0.097338286151542303,-0.033306840223060422,-0.024770772600376127,0.029910480401113659,-0.99924560143487984,0.89114657158080213,-0.089065888909825863,-1.0613223588047309,-1.0281010850209986,0.0076303749955688276,1.0426802363389558,1.0739175992826495,0.098552123227603622,-0.88561672048238349,-0.88000308188953857,0.11489158938946573,1.0995233371643243,0,0.055,0.055,0.053999999999999999,0.055,-0.071877360343933105,-0.097338289022445679,-0.033306840807199478,-0.024770772084593773,0.029910480603575706,-0.99924558401107788,1,0,0,0,0,-0.10885342955589294,-0.089065887033939362,-0.061322357505559921,-0.028101084753870964,0.0076303752139210701,0.04268023744225502,0.073917597532272339,0.098552122712135315,0.1143832802772522,0.11999692022800446,0.11489158868789673,0.099523335695266724,0.27985900640487671,-0.12237021327018738,-0.23939588665962219,0.13170859217643738,-0.052020668983459473,-0.5296473503112793,0.1074989065527916,-0.1488928496837616,0.058243151754140854,-0.10237068682909012,-0.090281881392002106,0.23626691102981567,-0.062258113175630569,-0.099487952888011932,-0.045249029994010925,-0.023819213733077049,0.029973767697811127,-0.9992668628692627,1,0,0,0,0,-0.1129523441195488,-0.095933385193347931,-0.070344991981983185,-0.038472883403301239,-0.0031641069799661636,0.032427307218313217,0.065122090280056,0.091999709606170654,0.11065926402807236,0.11943396180868149,0.11753997951745987,0.10514649748802185,0.2410639226436615,-0.054735131561756134,-0.372903972864151,0.31670871376991272,0.036207892000675201,-0.73164188861846924,0.046559475362300873,0.067475713789463043,-0.086338751018047333,0.10465573519468307,0.13719759881496429,0.1689455658197403,-0.051588185131549835,-0.099958650767803192,-0.056427590548992157,-0.022846218198537827,0.029962191358208656,-0.99928992986679077,0,0,0,1,0,-0.11613696068525314,-0.10202434659004211,-0.078798212110996246,-0.048533257097005844,-0.013932976871728897,0.021911896765232086,0.055799443274736404,0.084702596068382263,0.10603951662778854,0.11790423840284348,0.11923693120479584,0.10991854220628738,0.2449350506067276,-0.053181037306785583,-0.36993506550788879,0.3110281229019165,0.029727151617407799,-0.72251158952713013,0.046816259622573853,0.063048839569091797,-0.08428308367729187,0.10223914682865143,0.13499894738197327,0.16902226209640503,-0.040047641843557358,-0.098742417991161346,-0.066653862595558167,-0.021852657198905945,0.029875775799155235,-0.99931472539901733,0,0,0,1,0,-0.11838150024414062,-0.10728947073221207,-0.086613595485687256,-0.058200780302286148,-0.024589065462350845,0.011219117790460587,0.046025130897760391,0.076719857752323151,0.10056142508983612,0.1154201403260231,0.1199687197804451,0.11380085349082947,0.24916547536849976,-0.050636090338230133,-0.36736395955085754,0.30612552165985107,0.023609519004821777,-0.71297705173492432,0.047120288014411926,0.05843697115778923,-0.082696817815303802,0.099719777703285217,0.13232310116291046,0.1688946932554245,0.26460134983062744,-0.26581558585166931,-0.1924748420715332,0.061519745737314224,-0.11968430876731873,-0.4912545382976532,0.15634676814079285,-0.3731217086315155,0.029146196320652962,-0.14009253680706024,-0.066968090832233429,0.2484007328748703,0.26460134983062744,-0.26581558585166931,-0.1924748420715332,0.061519745737314224,-0.11968430876731873,-0.4912545382976532,0.15634676814079285,-0.25590100884437561,0.029146196320652962,-0.14009253680706024,-0.066968090832233429,0.2484007328748703,1.1323006749153137,-0.26581558585166931,-1.1539798736572267,-0.96924012713134289,-0.11968430876731873,0.6069963693618774,1.0781733840703964,-0.25590100884437561,-0.97668304294347763,-1.0700462684035301,-0.066968090832233429,1.1987205862998962
-0.080283590500447019,-0.09354591409916635,-0.020802555684197997,-0.025700048966747605,0.029772493368634915,-0.99922625371920715,0.89612660328302107,-0.081477443443345995,-1.0518033528072137,-1.0175018229482113,0.018363092629929304,1.0525876878333413,1.0821147815019461,0.1043068062974294,-0.88281858526176427,-0.88041144360383417,0.11131320847598951,1.093094583161351,0,0.055,0.055,0.048000000000000001,0.055,-0.080283589661121368,-0.093545913696289062,-0.020802555605769157,-0.025700049474835396,0.029772493988275528,-0.99922627210617065,1,0,0,0,0,-0.10387339442968369,-0.081477440893650055,-0.051803354173898697,-0.017501823604106903,0.018363092094659805,0.052587687969207764,0.082114778459072113,0.10430680960416794,0.11718141287565231,0.11958855390548706,0.11131320893764496,0.093094579875469208,0.26460134983062744,-0.26581558585166931,-0.1924748420715332,0.061519745737314224,-0.11968430876731873,-0.4912545382976532,0.15634676814079285,-0.3731217086315155,0.029146196320652962,-0.14009253680706024,-0.066968090832233429,0.2484007328748703,-0.071877360343933105,-0.097338289022445679,-0.033306840807199478,-0.024770772084593773,0.029910480603575706,-0.99924558401107788,1,0,0,0,0,-0.10885342955589294,-0.089065887033939362,-0.061322357505559921,-0.028101084753870964,0.0076303752139210701,0.04268023744225502,0.073917597532272339,0.098552122712135315,0.1143832802772522,0.11999692022800446,0.11489158868789673,0.099523335695266724,0.27985900640487671,-0.12237021327018738,-0.23939588665962219,0.13170859217643738,-0.052020668983459473,-0.5296473503112793,0.1074989065527916,-0.1488928496837616,0.058243151754140854,-0.10237068682909012,-0.090281881392002106,0.23626691102981567,-0.062258113175630569,-0.099487952888011932,-0.045249029994010925,-0.023819213733077049,0.029973767697811127,-0.9992668628692627,1,0,0,0,0,-0.1129523441195488,-0.095933385193347931,-0.070344991981983185,-0.038472883403301239,-0.0031641069799661636,0.032427307218313217,0.065122090280056,0.091999709606170654,0.11065926402807236,0.11943396180868149,0.11753997951745987,0.10514649748802185,0.2410639226436615,-0.054735131561756134,-0.372903972864151,0.31670871376991272,0.036207892000675201,-0.73164188861846924,0.046559475362300873,0.067475713789463043,-0.086338751018047333,0.10465573519468307,0.13719759881496429,0.1689455658197403,-0.051588185131549835,-0.099958650767803192,-0.056427590548992157,-0.022846218198537827,0.029962191358208656,-0.99928992986679077,0,0,0,1,0,-0.11613696068525314,-0.10202434659004211,-0.078798212110996246,-0.048533257097005844,-0.013932976871728897,0.021911896765232086,0.055799443274736404,0.084702596068382263,0.10603951662778854,0.11790423840284348,0.11923693120479584,0.10991854220628738,0.2449350506067276,-0.053181037306785583,-0.36993506550788879,0.3110281229019165,0.029727151617407799,-0.72251158952713013,0.046816259622573853,0.063048839569091797,-0.08428308367729187,0.10223914682865143,0.13499894738197327,0.16902226209640503,0.28590992093086243,-0.32608744502067566,-0.14842827618122101,0.032513387501239777,-0.14016160368919373,-0.43224483728408813,0.13592664897441864,-0.58184784650802612,0.01838604174554348,-0.19593478739261627,-0.069500192999839783,0.28609779477119446,0.28590992093086243,-0.32608744502067566,-0.14842827618122101,0.032513387501239777,-0.14016160368919373,-0.43224483728408813,0.13592664897441864,-0.4331594705581665,0.01838604174554348,-0.19593478739261627,-0.069500192999839783,0.28609779477119446,1.1429549604654312,-0.32608744502067566,-1.1187426209449769,-0.98374330624938011,-0.14016160368919373,0.65420413017272949,1.0679633244872093,-0.41999999999999998,-0.98529116660356519,-1.0979673936963081,-0.069500192999839783,1.2288782358169557
-0.08733493737088982,-0.088174841315358285,-0.0079472027936009753,-0.026606212973564081,0.029560154595725217,-0.99920884037896807,0.9019474417241693,-0.073229476042635411,-1.0418650228103274,-1.0067608917749276,0.028947169587092179,1.0620694665018402,1.0896472828324424,0.10921717437975138,-0.88096897898410087,-0.88178781895102076,0.10683379901452553,1.0859122718919956,0,0.055,0.055,0.041999999999999996,0.055,-0.08733493834733963,-0.088174842298030853,-0.0079472027719020844,-0.026606213301420212,0.029560154303908348,-0.99920886754989624,1,0,0,0,0,-0.098052561283111572,-0.073229476809501648,-0.041865020990371704,-0.006760891992598772,0.028947168961167336,0.062069468200206757,0.089647285640239716,0.10921717435121536,0.11903101950883865,0.11821217834949493,0.1068338006734848,0.085912272334098816,0.28590992093086243,-0.32608744502067566,-0.14842827618122101,0.032513387501239777,-0.14016160368919373,-0.43224483728408813,0.13592664897441864,-0.58184784650802612,0.01838604174554348,-0.19593478739261627,-0.069500192999839783,0.28609779477119446,-0.080283589661121368,-0.093545913696289062,-0.020802555605769157,-0.025700049474835396,0.029772493988275528,-0.99922627210617065,1,0,0,0,0,-0.10387339442968369,-0.081477440893650055,-0.051803354173898697,-0.017501823604106903,0.018363092094659805,0.052587687969207764,0.082114778459072113,0.10430680960416794,0.11718141287565231,0.11958855390548706,0.11131320893764496,0.093094579875469208,0.26460134983062744,-0.26581558585166931,-0.1924748420715332,0.061519745737314224,-0.11968430876731873,-0.4912545382976532,0.15634676814079285,-0.3731217086315155,0.029146196320652962,-0.14009253680706024,-0.066968090832233429,0.2484007328748703,-0.071877360343933105,-0.097338289022445679,-0.033306840807199478,-0.024770772084593773,0.029910480603575706,-0.99924558401107788,1,0,0,0,0,-0.10885342955589294,-0.089065887033939362,-0.061322357505559921,-0.028101084753870964,0.0076303752139210701,0.04268023744225502,0.073917597532272339,0.098552122712135315,0.1143832802772522,0.11999692022800446,0.11489158868789673,0.099523335695266724,0.27985900640487671,-0.12237021327018738,-0.23939588665962219,0.13170859217643738,-0.052020668983459473,-0.5296473503112793,0.1074989065527916,-0.1488928496837616,0.058243151754140854,-0.10237068682909012,-0.090281881392002106,0.23626691102981567,-0.062258113175630569,-0.099487952888011932,-0.045249029994010925,-0.023819213733077049,0.029973767697811127,-0.9992668628692627,1,0,0,0,0,-0.1129523441195488,-0.095933385193347931,-0.070344991981983185,-0.038472883403301239,-0.0031641069799661636,0.032427307218313217,0.065122090280056,0.091999709606170654,0.11065926402807236,0.11943396180868149,0.11753997951745987,0.10514649748802185,0.2410639226436615,-0.054735131561756134,-0.372903972864151,0.31670871376991272,0.036207892000675201,-0.73164188861846924,0.046559475362300873,0.067475713789463043,-0.086338751018047333,0.10465573519468307,0.13719759881496429,0.1689455658197403,0.2996213436126709,-0.39853653311729431,-0.17023304104804993,0.033965509384870529,-0.16014575958251953,-0.48891299962997437,0.063083253800868988,-0.67386984825134277,0.0052704624831676483,-0.18316498398780823,-0.028944998979568481,0.25010722875595093,0.2996213436126709,-0.39853653311729431,-0.17023304104804993,0.033965509384870529,-0.16014575958251953,-0.48891299962997437,0.063083253800868988,-0.61059290170669556,0.0052704624831676483,-0.18316498398780823,-0.028944998979568481,0.25010722875595093,1.1498106718063354,-0.39853653311729431,-1.1361864328384399,-0.98301724530756474,-0.16014575958251953,0.60886960029602055,1.0315416269004345,-0.41999999999999998,-0.99578363001346593,-1.0915824919939041,-0.028944998979568481,1.2000857830047607
-0.092912401273436973,-0.081315711166148649,0.0050422687806814769,-0.027488455829870088,0.029273996825105793,-0.9991933836380088,0.90856196992971605,-0.064388750160052188,-1.0315878149638964,-0.99596523433346362,0.039296932696522964,1.0710488217648668,1.0964541311861946,0.1132434803332925,-0.88008287335024993,-0.88412106681408664,0.10148961973715211,1.0780345408188541,0,0.055,0.055,0.035999999999999997,0.055,-0.092912398278713226,-0.081315711140632629,0.0050422688946127892,-0.027488455176353455,0.029273996129631996,-0.99919337034225464,1,0,0,0,0,-0.091438032686710358,-0.064388751983642578,-0.031587816774845123,0.0040347655303776264,0.039296932518482208,0.071048818528652191,0.096454128623008728,0.11324348300695419,0.1199171245098114,0.11587893217802048,0.10148961842060089,0.078034542500972748,0.2996213436126709,-0.39853653311729431,-0.17023304104804993,0.033965509384870529,-0.16014575958251953,-0.48891299962997437,0.063083253800868988,-0.67386984825134277,0.0052704624831676483,-0.18316498398780823,-0.028944998979568481,0.25010722875595093,-0.08733493834733963,-0.088174842298030853,-0.0079472027719020844,-0.026606213301420212,0.029560154303908348,-0.99920886754989624,1,0,0,0,0,-0.098052561283111572,-0.073229476809501648,-0.041865020990371704,-0.006760891992598772,0.028947168961167336,0.062069468200206757,0.089647285640239716,0.10921717435121536,0.11903101950883865,0.11821217834949493,0.1068338006734848,0.085912272334098816,0.28590992093086243,-0.32608744502067566,-0.14842827618122101,0.032513387501239777,-0.14016160368919373,-0.43224483728408813,0.13592664897441864,-0.58184784650802612,0.01838604174554348,-0.19593478739261627,-0.069500192999839783,0.28609779477119446,-0.080283589661121368,-0.093545913696289062,-0.020802555605769157,-0.025700049474835396,0.029772493988275528,-0.99922627210617065,1,0,0,0,0,-0.10387339442968369,-0.081477440893650055,-0.051803354173898697,-0.017501823604106903,0.018363092094659805,0.052587687969207764,0.082114778459072113,0.10430680960416794,0.11718141287565231,0.11958855390548706,0.11131320893764496,0.093094579875469208,0.26460134983062744,-0.26581558585166931,-0.1924748420715332,0.061519745737314224,-0.11968430876731873,-0.4912545382976532,0.15634676814079285,-0.3731217086315155,0.029146196320652962,-0.14009253680706024,-0.066968090832233429,0.2484007328748703,-0.071877360343933105,-0.097338289022445679,-0.033306840807199478,-0.024770772084593773,0.029910480603575706,-0.99924558401107788,1,0,0,0,0,-0.10885342955589294,-0.089065887033939362,-0.061322357505559921,-0.028101084753870964,0.0076303752139210701,0.04268023744225502,0.073917597532272339,0.098552122712135315,0.1143832802772522,0.11999692022800446,0.11489158868789673,0.099523335695266724,0.27985900640487671,-0.12237021327018738,-0.23939588665962219,0.13170859217643738,-0.052020668983459473,-0.5296473503112793,0.1074989065527916,-0.1488928496837616,0.058243151754140854,-0.10237068682909012,-0.090281881392002106,0.23626691102981567,0.29220089316368103,-0.39208000898361206,-0.14926120638847351,0.060458514839410782,-0.17449676990509033,-0.45940890908241272,0.07058928906917572,-0.67633575201034546,-0.013546150177717209,-0.15629993379116058,-0.062008272856473923,0.23743534088134766,0.29220089316368103,-0.39208000898361206,-0.14926120638847351,0.060458514839410782,-0.17449676990509033,-0.45940890908241272,0.07058928906917572,-0.67633575201034546,-0.013546150177717209,-0.15629993379116058,-0.062008272856473923,0.23743534088134766,1.1461004465818405,-0.39208000898361206,-1.1194089651107788,-0.96977074258029461,-0.17449676990509033,0.63247287273406982,1.0352946445345879,-0.41999999999999998,-1.0108369201421739,-1.0781499668955803,-0.062008272856473923,1.1899482727050781
-0.096921855741664939,-0.07308427978998408,0.017946645955183582,-0.02834598956070912,0.028914735948344917,-0.99917988516626055,0.91591664637636627,-0.055026827351625521,-1.021054918476012,-0.98520223643977267,0.049328605449088715,1.0794530699261622,1.1024802282979331,0.116353133087714,-0.88016744097237098,-0.88739230063892993,0.095323929284603814,1.0695251565037518,0,0.055,0.055,0.029999999999999999,0.055,-0.096921853721141815,-0.073084279894828796,0.017946645617485046,-0.028345989063382149,0.028914736583828926,-0.9991798996925354,1,0,0,0,0,-0.084083355963230133,-0.055026825517416,-0.021054917946457863,0.014797763898968697,0.049328606575727463,0.079453073441982269,0.10248022526502609,0.11635313183069229,0.11983256042003632,0.11260770261287689,0.095323927700519562,0.069525159895420074,0.29220089316368103,-0.39208000898361206,-0.14926120638847351,0.060458514839410782,-0.17449676990509033,-0.45940890908241272,0.07058928906917572,-0.67633575201034546,-0.013546150177717209,-0.15629993379116058,-0.062008272856473923,0.23743534088134766,-0.092912398278713226,-0.081315711140632629,0.0050422688946127892,-0.027488455176353455,0.029273996129631996,-0.99919337034225464,1,0,0,0,0,-0.091438032686710358,-0.064388751983642578,-0.031587816774845123,0.0040347655303776264,0.039296932518482208,0.071048818528652191,0.096454128623008728,0.11324348300695419,0.1199171245098114,0.11587893217802048,0.10148961842060089,0.078034542500972748,0.2996213436126709,-0.39853653311729431,-0.17023304104804993,0.033965509384870529,-0.16014575958251953,-0.48891299962997437,0.063083253800868988,-0.67386984825134277,0.0052704624831676483,-0.18316498398780823,-0.028944998979568481,0.25010722875595093,-0.08733493834733963,-0.088174842298030853,-0.0079472027719020844,-0.026606213301420212,0.029560154303908348,-0.99920886754989624,1,0,0,0,0,-0.098052561283111572,-0.073229476809501648,-0.041865020990371704,-0.006760891992598772,0.028947168961167336,0.062069468200206757,0.089647285640239716,0.10921717435121536,0.11903101950883865,0.11821217834949493,0.1068338006734848,0.085912272334098816,0.28590992093086243,-0.32608744502067566,-0.14842827618122101,0.032513387501239777,-0.14016160368919373,-0.43224483728408813,0.13592664897441864,-0.58184784650802612,0.01838604174554348,-0.19593478739261627,-0.069500192999839783,0.28609779477119446,-0.080283589661121368,-0.093545913696289062,-0.020802555605769157,-0.025700049474835396,0.029772493988275528,-0.99922627210617065,1,0,0,0,0,-0.10387339442968369,-0.081477440893650055,-0.051803354173898697,-0.017501823604106903,0.018363092094659805,0.052587687969207764,0.082114778459072113,0.10430680960416794,0.11718141287565231,0.11958855390548706,0.11131320893764496,0.093094579875469208,0.26460134983062744,-0.26581558585166931,-0.1924748420715332,0.061519745737314224,-0.11968430876731873,-0.4912545382976532,0.15634676814079285,-0.3731217086315155,0.029146196320652962,-0.14009253680706024,-0.066968090832233429,0.2484007328748703,0.29283556342124939,-0.39674949645996094,-0.14478310942649841,0.058921683579683304,-0.1852024644613266,-0.44959089159965515,0.075016364455223083,-0.69066953659057617,-0.038034059107303619,-0.15097896754741669,-0.072697415947914124,0.22721102833747864,0.29283556342124939,-0.39674949645996094,-0.14478310942649841,0.058921683579683304,-0.1852024644613266,-0.44959089159965515,0.075016364455223083,-0.69066953659057617,-0.038034059107303619,-0.15097896754741669,-0.072697415947914124,0.22721102833747864,1.1464177817106247,-0.39674949645996094,-1.1158264875411987,-0.97053915821015835,-0.1852024644613266,0.64032728672027583,1.0375081822276115,-0.41999999999999998,-1.0304272472858429,-1.0754894837737083,-0.072697415947914124,1.181768822669983
-0.099295636369676629,-0.063619462572527416,0.030548151717619876,-0.029178047629213898,0.028483269264038033,-0.99916832661397925,0.92395193838573997,-0.04521948801960899,-1.0103515922351616,-0.97455901954598889,0.058960986128857543,1.0872141825134418,1.1076767957198448,0.1185209614531416,-0.88122199731497364,-0.89157504131221188,0.08838663604773439,1.0604529984471425,0,0.055,0.055,0.023999999999999994,0.055,-0.099295638501644135,-0.063619464635848999,0.030548151582479477,-0.029178047552704811,0.028483269736170769,-0.99916833639144897,1,0,0,0,0,-0.07604806125164032,-0.045219488441944122,-0.010351592674851418,0.02544097974896431,0.058960985392332077,0.087214179337024689,0.10767679661512375,0.11852096021175385,0.11877800524234772,0.10842496156692505,0.08838663250207901,0.06045299768447876,0.29283556342124939,-0.39674949645996094,-0.14478310942649841,0.058921683579683304,-0.1852024644613266,-0.44959089159965515,0.075016364455223083,-0.69066953659057617,-0.038034059107303619,-0.15097896754741669,-0.072697415947914124,0.22721102833747864,-0.096921853721141815,-0.073084279894828796,0.017946645617485046,-0.028345989063382149,0.028914736583828926,-0.9991798996925354,1,0,0,0,0,-0.084083355963230133,-0.055026825517416,-0.021054917946457863,0.014797763898968697,0.049328606575727463,0.079453073441982269,0.10248022526502609,0.11635313183069229,0.11983256042003632,0.11260770261287689,0.095323927700519562,0.069525159895420074,0.29220089316368103,-0.39208000898361206,-0.14926120638847351,0.060458514839410782,-0.17449676990509033,-0.45940890908241272,0.07058928906917572,-0.67633575201034546,-0.013546150177717209,-0.15629993379116058,-0.062008272856473923,0.23743534088134766,-0.092912398278713226,-0.081315711140632629,0.0050422688946127892,-0.027488455176353455,0.029273996129631996,-0.99919337034225464,1,0,0,0,0,-0.091438032686710358,-0.064388751983642578,-0.031587816774845123,0.0040347655303776264,0.039296932518482208,0.071048818528652191,0.096454128623008728,0.11324348300695419,0.1199171245098114,0.11587893217802048,0.10148961842060089,0.078034542500972748,0.2996213436126709,-0.39853653311729431,-0.17023304104804993,0.033965509384870529,-0.16014575958251953,-0.48891299962997437,0.063083253800868988,-0.67386984825134277,0.0052704624831676483,-0.18316498398780823,-0.028944998979568481,0.25010722875595093,-0.08733493834733963,-0.088174842298030853,-0.0079472027719020844,-0.026606213301420212,0.029560154303908348,-0.99920886754989624,1,0,0,0,0,-0.098052561283111572,-0.073229476809501648,-0.041865020990371704,-0.006760891992598772,0.028947168961167336,0.062069468200206757,0.089647285640239716,0.10921717435121536,0.11903101950883865,0.11821217834949493,0.1068338006734848,0.085912272334098816,0.28590992093086243,-0.32608744502067566,-0.14842827618122101,0.032513387501239777,-0.14016160368919373,-0.43224483728408813,0.13592664897441864,-0.58184784650802612,0.01838604174554348,-0.19593478739261627,-0.069500192999839783,0.28609779477119446,0.29521432518959045,-0.40153691172599792,-0.13432705402374268,0.055310722440481186,-0.18339754641056061,-0.43580996990203857,0.079988330602645874,-0.69435060024261475,-0.056724324822425842,-0.14916346967220306,-0.084574192762374878,0.22194574773311615,0.29521432518959045,-0.40153691172599792,-0.13432705402374268,0.055310722440481186,-0.18339754641056061,-0.43580996990203857,0.079988330602645874,-0.69435060024261475,-0.056724324822425842,-0.14916346967220306,-0.084574192762374878,0.22194574773311615,1.1476071625947952,-0.40153691172599792,-1.1074616432189941,-0.97234463877975941,-0.18339754641056061,0.65135202407836912,1.0399941653013229,-0.41999999999999998,-1.0453794598579407,-1.0745817348361015,-0.084574192762374878,1.1775565981864928
-0.099993682730998165,-0.053080989781080667,0.042634120378036072,-0.029983885555611468,0.027980673310793295,-0.99915867034623818,0.93260280401366014,-0.0350461180054399,-0.99956447467925758,-0.96412173553287317,0.068116105103147195,1.0942693369371761,1.1120017696603743,0.11972941786921722,-0.88323800623591309,-0.89663543149743974,0.080733894182351218,1.0508915015406508,0,0.055,0.055,0.017999999999999995,0.055,-0.099993683397769928,-0.05308099091053009,0.04263412207365036,-0.029983885586261749,0.027980674058198929,-0.99915868043899536,1,0,0,0,0,-0.06739719957113266,-0.03504611924290657,0.00043552531860768795,0.035878263413906097,0.06811610609292984,0.094269335269927979,0.11200176924467087,0.1197294145822525,0.11676199734210968,0.10336457192897797,0.080733895301818848,0.05089149996638298,0.29521432518959045,-0.40153691172599792,-0.13432705402374268,0.055310722440481186,-0.18339754641056061,-0.43580996990203857,0.079988330602645874,-0.69435060024261475,-0.056724324822425842,-0.14916346967220306,-0.084574192762374878,0.22194574773311615,-0.099295638501644135,-0.063619464635848999,0.030548151582479477,-0.029178047552704811,0.028483269736170769,-0.99916833639144897,1,0,0,0,0,-0.07604806125164032,-0.045219488441944122,-0.010351592674851418,0.02544097974896431,0.058960985392332077,0.087214179337024689,0.10767679661512375,0.11852096021175385,0.11877800524234772,0.10842496156692505,0.08838663250207901,0.06045299768447876,0.29283556342124939,-0.39674949645996094,-0.14478310942649841,0.058921683579683304,-0.1852024644613266,-0.44959089159965515,0.075016364455223083,-0.69066953659057617,-0.038034059107303619,-0.15097896754741669,-0.072697415947914124,0.22721102833747864,-0.096921853721141815,-0.073084279894828796,0.017946645617485046,-0.028345989063382149,0.028914736583828926,-0.9991798996925354,1,0,0,0,0,-0.084083355963230133,-0.055026825517416,-0.021054917946457863,0.014797763898968697,0.049328606575727463,0.079453073441982269,0.10248022526502609,0.11635313183069229,0.11983256042003632,0.11260770261287689,0.095323927700519562,0.069525159895420074,0.29220089316368103,-0.39208000898361206,-0.14926120638847351,0.060458514839410782,-0.17449676990509033,-0.45940890908241272,0.07058928906917572,-0.67633575201034546,-0.013546150177717209,-0.15629993379116058,-0.062008272856473923,0.23743534088134766,-0.092912398278713226,-0.081315711140632629,0.0050422688946127892,-0.027488455176353455,0.029273996129631996,-0.99919337034225464,1,0,0,0,0,-0.091438032686710358,-0.064388751983642578,-0.031587816774845123,0.0040347655303776264,0.039296932518482208,0.071048818528652191,0.096454128623008728,0.11324348300695419,0.1199171245098114,0.11587893217802048,0.10148961842060089,0.078034542500972748,0.2996213436126709,-0.39853653311729431,-0.17023304104804993,0.033965509384870529,-0.16014575958251953,-0.48891299962997437,0.063083253800868988,-0.67386984825134277,0.0052704624831676483,-0.18316498398780823,-0.028944998979568481,0.25010722875595093,0.29661622643470764,-0.40835312008857727,-0.13092325627803802,0.055085193365812302,-0.18504482507705688,-0.42851483821868896,0.074615903198719025,-0.69786101579666138,-0.068463429808616638,-0.14920340478420258,-0.095786362886428833,0.21076774597167969,0.29661622643470764,-0.40835312008857727,-0.13092325627803802,0.055085193365812302,-0.18504482507705688,-0.42851483821868896,0.074615903198719025,-0.69786101579666138,-0.068463429808616638,-0.14920340478420258,-0.095786362886428833,0.21076774597167969,1.1483081132173538,-0.40835312008857727,-1.1047386050224304,-0.97245740331709385,-0.18504482507705688,0.65718812942504878,1.0373079515993595,-0.41999999999999998,-1.0547707438468934,-1.0746017023921013,-0.095786362886428833,1.1686141967773438
-0.099004214446851813,-0.041646710922639607,0.054000586560199786,-0.030762781533595331,0.027408201277972059,-0.99915086036845435,0.94179921853437965,-0.02458906599834847,-0.98878088249785989,-0.95397486935048703,0.076719855950365859,1.1005614250101767,1.1154201414710143,0.11996872044442237,-0.88619914908248276,-0.9025325096943273,0.072427649067493285,1.0409180616458484,0,0.055,0.055,0.011999999999999997,0.055,-0.099004216492176056,-0.041646711528301239,0.054000586271286011,-0.030762782320380211,0.02740820124745369,-0.99915087223052979,1,0,0,0,0,-0.058200780302286148,-0.024589065462350845,0.011219117790460587,0.046025130897760391,0.076719857752323151,0.10056142508983612,0.1154201403260231,0.1199687197804451,0.11380085349082947,0.097467489540576935,0.072427652776241302,0.040918063372373581,0.29661622643470764,-0.40835312008857727,-0.13092325627803802,0.055085193365812302,-0.18504482507705688,-0.42851483821868896,0.074615903198719025,-0.69786101579666138,-0.068463429808616638,-0.14920340478420258,-0.095786362886428833,0.21076774597167969,-0.099993683397769928,-0.05308099091053009,0.04263412207365036,-0.029983885586261749,0.027980674058198929,-0.99915868043899536,1,0,0,0,0,-0.06739719957113266,-0.03504611924290657,0.00043552531860768795,0.035878263413906097,0.06811610609292984,0.094269335269927979,0.11200176924467087,0.1197294145822525,0.11676199734210968,0.10336457192897797,0.080733895301818848,0.05089149996638298,0.29521432518959045,-0.40153691172599792,-0.13432705402374268,0.055310722440481186,-0.18339754641056061,-0.43580996990203857,0.079988330602645874,-0.69435060024261475,-0.056724324822425842,-0.14916346967220306,-0.084574192762374878,0.22194574773311615,-0.099295638501644135,-0.063619464635848999,0.030548151582479477,-0.029178047552704811,0.028483269736170769,-0.99916833639144897,1,0,0,0,0,-0.07604806125164032,-0.045219488441944122,-0.010351592674851418,0.02544097974896431,0.058960985392332077,0.087214179337024689,0.10767679661512375,0.11852096021175385,0.11877800524234772,0.10842496156692505,0.08838663250207901,0.06045299768447876,0.29283556342124939,-0.39674949645996094,-0.14478310942649841,0.058921683579683304,-0.1852024644613266,-0.44959089159965515,0.075016364455223083,-0.69066953659057617,-0.038034059107303619,-0.15097896754741669,-0.072697415947914124,0.22721102833747864,-0.096921853721141815,-0.073084279894828796,0.017946645617485046,-0.028345989063382149,0.028914736583828926,-0.9991798996925354,1,0,0,0,0,-0.084083355963230133,-0.055026825517416,-0.021054917946457863,0.014797763898968697,0.049328606575727463,0.079453073441982269,0.10248022526502609,0.11635313183069229,0.11983256042003632,0.11260770261287689,0.095323927700519562,0.069525159895420074,0.29220089316368103,-0.39208000898361206,-0.14926120638847351,0.060458514839410782,-0.17449676990509033,-0.45940890908241272,0.07058928906917572,-0.67633575201034546,-0.013546150177717209,-0.15629993379116058,-0.062008272856473923,0.23743534088134766,0.29731231927871704,-0.4071577787399292,-0.12536883354187012,0.058622237294912338,-0.18509304523468018,-0.41837126016616821,0.073860697448253632,-0.68971270322799683,-0.07847093790769577,-0.14707492291927338,-0.11513857543468475,0.20518536865711212,0.29731231927871704,-0.4071577787399292,-0.12536883354187012,0.058622237294912338,-0.18509304523468018,-0.41837126016616821,0.073860697448253632,-0.68971270322799683,-0.07847093790769577,-0.14707492291927338,-0.11513857543468475,0.20518536865711212,1.1486561596393585,-0.4071577787399292,-1.1002950668334961,-0.97068888135254383,-0.18509304523468018,0.66530299186706543,1.0369303487241268,-0.41999999999999998,-1.0627767503261567,-1.0735374614596367,-0.11513857543468475,1.1641482949256896
-0.096343929994332611,-0.02950959331780938,0.064455727364645693,-0.031514037044209263,0.026767279997637235,-0.99914482343187072,0.95146674125810315,-0.013932976961094802,-0.97808810384426392,-0.94420055515189349,0.084702595316959728,1.1060395152117561,1.1179042410250011,0.11923693213593151,-0.8900814567833033,-0.90921854180305095,0.063535135886455721,1.030613409110821,0,0.055,0.055,0.0059999999999999984,0.055,-0.096343927085399628,-0.029509592801332474,0.064455725252628326,-0.031514037400484085,0.026767279952764511,-0.99914485216140747,1,0,0,0,0,-0.048533257097005844,-0.013932976871728897,0.021911896765232086,0.055799443274736404,0.084702596068382263,0.10603951662778854,0.11790423840284348,0.11923693120479584,0.10991854220628738,0.090781457722187042,0.063535138964653015,0.030613409355282784,0.29731231927871704,-0.4071577787399292,-0.12536883354187012,0.058622237294912338,-0.18509304523468018,-0.41837126016616821,0.073860697448253632,-0.68971270322799683,-0.07847093790769577,-0.14707492291927338,-0.11513857543468475,0.20518536865711212,-0.099004216492176056,-0.041646711528301239,0.054000586271286011,-0.030762782320380211,0.02740820124745369,-0.99915087223052979,1,0,0,0,0,-0.058200780302286148,-0.024589065462350845,0.011219117790460587,0.046025130897760391,0.076719857752323151,0.10056142508983612,0.1154201403260231,0.1199687197804451,0.11380085349082947,0.097467489540576935,0.072427652776241302,0.040918063372373581,0.29661622643470764,-0.40835312008857727,-0.13092325627803802,0.055085193365812302,-0.18504482507705688,-0.42851483821868896,0.074615903198719025,-0.69786101579666138,-0.068463429808616638,-0.14920340478420258,-0.095786362886428833,0.21076774597167969,-0.099993683397769928,-0.05308099091053009,0.04263412207365036,-0.029983885586261749,0.027980674058198929,-0.99915868043899536,1,0,0,0,0,-0.06739719957113266,-0.03504611924290657,0.00043552531860768795,0.035878263413906097,0.06811610609292984,0.094269335269927979,0.11200176924467087,0.1197294145822525,0.11676199734210968,0.10336457192897797,0.080733895301818848,0.05089149996638298,0.29521432518959045,-0.40153691172599792,-0.13432705402374268,0.055310722440481186,-0.18339754641056061,-0.43580996990203857,0.079988330602645874,-0.69435060024261475,-0.056724324822425842,-0.14916346967220306,-0.084574192762374878,0.22194574773311615,-0.099295638501644135,-0.063619464635848999,0.030548151582479477,-0.029178047552704811,0.028483269736170769,-0.99916833639144897,1,0,0,0,0,-0.07604806125164032,-0.045219488441944122,-0.010351592674851418,0.02544097974896431,0.058960985392332077,0.087214179337024689,0.10767679661512375,0.11852096021175385,0.11877800524234772,0.10842496156692505,0.08838663250207901,0.06045299768447876,0.29283556342124939,-0.39674949645996094,-0.14478310942649841,0.058921683579683304,-0.1852024644613266,-0.44959089159965515,0.075016364455223083,-0.69066953659057617,-0.038034059107303619,-0.15097896754741669,-0.072697415947914124,0.22721102833747864,0.29988989233970642,-0.40501436591148376,-0.12086429446935654,0.060207776725292206,-0.18487799167633057,-0.40900233387947083,0.070038646459579468,-0.68479090929031372,-0.088134512305259705,-0.14523932337760925,-0.13344210386276245,0.19790838658809662,0.29988989233970642,-0.40501436591148376,-0.12086429446935654,0.060207776725292206,-0.18487799167633057,-0.40900233387947083,0.070038646459579468,-0.68479090929031372,-0.088134512305259705,-0.14523932337760925,-0.13344210386276245,0.19790838658809662,1.1499449461698532,-0.40501436591148376,-1.0966914355754853,-0.9698961116373539,-0.18487799167633057,0.67279813289642332,1.0350193232297897,-0.41999999999999998,-1.0705076098442077,-1.0726196616888046,-0.13344210386276245,1.1583267092704772
-0.092057724899359011,-0.016874465543281057,0.073823099612704557,-0.032236977467070466,0.026059506521733791,-0.99914047030616837,0.96152711809367941,-0.0031641069684427781,-0.96757269177857963,-0.93487791145546573,0.091999706647903953,1.1106592649546543,1.1194339606940953,0.11753997642907096,-0.89485350386678508,-0.91663940750954154,0.054128335389314886,1.0200609552956243,0,0.055,0.055,6.9388939039072284e-18,0.055,-0.0920577272772789,-0.016874466091394424,0.073823101818561554,-0.0322369784116745,0.026059506461024284,-0.99914044141769409,1,0,0,0,0,-0.038472883403301239,-0.0031641069799661636,0.032427307218313217,0.065122090280056,0.091999709606170654,0.11065926402807236,0.11943396180868149,0.11753997951745987,0.10514649748802185,0.083360590040683746,0.054128333926200867,0.020060954615473747,0.29988989233970642,-0.40501436591148376,-0.12086429446935654,0.060207776725292206,-0.18487799167633057,-0.40900233387947083,0.070038646459579468,-0.68479090929031372,-0.088134512305259705,-0.14523932337760925,-0.13344210386276245,0.19790838658809662,-0.096343927085399628,-0.029509592801332474,0.064455725252628326,-0.031514037400484085,0.026767279952764511,-0.99914485216140747,1,0,0,0,0,-0.048533257097005844,-0.013932976871728897,0.021911896765232086,0.055799443274736404,0.084702596068382263,0.10603951662778854,0.11790423840284348,0.11923693120479584,0.10991854220628738,0.090781457722187042,0.063535138964653015,0.030613409355282784,0.29731231927871704,-0.4071577787399292,-0.12536883354187012,0.058622237294912338,-0.18509304523468018,-0.41837126016616821,0.073860697448253632,-0.68971270322799683,-0.07847093790769577,-0.14707492291927338,-0.11513857543468475,0.20518536865711212,-0.099004216492176056,-0.041646711528301239,0.054000586271286011,-0.030762782320380211,0.02740820124745369,-0.99915087223052979,1,0,0,0,0,-0.058200780302286148,-0.024589065462350845,0.011219117790460587,0.046025130897760391,0.076719857752323151,0.10056142508983612,0.1154201403260231,0.1199687197804451,0.11380085349082947,0.097467489540576935,0.072427652776241302,0.040918063372373581,0.29661622643470764,-0.40835312008857727,-0.13092325627803802,0.055085193365812302,-0.18504482507705688,-0.42851483821868896,0.074615903198719025,-0.69786101579666138,-0.068463429808616638,-0.14920340478420258,-0.095786362886428833,0.21076774597167969,-0.099993683397769928,-0.05308099091053009,0.04263412207365036,-0.029983885586261749,0.027980674058198929,-0.99915868043899536,1,0,0,0,0,-0.06739719957113266,-0.03504611924290657,0.00043552531860768795,0.035878263413906097,0.06811610609292984,0.094269335269927979,0.11200176924467087,0.1197294145822525,0.11676199734210968,0.10336457192897797,0.080733895301818848,0.05089149996638298,0.29521432518959045,-0.40153691172599792,-0.13432705402374268,0.055310722440481186,-0.18339754641056061,-0.43580996990203857,0.079988330602645874,-0.69435060024261475,-0.056724324822425842,-0.14916346967220306,-0.084574192762374878,0.22194574773311615,0.30289319157600403,-0.40095117688179016,-0.11587630212306976,0.061671171337366104,-0.18378761410713196,-0.39804533123970032,0.066655553877353668,-0.67938137054443359,-0.09746137261390686,-0.14315423369407654,-0.15233047306537628,0.19102740287780762,0.30289319157600403,-0.40095117688179016,-0.11587630212306976,0.061671171337366104,-0.18378761410713196,-0.39804533123970032,0.066655553877353668,-0.67938137054443359,-0.09746137261390686,-0.14315423369407654,-0.15233047306537628,0.19102740287780762,1.151446595788002,-0.40095117688179016,-1.0927010416984557,-0.96916441433131695,-0.18378761410713196,0.68156373500823975,1.0333277769386768,-0.41999999999999998,-1.0779690980911254,-1.0715771168470383,-0.15233047306537628,1.152821922302246
-0.086217934070234079,-0.0039545607012316745,0.081944617539092074,-0.032930952688438479,0.025286644289172898,-0.99913769720475709,0.97189891497900138,0.0076303749955690409,-0.95731976366104421,-0.92608240071735048,0.098552123227603622,1.1143832795176165,1.1199969181104614,0.11489158938946573,-0.90047666283567562,-0.92473503836420645,0.04428339124230031,1.0093461173961962,0,0.055,0.055,-0.002,0.055,-0.086217932403087616,-0.0039545604959130287,0.08194461464881897,-0.032930951565504074,0.025286644697189331,-0.99913769960403442,1,0,0,0,0,-0.028101084753870964,0.0076303752139210701,0.04268023744225502,0.073917597532272339,0.098552122712135315,0.1143832802772522,0.11999692022800446,0.11489158868789673,0.099523335695266724,0.075264960527420044,0.044283390045166016,0.00934611726552248,0.30289319157600403,-0.40095117688179016,-0.11587630212306976,0.061671171337366104,-0.18378761410713196,-0.39804533123970032,0.066655553877353668,-0.67938137054443359,-0.09746137261390686,-0.14315423369407654,-0.15233047306537628,0.19102740287780762,-0.0920577272772789,-0.016874466091394424,0.073823101818561554,-0.0322369784116745,0.026059506461024284,-0.99914044141769409,1,0,0,0,0,-0.038472883403301239,-0.0031641069799661636,0.032427307218313217,0.065122090280056,0.091999709606170654,0.11065926402807236,0.11943396180868149,0.11753997951745987,0.10514649748802185,0.083360590040683746,0.054128333926200867,0.020060954615473747,0.29988989233970642,-0.40501436591148376,-0.12086429446935654,0.060207776725292206,-0.18487799167633057,-0.40900233387947083,0.070038646459579468,-0.68479090929031372,-0.088134512305259705,-0.14523932337760925,-0.13344210386276245,0.19790838658809662,-0.096343927085399628,-0.029509592801332474,0.064455725252628326,-0.031514037400484085,0.026767279952764511,-0.99914485216140747,1,0,0,0,0,-0.048533257097005844,-0.013932976871728897,0.021911896765232086,0.055799443274736404,0.084702596068382263,0.10603951662778854,0.11790423840284348,0.11923693120479584,0.10991854220628738,0.090781457722187042,0.063535138964653015,0.030613409355282784,0.29731231927871704,-0.4071577787399292,-0.12536883354187012,0.058622237294912338,-0.18509304523468018,-0.41837126016616821,0.073860697448253632,-0.68971270322799683,-0.07847093790769577,-0.14707492291927338,-0.11513857543468475,0.20518536865711212,-0.099004216492176056,-0.041646711528301239,0.054000586271286011,-0.030762782320380211,0.02740820124745369,-0.99915087223052979,1,0,0,0,0,-0.058200780302286148,-0.024589065462350845,0.011219117790460587,0.046025130897760391,0.076719857752323151,0.10056142508983612,0.1154201403260231,0.1199687197804451,0.11380085349082947,0.097467489540576935,0.072427652776241302,0.040918063372373581,0.29661622643470764,-0.40835312008857727,-0.13092325627803802,0.055085193365812302,-0.18504482507705688,-0.42851483821868896,0.074615903198719025,-0.69786101579666138,-0.068463429808616638,-0.14920340478420258,-0.095786362886428833,0.21076774597167969,0.30672520399093628,-0.39458277821540833,-0.11200706660747528,0.062622234225273132,-0.18232385814189911,-0.38697871565818787,0.061881497502326965,-0.67505061626434326,-0.10663312673568726,-0.14085261523723602,-0.17083795368671417,0.18298543989658356,0.30672520399093628,-0.39458277821540833,-0.11200706660747528,0.062622234225273132,-0.18232385814189911,-0.38697871565818787,0.061881497502326965,-0.67505061626434326,-0.10663312673568726,-0.14085261523723602,-0.17083795368671417,0.18298543989658356,1.1533626019954681,-0.39458277821540833,-1.0896056532859801,-0.96868888288736343,-0.18232385814189911,0.69041702747344968,1.0309407487511635,-0.41999999999999998,-1.0853065013885499,-1.070426307618618,-0.17083795368671417,1.1463883519172668
-0.07892311105835724,0.0090320821478339849,0.088683220680887562,-0.033595337705316163,0.024450618888221084,-0.99913638734681698,0.98249817705178866,0.018363092629929519,-0.94741231216665855,-0.91788521849805382,0.1043068062974294,1.1171814147382357,1.1195885563961658,0.11131320847598951,-0.906905416838649,-0.93343990400803567,0.034079993680301922,0.99855562703196077,0,0.055,0.055,-0.002,0.055,-0.078923113644123077,0.009032081812620163,0.088683217763900757,-0.033595338463783264,0.024450618773698807,-0.99913638830184937,1,0,0,0,0,-0.017501823604106903,0.018363092094659805,0.052587687969207764,0.082114778459072113,0.10430680960416794,0.11718141287565231,0.11958855390548706,0.11131320893764496,0.093094579875469208,0.06656009703874588,0.034079995006322861,-0.0014443729305639863,0.30672520399093628,-0.39458277821540833,-0.11200706660747528,0.062622234225273132,-0.18232385814189911,-0.38697871565818787,0.061881497502326965,-0.67505061626434326,-0.10663312673568726,-0.14085261523723602,-0.17083795368671417,0.18298543989658356,-0.086217932403087616,-0.0039545604959130287,0.08194461464881897,-0.032930951565504074,0.025286644697189331,-0.99913769960403442,1,0,0,0,0,-0.028101084753870964,0.0076303752139210701,0.04268023744225502,0.073917597532272339,0.098552122712135315,0.1143832802772522,0.11999692022800446,0.11489158868789673,0.099523335695266724,0.075264960527420044,0.044283390045166016,0.00934611726552248,0.30289319157600403,-0.40095117688179016,-0.11587630212306976,0.061671171337366104,-0.18378761410713196,-0.39804533123970032,0.066655553877353668,-0.67938137054443359,-0.09746137261390686,-0.14315423369407654,-0.15233047306537628,0.19102740287780762,-0.0920577272772789,-0.016874466091394424,0.073823101818561554,-0.0322369784116745,0.026059506461024284,-0.99914044141769409,1,0,0,0,0,-0.038472883403301239,-0.0031641069799661636,0.032427307218313217,0.065122090280056,0.091999709606170654,0.11065926402807236,0.11943396180868149,0.11753997951745987,0.10514649748802185,0.083360590040683746,0.054128333926200867,0.020060954615473747,0.29988989233970642,-0.40501436591148376,-0.12086429446935654,0.060207776725292206,-0.18487799167633057,-0.40900233387947083,0.070038646459579468,-0.68479090929031372,-0.088134512305259705,-0.14523932337760925,-0.13344210386276245,0.19790838658809662,-0.096343927085399628,-0.029509592801332474,0.064455725252628326,-0.031514037400484085,0.026767279952764511,-0.99914485216140747,1,0,0,0,0,-0.048533257097005844,-0.013932976871728897,0.021911896765232086,0.055799443274736404,0.084702596068382263,0.10603951662778854,0.11790423840284348,0.11923693120479584,0.10991854220628738,0.090781457722187042,0.063535138964653015,0.030613409355282784,0.29731231927871704,-0.4071577787399292,-0.12536883354187012,0.058622237294912338,-0.18509304523468018,-0.41837126016616821,0.073860697448253632,-0.68971270322799683,-0.07847093790769577,-0.14707492291927338,-0.11513857543468475,0.20518536865711212,0.31146612763404846,-0.38534906506538391,-0.10852773487567902,0.062324773520231247,-0.18029788136482239,-0.37489953637123108,0.056936822831630707,-0.67103654146194458,-0.11642982065677643,-0.13821347057819366,-0.18976083397865295,0.17526985704898834,0.31146612763404846,-0.38534906506538391,-0.10852773487567902,0.062324773520231247,-0.18029788136482239,-0.37489953637123108,0.056936822831630707,-0.67103654146194458,-0.11642982065677643,-0.13821347057819366,-0.18976083397865295,0.17526985704898834,1.1557330638170242,-0.38534906506538391,-1.0868221879005433,-0.96883761323988438,-0.18029788136482239,0.70008037090301511,1.0284684114158154,-0.41999999999999998,-1.0931438565254212,-1.0691067352890968,-0.18976083397865295,1.1402158856391906
-0.070296364847540399,0.02186629765861927,0.093925186939042588,-0.034229533224455669,0.023553513420413116,-0.99913641263882991,0.99323910822507244,0.028947169587092383,-0.93793053349815991,-0.9103527171675575,0.10921717437975138,1.1190310210158991,1.1182121810489793,0.10683379901452553,-0.91408772810800443,-0.94268354261031828,0.023600734451556075,0.98777682819378909,0,0.055,0.055,-0.002,0.055,-0.070296362042427063,0.021866297349333763,0.09392518550157547,-0.03422953188419342,0.023553512990474701,-0.99913638830184937,1,0,0,0,0,-0.006760891992598772,0.028947168961167336,0.062069468200206757,0.089647285640239716,0.10921717435121536,0.11903101950883865,0.11821217834949493,0.1068338006734848,0.085912272334098816,0.057316455990076065,0.023600734770298004,-0.012223172001540661,0.31146612763404846,-0.38534906506538391,-0.10852773487567902,0.062324773520231247,-0.18029788136482239,-0.37489953637123108,0.056936822831630707,-0.67103654146194458,-0.11642982065677643,-0.13821347057819366,-0.18976083397865295,0.17526985704898834,-0.078923113644123077,0.009032081812620163,0.088683217763900757,-0.033595338463783264,0.024450618773698807,-0.99913638830184937,1,0,0,0,0,-0.017501823604106903,0.018363092094659805,0.052587687969207764,0.082114778459072113,0.10430680960416794,0.11718141287565231,0.11958855390548706,0.11131320893764496,0.093094579875469208,0.06656009703874588,0.034079995006322861,-0.0014443729305639863,0.30672520399093628,-0.39458277821540833,-0.11200706660747528,0.062622234225273132,-0.18232385814189911,-0.38697871565818787,0.061881497502326965,-0.67505061626434326,-0.10663312673568726,-0.14085261523723602,-0.17083795368671417,0.18298543989658356,-0.086217932403087616,-0.0039545604959130287,0.08194461464881897,-0.032930951565504074,0.025286644697189331,-0.99913769960403442,1,0,0,0,0,-0.028101084753870964,0.0076303752139210701,0.04268023744225502,0.073917597532272339,0.098552122712135315,0.1143832802772522,0.11999692022800446,0.11489158868789673,0.099523335695266724,0.075264960527420044,0.044283390045166016,0.00934611726552248,0.30289319157600403,-0.40095117688179016,-0.11587630212306976,0.061671171337366104,-0.18378761410713196,-0.39804533123970032,0.066655553877353668,-0.67938137054443359,-0.09746137261390686,-0.14315423369407654,-0.15233047306537628,0.19102740287780762,-0.0920577272772789,-0.016874466091394424,0.073823101818561554,-0.0322369784116745,0.026059506461024284,-0.99914044141769409,1,0,0,0,0,-0.038472883403301239,-0.0031641069799661636,0.032427307218313217,0.065122090280056,0.091999709606170654,0.11065926402807236,0.11943396180868149,0.11753997951745987,0.10514649748802185,0.083360590040683746,0.054128333926200867,0.020060954615473747,0.29988989233970642,-0.40501436591148376,-0.12086429446935654,0.060207776725292206,-0.18487799167633057,-0.40900233387947083,0.070038646459579468,-0.68479090929031372,-0.088134512305259705,-0.14523932337760925,-0.13344210386276245,0.19790838658809662,0.31713569164276123,-0.3734244704246521,-0.10585641860961914,0.060898378491401672,-0.17759492993354797,-0.36230802536010742,0.051401164382696152,-0.66837608814239502,-0.12637403607368469,-0.13553334772586823,-0.20853966474533081,0.16733898222446442,0.31713569164276123,-0.3734244704246521,-0.10585641860961914,0.060898378491401672,-0.17759492993354797,-0.36230802536010742,0.051401164382696152,-0.66837608814239502,-0.12637403607368469,-0.13553334772586823,-0.20853966474533081,0.16733898222446442,1.1585678458213806,-0.3734244704246521,-1.0846851348876954,-0.96955081075429916,-0.17759492993354797,0.71015357971191406,1.0257005821913481,-0.41999999999999998,-1.1010992288589478,-1.0677666738629341,-0.20853966474533081,1.1338711857795716
-0.060483282240628412,0.034331492881989542,0.097582051776697556,-0.03483296625484316,0.022597563473112238,-0.99913763545718148,1.0040347656665365,0.039296932696523165,-0.92895117823513318,-0.9035458688138055,0.1132434803332925,1.1199171266497501,1.1158789331859134,0.10148961973715211,-0.92196545918114603,-0.95239113122432639,0.012930438275933287,0.97709697023509745,0,0.055,0.055,-0.002,0.055,-0.060483280569314957,0.034331493079662323,0.097582049667835236,-0.034832965582609177,0.02259756438434124,-0.99913763999938965,1,0,0,0,0,0.0040347655303776264,0.039296932518482208,0.071048818528652191,0.096454128623008728,0.11324348300695419,0.1199171245098114,0.11587893217802048,0.10148961842060089,0.078034542500972748,0.047608867287635803,0.012930437922477722,-0.022903028875589371,0.31713569164276123,-0.3734244704246521,-0.10585641860961914,0.060898378491401672,-0.17759492993354797,-0.36230802536010742,0.051401164382696152,-0.66837608814239502,-0.12637403607368469,-0.13553334772586823,-0.20853966474533081,0.16733898222446442,-0.070296362042427063,0.021866297349333763,0.09392518550157547,-0.03422953188419342,0.023553512990474701,-0.99913638830184937,1,0,0,0,0,-0.006760891992598772,0.028947168961167336,0.062069468200206757,0.089647285640239716,0.10921717435121536,0.11903101950883865,0.11821217834949493,0.1068338006734848,0.085912272334098816,0.057316455990076065,0.023600734770298004,-0.012223172001540661,0.31146612763404846,-0.38534906506538391,-0.10852773487567902,0.062324773520231247,-0.18029788136482239,-0.37489953637123108,0.056936822831630707,-0.67103654146194458,-0.11642982065677643,-0.13821347057819366,-0.18976083397865295,0.17526985704898834,-0.078923113644123077,0.009032081812620163,0.088683217763900757,-0.033595338463783264,0.024450618773698807,-0.99913638830184937,1,0,0,0,0,-0.017501823604106903,0.018363092094659805,0.052587687969207764,0.082114778459072113,0.10430680960416794,0.11718141287565231,0.11958855390548706,0.11131320893764496,0.093094579875469208,0.06656009703874588,0.034079995006322861,-0.0014443729305639863,0.30672520399093628,-0.39458277821540833,-0.11200706660747528,0.062622234225273132,-0.18232385814189911,-0.38697871565818787,0.061881497502326965,-0.67505061626434326,-0.10663312673568726,-0.14085261523723602,-0.17083795368671417,0.18298543989658356,-0.086217932403087616,-0.0039545604959130287,0.08194461464881897,-0.032930951565504074,0.025286644697189331,-0.99913769960403442,1,0,0,0,0,-0.028101084753870964,0.0076303752139210701,0.04268023744225502,0.073917597532272339,0.098552122712135315,0.1143832802772522,0.11999692022800446,0.11489158868789673,0.099523335695266724,0.075264960527420044,0.044283390045166016,0.00934611726552248,0.30289319157600403,-0.40095117688179016,-0.11587630212306976,0.061671171337366104,-0.18378761410713196,-0.39804533123970032,0.066655553877353668,-0.67938137054443359,-0.09746137261390686,-0.14315423369407654,-0.15233047306537628,0.19102740287780762,0.32344651222229004,-0.35878342390060425,-0.10383801162242889,0.058484889566898346,-0.17415179312229156,-0.34932959079742432,0.045805420726537704,-0.66674894094467163,-0.13655534386634827,-0.13307550549507141,-0.22703099250793457,0.15987907350063324,0.32344651222229004,-0.35878342390060425,-0.10383801162242889,0.058484889566898346,-0.17415179312229156,-0.34932959079742432,0.045805420726537704,-0.66674894094467163,-0.13655534386634827,-0.13307550549507141,-0.22703099250793457,0.15987907350063324,1.161723256111145,-0.35878342390060425,-1.0830704092979431,-0.97075755521655083,-0.17415179312229156,0.72053632736206052,1.0229027103632689,-0.41999999999999998,-1.1092442750930787,-1.0665377527475357,-0.22703099250793457,1.1279032588005067
-0.049649470905666349,0.046217302533623682,0.099592101165510927,-0.035405090691952835,0.021585151708835383,-0.99913991051243745,1.0147977635602274,0.049328605449088903,-0.92054693007383792,-0.89751977170206676,0.116353133087714,1.119832559027629,1.1126076993610701,0.095323929284603814,-0.93047484349624821,-0.96248409144419855,0.0021554762283612352,0.96660250162899142,0,0.055,0.055,-0.002,0.055,-0.049649469554424286,0.046217303723096848,0.099592104554176331,-0.035405091941356659,0.021585151553153992,-0.99913990497589111,1,0,0,0,0,0.014797763898968697,0.049328606575727463,0.079453073441982269,0.10248022526502609,0.11635313183069229,0.11983256042003632,0.11260770261287689,0.095323927700519562,0.069525159895420074,0.037515908479690552,0.0021554762497544289,-0.033397499471902847,0.32344651222229004,-0.35878342390060425,-0.10383801162242889,0.058484889566898346,-0.17415179312229156,-0.34932959079742432,0.045805420726537704,-0.66674894094467163,-0.13655534386634827,-0.13307550549507141,-0.22703099250793457,0.15987907350063324,-0.060483280569314957,0.034331493079662323,0.097582049667835236,-0.034832965582609177,0.02259756438434124,-0.99913763999938965,1,0,0,0,0,0.0040347655303776264,0.039296932518482208,0.071048818528652191,0.096454128623008728,0.11324348300695419,0.1199171245098114,0.11587893217802048,0.10148961842060089,0.078034542500972748,0.047608867287635803,0.012930437922477722,-0.022903028875589371,0.31713569164276123,-0.3734244704246521,-0.10585641860961914,0.060898378491401672,-0.17759492993354797,-0.36230802536010742,0.051401164382696152,-0.66837608814239502,-0.12637403607368469,-0.13553334772586823,-0.20853966474533081,0.16733898222446442,-0.070296362042427063,0.021866297349333763,0.09392518550157547,-0.03422953188419342,0.023553512990474701,-0.99913638830184937,1,0,0,0,0,-0.006760891992598772,0.028947168961167336,0.062069468200206757,0.089647285640239716,0.10921717435121536,0.11903101950883865,0.11821217834949493,0.1068338006734848,0.085912272334098816,0.057316455990076065,0.023600734770298004,-0.012223172001540661,0.31146612763404846,-0.38534906506538391,-0.10852773487567902,0.062324773520231247,-0.18029788136482239,-0.37489953637123108,0.056936822831630707,-0.67103654146194458,-0.11642982065677643,-0.13821347057819366,-0.18976083397865295,0.17526985704898834,-0.078923113644123077,0.009032081812620163,0.088683217763900757,-0.033595338463783264,0.024450618773698807,-0.99913638830184937,1,0,0,0,0,-0.017501823604106903,0.018363092094659805,0.052587687969207764,0.082114778459072113,0.10430680960416794,0.11718141287565231,0.11958855390548706,0.11131320893764496,0.093094579875469208,0.06656009703874588,0.034079995006322861,-0.0014443729305639863,0.30672520399093628,-0.39458277821540833,-0.11200706660747528,0.062622234225273132,-0.18232385814189911,-0.38697871565818787,0.061881497502326965,-0.67505061626434326,-0.10663312673568726,-0.14085261523723602,-0.17083795368671417,0.18298543989658356,0.33030125498771667,-0.34159275889396667,-0.10277673602104187,0.055545922368764877,-0.1702260822057724,-0.33672749996185303,0.040142033249139786,-0.6665111780166626,-0.14626841247081757,-0.13092075288295746,-0.24478912353515625,0.15307031571865082,0.33030125498771667,-0.34159275889396667,-0.10277673602104187,0.055545922368764877,-0.1702260822057724,-0.33672749996185303,0.040142033249139786,-0.6665111780166626,-0.14626841247081757,-0.13092075288295746,-0.24478912353515625,0.15307031571865082,1.1651506274938583,-0.34159275889396667,-1.0822213888168335,-0.97222703881561756,-0.1702260822057724,0.73061800003051758,1.0200710166245699,-0.41999999999999998,-1.117014729976654,-1.0654603764414787,-0.24478912353515625,1.1224562525749207
-0.037977764545691475,0.057323139163268477,0.099921413084719912,-0.035945387891803099,0.020518802080538225,-0.99914308677510622,1.025440980454011,0.058960986128857723,-0.91278581748655829,-0.8923232042801551,0.1185209614531416,1.1187780026850263,1.1084249586877881,0.08838663604773439,-0.93954700155285753,-0.97288072546051674,-0.0086369333947757723,0.9563783702081633,0,0.055,0.055,-0.002,0.055,-0.037977766245603561,0.057323139160871506,0.099921412765979767,-0.035945389419794083,0.020518802106380463,-0.99914306402206421,1,0,0,0,0,0.02544097974896431,0.058960985392332077,0.087214179337024689,0.10767679661512375,0.11852096021175385,0.11877800524234772,0.10842496156692505,0.08838663250207901,0.06045299768447876,0.02711927518248558,-0.0086369337514042854,-0.043621629476547241,0.33030125498771667,-0.34159275889396667,-0.10277673602104187,0.055545922368764877,-0.1702260822057724,-0.33672749996185303,0.040142033249139786,-0.6665111780166626,-0.14626841247081757,-0.13092075288295746,-0.24478912353515625,0.15307031571865082,-0.049649469554424286,0.046217303723096848,0.099592104554176331,-0.035405091941356659,0.021585151553153992,-0.99913990497589111,1,0,0,0,0,0.014797763898968697,0.049328606575727463,0.079453073441982269,0.10248022526502609,0.11635313183069229,0.11983256042003632,0.11260770261287689,0.095323927700519562,0.069525159895420074,0.037515908479690552,0.0021554762497544289,-0.033397499471902847,0.32344651222229004,-0.35878342390060425,-0.10383801162242889,0.058484889566898346,-0.17415179312229156,-0.34932959079742432,0.045805420726537704,-0.66674894094467163,-0.13655534386634827,-0.13307550549507141,-0.22703099250793457,0.15987907350063324,-0.060483280569314957,0.034331493079662323,0.097582049667835236,-0.034832965582609177,0.02259756438434124,-0.99913763999938965,1,0,0,0,0,0.0040347655303776264,0.039296932518482208,0.071048818528652191,0.096454128623008728,0.11324348300695419,0.1199171245098114,0.11587893217802048,0.10148961842060089,0.078034542500972748,0.047608867287635803,0.012930437922477722,-0.022903028875589371,0.31713569164276123,-0.3734244704246521,-0.10585641860961914,0.060898378491401672,-0.17759492993354797,-0.36230802536010742,0.051401164382696152,-0.66837608814239502,-0.12637403607368469,-0.13553334772586823,-0.20853966474533081,0.16733898222446442,-0.070296362042427063,0.021866297349333763,0.09392518550157547,-0.03422953188419342,0.023553512990474701,-0.99913638830184937,1,0,0,0,0,-0.006760891992598772,0.028947168961167336,0.062069468200206757,0.089647285640239716,0.10921717435121536,0.11903101950883865,0.11821217834949493,0.1068338006734848,0.085912272334098816,0.057316455990076065,0.023600734770298004,-0.012223172001540661,0.31146612763404846,-0.38534906506538391,-0.10852773487567902,0.062324773520231247,-0.18029788136482239,-0.37489953637123108,0.056936822831630707,-0.67103654146194458,-0.11642982065677643,-0.13821347057819366,-0.18976083397865295,0.17526985704898834,0.3375512957572937,-0.32190963625907898,-0.10237950086593628,0.052021831274032593,-0.16582384705543518,-0.32462528347969055,0.034478705376386642,-0.66765445470809937,-0.15523619949817657,-0.12925688922405243,-0.26175549626350403,0.14724774658679962,0.3375512957572937,-0.32190963625907898,-0.10237950086593628,0.052021831274032593,-0.16582384705543518,-0.32462528347969055,0.034478705376386642,-0.66765445470809937,-0.15523619949817657,-0.12925688922405243,-0.26175549626350403,0.14724774658679962,1.1687756478786469,-0.32190963625907898,-1.0819036006927489,-0.9739890843629837,-0.16582384705543518,0.74029977321624751,1.0172393526881933,-0.41999999999999998,-1.1241889595985413,-1.0646284446120262,-0.26175549626350403,1.1177981972694397
-0.02566513735829401,0.067461578311189971,0.098564429996374062,-0.036453367232616364,0.019401173683210714,-0.9991470094421131,1.0358782644671267,0.068116105103147362,-0.90573066306282379,-0.88799823033962577,0.11972941786921722,1.1167619937640869,1.1033645685025602,0.080733894182351218,-0.94910849845934908,-0.98349687736599944,-0.019359431067100218,0.94650733555177424,0,0.055,0.055,-0.002,0.055,-0.02566513791680336,0.067461580038070679,0.098564431071281433,-0.036453366279602051,0.019401174038648605,-0.99914699792861938,1,0,0,0,0,0.035878263413906097,0.06811610609292984,0.094269335269927979,0.11200176924467087,0.1197294145822525,0.11676199734210968,0.10336457192897797,0.080733895301818848,0.05089149996638298,0.016503121703863144,-0.01935943029820919,-0.05349266529083252,0.3375512957572937,-0.32190963625907898,-0.10237950086593628,0.052021831274032593,-0.16582384705543518,-0.32462528347969055,0.034478705376386642,-0.66765445470809937,-0.15523619949817657,-0.12925688922405243,-0.26175549626350403,0.14724774658679962,-0.037977766245603561,0.057323139160871506,0.099921412765979767,-0.035945389419794083,0.020518802106380463,-0.99914306402206421,1,0,0,0,0,0.02544097974896431,0.058960985392332077,0.087214179337024689,0.10767679661512375,0.11852096021175385,0.11877800524234772,0.10842496156692505,0.08838663250207901,0.06045299768447876,0.02711927518248558,-0.0086369337514042854,-0.043621629476547241,0.33030125498771667,-0.34159275889396667,-0.10277673602104187,0.055545922368764877,-0.1702260822057724,-0.33672749996185303,0.040142033249139786,-0.6665111780166626,-0.14626841247081757,-0.13092075288295746,-0.24478912353515625,0.15307031571865082,-0.049649469554424286,0.046217303723096848,0.099592104554176331,-0.035405091941356659,0.021585151553153992,-0.99913990497589111,1,0,0,0,0,0.014797763898968697,0.049328606575727463,0.079453073441982269,0.10248022526502609,0.11635313183069229,0.11983256042003632,0.11260770261287689,0.095323927700519562,0.069525159895420074,0.037515908479690552,0.0021554762497544289,-0.033397499471902847,0.32344651222229004,-0.35878342390060425,-0.10383801162242889,0.058484889566898346,-0.17415179312229156,-0.34932959079742432,0.045805420726537704,-0.66674894094467163,-0.13655534386634827,-0.13307550549507141,-0.22703099250793457,0.15987907350063324,-0.060483280569314957,0.034331493079662323,0.097582049667835236,-0.034832965582609177,0.02259756438434124,-0.99913763999938965,1,0,0,0,0,0.0040347655303776264,0.039296932518482208,0.071048818528652191,0.096454128623008728,0.11324348300695419,0.1199171245098114,0.11587893217802048,0.10148961842060089,0.078034542500972748,0.047608867287635803,0.012930437922477722,-0.022903028875589371,0.31713569164276123,-0.3734244704246521,-0.10585641860961914,0.060898378491401672,-0.17759492993354797,-0.36230802536010742,0.051401164382696152,-0.66837608814239502,-0.12637403607368469,-0.13553334772586823,-0.20853966474533081,0.16733898222446442,0.34501570463180542,-0.29971331357955933,-0.10256269574165344,0.04786619171500206,-0.16091667115688324,-0.31308874487876892,0.028716305270791054,-0.67019563913345337,-0.16312383115291595,-0.12832823395729065,-0.2778705358505249,0.14245830476284027,0.34501570463180542,-0.29971331357955933,-0.10256269574165344,0.04786619171500206,-0.16091667115688324,-0.31308874487876892,0.028716305270791054,-0.67019563913345337,-0.16312383115291595,-0.12832823395729065,-0.2778705358505249,0.14245830476284027,1.1725078523159027,-0.29971331357955933,-1.0820501565933227,-0.97606690414249897,-0.16091667115688324,0.74952900409698486,1.0143581526353955,-0.41999999999999998,-1.1304990649223328,-1.0641641169786453,-0.2778705358505249,1.1139666438102722
-0.01291937985718886,0.076461521523195547,0.095544052635526761,-0.03692856666168632,0.018235054253359535,-0.99915152192282153,1.046025130649513,0.076719855950366025,-0.89943857498982338,-0.88457985852898569,0.11996872044442237,1.1138008509175172,1.0974674903056727,0.072427649067493285,-0.95908193835415168,-0.99424661435835338,-0.029925223166895769,0.93706929908522862,0,0.055,0.055,-0.002,0.055,-0.012919379398226738,0.076461523771286011,0.095544055104255676,-0.036928568035364151,0.018235053867101669,-0.99915152788162231,1,0,0,0,0,0.046025130897760391,0.076719857752323151,0.10056142508983612,0.1154201403260231,0.1199687197804451,0.11380085349082947,0.097467489540576935,0.072427652776241302,0.040918063372373581,0.0057533858343958855,-0.02992522343993187,-0.062930703163146973,0.34501570463180542,-0.29971331357955933,-0.10256269574165344,0.04786619171500206,-0.16091667115688324,-0.31308874487876892,0.028716305270791054,-0.67019563913345337,-0.16312383115291595,-0.12832823395729065,-0.2778705358505249,0.14245830476284027,-0.02566513791680336,0.067461580038070679,0.098564431071281433,-0.036453366279602051,0.019401174038648605,-0.99914699792861938,1,0,0,0,0,0.035878263413906097,0.06811610609292984,0.094269335269927979,0.11200176924467087,0.1197294145822525,0.11676199734210968,0.10336457192897797,0.080733895301818848,0.05089149996638298,0.016503121703863144,-0.01935943029820919,-0.05349266529083252,0.3375512957572937,-0.32190963625907898,-0.10237950086593628,0.052021831274032593,-0.16582384705543518,-0.32462528347969055,0.034478705376386642,-0.66765445470809937,-0.15523619949817657,-0.12925688922405243,-0.26175549626350403,0.14724774658679962,-0.037977766245603561,0.057323139160871506,0.099921412765979767,-0.035945389419794083,0.020518802106380463,-0.99914306402206421,1,0,0,0,0,0.02544097974896431,0.058960985392332077,0.087214179337024689,0.10767679661512375,0.11852096021175385,0.11877800524234772,0.10842496156692505,0.08838663250207901,0.06045299768447876,0.02711927518248558,-0.0086369337514042854,-0.043621629476547241,0.33030125498771667,-0.34159275889396667,-0.10277673602104187,0.055545922368764877,-0.1702260822057724,-0.33672749996185303,0.040142033249139786,-0.6665111780166626,-0.14626841247081757,-0.13092075288295746,-0.24478912353515625,0.15307031571865082,-0.049649469554424286,0.046217303723096848,0.099592104554176331,-0.035405091941356659,0.021585151553153992,-0.99913990497589111,1,0,0,0,0,0.014797763898968697,0.049328606575727463,0.079453073441982269,0.10248022526502609,0.11635313183069229,0.11983256042003632,0.11260770261287689,0.095323927700519562,0.069525159895420074,0.037515908479690552,0.0021554762497544289,-0.033397499471902847,0.32344651222229004,-0.35878342390060425,-0.10383801162242889,0.058484889566898346,-0.17415179312229156,-0.34932959079742432,0.045805420726537704,-0.66674894094467163,-0.13655534386634827,-0.13307550549507141,-0.22703099250793457,0.15987907350063324,0.35235735774040222,-0.27507829666137695,-0.10313806682825089,0.04309936985373497,-0.15552075207233429,-0.30193537473678589,0.022948209196329117,-0.67413365840911865,-0.16981671750545502,-0.12827442586421967,-0.29313057661056519,0.13876347243785858,0.35235735774040222,-0.27507829666137695,-0.10313806682825089,0.04309936985373497,-0.15552075207233429,-0.30193537473678589,0.022948209196329117,-0.67413365840911865,-0.16981671750545502,-0.12827442586421967,-0.29313057661056519,0.13876347243785858,1.1761786788702011,-0.27507829666137695,-1.0825104534626007,-0.97845031507313251,-0.15552075207233429,0.75845170021057129,1.0114741045981646,-0.41999999999999998,-1.1358533740043639,-1.0641372129321098,-0.29313057661056519,1.1110107779502869
4.4407844664619136e-05,0.084171083844517838,0.090911253532562408,-0.037370553224894146,0.017023353329237663,-0.99915646782328005,1.0557994448481063,0.084702595316959728,-0.89396048478824386,-0.88209575897499881,0.11923693213593152,1.1099185432166967,1.0907814581969493,0.063535135886455887,-0.96938659088917911,-1.0050429223262607,-0.040248784531026961,0.92814065731537188,0,0.055,0.055,-0.002,0.055,4.4407843233784661e-05,0.084171086549758911,0.090911254286766052,-0.037370551377534866,0.017023352906107903,-0.99915647506713867,1,0,0,0,0,0.055799443274736404,0.084702596068382263,0.10603951662778854,0.11790423840284348,0.11923693120479584,0.10991854220628738,0.090781457722187042,0.063535138964653015,0.030613409355282784,-0.0050429222173988819,-0.04024878516793251,-0.071859344840049744,0.35235735774040222,-0.27507829666137695,-0.10313806682825089,0.04309936985373497,-0.15552075207233429,-0.30193537473678589,0.022948209196329117,-0.67413365840911865,-0.16981671750545502,-0.12827442586421967,-0.29313057661056519,0.13876347243785858,-0.012919379398226738,0.076461523771286011,0.095544055104255676,-0.036928568035364151,0.018235053867101669,-0.99915152788162231,1,0,0,0,0,0.046025130897760391,0.076719857752323151,0.10056142508983612,0.1154201403260231,0.1199687197804451,0.11380085349082947,0.097467489540576935,0.072427652776241302,0.040918063372373581,0.0057533858343958855,-0.02992522343993187,-0.062930703163146973,0.34501570463180542,-0.29971331357955933,-0.10256269574165344,0.04786619171500206,-0.16091667115688324,-0.31308874487876892,0.028716305270791054,-0.67019563913345337,-0.16312383115291595,-0.12832823395729065,-0.2778705358505249,0.14245830476284027,-0.02566513791680336,0.067461580038070679,0.098564431071281433,-0.036453366279602051,0.019401174038648605,-0.99914699792861938,1,0,0,0,0,0.035878263413906097,0.06811610609292984,0.094269335269927979,0.11200176924467087,0.1197294145822525,0.11676199734210968,0.10336457192897797,0.080733895301818848,0.05089149996638298,0.016503121703863144,-0.01935943029820919,-0.05349266529083252,0.3375512957572937,-0.32190963625907898,-0.10237950086593628,0.052021831274032593,-0.16582384705543518,-0.32462528347969055,0.034478705376386642,-0.66765445470809937,-0.15523619949817657,-0.12925688922405243,-0.26175549626350403,0.14724774658679962,-0.037977766245603561,0.057323139160871506,0.099921412765979767,-0.035945389419794083,0.020518802106380463,-0.99914306402206421,1,0,0,0,0,0.02544097974896431,0.058960985392332077,0.087214179337024689,0.10767679661512375,0.11852096021175385,0.11877800524234772,0.10842496156692505,0.08838663250207901,0.06045299768447876,0.02711927518248558,-0.0086369337514042854,-0.043621629476547241,0.33030125498771667,-0.34159275889396667,-0.10277673602104187,0.055545922368764877,-0.1702260822057724,-0.33672749996185303,0.040142033249139786,-0.6665111780166626,-0.14626841247081757,-0.13092075288295746,-0.24478912353515625,0.15307031571865082,0.35947436094284058,-0.24815310537815094,-0.10399473458528519,0.037723984569311142,-0.14964146912097931,-0.29103127121925354,0.017111249268054962,-0.67942887544631958,-0.17499072849750519,-0.12941890954971313,-0.30748638510704041,0.13608883321285248,0.35947436094284058,-0.24815310537815094,-0.10399473458528519,0.037723984569311142,-0.14964146912097931,-0.29103127121925354,0.017111249268054962,-0.67942887544631958,-0.17499072849750519,-0.12941890954971313,-0.30748638510704041,0.13608883321285248,1.1797371804714203,-0.24815310537815094,-1.0831957876682281,-0.98113800771534443,-0.14964146912097931,0.76717498302459719,1.0085556246340275,-0.41999999999999998,-1.1399925827980042,-1.0647094547748566,-0.30748638510704041,1.1088710665702819
0.013007446110291391,0.090460157062596872,0.084744216789938959,-0.037778923576192447,0.015769095086010886,-0.99916169290740553,1.0651220885445341,0.091999706647903953,-0.88934073504534572,-0.88056603930590471,0.11753997642907101,1.1051464961332151,1.0833605924904586,0.05412833538931508,-0.97993904470437554,-1.0157984101880597,-0.050246550741279178,0.91979368343636969,0,0.055,0.055,-0.002,0.055,0.013007446192204952,0.090460158884525299,0.08474421501159668,-0.037778925150632858,0.015769094228744507,-0.99916172027587891,1,0,0,0,0,0.065122090280056,0.091999709606170654,0.11065926402807236,0.11943396180868149,0.11753997951745987,0.10514649748802185,0.083360590040683746,0.054128333926200867,0.020060954615473747,-0.015798410400748253,-0.050246551632881165,-0.080206319689750671,0.35947436094284058,-0.24815310537815094,-0.10399473458528519,0.037723984569311142,-0.14964146912097931,-0.29103127121925354,0.017111249268054962,-0.67942887544631958,-0.17499072849750519,-0.12941890954971313,-0.30748638510704041,0.13608883321285248,4.4407843233784661e-05,0.084171086549758911,0.090911254286766052,-0.037370551377534866,0.017023352906107903,-0.99915647506713867,1,0,0,0,0,0.055799443274736404,0.084702596068382263,0.10603951662778854,0.11790423840284348,0.11923693120479584,0.10991854220628738,0.090781457722187042,0.063535138964653015,0.030613409355282784,-0.0050429222173988819,-0.04024878516793251,-0.071859344840049744,0.35235735774040222,-0.27507829666137695,-0.10313806682825089,0.04309936985373497,-0.15552075207233429,-0.30193537473678589,0.022948209196329117,-0.67413365840911865,-0.16981671750545502,-0.12827442586421967,-0.29313057661056519,0.13876347243785858,-0.012919379398226738,0.076461523771286011,0.095544055104255676,-0.036928568035364151,0.018235053867101669,-0.99915152788162231,1,0,0,0,0,0.046025130897760391,0.076719857752323151,0.10056142508983612,0.1154201403260231,0.1199687197804451,0.11380085349082947,0.097467489540576935,0.072427652776241302,0.040918063372373581,0.0057533858343958855,-0.02992522343993187,-0.062930703163146973,0.34501570463180542,-0.29971331357955933,-0.10256269574165344,0.04786619171500206,-0.16091667115688324,-0.31308874487876892,0.028716305270791054,-0.67019563913345337,-0.16312383115291595,-0.12832823395729065,-0.2778705358505249,0.14245830476284027,-0.02566513791680336,0.067461580038070679,0.098564431071281433,-0.036453366279602051,0.019401174038648605,-0.99914699792861938,1,0,0,0,0,0.035878263413906097,0.06811610609292984,0.094269335269927979,0.11200176924467087,0.1197294145822525,0.11676199734210968,0.10336457192897797,0.080733895301818848,0.05089149996638298,0.016503121703863144,-0.01935943029820919,-0.05349266529083252,0.3375512957572937,-0.32190963625907898,-0.10237950086593628,0.052021831274032593,-0.16582384705543518,-0.32462528347969055,0.034478705376386642,-0.66765445470809937,-0.15523619949817657,-0.12925688922405243,-0.26175549626350403,0.14724774658679962,0.36610487103462219,-0.21936967968940735,-0.10514950007200241,0.03190087154507637,-0.14340940117835999,-0.28030592203140259,0.011290824972093105,-0.68586236238479614,-0.17822113633155823,-0.13204336166381836,-0.32079553604125977,0.13446351885795593,0.36610487103462219,-0.21936967968940735,-0.10514950007200241,0.03190087154507637,-0.14340940117835999,-0.28030592203140259,0.011290824972093105,-0.68586236238479614,-0.17822113633155823,-0.13204336166381836,-0.32079553604125977,0.13446351885795593,1.1830524355173111,-0.21936967968940735,-1.0841196000576019,-0.98404956422746181,-0.14340940117835999,0.77575526237487791,1.0056454124860466,-0.41999999999999998,-1.1425769090652467,-1.0660216808319092,-0.32079553604125977,1.1075708150863648
0.025750967950362552,0.095222605440933597,0.077147018630654429,-0.038153304464295004,0.014475410861411672,-0.99916704701408565,1.0739175992826493,0.098552123227603622,-0.8856167204823836,-0.88000308188953857,0.1148915893894658,1.0995233371643245,1.0752649616357937,0.044283391242300504,-0.99065388260380371,-1.0264260172818245,-0.05983759453937796,0.91209594231188262,0,0.055,0.055,-0.002,0.055,0.025750968605279922,0.095222607254981995,0.077147021889686584,-0.038153305649757385,0.014475410804152489,-0.99916702508926392,1,0,0,0,0,0.073917597532272339,0.098552122712135315,0.1143832802772522,0.11999692022800446,0.11489158868789673,0.099523335695266724,0.075264960527420044,0.044283390045166016,0.00934611726552248,-0.026426017284393311,-0.059837594628334045,-0.087904058396816254,0.36610487103462219,-0.21936967968940735,-0.10514950007200241,0.03190087154507637,-0.14340940117835999,-0.28030592203140259,0.011290824972093105,-0.68586236238479614,-0.17822113633155823,-0.13204336166381836,-0.32079553604125977,0.13446351885795593,0.013007446192204952,0.090460158884525299,0.08474421501159668,-0.037778925150632858,0.015769094228744507,-0.99916172027587891,1,0,0,0,0,0.065122090280056,0.091999709606170654,0.11065926402807236,0.11943396180868149,0.11753997951745987,0.10514649748802185,0.083360590040683746,0.054128333926200867,0.020060954615473747,-0.015798410400748253,-0.050246551632881165,-0.080206319689750671,0.35947436094284058,-0.24815310537815094,-0.10399473458528519,0.037723984569311142,-0.14964146912097931,-0.29103127121925354,0.017111249268054962,-0.67942887544631958,-0.17499072849750519,-0.12941890954971313,-0.30748638510704041,0.13608883321285248,4.4407843233784661e-05,0.084171086549758911,0.090911254286766052,-0.037370551377534866,0.017023352906107903,-0.99915647506713867,1,0,0,0,0,0.055799443274736404,0.084702596068382263,0.10603951662778854,0.11790423840284348,0.11923693120479584,0.10991854220628738,0.090781457722187042,0.063535138964653015,0.030613409355282784,-0.0050429222173988819,-0.04024878516793251,-0.071859344840049744,0.35235735774040222,-0.27507829666137695,-0.10313806682825089,0.04309936985373497,-0.15552075207233429,-0.30193537473678589,0.022948209196329117,-0.67413365840911865,-0.16981671750545502,-0.12827442586421967,-0.29313057661056519,0.13876347243785858,-0.012919379398226738,0.076461523771286011,0.095544055104255676,-0.036928568035364151,0.018235053867101669,-0.99915152788162231,1,0,0,0,0,0.046025130897760391,0.076719857752323151,0.10056142508983612,0.1154201403260231,0.1199687197804451,0.11380085349082947,0.097467489540576935,0.072427652776241302,0.040918063372373581,0.0057533858343958855,-0.02992522343993187,-0.062930703163146973,0.34501570463180542,-0.29971331357955933,-0.10256269574165344,0.04786619171500206,-0.16091667115688324,-0.31308874487876892,0.028716305270791054,-0.67019563913345337,-0.16312383115291595,-0.12832823395729065,-0.2778705358505249,0.14245830476284027,0.37227991223335266,-0.18922719359397888,-0.10637505352497101,0.025733316317200661,-0.13692149519920349,-0.26988703012466431,0.005630801897495985,-0.69301992654800415,-0.17936746776103973,-0.13631749153137207,-0.33274981379508972,0.13383153080940247,0.37227991223335266,-0.18922719359397888,-0.10637505352497101,0.025733316317200661,-0.13692149519920349,-0.26988703012466431,0.005630801897495985,-0.69301992654800415,-0.17936746776103973,-0.13631749153137207,-0.33274981379508972,0.13383153080940247,1.1861399561166763,-0.18922719359397888,-1.0851000428199769,-0.98713334184139967,-0.13692149519920349,0.78409037590026853,1.002815400948748,-0.41999999999999998,-1.1434939742088317,-1.068158745765686,-0.33274981379508972,1.1070652246475219
0.03805991098140956,0.098378056888339616,0.06824787098578429,-0.038493353193773318,0.013145531388804284,-0.9991723859096614,1.0821147815019461,0.10430680629742951,-0.88281858526176427,-0.88041144360383417,0.11131320847598951,1.093094583161351,1.0665600959919641,0.034079993680301922,-1.0014443729680393,-1.0368397180808511,-0.068944280895435681,0.905109743568981,0,0.055,0.055,-0.002,0.055,0.038059912621974945,0.098378054797649384,0.068247869610786438,-0.038493353873491287,0.01314553152769804,-0.9991723895072937,1,0,0,0,0,0.082114778459072113,0.10430680960416794,0.11718141287565231,0.11958855390548706,0.11131320893764496,0.093094579875469208,0.06656009703874588,0.034079995006322861,-0.0014443729305639863,-0.036839719861745834,-0.068944282829761505,-0.094890259206295013,0.37227991223335266,-0.18922719359397888,-0.10637505352497101,0.025733316317200661,-0.13692149519920349,-0.26988703012466431,0.005630801897495985,-0.69301992654800415,-0.17936746776103973,-0.13631749153137207,-0.33274981379508972,0.13383153080940247,0.025750968605279922,0.095222607254981995,0.077147021889686584,-0.038153305649757385,0.014475410804152489,-0.99916702508926392,1,0,0,0,0,0.073917597532272339,0.098552122712135315,0.1143832802772522,0.11999692022800446,0.11489158868789673,0.099523335695266724,0.075264960527420044,0.044283390045166016,0.00934611726552248,-0.026426017284393311,-0.059837594628334045,-0.087904058396816254,0.36610487103462219,-0.21936967968940735,-0.10514950007200241,0.03190087154507637,-0.14340940117835999,-0.28030592203140259,0.011290824972093105,-0.68586236238479614,-0.17822113633155823,-0.13204336166381836,-0.32079553604125977,0.13446351885795593,0.013007446192204952,0.090460158884525299,0.08474421501159668,-0.037778925150632858,0.015769094228744507,-0.99916172027587891,1,0,0,0,0,0.065122090280056,0.091999709606170654,0.11065926402807236,0.11943396180868149,0.11753997951745987,0.10514649748802185,0.083360590040683746,0.054128333926200867,0.020060954615473747,-0.015798410400748253,-0.050246551632881165,-0.080206319689750671,0.35947436094284058,-0.24815310537815094,-0.10399473458528519,0.037723984569311142,-0.14964146912097931,-0.29103127121925354,0.017111249268054962,-0.67942887544631958,-0.17499072849750519,-0.12941890954971313,-0.30748638510704041,0.13608883321285248,4.4407843233784661e-05,0.084171086549758911,0.090911254286766052,-0.037370551377534866,0.017023352906107903,-0.99915647506713867,1,0,0,0,0,0.055799443274736404,0.084702596068382263,0.10603951662778854,0.11790423840284348,0.11923693120479584,0.10991854220628738,0.090781457722187042,0.063535138964653015,0.030613409355282784,-0.0050429222173988819,-0.04024878516793251,-0.071859344840049744,0.35235735774040222,-0.27507829666137695,-0.10313806682825089,0.04309936985373497,-0.15552075207233429,-0.30193537473678589,0.022948209196329117,-0.67413365840911865,-0.16981671750545502,-0.12827442586421967,-0.29313057661056519,0.13876347243785858,0.37801668047904968,-0.15839311480522156,-0.10733166337013245,0.019208002835512161,-0.13022059202194214,-0.25966173410415649,0.00031618401408195496,-0.70047575235366821,-0.17853419482707977,-0.14235217869281769,-0.34322011470794678,0.13402248919010162,0.37801668047904968,-0.15839311480522156,-0.10733166337013245,0.019208002835512161,-0.13022059202194214,-0.25966173410415649,0.00031618401408195496,-0.70047575235366821,-0.17853419482707977,-0.14235217869281769,-0.34322011470794678,0.13402248919010162,1.1890083402395248,-0.15839311480522156,-1.0858653306961059,-0.99039599858224392,-0.13022059202194214,0.79227061271667476,1.000158092007041,-0.41999999999999998,-1.1428273558616637,-1.0711760893464088,-0.34322011470794678,1.1072179913520812
0.049726546864322554,0.099873259335432674,0.058196957762679427,-0.038798758057768376,0.011782778755956042,-0.99917757305594235,1.0896472828324424,0.10921717437975147,-0.88096897898410087,-0.88178781895102076,0.10683379901452553,1.0859122718919956,1.0573164573896816,0.023600734451556075,-1.0122231718062111,-1.0469552185302053,-0.077492895427333244,0.89889163723075294,0,0.055,0.055,-0.002,0.055,0.049726545810699463,0.099873259663581848,0.058196958154439926,-0.038798756897449493,0.011782778427004814,-0.99917757511138916,1,0,0,0,0,0.089647285640239716,0.10921717435121536,0.11903101950883865,0.11821217834949493,0.1068338006734848,0.085912272334098816,0.057316455990076065,0.023600734770298004,-0.012223172001540661,-0.04695521667599678,-0.077492892742156982,-0.1011083647608757,0.37801668047904968,-0.15839311480522156,-0.10733166337013245,0.019208002835512161,-0.13022059202194214,-0.25966173410415649,0.00031618401408195496,-0.70047575235366821,-0.17853419482707977,-0.14235217869281769,-0.34322011470794678,0.13402248919010162,0.038059912621974945,0.098378054797649384,0.068247869610786438,-0.038493353873491287,0.01314553152769804,-0.9991723895072937,1,0,0,0,0,0.082114778459072113,0.10430680960416794,0.11718141287565231,0.11958855390548706,0.11131320893764496,0.093094579875469208,0.06656009703874588,0.034079995006322861,-0.0014443729305639863,-0.036839719861745834,-0.068944282829761505,-0.094890259206295013,0.37227991223335266,-0.18922719359397888,-0.10637505352497101,0.025733316317200661,-0.13692149519920349,-0.26988703012466431,0.005630801897495985,-0.69301992654800415,-0.17936746776103973,-0.13631749153137207,-0.33274981379508972,0.13383153080940247,0.025750968605279922,0.095222607254981995,0.077147021889686584,-0.038153305649757385,0.014475410804152489,-0.99916702508926392,1,0,0,0,0,0.073917597532272339,0.098552122712135315,0.1143832802772522,0.11999692022800446,0.11489158868789673,0.099523335695266724,0.075264960527420044,0.044283390045166016,0.00934611726552248,-0.026426017284393311,-0.059837594628334045,-0.087904058396816254,0.36610487103462219,-0.21936967968940735,-0.10514950007200241,0.03190087154507637,-0.14340940117835999,-0.28030592203140259,0.011290824972093105,-0.68586236238479614,-0.17822113633155823,-0.13204336166381836,-0.32079553604125977,0.13446351885795593,0.013007446192204952,0.090460158884525299,0.08474421501159668,-0.037778925150632858,0.015769094228744507,-0.99916172027587891,1,0,0,0,0,0.065122090280056,0.091999709606170654,0.11065926402807236,0.11943396180868149,0.11753997951745987,0.10514649748802185,0.083360590040683746,0.054128333926200867,0.020060954615473747,-0.015798410400748253,-0.050246551632881165,-0.080206319689750671,0.35947436094284058,-0.24815310537815094,-0.10399473458528519,0.037723984569311142,-0.14964146912097931,-0.29103127121925354,0.017111249268054962,-0.67942887544631958,-0.17499072849750519,-0.12941890954971313,-0.30748638510704041,0.13608883321285248,0.38314437866210938,-0.12781848013401031,-0.10784535855054855,0.0127436313778162,-0.12350921332836151,-0.24955892562866211,-0.0045093768276274204,-0.70784354209899902,-0.17564444243907928,-0.14993736147880554,-0.35221859812736511,0.13475553691387177,0.38314437866210938,-0.12781848013401031,-0.10784535855054855,0.0127436313778162,-0.12350921332836151,-0.24955892562866211,-0.0045093768276274204,-0.70784354209899902,-0.17564444243907928,-0.14993736147880554,-0.35221859812736511,0.13475553691387177,1.1915721893310547,-0.12781848013401031,-1.0862762868404388,-0.9936281843110919,-0.12350921332836151,0.80035285949707036,0.99774531158618629,-0.41999999999999998,-1.1405155539512635,-1.0749686807394028,-0.35221859812736511,1.1078044295310974
0.060553986971960107,0.099682979427879931,0.047163900309419617,-0.039069238739578821,0.010390558109156525,-0.99918248127481191,1.0964541311861946,0.11324348033329257,-0.88008287335024993,-0.88412106681408675,0.10148961973715211,1.0780345408188541,1.0476088687756735,0.012930438275933287,-1.0229030297649027,-1.0566906383678158,-0.085414241084294767,0.89349195597021946,0,0.055,0.055,-0.002,0.055,0.060553986579179764,0.09968297928571701,0.04716389998793602,-0.039069239050149918,0.010390558280050755,-0.99918246269226074,1,0,0,0,0,0.096454128623008728,0.11324348300695419,0.1199171245098114,0.11587893217802048,0.10148961842060089,0.078034542500972748,0.047608867287635803,0.012930437922477722,-0.022903028875589371,-0.056690637022256851,-0.085414238274097443,-0.1065080463886261,0.38314437866210938,-0.12781848013401031,-0.10784535855054855,0.0127436313778162,-0.12350921332836151,-0.24955892562866211,-0.0045093768276274204,-0.70784354209899902,-0.17564444243907928,-0.14993736147880554,-0.35221859812736511,0.13475553691387177,0.049726545810699463,0.099873259663581848,0.058196958154439926,-0.038798756897449493,0.011782778427004814,-0.99917757511138916,1,0,0,0,0,0.089647285640239716,0.10921717435121536,0.11903101950883865,0.11821217834949493,0.1068338006734848,0.085912272334098816,0.057316455990076065,0.023600734770298004,-0.012223172001540661,-0.04695521667599678,-0.077492892742156982,-0.1011083647608757,0.37801668047904968,-0.15839311480522156,-0.10733166337013245,0.019208002835512161,-0.13022059202194214,-0.25966173410415649,0.00031618401408195496,-0.70047575235366821,-0.17853419482707977,-0.14235217869281769,-0.34322011470794678,0.13402248919010162,0.038059912621974945,0.098378054797649384,0.068247869610786438,-0.038493353873491287,0.01314553152769804,-0.9991723895072937,1,0,0,0,0,0.082114778459072113,0.10430680960416794,0.11718141287565231,0.11958855390548706,0.11131320893764496,0.093094579875469208,0.06656009703874588,0.034079995006322861,-0.0014443729305639863,-0.036839719861745834,-0.068944282829761505,-0.094890259206295013,0.37227991223335266,-0.18922719359397888,-0.10637505352497101,0.025733316317200661,-0.13692149519920349,-0.26988703012466431,0.005630801897495985,-0.69301992654800415,-0.17936746776103973,-0.13631749153137207,-0.33274981379508972,0.13383153080940247,0.025750968605279922,0.095222607254981995,0.077147021889686584,-0.038153305649757385,0.014475410804152489,-0.99916702508926392,1,0,0,0,0,0.073917597532272339,0.098552122712135315,0.1143832802772522,0.11999692022800446,0.11489158868789673,0.099523335695266724,0.075264960527420044,0.044283390045166016,0.00934611726552248,-0.026426017284393311,-0.059837594628334045,-0.087904058396816254,0.36610487103462219,-0.21936967968940735,-0.10514950007200241,0.03190087154507637,-0.14340940117835999,-0.28030592203140259,0.011290824972093105,-0.68586236238479614,-0.17822113633155823,-0.13204336166381836,-0.32079553604125977,0.13446351885795593,0.3875734806060791,-0.098001390695571899,-0.10781355202198029,0.0063525913283228874,-0.11696970462799072,-0.23937027156352997,-0.0087886163964867592,-0.71500051021575928,-0.17100498080253601,-0.1589139848947525,-0.35973444581031799,0.13591663539409637,0.3875734806060791,-0.098001390695571899,-0.10781355202198029,0.0063525913283228874,-0.11696970462799072,-0.23937027156352997,-0.0087886163964867592,-0.71500051021575928,-0.17100498080253601,-0.1589139848947525,-0.35973444581031799,0.13591663539409637,1.1937867403030396,-0.098001390695571899,-1.0862508416175842,-0.99682370433583856,-0.11696970462799072,0.808503782749176,0.99560569180175662,-0.41999999999999998,-1.1368039846420288,-1.0794569924473763,-0.35973444581031799,1.1087333083152771
0.070359505123472194,0.097810428369849101,0.035334894848887771,-0.039304546680484047,0.0089723491236323658,-0.99918699429158175,1.1024802282979331,0.11635313308771406,-0.88016744097237098,-0.88739230063892993,0.095323929284603814,1.0695251565037518,1.0375159085558012,0.0021554762283612352,-1.0333974983710088,-1.0659671739070364,-0.092644198264764221,0.88895440769080358,4,0.055,0.055,0.055,0.055,0.070359505712985992,0.097810424864292145,0.035334896296262741,-0.039304547011852264,0.00897234957665205,-0.99918699264526367,0,0,0,0,1,0.10248022526502609,0.11635313183069229,0.11983256042003632,0.11260770261287689,0.095323927700519562,0.069525159895420074,0.037515908479690552,0.0021554762497544289,-0.033397499471902847,-0.065967172384262085,-0.092644199728965759,-0.11104559153318405,0.3875734806060791,-0.098001390695571899,-0.10781355202198029,0.0063525913283228874,-0.11696970462799072,-0.23937027156352997,-0.0087886163964867592,-0.71500051021575928,-0.17100498080253601,-0.1589139848947525,-0.35973444581031799,0.13591663539409637,0.060553986579179764,0.09968297928571701,0.04716389998793602,-0.039069239050149918,0.010390558280050755,-0.99918246269226074,1,0,0,0,0,0.096454128623008728,0.11324348300695419,0.1199171245098114,0.11587893217802048,0.10148961842060089,0.078034542500972748,0.047608867287635803,0.012930437922477722,-0.022903028875589371,-0.056690637022256851,-0.085414238274097443,-0.1065080463886261,0.38314437866210938,-0.12781848013401031,-0.10784535855054855,0.0127436313778162,-0.12350921332836151,-0.24955892562866211,-0.0045093768276274204,-0.70784354209899902,-0.17564444243907928,-0.14993736147880554,-0.35221859812736511,0.13475553691387177,0.049726545810699463,0.099873259663581848,0.058196958154439926,-0.038798756897449493,0.011782778427004814,-0.99917757511138916,1,0,0,0,0,0.089647285640239716,0.10921717435121536,0.11903101950883865,0.11821217834949493,0.1068338006734848,0.085912272334098816,0.057316455990076065,0.023600734770298004,-0.012223172001540661,-0.04695521667599678,-0.077492892742156982,-0.1011083647608757,0.37801668047904968,-0.15839311480522156,-0.10733166337013245,0.019208002835512161,-0.13022059202194214,-0.25966173410415649,0.00031618401408195496,-0.70047575235366821,-0.17853419482707977,-0.14235217869281769,-0.34322011470794678,0.13402248919010162,0.038059912621974945,0.098378054797649384,0.068247869610786438,-0.038493353873491287,0.01314553152769804,-0.9991723895072937,1,0,0,0,0,0.082114778459072113,0.10430680960416794,0.11718141287565231,0.11958855390548706,0.11131320893764496,0.093094579875469208,0.06656009703874588,0.034079995006322861,-0.0014443729305639863,-0.036839719861745834,-0.068944282829761505,-0.094890259206295013,0.37227991223335266,-0.18922719359397888,-0.10637505352497101,0.025733316317200661,-0.13692149519920349,-0.26988703012466431,0.005630801897495985,-0.69301992654800415,-0.17936746776103973,-0.13631749153137207,-0.33274981379508972,0.13383153080940247,0.36961773037910461,0.048250339925289154,-0.097407147288322449,-0.03633454442024231,-0.032592926174402237,-0.22159424424171448,-0.10932447761297226,-0.74330860376358032,-0.13752909004688263,-0.13006427884101868,-0.43118768930435181,0.19675850868225098,0.36961773037910461,0.048250339925289154,-0.097407147288322449,-0.03633454442024231,-0.032592926174402237,-0.22159424424171448,-0.10932447761297226,-0.74330860376358032,-0.13752909004688263,-0.13006427884101868,-0.43118768930435181,0.19675850868225098,1.1848088651895523,0.048250339925289154,-1.077925717830658,-1.0181672722101212,-0.032592926174402237,0.82272460460662844,0.94533776119351387,-0.41999999999999998,-1.1100232720375061,-1.0650321394205093,-0.43118768930435181,1.1574068069458008
0.07897762131017097,0.09428720773104439,0.022909570191732186,-0.039504465411300635,0.0075316972624499198,-0.99919100814054285,1.1076767957198448,0.11852096145314163,-0.88122199731497364,-0.89157504131221199,0.08838663604773439,1.0604529984471425,1.027119274539483,-0.0086369333947757723,-1.0436216297918366,-1.0747097359157649,-0.099124243834699213,0.88531572173122086,4,0.055,0.055,0.055,0.055,0.078977622091770172,0.094287209212779999,0.02290957048535347,-0.039504464715719223,0.0075316973961889744,-0.99919098615646362,0,0,0,0,1,0.10767679661512375,0.11852096021175385,0.11877800524234772,0.10842496156692505,0.08838663250207901,0.06045299768447876,0.02711927518248558,-0.0086369337514042854,-0.043621629476547241,-0.074709735810756683,-0.099124245345592499,-0.11468427628278732,0.36961773037910461,0.048250339925289154,-0.097407147288322449,-0.03633454442024231,-0.032592926174402237,-0.22159424424171448,-0.10932447761297226,-0.74330860376358032,-0.13752909004688263,-0.13006427884101868,-0.43118768930435181,0.19675850868225098,0.070359505712985992,0.097810424864292145,0.035334896296262741,-0.039304547011852264,0.00897234957665205,-0.99918699264526367,0,0,0,0,1,0.10248022526502609,0.11635313183069229,0.11983256042003632,0.11260770261287689,0.095323927700519562,0.069525159895420074,0.037515908479690552,0.0021554762497544289,-0.033397499471902847,-0.065967172384262085,-0.092644199728965759,-0.11104559153318405,0.3875734806060791,-0.098001390695571899,-0.10781355202198029,0.0063525913283228874,-0.11696970462799072,-0.23937027156352997,-0.0087886163964867592,-0.71500051021575928,-0.17100498080253601,-0.1589139848947525,-0.35973444581031799,0.13591663539409637,0.060553986579179764,0.09968297928571701,0.04716389998793602,-0.039069239050149918,0.010390558280050755,-0.99918246269226074,1,0,0,0,0,0.096454128623008728,0.11324348300695419,0.1199171245098114,0.11587893217802048,0.10148961842060089,0.078034542500972748,0.047608867287635803,0.012930437922477722,-0.022903028875589371,-0.056690637022256851,-0.085414238274097443,-0.1065080463886261,0.38314437866210938,-0.12781848013401031,-0.10784535855054855,0.0127436313778162,-0.12350921332836151,-0.24955892562866211,-0.0045093768276274204,-0.70784354209899902,-0.17564444243907928,-0.14993736147880554,-0.35221859812736511,0.13475553691387177,0.049726545810699463,0.099873259663581848,0.058196958154439926,-0.038798756897449493,0.011782778427004814,-0.99917757511138916,1,0,0,0,0,0.089647285640239716,0.10921717435121536,0.11903101950883865,0.11821217834949493,0.1068338006734848,0.085912272334098816,0.057316455990076065,0.023600734770298004,-0.012223172001540661,-0.04695521667599678,-0.077492892742156982,-0.1011083647608757,0.37801668047904968,-0.15839311480522156,-0.10733166337013245,0.019208002835512161,-0.13022059202194214,-0.25966173410415649,0.00031618401408195496,-0.70047575235366821,-0.17853419482707977,-0.14235217869281769,-0.34322011470794678,0.13402248919010162,0.35996052622795105,0.093576513230800629,-0.13663385808467865,0.0553545281291008,0.047374151647090912,-0.26197981834411621,-0.14601977169513702,-0.74189460277557373,-0.08170347660779953,-0.12183178961277008,-0.4535173773765564,0.21181187033653259,0.35996052622795105,0.093576513230800629,-0.13663385808467865,0.0553545281291008,0.047374151647090912,-0.26197981834411621,-0.14601977169513702,-0.74189460277557373,-0.08170347660779953,-0.12183178961277008,-0.4535173773765564,0.21181187033653259,1.1799802631139755,0.093576513230800629,-1.109307086467743,-0.9723227359354496,0.047374151647090912,0.79041614532470705,0.92699011415243149,-0.41999999999999998,-1.0653627812862396,-1.060915894806385,-0.4535173773765564,1.1694494962692261
0.086262894371332624,0.089172776131898959,0.010097618758124215,-0.039668810845352974,0.0060722048472617021,-0.99919443241763939,1.1120017696603743,0.11972941786921723,-0.88323800623591309,-0.89663543149743985,0.080733894182351218,1.0508915015406508,1.0165031226340004,-0.019359431067100218,-1.0534926644482259,-1.0828475574287844,-0.10480192484506777,0.88260535155859898,4,0.055,0.055,0.055,0.055,0.086262896656990051,0.089172773063182831,0.010097619146108627,-0.039668809622526169,0.0060722050257027149,-0.9991944432258606,0,0,0,0,1,0.11200176924467087,0.1197294145822525,0.11676199734210968,0.10336457192897797,0.080733895301818848,0.05089149996638298,0.016503121703863144,-0.01935943029820919,-0.05349266529083252,-0.082847557961940765,-0.10480192303657532,-0.11739464849233627,0.35996052622795105,0.093576513230800629,-0.13663385808467865,0.0553545281291008,0.047374151647090912,-0.26197981834411621,-0.14601977169513702,-0.74189460277557373,-0.08170347660779953,-0.12183178961277008,-0.4535173773765564,0.21181187033653259,0.078977622091770172,0.094287209212779999,0.02290957048535347,-0.039504464715719223,0.0075316973961889744,-0.99919098615646362,0,0,0,0,1,0.10767679661512375,0.11852096021175385,0.11877800524234772,0.10842496156692505,0.08838663250207901,0.06045299768447876,0.02711927518248558,-0.0086369337514042854,-0.043621629476547241,-0.074709735810756683,-0.099124245345592499,-0.11468427628278732,0.36961773037910461,0.048250339925289154,-0.097407147288322449,-0.03633454442024231,-0.032592926174402237,-0.22159424424171448,-0.10932447761297226,-0.74330860376358032,-0.13752909004688263,-0.13006427884101868,-0.43118768930435181,0.19675850868225098,0.070359505712985992,0.097810424864292145,0.035334896296262741,-0.039304547011852264,0.00897234957665205,-0.99918699264526367,0,0,0,0,1,0.10248022526502609,0.11635313183069229,0.11983256042003632,0.11260770261287689,0.095323927700519562,0.069525159895420074,0.037515908479690552,0.0021554762497544289,-0.033397499471902847,-0.065967172384262085,-0.092644199728965759,-0.11104559153318405,0.3875734806060791,-0.098001390695571899,-0.10781355202198029,0.0063525913283228874,-0.11696970462799072,-0.23937027156352997,-0.0087886163964867592,-0.71500051021575928,-0.17100498080253601,-0.1589139848947525,-0.35973444581031799,0.13591663539409637,0.060553986579179764,0.09968297928571701,0.04716389998793602,-0.039069239050149918,0.010390558280050755,-0.99918246269226074,1,0,0,0,0,0.096454128623008728,0.11324348300695419,0.1199171245098114,0.11587893217802048,0.10148961842060089,0.078034542500972748,0.047608867287635803,0.012930437922477722,-0.022903028875589371,-0.056690637022256851,-0.085414238274097443,-0.1065080463886261,0.38314437866210938,-0.12781848013401031,-0.10784535855054855,0.0127436313778162,-0.12350921332836151,-0.24955892562866211,-0.0045093768276274204,-0.70784354209899902,-0.17564444243907928,-0.14993736147880554,-0.35221859812736511,0.13475553691387177,0.28428554534912109,0.1465630829334259,-0.18041214346885681,0.075614221394062042,0.12116889655590057,-0.34202864766120911,-0.1071842759847641,-0.68526911735534668,-0.041228368878364563,-0.11778189241886139,-0.43727454543113708,0.25587791204452515,0.28428554534912109,0.1465630829334259,-0.18041214346885681,0.075614221394062042,0.12116889655590057,-0.34202864766120911,-0.1071842759847641,-0.68526911735534668,-0.041228368878364563,-0.11778189241886139,-0.43727454543113708,0.25587791204452515,1.1421427726745605,0.1465630829334259,-1.1443297147750855,-0.96219288930296898,0.12116889655590057,0.72637708187103267,0.94640786200761795,-0.41999999999999998,-1.0329826951026917,-1.0588909462094307,-0.43727454543113708,1.2047023296356201
0.092092376490143679,0.082553445807256792,-0.0028847422361009565,-0.039797431530757828,0.0045975219653194661,-0.99919719136681573,1.1154201414710143,0.11996872044442236,-0.88619914908248276,-0.90253250969432752,0.072427649067493285,1.0409180616458484,1.0057533856416465,-0.029925223166895769,-1.0629307009147713,-1.0903147665733668,-0.10963128311402653,0.88084523635638812,4,0.055,0.055,0.055,0.055,0.092092379927635193,0.082553446292877197,-0.0028847423382103443,-0.039797432720661163,0.0045975218527019024,-0.99919718503952026,0,0,0,0,1,0.1154201403260231,0.1199687197804451,0.11380085349082947,0.097467489540576935,0.072427652776241302,0.040918063372373581,0.0057533858343958855,-0.02992522343993187,-0.062930703163146973,-0.090314768254756927,-0.10963128507137299,-0.11915476620197296,0.28428554534912109,0.1465630829334259,-0.18041214346885681,0.075614221394062042,0.12116889655590057,-0.34202864766120911,-0.1071842759847641,-0.68526911735534668,-0.041228368878364563,-0.11778189241886139,-0.43727454543113708,0.25587791204452515,0.086262896656990051,0.089172773063182831,0.010097619146108627,-0.039668809622526169,0.0060722050257027149,-0.9991944432258606,0,0,0,0,1,0.11200176924467087,0.1197294145822525,0.11676199734210968,0.10336457192897797,0.080733895301818848,0.05089149996638298,0.016503121703863144,-0.01935943029820919,-0.05349266529083252,-0.082847557961940765,-0.10480192303657532,-0.11739464849233627,0.35996052622795105,0.093576513230800629,-0.13663385808467865,0.0553545281291008,0.047374151647090912,-0.26197981834411621,-0.14601977169513702,-0.74189460277557373,-0.08170347660779953,-0.12183178961277008,-0.4535173773765564,0.21181187033653259,0.078977622091770172,0.094287209212779999,0.02290957048535347,-0.039504464715719223,0.0075316973961889744,-0.99919098615646362,0,0,0,0,1,0.10767679661512375,0.11852096021175385,0.11877800524234772,0.10842496156692505,0.08838663250207901,0.06045299768447876,0.02711927518248558,-0.0086369337514042854,-0.043621629476547241,-0.074709735810756683,-0.099124245345592499,-0.11468427628278732,0.36961773037910461,0.048250339925289154,-0.097407147288322449,-0.03633454442024231,-0.032592926174402237,-0.22159424424171448,-0.10932447761297226,-0.74330860376358032,-0.13752909004688263,-0.13006427884101868,-0.43118768930435181,0.19675850868225098,0.070359505712985992,0.097810424864292145,0.035334896296262741,-0.039304547011852264,0.00897234957665205,-0.99918699264526367,0,0,0,0,1,0.10248022526502609,0.11635313183069229,0.11983256042003632,0.11260770261287689,0.095323927700519562,0.069525159895420074,0.037515908479690552,0.0021554762497544289,-0.033397499471902847,-0.065967172384262085,-0.092644199728965759,-0.11104559153318405,0.3875734806060791,-0.098001390695571899,-0.10781355202198029,0.0063525913283228874,-0.11696970462799072,-0.23937027156352997,-0.0087886163964867592,-0.71500051021575928,-0.17100498080253601,-0.1589139848947525,-0.35973444581031799,0.13591663539409637,0.24538525938987732,0.2105448991060257,-0.15537205338478088,0.032766185700893402,0.1874864399433136,-0.42213454842567444,-0.047706976532936096,-0.66853386163711548,0.0060267504304647446,-0.21463516354560852,-0.39486613869667053,0.28518557548522949,0.24538525938987732,0.2105448991060257,-0.15537205338478088,0.032766185700893402,0.1874864399433136,-0.42213454842567444,-0.047706976532936096,-0.66853386163711548,0.0060267504304647446,-0.21463516354560852,-0.39486613869667053,0.28518557548522949,1.1226926296949387,0.2105448991060257,-1.1242976427078246,-0.9836169071495533,0.1874864399433136,0.66229236125946045,0.97614651173353195,-0.41999999999999998,-0.99517859965562816,-1.1073175817728043,-0.39486613869667053,1.2281484603881836
0.09636768808719165,0.074540925982750181,-0.01581841970713916,-0.039890208860178612,0.0031113372381265459,-0.99919922478837131,1.1179042410250011,0.11923693213593151,-0.89008145678330319,-0.90921854180305095,0.063535135886455887,1.030613409110821,0.99495707767373909,-0.040248784531027357,-1.0718593426846281,-1.0970509197713858,-0.11357322723698507,0.88004962343689397,4,0.055,0.055,0.055,0.055,0.096367686986923218,0.07454092800617218,-0.015818418934941292,-0.039890207350254059,0.003111337311565876,-0.99919921159744263,0,0,0,0,1,0.11790423840284348,0.11923693120479584,0.10991854220628738,0.090781457722187042,0.063535138964653015,0.030613409355282784,-0.0050429222173988819,-0.04024878516793251,-0.071859344840049744,-0.097050920128822327,-0.11357323080301285,-0.11995037645101547,0.24538525938987732,0.2105448991060257,-0.15537205338478088,0.032766185700893402,0.1874864399433136,-0.42213454842567444,-0.047706976532936096,-0.66853386163711548,0.0060267504304647446,-0.21463516354560852,-0.39486613869667053,0.28518557548522949,0.092092379927635193,0.082553446292877197,-0.0028847423382103443,-0.039797432720661163,0.0045975218527019024,-0.99919718503952026,0,0,0,0,1,0.1154201403260231,0.1199687197804451,0.11380085349082947,0.097467489540576935,0.072427652776241302,0.040918063372373581,0.0057533858343958855,-0.02992522343993187,-0.062930703163146973,-0.090314768254756927,-0.10963128507137299,-0.11915476620197296,0.28428554534912109,0.1465630829334259,-0.18041214346885681,0.075614221394062042,0.12116889655590057,-0.34202864766120911,-0.1071842759847641,-0.68526911735534668,-0.041228368878364563,-0.11778189241886139,-0.43727454543113708,0.25587791204452515,0.086262896656990051,0.089172773063182831,0.010097619146108627,-0.039668809622526169,0.0060722050257027149,-0.9991944432258606,0,0,0,0,1,0.11200176924467087,0.1197294145822525,0.11676199734210968,0.10336457192897797,0.080733895301818848,0.05089149996638298,0.016503121703863144,-0.01935943029820919,-0.05349266529083252,-0.082847557961940765,-0.10480192303657532,-0.11739464849233627,0.35996052622795105,0.093576513230800629,-0.13663385808467865,0.0553545281291008,0.047374151647090912,-0.26197981834411621,-0.14601977169513702,-0.74189460277557373,-0.08170347660779953,-0.12183178961277008,-0.4535173773765564,0.21181187033653259,0.078977622091770172,0.094287209212779999,0.02290957048535347,-0.039504464715719223,0.0075316973961889744,-0.99919098615646362,0,0,0,0,1,0.10767679661512375,0.11852096021175385,0.11877800524234772,0.10842496156692505,0.08838663250207901,0.06045299768447876,0.02711927518248558,-0.0086369337514042854,-0.043621629476547241,-0.074709735810756683,-0.099124245345592499,-0.11468427628278732,0.36961773037910461,0.048250339925289154,-0.097407147288322449,-0.03633454442024231,-0.032592926174402237,-0.22159424424171448,-0.10932447761297226,-0.74330860376358032,-0.13752909004688263,-0.13006427884101868,-0.43118768930435181,0.19675850868225098,0.22682453691959381,0.20652948319911957,-0.16139961779117584,0.047024663537740707,0.19379390776157379,-0.41532573103904724,-0.038243066519498825,-0.65937840938568115,-0.00067979784216731787,-0.23840416967868805,-0.37735262513160706,0.29145997762680054,0.22682453691959381,0.20652948319911957,-0.16139961779117584,0.047024663537740707,0.19379390776157379,-0.41532573103904724,-0.038243066519498825,-0.65937840938568115,-0.00067979784216731787,-0.23840416967868805,-0.37735262513160706,0.29145997762680054,1.1134122684597969,0.20652948319911957,-1.1291196942329407,-0.97648766823112965,0.19379390776157379,0.66773941516876212,0.98087846674025059,-0.41999999999999998,-1.0005438382737339,-1.119202084839344,-0.37735262513160706,1.2331679821014405
0.09901667809515978,0.065270437646162652,-0.028485142164671146,-0.039947057236489718,0.0016173684779227969,-0.99920048875956391,1.1194339606940953,0.11753997642907096,-0.89485350386678497,-0.91663940750954154,0.05412833538931508,1.0200609552956243,0.98420158981194006,-0.050246550741279178,-1.0802063165636302,-1.1030014910019121,-0.11659584901330856,0.88022495291592528,4,0.055,0.055,0.055,0.055,0.099016681313514709,0.06527043879032135,-0.028485141694545746,-0.039947059005498886,0.001617368427105248,-0.99920046329498291,0,0,0,0,1,0.11943396180868149,0.11753997951745987,0.10514649748802185,0.083360590040683746,0.054128333926200867,0.020060954615473747,-0.015798410400748253,-0.050246551632881165,-0.080206319689750671,-0.10300149023532867,-0.11659584939479828,-0.11977504938840866,0.22682453691959381,0.20652948319911957,-0.16139961779117584,0.047024663537740707,0.19379390776157379,-0.41532573103904724,-0.038243066519498825,-0.65937840938568115,-0.00067979784216731787,-0.23840416967868805,-0.37735262513160706,0.29145997762680054,0.096367686986923218,0.07454092800617218,-0.015818418934941292,-0.039890207350254059,0.003111337311565876,-0.99919921159744263,0,0,0,0,1,0.11790423840284348,0.11923693120479584,0.10991854220628738,0.090781457722187042,0.063535138964653015,0.030613409355282784,-0.0050429222173988819,-0.04024878516793251,-0.071859344840049744,-0.097050920128822327,-0.11357323080301285,-0.11995037645101547,0.24538525938987732,0.2105448991060257,-0.15537205338478088,0.032766185700893402,0.1874864399433136,-0.42213454842567444,-0.047706976532936096,-0.66853386163711548,0.0060267504304647446,-0.21463516354560852,-0.39486613869667053,0.28518557548522949,0.092092379927635193,0.082553446292877197,-0.0028847423382103443,-0.039797432720661163,0.0045975218527019024,-0.99919718503952026,0,0,0,0,1,0.1154201403260231,0.1199687197804451,0.11380085349082947,0.097467489540576935,0.072427652776241302,0.040918063372373581,0.0057533858343958855,-0.02992522343993187,-0.062930703163146973,-0.090314768254756927,-0.10963128507137299,-0.11915476620197296,0.28428554534912109,0.1465630829334259,-0.18041214346885681,0.075614221394062042,0.12116889655590057,-0.34202864766120911,-0.1071842759847641,-0.68526911735534668,-0.041228368878364563,-0.11778189241886139,-0.43727454543113708,0.25587791204452515,0.086262896656990051,0.089172773063182831,0.010097619146108627,-0.039668809622526169,0.0060722050257027149,-0.9991944432258606,0,0,0,0,1,0.11200176924467087,0.1197294145822525,0.11676199734210968,0.10336457192897797,0.080733895301818848,0.05089149996638298,0.016503121703863144,-0.01935943029820919,-0.05349266529083252,-0.082847557961940765,-0.10480192303657532,-0.11739464849233627,0.35996052622795105,0.093576513230800629,-0.13663385808467865,0.0553545281291008,0.047374151647090912,-0.26197981834411621,-0.14601977169513702,-0.74189460277557373,-0.08170347660779953,-0.12183178961277008,-0.4535173773765564,0.21181187033653259,0.21102625131607056,0.22554491460323334,-0.16109716892242432,0.056670721620321274,0.21333222091197968,-0.40189620852470398,-0.022199131548404694,-0.65392774343490601,-0.0011124414158985019,-0.27241244912147522,-0.35791343450546265,0.29856693744659424,0.21102625131607056,0.22554491460323334,-0.16109716892242432,0.056670721620321274,0.21333222091197968,-0.40189620852470398,-0.022199131548404694,-0.65392774343490601,-0.0011124414158985019,-0.27241244912147522,-0.35791343450546265,0.29856693744659424,1.1055131256580353,0.22554491460323334,-1.1288777351379395,-0.97166463918983936,0.21333222091197968,0.67848303318023673,0.98890043422579765,-0.41999999999999998,-1.0008899531327189,-1.1362062245607376,-0.35791343450546265,1.2388535499572755
0.099994641595576764,0.054898431529293905,-0.040671143307933408,-0.039967924193103875,0.00011935325887150636,-0.9992009561597176,1.1199969181104614,0.11489158938946573,-0.90047666283567551,-0.92473503836420645,0.044283391242300504,1.0093461173961962,0.9735739827181753,-0.059837594539378328,-1.0879040576881174,-1.1081183131639436,-0.11867468172833194,0.881369805583057,4,0.055,0.055,0.055,0.055,0.099994644522666931,0.05489843338727951,-0.040671143680810928,-0.039967924356460571,0.0001193532589240931,-0.99920094013214111,0,0,0,0,1,0.11999692022800446,0.11489158868789673,0.099523335695266724,0.075264960527420044,0.044283390045166016,0.00934611726552248,-0.026426017284393311,-0.059837594628334045,-0.087904058396816254,-0.10811831057071686,-0.11867468059062958,-0.11863019317388535,0.21102625131607056,0.22554491460323334,-0.16109716892242432,0.056670721620321274,0.21333222091197968,-0.40189620852470398,-0.022199131548404694,-0.65392774343490601,-0.0011124414158985019,-0.27241244912147522,-0.35791343450546265,0.29856693744659424,0.099016681313514709,0.06527043879032135,-0.028485141694545746,-0.039947059005498886,0.001617368427105248,-0.99920046329498291,0,0,0,0,1,0.11943396180868149,0.11753997951745987,0.10514649748802185,0.083360590040683746,0.054128333926200867,0.020060954615473747,-0.015798410400748253,-0.050246551632881165,-0.080206319689750671,-0.10300149023532867,-0.11659584939479828,-0.11977504938840866,0.22682453691959381,0.20652948319911957,-0.16139961779117584,0.047024663537740707,0.19379390776157379,-0.41532573103904724,-0.038243066519498825,-0.65937840938568115,-0.00067979784216731787,-0.23840416967868805,-0.37735262513160706,0.29145997762680054,0.096367686986923218,0.07454092800617218,-0.015818418934941292,-0.039890207350254059,0.003111337311565876,-0.99919921159744263,0,0,0,0,1,0.11790423840284348,0.11923693120479584,0.10991854220628738,0.090781457722187042,0.063535138964653015,0.030613409355282784,-0.0050429222173988819,-0.04024878516793251,-0.071859344840049744,-0.097050920128822327,-0.11357323080301285,-0.11995037645101547,0.24538525938987732,0.2105448991060257,-0.15537205338478088,0.032766185700893402,0.1874864399433136,-0.42213454842567444,-0.047706976532936096,-0.66853386163711548,0.0060267504304647446,-0.21463516354560852,-0.39486613869667053,0.28518557548522949,0.092092379927635193,0.082553446292877197,-0.0028847423382103443,-0.039797432720661163,0.0045975218527019024,-0.99919718503952026,0,0,0,0,1,0.1154201403260231,0.1199687197804451,0.11380085349082947,0.097467489540576935,0.072427652776241302,0.040918063372373581,0.0057533858343958855,-0.02992522343993187,-0.062930703163146973,-0.090314768254756927,-0.10963128507137299,-0.11915476620197296,0.28428554534912109,0.1465630829334259,-0.18041214346885681,0.075614221394062042,0.12116889655590057,-0.34202864766120911,-0.1071842759847641,-0.68526911735534668,-0.041228368878364563,-0.11778189241886139,-0.43727454543113708,0.25587791204452515,0.2018943727016449,0.21795178949832916,-0.16802236437797546,0.060935791581869125,0.2140645831823349,-0.39486950635910034,-0.015791788697242737,-0.64499610662460327,-0.00051760242786258459,-0.29534026980400085,-0.33503994345664978,0.29530268907546997,0.2018943727016449,0.21795178949832916,-0.16802236437797546,0.060935791581869125,0.2140645831823349,-0.39486950635910034,-0.015791788697242737,-0.64499610662460327,-0.00051760242786258459,-0.29534026980400085,-0.33503994345664978,0.29530268907546997,1.1009471863508224,0.21795178949832916,-1.1344178915023804,-0.96953210420906544,0.2140645831823349,0.68410439491271968,0.99210410565137863,-0.41999999999999998,-1.00041408194229,-1.1476701349020004,-0.33503994345664978,1.2362421512603761
0.099285074268523482,0.043599947812153941,-0.052170769591248826,-0.039952790468047505,-0.0013789605696620827,-0.99920061699418694,1.1195885563961658,0.11131320847598951,-0.90690541683864878,-0.93343990400803567,0.03407999368030213,0.99855562703196077,0.96316028191914882,-0.068944280895435681,-1.0948902564310188,-1.1123599679666405,-0.11979289820001297,0.88347491438947756,4,0.055,0.055,0.055,0.055,0.099285073578357697,0.043599948287010193,-0.0521707683801651,-0.039952792227268219,-0.0013789605582132936,-0.99920064210891724,0,0,0,0,1,0.11958855390548706,0.11131320893764496,0.093094579875469208,0.06656009703874588,0.034079995006322861,-0.0014443729305639863,-0.036839719861745834,-0.068944282829761505,-0.094890259206295013,-0.11235997080802917,-0.11979290097951889,-0.1165250837802887,0.2018943727016449,0.21795178949832916,-0.16802236437797546,0.060935791581869125,0.2140645831823349,-0.39486950635910034,-0.015791788697242737,-0.64499610662460327,-0.00051760242786258459,-0.29534026980400085,-0.33503994345664978,0.29530268907546997,0.099994644522666931,0.05489843338727951,-0.040671143680810928,-0.039967924356460571,0.0001193532589240931,-0.99920094013214111,0,0,0,0,1,0.11999692022800446,0.11489158868789673,0.099523335695266724,0.075264960527420044,0.044283390045166016,0.00934611726552248,-0.026426017284393311,-0.059837594628334045,-0.087904058396816254,-0.10811831057071686,-0.11867468059062958,-0.11863019317388535,0.21102625131607056,0.22554491460323334,-0.16109716892242432,0.056670721620321274,0.21333222091197968,-0.40189620852470398,-0.022199131548404694,-0.65392774343490601,-0.0011124414158985019,-0.27241244912147522,-0.35791343450546265,0.29856693744659424,0.099016681313514709,0.06527043879032135,-0.028485141694545746,-0.039947059005498886,0.001617368427105248,-0.99920046329498291,0,0,0,0,1,0.11943396180868149,0.11753997951745987,0.10514649748802185,0.083360590040683746,0.054128333926200867,0.020060954615473747,-0.015798410400748253,-0.050246551632881165,-0.080206319689750671,-0.10300149023532867,-0.11659584939479828,-0.11977504938840866,0.22682453691959381,0.20652948319911957,-0.16139961779117584,0.047024663537740707,0.19379390776157379,-0.41532573103904724,-0.038243066519498825,-0.65937840938568115,-0.00067979784216731787,-0.23840416967868805,-0.37735262513160706,0.29145997762680054,0.096367686986923218,0.07454092800617218,-0.015818418934941292,-0.039890207350254059,0.003111337311565876,-0.99919921159744263,0,0,0,0,1,0.11790423840284348,0.11923693120479584,0.10991854220628738,0.090781457722187042,0.063535138964653015,0.030613409355282784,-0.0050429222173988819,-0.04024878516793251,-0.071859344840049744,-0.097050920128822327,-0.11357323080301285,-0.11995037645101547,0.24538525938987732,0.2105448991060257,-0.15537205338478088,0.032766185700893402,0.1874864399433136,-0.42213454842567444,-0.047706976532936096,-0.66853386163711548,0.0060267504304647446,-0.21463516354560852,-0.39486613869667053,0.28518557548522949,0.19749106466770172,0.20813377201557159,-0.16931557655334473,0.075523935258388519,0.20559147000312805,-0.38276419043540955,-0.0092018209397792816,-0.63969212770462036,-0.0017564345616847277,-0.30499637126922607,-0.3168337345123291,0.29254117608070374,0.19749106466770172,0.20813377201557159,-0.16931557655334473,0.075523935258388519,0.20559147000312805,-0.38276419043540955,-0.0092018209397792816,-0.63969212770462036,-0.0017564345616847277,-0.30499637126922607,-0.3168337345123291,0.29254117608070374,1.0987455323338509,0.20813377201557159,-1.1354524612426757,-0.96223803237080574,0.20559147000312805,0.69378864765167236,0.99539908953011036,-0.41999999999999998,-1.0014051476493477,-1.152498185634613,-0.3168337345123291,1.2340329408645629
0.096899950923044195,0.031565662107676355,-0.06278995087698,-0.03990167003121723,-0.0028738243999931567,-0.99919947851369384,1.1182121810489793,0.10683379901452553,-0.91408772810800432,-0.94268354261031828,0.023600734451556287,0.98777682819378909,0.95304478146979454,-0.077492895427333244,-1.1011083627692468,-1.115692121191088,-0.11994144698712912,0.8865232394604301,4,0.055,0.055,0.055,0.055,0.096899949014186859,0.03156566247344017,-0.062789954245090485,-0.039901670068502426,-0.0028738244436681271,-0.99919945001602173,0,0,0,0,1,0.11821217834949493,0.1068338006734848,0.085912272334098816,0.057316455990076065,0.023600734770298004,-0.012223172001540661,-0.04695521667599678,-0.077492892742156982,-0.1011083647608757,-0.11569212377071381,-0.11994145065546036,-0.11347676068544388,0.19749106466770172,0.20813377201557159,-0.16931557655334473,0.075523935258388519,0.20559147000312805,-0.38276419043540955,-0.0092018209397792816,-0.63969212770462036,-0.0017564345616847277,-0.30499637126922607,-0.3168337345123291,0.29254117608070374,0.099285073578357697,0.043599948287010193,-0.0521707683801651,-0.039952792227268219,-0.0013789605582132936,-0.99920064210891724,0,0,0,0,1,0.11958855390548706,0.11131320893764496,0.093094579875469208,0.06656009703874588,0.034079995006322861,-0.0014443729305639863,-0.036839719861745834,-0.068944282829761505,-0.094890259206295013,-0.11235997080802917,-0.11979290097951889,-0.1165250837802887,0.2018943727016449,0.21795178949832916,-0.16802236437797546,0.060935791581869125,0.2140645831823349,-0.39486950635910034,-0.015791788697242737,-0.64499610662460327,-0.00051760242786258459,-0.29534026980400085,-0.33503994345664978,0.29530268907546997,0.099994644522666931,0.05489843338727951,-0.040671143680810928,-0.039967924356460571,0.0001193532589240931,-0.99920094013214111,0,0,0,0,1,0.11999692022800446,0.11489158868789673,0.099523335695266724,0.075264960527420044,0.044283390045166016,0.00934611726552248,-0.026426017284393311,-0.059837594628334045,-0.087904058396816254,-0.10811831057071686,-0.11867468059062958,-0.11863019317388535,0.21102625131607056,0.22554491460323334,-0.16109716892242432,0.056670721620321274,0.21333222091197968,-0.40189620852470398,-0.022199131548404694,-0.65392774343490601,-0.0011124414158985019,-0.27241244912147522,-0.35791343450546265,0.29856693744659424,0.099016681313514709,0.06527043879032135,-0.028485141694545746,-0.039947059005498886,0.001617368427105248,-0.99920046329498291,0,0,0,0,1,0.11943396180868149,0.11753997951745987,0.10514649748802185,0.083360590040683746,0.054128333926200867,0.020060954615473747,-0.015798410400748253,-0.050246551632881165,-0.080206319689750671,-0.10300149023532867,-0.11659584939479828,-0.11977504938840866,0.22682453691959381,0.20652948319911957,-0.16139961779117584,0.047024663537740707,0.19379390776157379,-0.41532573103904724,-0.038243066519498825,-0.65937840938568115,-0.00067979784216731787,-0.23840416967868805,-0.37735262513160706,0.29145997762680054,0.19495412707328796,0.20532605051994324,-0.17084912955760956,0.075893551111221313,0.20035377144813538,-0.36988964676856995,-0.0038523366674780846,-0.63683295249938965,-0.0024632008280605078,-0.31273865699768066,-0.30821576714515686,0.2903992235660553,0.19495412707328796,0.20532605051994324,-0.17084912955760956,0.075893551111221313,0.20035377144813538,-0.36988964676856995,-0.0038523366674780846,-0.63683295249938965,-0.0024632008280605078,-0.31273865699768066,-0.30821576714515686,0.2903992235660553,1.097477063536644,0.20532605051994324,-1.1366793036460876,-0.96205322444438934,0.20035377144813538,0.704088282585144,0.99807383166626096,-0.41999999999999998,-1.0019705606624485,-1.1563693284988403,-0.30821576714515686,1.2323193788528441
0.092879523407724041,0.018998667579543774,-0.072349475604424493,-0.039814610064608673,-0.0043614983852271914,-0.99919756512775737,1.1158789331859134,0.10148961973715211,-0.92196545918114581,-0.95239113122432639,0.012930438275933499,0.97709697023509745,0.94330936163218404,-0.085414241084294767,-1.1065080440297803,-1.1180878006097972,-0.11911912565647598,0.89049010602505785,4,0.055,0.055,0.055,0.055,0.092879526317119598,0.018998667597770691,-0.072349473834037781,-0.039814610034227371,-0.0043614981696009636,-0.99919754266738892,0,0,0,0,1,0.11587893217802048,0.10148961842060089,0.078034542500972748,0.047608867287635803,0.012930437922477722,-0.022903028875589371,-0.056690637022256851,-0.085414238274097443,-0.1065080463886261,-0.11808779835700989,-0.11911912262439728,-0.10950989276170731,0.19495412707328796,0.20532605051994324,-0.17084912955760956,0.075893551111221313,0.20035377144813538,-0.36988964676856995,-0.0038523366674780846,-0.63683295249938965,-0.0024632008280605078,-0.31273865699768066,-0.30821576714515686,0.2903992235660553,0.096899949014186859,0.03156566247344017,-0.062789954245090485,-0.039901670068502426,-0.0028738244436681271,-0.99919945001602173,0,0,0,0,1,0.11821217834949493,0.1068338006734848,0.085912272334098816,0.057316455990076065,0.023600734770298004,-0.012223172001540661,-0.04695521667599678,-0.077492892742156982,-0.1011083647608757,-0.11569212377071381,-0.11994145065546036,-0.11347676068544388,0.19749106466770172,0.20813377201557159,-0.16931557655334473,0.075523935258388519,0.20559147000312805,-0.38276419043540955,-0.0092018209397792816,-0.63969212770462036,-0.0017564345616847277,-0.30499637126922607,-0.3168337345123291,0.29254117608070374,0.099285073578357697,0.043599948287010193,-0.0521707683801651,-0.039952792227268219,-0.0013789605582132936,-0.99920064210891724,0,0,0,0,1,0.11958855390548706,0.11131320893764496,0.093094579875469208,0.06656009703874588,0.034079995006322861,-0.0014443729305639863,-0.036839719861745834,-0.068944282829761505,-0.094890259206295013,-0.11235997080802917,-0.11979290097951889,-0.1165250837802887,0.2018943727016449,0.21795178949832916,-0.16802236437797546,0.060935791581869125,0.2140645831823349,-0.39486950635910034,-0.015791788697242737,-0.64499610662460327,-0.00051760242786258459,-0.29534026980400085,-0.33503994345664978,0.29530268907546997,0.099994644522666931,0.05489843338727951,-0.040671143680810928,-0.039967924356460571,0.0001193532589240931,-0.99920094013214111,0,0,0,0,1,0.11999692022800446,0.11489158868789673,0.099523335695266724,0.075264960527420044,0.044283390045166016,0.00934611726552248,-0.026426017284393311,-0.059837594628334045,-0.087904058396816254,-0.10811831057071686,-0.11867468059062958,-0.11863019317388535,0.21102625131607056,0.22554491460323334,-0.16109716892242432,0.056670721620321274,0.21333222091197968,-0.40189620852470398,-0.022199131548404694,-0.65392774343490601,-0.0011124414158985019,-0.27241244912147522,-0.35791343450546265,0.29856693744659424,0.19239136576652527,0.19979043304920197,-0.17199158668518066,0.079884663224220276,0.19199119508266449,-0.35532060265541077,0.00207112031057477,-0.63337993621826172,-0.0023657071869820356,-0.31745675206184387,-0.2991773784160614,0.28726178407669067,0.19239136576652527,0.19979043304920197,-0.17199158668518066,0.079884663224220276,0.19199119508266449,-0.35532060265541077,0.00207112031057477,-0.63337993621826172,-0.0023657071869820356,-0.31745675206184387,-0.2991773784160614,0.28726178407669067,1.0961956828832626,0.19979043304920197,-1.1375932693481445,-0.96005766838788986,0.19199119508266449,0.71574351787567136,1.0010355601552874,-0.41999999999999998,-1.0018925657495856,-1.1587283760309219,-0.2991773784160614,1.2298094272613525
0.087291641311935494,0.0061110474987839964,-0.080688015202210056,-0.03969169089566877,-0.0058382609326494478,-0.99919491811314021,1.1126076993610701,0.09532392928460369,-0.93047484349624821,-0.96248409144419877,0.0021554762283612352,0.9666025016289912,0.93403282609296368,-0.092644198264764221,-1.1110455923091964,-1.119527614314318,-0.11733259051600362,0.89534340414717528,4,0.055,0.055,0.055,0.055,0.087291643023490906,0.0061110476963222027,-0.080688014626502991,-0.039691690355539322,-0.0058382609859108925,-0.9991949200630188,0,0,0,0,1,0.11260770261287689,0.095323927700519562,0.069525159895420074,0.037515908479690552,0.0021554762497544289,-0.033397499471902847,-0.065967172384262085,-0.092644199728965759,-0.11104559153318405,-0.11952761560678482,-0.11733259260654449,-0.10465659946203232,0.19239136576652527,0.19979043304920197,-0.17199158668518066,0.079884663224220276,0.19199119508266449,-0.35532060265541077,0.00207112031057477,-0.63337993621826172,-0.0023657071869820356,-0.31745675206184387,-0.2991773784160614,0.28726178407669067,0.092879526317119598,0.018998667597770691,-0.072349473834037781,-0.039814610034227371,-0.0043614981696009636,-0.99919754266738892,0,0,0,0,1,0.11587893217802048,0.10148961842060089,0.078034542500972748,0.047608867287635803,0.012930437922477722,-0.022903028875589371,-0.056690637022256851,-0.085414238274097443,-0.1065080463886261,-0.11808779835700989,-0.11911912262439728,-0.10950989276170731,0.19495412707328796,0.20532605051994324,-0.17084912955760956,0.075893551111221313,0.20035377144813538,-0.36988964676856995,-0.0038523366674780846,-0.63683295249938965,-0.0024632008280605078,-0.31273865699768066,-0.30821576714515686,0.2903992235660553,0.096899949014186859,0.03156566247344017,-0.062789954245090485,-0.039901670068502426,-0.0028738244436681271,-0.99919945001602173,0,0,0,0,1,0.11821217834949493,0.1068338006734848,0.085912272334098816,0.057316455990076065,0.023600734770298004,-0.012223172001540661,-0.04695521667599678,-0.077492892742156982,-0.1011083647608757,-0.11569212377071381,-0.11994145065546036,-0.11347676068544388,0.19749106466770172,0.20813377201557159,-0.16931557655334473,0.075523935258388519,0.20559147000312805,-0.38276419043540955,-0.0092018209397792816,-0.63969212770462036,-0.0017564345616847277,-0.30499637126922607,-0.3168337345123291,0.29254117608070374,0.099285073578357697,0.043599948287010193,-0.0521707683801651,-0.039952792227268219,-0.0013789605582132936,-0.99920064210891724,0,0,0,0,1,0.11958855390548706,0.11131320893764496,0.093094579875469208,0.06656009703874588,0.034079995006322861,-0.0014443729305639863,-0.036839719861745834,-0.068944282829761505,-0.094890259206295013,-0.11235997080802917,-0.11979290097951889,-0.1165250837802887,0.2018943727016449,0.21795178949832916,-0.16802236437797546,0.060935791581869125,0.2140645831823349,-0.39486950635910034,-0.015791788697242737,-0.64499610662460327,-0.00051760242786258459,-0.29534026980400085,-0.33503994345664978,0.29530268907546997,0.18851125240325928,0.19317172467708588,-0.1736515611410141,0.081410773098468781,0.18265096843242645,-0.34175494313240051,0.0070997574366629124,-0.63071715831756592,-0.0017842362867668271,-0.32079493999481201,-0.29027536511421204,0.28345412015914917,0.18851125240325928,0.19317172467708588,-0.1736515611410141,0.081410773098468781,0.18265096843242645,-0.34175494313240051,0.0070997574366629124,-0.63071715831756592,-0.0017842362867668271,-0.32079493999481201,-0.29027536511421204,0.28345412015914917,1.0942556262016296,0.19317172467708588,-1.1389212489128113,-0.95929461345076561,0.18265096843242645,0.72659604549407963,1.0035498787183315,-0.41999999999999998,-1.0014273890294134,-1.160397469997406,-0.29027536511421204,1.2267632961273194
0.080230606921745343,-0.0068797039185935702,-0.087664846703557703,-0.039533025884282536,-0.0073004181436058004,-0.99919159512045597,1.1084249586877881,0.088386636047734238,-0.93954700155285753,-0.97288072546051685,-0.0086369333947757723,0.9563783702081633,0.9252902640842352,-0.099124243834699213,-1.1146842782687791,-1.1199999076836999,-0.1145963027351062,0.90104384864023701,4,0.055,0.055,0.055,0.055,0.080230608582496643,-0.0068797040730714798,-0.087664850056171417,-0.039533026516437531,-0.0073004183359444141,-0.99919158220291138,0,0,0,0,1,0.10842496156692505,0.08838663250207901,0.06045299768447876,0.02711927518248558,-0.0086369337514042854,-0.043621629476547241,-0.074709735810756683,-0.099124245345592499,-0.11468427628278732,-0.11999990791082382,-0.11459629982709885,-0.0989561527967453,0.18851125240325928,0.19317172467708588,-0.1736515611410141,0.081410773098468781,0.18265096843242645,-0.34175494313240051,0.0070997574366629124,-0.63071715831756592,-0.0017842362867668271,-0.32079493999481201,-0.29027536511421204,0.28345412015914917,0.087291643023490906,0.0061110476963222027,-0.080688014626502991,-0.039691690355539322,-0.0058382609859108925,-0.9991949200630188,0,0,0,0,1,0.11260770261287689,0.095323927700519562,0.069525159895420074,0.037515908479690552,0.0021554762497544289,-0.033397499471902847,-0.065967172384262085,-0.092644199728965759,-0.11104559153318405,-0.11952761560678482,-0.11733259260654449,-0.10465659946203232,0.19239136576652527,0.19979043304920197,-0.17199158668518066,0.079884663224220276,0.19199119508266449,-0.35532060265541077,0.00207112031057477,-0.63337993621826172,-0.0023657071869820356,-0.31745675206184387,-0.2991773784160614,0.28726178407669067,0.092879526317119598,0.018998667597770691,-0.072349473834037781,-0.039814610034227371,-0.0043614981696009636,-0.99919754266738892,0,0,0,0,1,0.11587893217802048,0.10148961842060089,0.078034542500972748,0.047608867287635803,0.012930437922477722,-0.022903028875589371,-0.056690637022256851,-0.085414238274097443,-0.1065080463886261,-0.11808779835700989,-0.11911912262439728,-0.10950989276170731,0.19495412707328796,0.20532605051994324,-0.17084912955760956,0.075893551111221313,0.20035377144813538,-0.36988964676856995,-0.0038523366674780846,-0.63683295249938965,-0.0024632008280605078,-0.31273865699768066,-0.30821576714515686,0.2903992235660553,0.096899949014186859,0.03156566247344017,-0.062789954245090485,-0.039901670068502426,-0.0028738244436681271,-0.99919945001602173,0,0,0,0,1,0.11821217834949493,0.1068338006734848,0.085912272334098816,0.057316455990076065,0.023600734770298004,-0.012223172001540661,-0.04695521667599678,-0.077492892742156982,-0.1011083647608757,-0.11569212377071381,-0.11994145065546036,-0.11347676068544388,0.19749106466770172,0.20813377201557159,-0.16931557655334473,0.075523935258388519,0.20559147000312805,-0.38276419043540955,-0.0092018209397792816,-0.63969212770462036,-0.0017564345616847277,-0.30499637126922607,-0.3168337345123291,0.29254117608070374,0.18447722494602203,0.18760037422180176,-0.17551454901695251,0.082928717136383057,0.17370779812335968,-0.32865157723426819,0.011034260503947735,-0.6273120641708374,0.00053679978009313345,-0.32301849126815796,-0.28204894065856934,0.28016558289527893,0.18447722494602203,0.18760037422180176,-0.17551454901695251,0.082928717136383057,0.17370779812335968,-0.32865157723426819,0.011034260503947735,-0.6273120641708374,0.00053679978009313345,-0.32301849126815796,-0.28204894065856934,0.28016558289527893,1.092238612473011,0.18760037422180176,-1.1404116392135619,-0.95853564143180847,0.17370779812335968,0.7370787382125854,1.0055171302519739,-0.41999999999999998,-0.99957056017592549,-1.161509245634079,-0.28204894065856934,1.2241324663162232
0.071815583754489876,-0.019754351990219021,-0.093162227616982299,-0.039338761264254077,-0.0087443131724173531,-0.99918766948423487,1.1033645685025602,0.080733894182351051,-0.94910849845934908,-0.98349687736599967,-0.019359431067100218,0.9465073355517738,0.91715244257121575,-0.10480192484506777,-1.117394648441401,-1.1195008577232177,-0.11093241128819391,0.90754529706261577,4,0.055,0.055,0.055,0.055,0.071815580129623413,-0.019754352048039436,-0.093162231147289276,-0.039338760077953339,-0.0087443133816123009,-0.9991876482963562,0,0,0,0,1,0.10336457192897797,0.080733895301818848,0.05089149996638298,0.016503121703863144,-0.01935943029820919,-0.05349266529083252,-0.082847557961940765,-0.10480192303657532,-0.11739464849233627,-0.11950086057186127,-0.11093240976333618,-0.092454701662063599,0.18447722494602203,0.18760037422180176,-0.17551454901695251,0.082928717136383057,0.17370779812335968,-0.32865157723426819,0.011034260503947735,-0.6273120641708374,0.00053679978009313345,-0.32301849126815796,-0.28204894065856934,0.28016558289527893,0.080230608582496643,-0.0068797040730714798,-0.087664850056171417,-0.039533026516437531,-0.0073004183359444141,-0.99919158220291138,0,0,0,0,1,0.10842496156692505,0.08838663250207901,0.06045299768447876,0.02711927518248558,-0.0086369337514042854,-0.043621629476547241,-0.074709735810756683,-0.099124245345592499,-0.11468427628278732,-0.11999990791082382,-0.11459629982709885,-0.0989561527967453,0.18851125240325928,0.19317172467708588,-0.1736515611410141,0.081410773098468781,0.18265096843242645,-0.34175494313240051,0.0070997574366629124,-0.63071715831756592,-0.0017842362867668271,-0.32079493999481201,-0.29027536511421204,0.28345412015914917,0.087291643023490906,0.0061110476963222027,-0.080688014626502991,-0.039691690355539322,-0.0058382609859108925,-0.9991949200630188,0,0,0,0,1,0.11260770261287689,0.095323927700519562,0.069525159895420074,0.037515908479690552,0.0021554762497544289,-0.033397499471902847,-0.065967172384262085,-0.092644199728965759,-0.11104559153318405,-0.11952761560678482,-0.11733259260654449,-0.10465659946203232,0.19239136576652527,0.19979043304920197,-0.17199158668518066,0.079884663224220276,0.19199119508266449,-0.35532060265541077,0.00207112031057477,-0.63337993621826172,-0.0023657071869820356,-0.31745675206184387,-0.2991773784160614,0.28726178407669067,0.092879526317119598,0.018998667597770691,-0.072349473834037781,-0.039814610034227371,-0.0043614981696009636,-0.99919754266738892,0,0,0,0,1,0.11587893217802048,0.10148961842060089,0.078034542500972748,0.047608867287635803,0.012930437922477722,-0.022903028875589371,-0.056690637022256851,-0.085414238274097443,-0.1065080463886261,-0.11808779835700989,-0.11911912262439728,-0.10950989276170731,0.19495412707328796,0.20532605051994324,-0.17084912955760956,0.075893551111221313,0.20035377144813538,-0.36988964676856995,-0.0038523366674780846,-0.63683295249938965,-0.0024632008280605078,-0.31273865699768066,-0.30821576714515686,0.2903992235660553,0.17878875136375427,0.17766541242599487,-0.17812857031822205,0.087105438113212585,0.16185353696346283,-0.31713724136352539,0.014389066956937313,-0.6216888427734375,0.0031907970551401377,-0.32299277186393738,-0.27221569418907166,0.27644839882850647,0.17878875136375427,0.17766541242599487,-0.17812857031822205,0.087105438113212585,0.16185353696346283,-0.31713724136352539,0.014389066956937313,-0.6216888427734375,0.0031907970551401377,-0.32299277186393738,-0.27221569418907166,0.27644839882850647,1.0893943756818771,0.17766541242599487,-1.1425028562545776,-0.95644728094339371,0.16185353696346283,0.74629020690917969,1.0071945334784687,-0.41999999999999998,-0.99744736235588793,-1.1614963859319687,-0.27221569418907166,1.2211587190628053
0.062188585529924581,-0.032295621418466564,-0.097087382973608513,-0.039109075940477821,-0.010166335477365016,-0.99918322934386927,1.0974674903056725,0.072427649067493105,-0.95908193835415168,-0.9942466143583536,-0.029925223166895769,0.93706929908522862,0.9096852334266331,-0.10963128311402653,-1.1191547636436119,-1.1180345040097328,-0.1063705736690688,0.91479512321916312,4,0.055,0.055,0.055,0.055,0.062188584357500076,-0.032295621931552887,-0.097087383270263672,-0.039109077304601669,-0.010166335850954056,-0.99918323755264282,0,0,0,0,1,0.097467489540576935,0.072427652776241302,0.040918063372373581,0.0057533858343958855,-0.02992522343993187,-0.062930703163146973,-0.090314768254756927,-0.10963128507137299,-0.11915476620197296,-0.11803450435400009,-0.10637057572603226,-0.085204876959323883,0.17878875136375427,0.17766541242599487,-0.17812857031822205,0.087105438113212585,0.16185353696346283,-0.31713724136352539,0.014389066956937313,-0.6216888427734375,0.0031907970551401377,-0.32299277186393738,-0.27221569418907166,0.27644839882850647,0.071815580129623413,-0.019754352048039436,-0.093162231147289276,-0.039338760077953339,-0.0087443133816123009,-0.9991876482963562,0,0,0,0,1,0.10336457192897797,0.080733895301818848,0.05089149996638298,0.016503121703863144,-0.01935943029820919,-0.05349266529083252,-0.082847557961940765,-0.10480192303657532,-0.11739464849233627,-0.11950086057186127,-0.11093240976333618,-0.092454701662063599,0.18447722494602203,0.18760037422180176,-0.17551454901695251,0.082928717136383057,0.17370779812335968,-0.32865157723426819,0.011034260503947735,-0.6273120641708374,0.00053679978009313345,-0.32301849126815796,-0.28204894065856934,0.28016558289527893,0.080230608582496643,-0.0068797040730714798,-0.087664850056171417,-0.039533026516437531,-0.0073004183359444141,-0.99919158220291138,0,0,0,0,1,0.10842496156692505,0.08838663250207901,0.06045299768447876,0.02711927518248558,-0.0086369337514042854,-0.043621629476547241,-0.074709735810756683,-0.099124245345592499,-0.11468427628278732,-0.11999990791082382,-0.11459629982709885,-0.0989561527967453,0.18851125240325928,0.19317172467708588,-0.1736515611410141,0.081410773098468781,0.18265096843242645,-0.34175494313240051,0.0070997574366629124,-0.63071715831756592,-0.0017842362867668271,-0.32079493999481201,-0.29027536511421204,0.28345412015914917,0.087291643023490906,0.0061110476963222027,-0.080688014626502991,-0.039691690355539322,-0.0058382609859108925,-0.9991949200630188,0,0,0,0,1,0.11260770261287689,0.095323927700519562,0.069525159895420074,0.037515908479690552,0.0021554762497544289,-0.033397499471902847,-0.065967172384262085,-0.092644199728965759,-0.11104559153318405,-0.11952761560678482,-0.11733259260654449,-0.10465659946203232,0.19239136576652527,0.19979043304920197,-0.17199158668518066,0.079884663224220276,0.19199119508266449,-0.35532060265541077,0.00207112031057477,-0.63337993621826172,-0.0023657071869820356,-0.31745675206184387,-0.2991773784160614,0.28726178407669067,0.17212250828742981,0.16600164771080017,-0.18137010931968689,0.092822209000587463,0.14898990094661713,-0.30635088682174683,0.017085867002606392,-0.61465597152709961,0.006613150704652071,-0.32133522629737854,-0.26128876209259033,0.27244091033935547,0.17212250828742981,0.16600164771080017,-0.18137010931968689,0.092822209000587463,0.14898990094661713,-0.30635088682174683,0.017085867002606392,-0.61465597152709961,0.006613150704652071,-0.32133522629737854,-0.26128876209259033,0.27244091033935547,1.0860612541437149,0.16600164771080017,-1.1450960874557494,-0.95358889549970627,0.14898990094661713,0.75491929054260254,1.0085429335013032,-0.41999999999999998,-0.9947094794362783,-1.1606676131486893,-0.26128876209259033,1.2179527282714844
0.051512079516502302,-0.044291863074562135,-0.099374071017265975,-0.038844181243310974,-0.011562929937434317,-0.99917837658488118,1.090781458196949,0.063535135886455721,-0.96938659088917911,-1.0050429223262609,-0.040248784531027357,0.92814065731537154,0.9029490802286142,-0.11357322723698507,-1.119950376563106,-1.115612715993199,-0.10094771582733118,0.92273464314573495,4,0.055,0.055,0.055,0.055,0.051512081176042557,-0.044291861355304718,-0.099374070763587952,-0.038844183087348938,-0.01156292948871851,-0.99917834997177124,0,0,0,0,1,0.090781457722187042,0.063535138964653015,0.030613409355282784,-0.0050429222173988819,-0.04024878516793251,-0.071859344840049744,-0.097050920128822327,-0.11357323080301285,-0.11995037645101547,-0.11561271548271179,-0.10094771534204483,-0.077265359461307526,0.17212250828742981,0.16600164771080017,-0.18137010931968689,0.092822209000587463,0.14898990094661713,-0.30635088682174683,0.017085867002606392,-0.61465597152709961,0.006613150704652071,-0.32133522629737854,-0.26128876209259033,0.27244091033935547,0.062188584357500076,-0.032295621931552887,-0.097087383270263672,-0.039109077304601669,-0.010166335850954056,-0.99918323755264282,0,0,0,0,1,0.097467489540576935,0.072427652776241302,0.040918063372373581,0.0057533858343958855,-0.02992522343993187,-0.062930703163146973,-0.090314768254756927,-0.10963128507137299,-0.11915476620197296,-0.11803450435400009,-0.10637057572603226,-0.085204876959323883,0.17878875136375427,0.17766541242599487,-0.17812857031822205,0.087105438113212585,0.16185353696346283,-0.31713724136352539,0.014389066956937313,-0.6216888427734375,0.0031907970551401377,-0.32299277186393738,-0.27221569418907166,0.27644839882850647,0.071815580129623413,-0.019754352048039436,-0.093162231147289276,-0.039338760077953339,-0.0087443133816123009,-0.9991876482963562,0,0,0,0,1,0.10336457192897797,0.080733895301818848,0.05089149996638298,0.016503121703863144,-0.01935943029820919,-0.05349266529083252,-0.082847557961940765,-0.10480192303657532,-0.11739464849233627,-0.11950086057186127,-0.11093240976333618,-0.092454701662063599,0.18447722494602203,0.18760037422180176,-0.17551454901695251,0.082928717136383057,0.17370779812335968,-0.32865157723426819,0.011034260503947735,-0.6273120641708374,0.00053679978009313345,-0.32301849126815796,-0.28204894065856934,0.28016558289527893,0.080230608582496643,-0.0068797040730714798,-0.087664850056171417,-0.039533026516437531,-0.0073004183359444141,-0.99919158220291138,0,0,0,0,1,0.10842496156692505,0.08838663250207901,0.06045299768447876,0.02711927518248558,-0.0086369337514042854,-0.043621629476547241,-0.074709735810756683,-0.099124245345592499,-0.11468427628278732,-0.11999990791082382,-0.11459629982709885,-0.0989561527967453,0.18851125240325928,0.19317172467708588,-0.1736515611410141,0.081410773098468781,0.18265096843242645,-0.34175494313240051,0.0070997574366629124,-0.63071715831756592,-0.0017842362867668271,-0.32079493999481201,-0.29027536511421204,0.28345412015914917,0.16404858231544495,0.15095800161361694,-0.18534736335277557,0.10029290616512299,0.13412986695766449,-0.29655882716178894,0.019072553142905235,-0.60597145557403564,0.010376865044236183,-0.31775492429733276,-0.24916474521160126,0.26797884702682495,0.16404858231544495,0.15095800161361694,-0.18534736335277557,0.10029290616512299,0.13412986695766449,-0.29655882716178894,0.019072553142905235,-0.60597145557403564,0.010376865044236183,-0.31775492429733276,-0.24916474521160126,0.26797884702682495,1.0820242911577225,0.15095800161361694,-1.1482778906822204,-0.94985354691743851,0.13412986695766449,0.76275293827056889,1.0095362765714526,-0.41999999999999998,-0.99169850796461101,-1.1588774621486664,-0.24916474521160126,1.2143830776214599
0.039966244699214643,-0.055540625834271599,-0.099983701114447668,-0.038544320641948529,-0.012930605809307171,-0.99917322561188304,1.0833605924904586,0.054128335389314886,-0.97993904470437554,-1.0157984101880599,-0.050246550741279178,0.91979368343636969,0.89699850899808786,-0.11659584901330856,-1.1197750470840748,-1.1122550969189997,-0.094707733270028932,0.93129959012853225,4,0.055,0.055,0.055,0.055,0.039966244250535965,-0.055540625005960464,-0.09998369961977005,-0.038544319570064545,-0.012930605560541153,-0.99917322397232056,0,0,0,0,1,0.083360590040683746,0.054128333926200867,0.020060954615473747,-0.015798410400748253,-0.050246551632881165,-0.080206319689750671,-0.10300149023532867,-0.11659584939479828,-0.11977504938840866,-0.11225509643554688,-0.094707734882831573,-0.068700410425662994,0.16404858231544495,0.15095800161361694,-0.18534736335277557,0.10029290616512299,0.13412986695766449,-0.29655882716178894,0.019072553142905235,-0.60597145557403564,0.010376865044236183,-0.31775492429733276,-0.24916474521160126,0.26797884702682495,0.051512081176042557,-0.044291861355304718,-0.099374070763587952,-0.038844183087348938,-0.01156292948871851,-0.99917834997177124,0,0,0,0,1,0.090781457722187042,0.063535138964653015,0.030613409355282784,-0.0050429222173988819,-0.04024878516793251,-0.071859344840049744,-0.097050920128822327,-0.11357323080301285,-0.11995037645101547,-0.11561271548271179,-0.10094771534204483,-0.077265359461307526,0.17212250828742981,0.16600164771080017,-0.18137010931968689,0.092822209000587463,0.14898990094661713,-0.30635088682174683,0.017085867002606392,-0.61465597152709961,0.006613150704652071,-0.32133522629737854,-0.26128876209259033,0.27244091033935547,0.062188584357500076,-0.032295621931552887,-0.097087383270263672,-0.039109077304601669,-0.010166335850954056,-0.99918323755264282,0,0,0,0,1,0.097467489540576935,0.072427652776241302,0.040918063372373581,0.0057533858343958855,-0.02992522343993187,-0.062930703163146973,-0.090314768254756927,-0.10963128507137299,-0.11915476620197296,-0.11803450435400009,-0.10637057572603226,-0.085204876959323883,0.17878875136375427,0.17766541242599487,-0.17812857031822205,0.087105438113212585,0.16185353696346283,-0.31713724136352539,0.014389066956937313,-0.6216888427734375,0.0031907970551401377,-0.32299277186393738,-0.27221569418907166,0.27644839882850647,0.071815580129623413,-0.019754352048039436,-0.093162231147289276,-0.039338760077953339,-0.0087443133816123009,-0.9991876482963562,0,0,0,0,1,0.10336457192897797,0.080733895301818848,0.05089149996638298,0.016503121703863144,-0.01935943029820919,-0.05349266529083252,-0.082847557961940765,-0.10480192303657532,-0.11739464849233627,-0.11950086057186127,-0.11093240976333618,-0.092454701662063599,0.18447722494602203,0.18760037422180176,-0.17551454901695251,0.082928717136383057,0.17370779812335968,-0.32865157723426819,0.011034260503947735,-0.6273120641708374,0.00053679978009313345,-0.32301849126815796,-0.28204894065856934,0.28016558289527893,0.15468312799930573,0.13279235363006592,-0.18973782658576965,0.10943254828453064,0.11760104447603226,-0.28755775094032288,0.020374944433569908,-0.59582698345184326,0.01409447193145752,-0.31232452392578125,-0.235987588763237,0.26303055882453918,0.15468312799930573,0.13279235363006592,-0.18973782658576965,0.10943254828453064,0.11760104447603226,-0.28755775094032288,0.020374944433569908,-0.59582698345184326,0.01409447193145752,-0.31232452392578125,-0.235987588763237,0.26303055882453918,1.0773415639996529,0.13279235363006592,-1.1517902612686157,-0.94528372585773468,0.11760104447603226,0.76995379924774165,1.010187472216785,-0.41999999999999998,-0.98872442245483394,-1.1561622619628906,-0.235987588763237,1.2104244470596313
0.027745931040741769,-0.06585207318610721,-0.098905985018044207,-0.038209769418862033,-0.014265945500018244,-0.99916790196640526,1.0752649616357934,0.04428339124230031,-0.99065388260380371,-1.0264260172818247,-0.059837594539378328,0.91209594231188229,0.8918816868360564,-0.11867468172833194,-1.118630194416943,-1.1079888251488088,-0.087701135747980885,0.94042063491320005,4,0.055,0.055,0.055,0.055,0.027745930477976799,-0.065852075815200806,-0.098905988037586212,-0.038209769874811172,-0.014265945181250572,-0.99916791915893555,0,0,0,0,1,0.075264960527420044,0.044283390045166016,0.00934611726552248,-0.026426017284393311,-0.059837594628334045,-0.087904058396816254,-0.10811831057071686,-0.11867468059062958,-0.11863019317388535,-0.10798882693052292,-0.087701134383678436,-0.059579364955425262,0.15468312799930573,0.13279235363006592,-0.18973782658576965,0.10943254828453064,0.11760104447603226,-0.28755775094032288,0.020374944433569908,-0.59582698345184326,0.01409447193145752,-0.31232452392578125,-0.235987588763237,0.26303055882453918,0.039966244250535965,-0.055540625005960464,-0.09998369961977005,-0.038544319570064545,-0.012930605560541153,-0.99917322397232056,0,0,0,0,1,0.083360590040683746,0.054128333926200867,0.020060954615473747,-0.015798410400748253,-0.050246551632881165,-0.080206319689750671,-0.10300149023532867,-0.11659584939479828,-0.11977504938840866,-0.11225509643554688,-0.094707734882831573,-0.068700410425662994,0.16404858231544495,0.15095800161361694,-0.18534736335277557,0.10029290616512299,0.13412986695766449,-0.29655882716178894,0.019072553142905235,-0.60597145557403564,0.010376865044236183,-0.31775492429733276,-0.24916474521160126,0.26797884702682495,0.051512081176042557,-0.044291861355304718,-0.099374070763587952,-0.038844183087348938,-0.01156292948871851,-0.99917834997177124,0,0,0,0,1,0.090781457722187042,0.063535138964653015,0.030613409355282784,-0.0050429222173988819,-0.04024878516793251,-0.071859344840049744,-0.097050920128822327,-0.11357323080301285,-0.11995037645101547,-0.11561271548271179,-0.10094771534204483,-0.077265359461307526,0.17212250828742981,0.16600164771080017,-0.18137010931968689,0.092822209000587463,0.14898990094661713,-0.30635088682174683,0.017085867002606392,-0.61465597152709961,0.006613150704652071,-0.32133522629737854,-0.26128876209259033,0.27244091033935547,0.062188584357500076,-0.032295621931552887,-0.097087383270263672,-0.039109077304601669,-0.010166335850954056,-0.99918323755264282,0,0,0,0,1,0.097467489540576935,0.072427652776241302,0.040918063372373581,0.0057533858343958855,-0.02992522343993187,-0.062930703163146973,-0.090314768254756927,-0.10963128507137299,-0.11915476620197296,-0.11803450435400009,-0.10637057572603226,-0.085204876959323883,0.17878875136375427,0.17766541242599487,-0.17812857031822205,0.087105438113212585,0.16185353696346283,-0.31713724136352539,0.014389066956937313,-0.6216888427734375,0.0031907970551401377,-0.32299277186393738,-0.27221569418907166,0.27644839882850647,0.14416104555130005,0.11182465404272079,-0.19451326131820679,0.11944393813610077,0.099604807794094086,-0.27906376123428345,0.020986434072256088,-0.58471089601516724,0.017883848398923874,-0.30546116828918457,-0.22186034917831421,0.25760695338249207,0.14416104555130005,0.11182465404272079,-0.19451326131820679,0.11944393813610077,0.099604807794094086,-0.27906376123428345,0.020986434072256088,-0.58471089601516724,0.017883848398923874,-0.30546116828918457,-0.22186034917831421,0.25760695338249207,1.07208052277565,0.11182465404272079,-1.1556106090545655,-0.94027803093194962,0.099604807794094086,0.77674899101257322,1.010493217036128,-0.41999999999999998,-0.98569292128086095,-1.1527305841445923,-0.22186034917831421,1.2060855627059937
0.015057371152061023,-0.075052186952650979,-0.096159110493989078,-0.037840834307589374,-0.015565613131744011,-0.99916254080441713,1.0665600959919643,0.034079993680301922,-1.0014443729680391,-1.0368397180808511,-0.068944280895435681,0.90510974356898122,0.88764003203335951,-0.11979289820001297,-1.1165250856105224,-1.1028484341644214,-0.079984638402886596,0.95002394689283209,4,0.055,0.055,0.055,0.055,0.015057370997965336,-0.075052186846733093,-0.096159107983112335,-0.037840835750102997,-0.015565613284707069,-0.99916255474090576,0,0,0,0,1,0.06656009703874588,0.034079995006322861,-0.0014443729305639863,-0.036839719861745834,-0.068944282829761505,-0.094890259206295013,-0.11235997080802917,-0.11979290097951889,-0.1165250837802887,-0.10284843295812607,-0.0799846351146698,-0.049976054579019547,0.14416104555130005,0.11182465404272079,-0.19451326131820679,0.11944393813610077,0.099604807794094086,-0.27906376123428345,0.020986434072256088,-0.58471089601516724,0.017883848398923874,-0.30546116828918457,-0.22186034917831421,0.25760695338249207,0.027745930477976799,-0.065852075815200806,-0.098905988037586212,-0.038209769874811172,-0.014265945181250572,-0.99916791915893555,0,0,0,0,1,0.075264960527420044,0.044283390045166016,0.00934611726552248,-0.026426017284393311,-0.059837594628334045,-0.087904058396816254,-0.10811831057071686,-0.11867468059062958,-0.11863019317388535,-0.10798882693052292,-0.087701134383678436,-0.059579364955425262,0.15468312799930573,0.13279235363006592,-0.18973782658576965,0.10943254828453064,0.11760104447603226,-0.28755775094032288,0.020374944433569908,-0.59582698345184326,0.01409447193145752,-0.31232452392578125,-0.235987588763237,0.26303055882453918,0.039966244250535965,-0.055540625005960464,-0.09998369961977005,-0.038544319570064545,-0.012930605560541153,-0.99917322397232056,0,0,0,0,1,0.083360590040683746,0.054128333926200867,0.020060954615473747,-0.015798410400748253,-0.050246551632881165,-0.080206319689750671,-0.10300149023532867,-0.11659584939479828,-0.11977504938840866,-0.11225509643554688,-0.094707734882831573,-0.068700410425662994,0.16404858231544495,0.15095800161361694,-0.18534736335277557,0.10029290616512299,0.13412986695766449,-0.29655882716178894,0.019072553142905235,-0.60597145557403564,0.010376865044236183,-0.31775492429733276,-0.24916474521160126,0.26797884702682495,0.051512081176042557,-0.044291861355304718,-0.099374070763587952,-0.038844183087348938,-0.01156292948871851,-0.99917834997177124,0,0,0,0,1,0.090781457722187042,0.063535138964653015,0.030613409355282784,-0.0050429222173988819,-0.04024878516793251,-0.071859344840049744,-0.097050920128822327,-0.11357323080301285,-0.11995037645101547,-0.11561271548271179,-0.10094771534204483,-0.077265359461307526,0.17212250828742981,0.16600164771080017,-0.18137010931968689,0.092822209000587463,0.14898990094661713,-0.30635088682174683,0.017085867002606392,-0.61465597152709961,0.006613150704652071,-0.32133522629737854,-0.26128876209259033,0.27244091033935547,0.13260778784751892,0.088205195963382721,-0.19954448938369751,0.13022913038730621,0.080333054065704346,-0.27100473642349243,0.021026918664574623,-0.57278984785079956,0.021526915952563286,-0.29724898934364319,-0.20683109760284424,0.25170153379440308,0.13260778784751892,0.088205195963382721,-0.19954448938369751,0.13022913038730621,0.080333054065704346,-0.27100473642349243,0.021026918664574623,-0.57278984785079956,0.021526915952563286,-0.29724898934364319,-0.20683109760284424,0.25170153379440308,1.0663038939237595,0.088205195963382721,-1.1596355915069581,-0.93488543480634689,0.080333054065704346,0.78319621086120605,1.0105134593322873,-0.41999999999999998,-0.98277846723794937,-1.1486244946718216,-0.20683109760284424,1.2013612270355225
0.0021146998670659731,-0.082985704058306825,-0.0917894343806544,-0.03743785309635049,-0.016826362876339703,-0.9991572852498698,1.0573164573896816,0.023600734451556075,-1.0122231718062109,-1.0469552185302053,-0.077492895427333244,0.89889163723075294,0.88430787880891215,-0.11994144698712912,-1.1134767605395699,-1.0968755330353106,-0.071620702684680501,0.96003179173232711,4,0.055,0.055,0.055,0.055,0.0021146999206393957,-0.082985706627368927,-0.091789431869983673,-0.037437852472066879,-0.016826363280415535,-0.99915730953216553,0,0,0,0,1,0.057316455990076065,0.023600734770298004,-0.012223172001540661,-0.04695521667599678,-0.077492892742156982,-0.1011083647608757,-0.11569212377071381,-0.11994145065546036,-0.11347676068544388,-0.09687553346157074,-0.071620702743530273,-0.039968207478523254,0.13260778784751892,0.088205195963382721,-0.19954448938369751,0.13022913038730621,0.080333054065704346,-0.27100473642349243,0.021026918664574623,-0.57278984785079956,0.021526915952563286,-0.29724898934364319,-0.20683109760284424,0.25170153379440308,0.015057370997965336,-0.075052186846733093,-0.096159107983112335,-0.037840835750102997,-0.015565613284707069,-0.99916255474090576,0,0,0,0,1,0.06656009703874588,0.034079995006322861,-0.0014443729305639863,-0.036839719861745834,-0.068944282829761505,-0.094890259206295013,-0.11235997080802917,-0.11979290097951889,-0.1165250837802887,-0.10284843295812607,-0.0799846351146698,-0.049976054579019547,0.14416104555130005,0.11182465404272079,-0.19451326131820679,0.11944393813610077,0.099604807794094086,-0.27906376123428345,0.020986434072256088,-0.58471089601516724,0.017883848398923874,-0.30546116828918457,-0.22186034917831421,0.25760695338249207,0.027745930477976799,-0.065852075815200806,-0.098905988037586212,-0.038209769874811172,-0.014265945181250572,-0.99916791915893555,0,0,0,0,1,0.075264960527420044,0.044283390045166016,0.00934611726552248,-0.026426017284393311,-0.059837594628334045,-0.087904058396816254,-0.10811831057071686,-0.11867468059062958,-0.11863019317388535,-0.10798882693052292,-0.087701134383678436,-0.059579364955425262,0.15468312799930573,0.13279235363006592,-0.18973782658576965,0.10943254828453064,0.11760104447603226,-0.28755775094032288,0.020374944433569908,-0.59582698345184326,0.01409447193145752,-0.31232452392578125,-0.235987588763237,0.26303055882453918,0.039966244250535965,-0.055540625005960464,-0.09998369961977005,-0.038544319570064545,-0.012930605560541153,-0.99917322397232056,0,0,0,0,1,0.083360590040683746,0.054128333926200867,0.020060954615473747,-0.015798410400748253,-0.050246551632881165,-0.080206319689750671,-0.10300149023532867,-0.11659584939479828,-0.11977504938840866,-0.11225509643554688,-0.094707734882831573,-0.068700410425662994,0.16404858231544495,0.15095800161361694,-0.18534736335277557,0.10029290616512299,0.13412986695766449,-0.29655882716178894,0.019072553142905235,-0.60597145557403564,0.010376865044236183,-0.31775492429733276,-0.24916474521160126,0.26797884702682495,0.12034285068511963,0.062357626855373383,-0.20472604036331177,0.14124353229999542,0.060070902109146118,-0.26339662075042725,0.020564734935760498,-0.56043022871017456,0.025108778849244118,-0.28803184628486633,-0.19095221161842346,0.24531295895576477,0.12034285068511963,0.062357626855373383,-0.20472604036331177,0.14124353229999542,0.060070902109146118,-0.26339662075042725,0.020564734935760498,-0.56043022871017456,0.025108778849244118,-0.28803184628486633,-0.19095221161842346,0.24531295895576477,1.0601714253425598,0.062357626855373383,-1.1637808322906493,-0.92937823385000229,0.060070902109146118,0.78928270339965823,1.0102823674678802,-0.41999999999999998,-0.97991297692060475,-1.1440159231424332,-0.19095221161842346,1.1962503671646119
-0.010863659542407977,-0.089518736781968186,-0.085870700260992958,-0.037001194200111054,-0.018045047038474909,-0.99915228464190819,1.0476088687756737,0.012930438275933287,-1.0229030297649024,-1.0566906383678158,-0.085414241084294767,0.89349195597021969,0.88191219939020282,-0.11911912565647598,-1.1095098939749422,-1.0901184696126012,-0.062677030755208141,0.9703631605916051,4,0.055,0.055,0.055,0.055,-0.010863659903407097,-0.089518733322620392,-0.085870698094367981,-0.037001192569732666,-0.018045047298073769,-0.99915230274200439,0,0,0,0,1,0.047608867287635803,0.012930437922477722,-0.022903028875589371,-0.056690637022256851,-0.085414238274097443,-0.1065080463886261,-0.11808779835700989,-0.11911912262439728,-0.10950989276170731,-0.090118467807769775,-0.062677033245563507,-0.029636839404702187,0.12034285068511963,0.062357626855373383,-0.20472604036331177,0.14124353229999542,0.060070902109146118,-0.26339662075042725,0.020564734935760498,-0.56043022871017456,0.025108778849244118,-0.28803184628486633,-0.19095221161842346,0.24531295895576477,0.0021146999206393957,-0.082985706627368927,-0.091789431869983673,-0.037437852472066879,-0.016826363280415535,-0.99915730953216553,0,0,0,0,1,0.057316455990076065,0.023600734770298004,-0.012223172001540661,-0.04695521667599678,-0.077492892742156982,-0.1011083647608757,-0.11569212377071381,-0.11994145065546036,-0.11347676068544388,-0.09687553346157074,-0.071620702743530273,-0.039968207478523254,0.13260778784751892,0.088205195963382721,-0.19954448938369751,0.13022913038730621,0.080333054065704346,-0.27100473642349243,0.021026918664574623,-0.57278984785079956,0.021526915952563286,-0.29724898934364319,-0.20683109760284424,0.25170153379440308,0.015057370997965336,-0.075052186846733093,-0.096159107983112335,-0.037840835750102997,-0.015565613284707069,-0.99916255474090576,0,0,0,0,1,0.06656009703874588,0.034079995006322861,-0.0014443729305639863,-0.036839719861745834,-0.068944282829761505,-0.094890259206295013,-0.11235997080802917,-0.11979290097951889,-0.1165250837802887,-0.10284843295812607,-0.0799846351146698,-0.049976054579019547,0.14416104555130005,0.11182465404272079,-0.19451326131820679,0.11944393813610077,0.099604807794094086,-0.27906376123428345,0.020986434072256088,-0.58471089601516724,0.017883848398923874,-0.30546116828918457,-0.22186034917831421,0.25760695338249207,0.027745930477976799,-0.065852075815200806,-0.098905988037586212,-0.038209769874811172,-0.014265945181250572,-0.99916791915893555,0,0,0,0,1,0.075264960527420044,0.044283390045166016,0.00934611726552248,-0.026426017284393311,-0.059837594628334045,-0.087904058396816254,-0.10811831057071686,-0.11867468059062958,-0.11863019317388535,-0.10798882693052292,-0.087701134383678436,-0.059579364955425262,0.15468312799930573,0.13279235363006592,-0.18973782658576965,0.10943254828453064,0.11760104447603226,-0.28755775094032288,0.020374944433569908,-0.59582698345184326,0.01409447193145752,-0.31232452392578125,-0.235987588763237,0.26303055882453918,0.10761052370071411,0.034724827855825424,-0.21001280844211578,0.15213198959827423,0.039117813110351562,-0.25637239217758179,0.019710322842001915,-0.54797857999801636,0.028604058548808098,-0.27800315618515015,-0.17431549727916718,0.23844075202941895,0.10761052370071411,0.034724827855825424,-0.21001280844211578,0.15213198959827423,0.039117813110351562,-0.25637239217758179,0.019710322842001915,-0.54797857999801636,0.028604058548808098,-0.27800315618515015,-0.17431549727916718,0.23844075202941895,1.0538052618503571,0.034724827855825424,-1.1680102467536926,-0.92393400520086288,0.039117813110351562,0.79490208625793457,1.009855161421001,-0.41999999999999998,-0.97711675316095348,-1.1390015780925751,-0.17431549727916718,1.1907526016235352
-0.023658681524151539,-0.094541032274661249,-0.078502793950155844,-0.036531256203820653,-0.019218623867514033,-0.9991476926945333,1.0375159085558014,0.0021554762283612352,-1.0333974983710086,-1.0659671739070364,-0.092644198264764221,0.88895440769080358,0.88047238568568209,-0.1173325905160037,-1.1046565958528247,-1.0826319391757464,-0.053226017470771506,0.98093442585441593,0,0.055,0.055,0.055,0.059999999999999998,-0.023658681660890579,-0.094541035592556,-0.078502796590328217,-0.036531254649162292,-0.019218623638153076,-0.99914771318435669,1,0,0,0,0,0.037515908479690552,0.0021554762497544289,-0.033397499471902847,-0.065967172384262085,-0.092644199728965759,-0.11104559153318405,-0.11952761560678482,-0.11733259260654449,-0.10465659946203232,-0.08263193815946579,-0.053226016461849213,-0.019065573811531067,0.10761052370071411,0.034724827855825424,-0.21001280844211578,0.15213198959827423,0.039117813110351562,-0.25637239217758179,0.019710322842001915,-0.54797857999801636,0.028604058548808098,-0.27800315618515015,-0.17431549727916718,0.23844075202941895,-0.010863659903407097,-0.089518733322620392,-0.085870698094367981,-0.037001192569732666,-0.018045047298073769,-0.99915230274200439,0,0,0,0,1,0.047608867287635803,0.012930437922477722,-0.022903028875589371,-0.056690637022256851,-0.085414238274097443,-0.1065080463886261,-0.11808779835700989,-0.11911912262439728,-0.10950989276170731,-0.090118467807769775,-0.062677033245563507,-0.029636839404702187,0.12034285068511963,0.062357626855373383,-0.20472604036331177,0.14124353229999542,0.060070902109146118,-0.26339662075042725,0.020564734935760498,-0.56043022871017456,0.025108778849244118,-0.28803184628486633,-0.19095221161842346,0.24531295895576477,0.0021146999206393957,-0.082985706627368927,-0.091789431869983673,-0.037437852472066879,-0.016826363280415535,-0.99915730953216553,0,0,0,0,1,0.057316455990076065,0.023600734770298004,-0.012223172001540661,-0.04695521667599678,-0.077492892742156982,-0.1011083647608757,-0.11569212377071381,-0.11994145065546036,-0.11347676068544388,-0.09687553346157074,-0.071620702743530273,-0.039968207478523254,0.13260778784751892,0.088205195963382721,-0.19954448938369751,0.13022913038730621,0.080333054065704346,-0.27100473642349243,0.021026918664574623,-0.57278984785079956,0.021526915952563286,-0.29724898934364319,-0.20683109760284424,0.25170153379440308,0.015057370997965336,-0.075052186846733093,-0.096159107983112335,-0.037840835750102997,-0.015565613284707069,-0.99916255474090576,0,0,0,0,1,0.06656009703874588,0.034079995006322861,-0.0014443729305639863,-0.036839719861745834,-0.068944282829761505,-0.094890259206295013,-0.11235997080802917,-0.11979290097951889,-0.1165250837802887,-0.10284843295812607,-0.0799846351146698,-0.049976054579019547,0.14416104555130005,0.11182465404272079,-0.19451326131820679,0.11944393813610077,0.099604807794094086,-0.27906376123428345,0.020986434072256088,-0.58471089601516724,0.017883848398923874,-0.30546116828918457,-0.22186034917831421,0.25760695338249207,0.099881552159786224,-0.062197666615247726,-0.20754428207874298,0.1225958839058876,-0.055967509746551514,-0.14242167770862579,0.10268455743789673,-0.45227742195129395,0.05235295370221138,-0.3025093674659729,-0.11269047856330872,0.21962913870811462,0.099881552159786224,-0.062197666615247726,-0.20754428207874298,0.1225958839058876,-0.055967509746551514,-0.14242167770862579,0.10268455743789673,-0.45227742195129395,0.05235295370221138,-0.3025093674659729,-0.11269047856330872,0.21962913870811462,1.0499407760798931,-0.062197666615247726,-1.1660354256629943,-0.9387020580470562,-0.055967509746551514,0.88606265783309934,1.0513422787189484,-0.41999999999999998,-0.95811763703823094,-1.1512546837329865,-0.11269047856330872,1.1757033109664916
-0.036054434567357567,-0.097967833210059849,-0.069810057801243733,-0.036028467379611399,-0.020344165079630144,-0.99914366558843237,1.0271192745394833,-0.0086369333947757723,-1.0436216297918366,-1.0747097359157649,-0.099124243834699213,0.88531572173122086,0.88000009231630016,-0.1145963027351062,-1.098956151359763,-1.0744765416997297,-0.043344164379510691,0.99166001805492032,0,0.055,0.055,0.055,0.053999999999999999,-0.03605443611741066,-0.097967833280563354,-0.069810055196285248,-0.036028467118740082,-0.020344164222478867,-0.99914366006851196,1,0,0,0,0,0.02711927518248558,-0.0086369337514042854,-0.043621629476547241,-0.074709735810756683,-0.099124245345592499,-0.11468427628278732,-0.11999990791082382,-0.11459629982709885,-0.0989561527967453,-0.074476540088653564,-0.043344166129827499,-0.0083399815484881401,0.099881552159786224,-0.062197666615247726,-0.20754428207874298,0.1225958839058876,-0.055967509746551514,-0.14242167770862579,0.10268455743789673,-0.45227742195129395,0.05235295370221138,-0.3025093674659729,-0.11269047856330872,0.21962913870811462,-0.023658681660890579,-0.094541035592556,-0.078502796590328217,-0.036531254649162292,-0.019218623638153076,-0.99914771318435669,1,0,0,0,0,0.037515908479690552,0.0021554762497544289,-0.033397499471902847,-0.065967172384262085,-0.092644199728965759,-0.11104559153318405,-0.11952761560678482,-0.11733259260654449,-0.10465659946203232,-0.08263193815946579,-0.053226016461849213,-0.019065573811531067,0.10761052370071411,0.034724827855825424,-0.21001280844211578,0.15213198959827423,0.039117813110351562,-0.25637239217758179,0.019710322842001915,-0.54797857999801636,0.028604058548808098,-0.27800315618515015,-0.17431549727916718,0.23844075202941895,-0.010863659903407097,-0.089518733322620392,-0.085870698094367981,-0.037001192569732666,-0.018045047298073769,-0.99915230274200439,0,0,0,0,1,0.047608867287635803,0.012930437922477722,-0.022903028875589371,-0.056690637022256851,-0.085414238274097443,-0.1065080463886261,-0.11808779835700989,-0.11911912262439728,-0.10950989276170731,-0.090118467807769775,-0.062677033245563507,-0.029636839404702187,0.12034285068511963,0.062357626855373383,-0.20472604036331177,0.14124353229999542,0.060070902109146118,-0.26339662075042725,0.020564734935760498,-0.56043022871017456,0.025108778849244118,-0.28803184628486633,-0.19095221161842346,0.24531295895576477,0.0021146999206393957,-0.082985706627368927,-0.091789431869983673,-0.037437852472066879,-0.016826363280415535,-0.99915730953216553,0,0,0,0,1,0.057316455990076065,0.023600734770298004,-0.012223172001540661,-0.04695521667599678,-0.077492892742156982,-0.1011083647608757,-0.11569212377071381,-0.11994145065546036,-0.11347676068544388,-0.09687553346157074,-0.071620702743530273,-0.039968207478523254,0.13260778784751892,0.088205195963382721,-0.19954448938369751,0.13022913038730621,0.080333054065704346,-0.27100473642349243,0.021026918664574623,-0.57278984785079956,0.021526915952563286,-0.29724898934364319,-0.20683109760284424,0.25170153379440308,0.10628241300582886,-0.12395472824573517,-0.18326964974403381,0.062568232417106628,-0.16655901074409485,-0.13037765026092529,0.1144942045211792,-0.46463629603385925,0.049824152141809464,-0.30541110038757324,-0.1031651496887207,0.21929760277271271,0.10628241300582886,-0.12395472824573517,-0.18326964974403381,0.062568232417106628,-0.16655901074409485,-0.13037765026092529,0.1144942045211792,-0.46463629603385925,0.049824152141809464,-0.30541110038757324,-0.1031651496887207,0.21929760277271271,1.0531412065029144,-0.12395472824573517,-1.1466157197952271,-0.96871588379144669,-0.16655901074409485,0.89569787979125981,1.0572471022605896,-0.41999999999999998,-0.96014067828655247,-1.1527055501937866,-0.1031651496887207,1.1754380822181703
-0.047841725308698742,-0.099741308167141676,-0.059939192277323999,-0.035493285180757887,-0.02141886307300991,-0.99914036001541695,1.0165031226340004,-0.019359431067100429,-1.0534926644482261,-1.0828475574287844,-0.10480192484506777,0.88260535155859898,0.88049914227678217,-0.11093241128819391,-1.0924547029373843,-1.0657182913265089,-0.03311146047701731,1.0024531185226389,0,0.055,0.055,0.055,0.048000000000000001,-0.047841724008321762,-0.099741309881210327,-0.059939190745353699,-0.035493284463882446,-0.021418863907456398,-0.99914038181304932,1,0,0,0,0,0.016503121703863144,-0.01935943029820919,-0.05349266529083252,-0.082847557961940765,-0.10480192303657532,-0.11739464849233627,-0.11950086057186127,-0.11093240976333618,-0.092454701662063599,-0.065718293190002441,-0.033111460506916046,0.0024531185626983643,0.10628241300582886,-0.12395472824573517,-0.18326964974403381,0.062568232417106628,-0.16655901074409485,-0.13037765026092529,0.1144942045211792,-0.46463629603385925,0.049824152141809464,-0.30541110038757324,-0.1031651496887207,0.21929760277271271,-0.03605443611741066,-0.097967833280563354,-0.069810055196285248,-0.036028467118740082,-0.020344164222478867,-0.99914366006851196,1,0,0,0,0,0.02711927518248558,-0.0086369337514042854,-0.043621629476547241,-0.074709735810756683,-0.099124245345592499,-0.11468427628278732,-0.11999990791082382,-0.11459629982709885,-0.0989561527967453,-0.074476540088653564,-0.043344166129827499,-0.0083399815484881401,0.099881552159786224,-0.062197666615247726,-0.20754428207874298,0.1225958839058876,-0.055967509746551514,-0.14242167770862579,0.10268455743789673,-0.45227742195129395,0.05235295370221138,-0.3025093674659729,-0.11269047856330872,0.21962913870811462,-0.023658681660890579,-0.094541035592556,-0.078502796590328217,-0.036531254649162292,-0.019218623638153076,-0.99914771318435669,1,0,0,0,0,0.037515908479690552,0.0021554762497544289,-0.033397499471902847,-0.065967172384262085,-0.092644199728965759,-0.11104559153318405,-0.11952761560678482,-0.11733259260654449,-0.10465659946203232,-0.08263193815946579,-0.053226016461849213,-0.019065573811531067,0.10761052370071411,0.034724827855825424,-0.21001280844211578,0.15213198959827423,0.039117813110351562,-0.25637239217758179,0.019710322842001915,-0.54797857999801636,0.028604058548808098,-0.27800315618515015,-0.17431549727916718,0.23844075202941895,-0.010863659903407097,-0.089518733322620392,-0.085870698094367981,-0.037001192569732666,-0.018045047298073769,-0.99915230274200439,0,0,0,0,1,0.047608867287635803,0.012930437922477722,-0.022903028875589371,-0.056690637022256851,-0.085414238274097443,-0.1065080463886261,-0.11808779835700989,-0.11911912262439728,-0.10950989276170731,-0.090118467807769775,-0.062677033245563507,-0.029636839404702187,0.12034285068511963,0.062357626855373383,-0.20472604036331177,0.14124353229999542,0.060070902109146118,-0.26339662075042725,0.020564734935760498,-0.56043022871017456,0.025108778849244118,-0.28803184628486633,-0.19095221161842346,0.24531295895576477,0.21090283989906311,-0.17037512362003326,-0.15364372730255127,0.068741492927074432,-0.21318285167217255,-0.12181238830089569,0.12485875934362411,-0.60673826932907104,0.0047098570503294468,-0.34102365374565125,-0.05770203098654747,0.21092706918716431,0.21090283989906311,-0.17037512362003326,-0.15364372730255127,0.068741492927074432,-0.21318285167217255,-0.12181238830089569,0.12485875934362411,-0.60673826932907104,0.0047098570503294468,-0.34102365374565125,-0.05770203098654747,0.21092706918716431,1.1054514199495316,-0.17037512362003326,-1.122914981842041,-0.96562925353646278,-0.21318285167217255,0.90255008935928349,1.0624293796718121,-0.41999999999999998,-0.99623211435973646,-1.1705118268728256,-0.05770203098654747,1.1687416553497314
-0.058821628923994174,-0.099831527605542633,-0.04905678020323289,-0.034926195715169313,-0.022440037820380031,-0.99913793119643179,1.0057533856416465,-0.029925223166895977,-1.0629307009147717,-1.0903147665733668,-0.10963128311402653,0.88084523635638812,0.8819654959902673,-0.1063705736690686,-1.0852048767808369,-1.0564280820113001,-0.022610734732697747,1.0132263621391284,0,0.055,0.055,0.055,0.041999999999999996,-0.058821629732847214,-0.099831528961658478,-0.049056779593229294,-0.034926194697618484,-0.022440038621425629,-0.99913793802261353,1,0,0,0,0,0.0057533858343958855,-0.02992522343993187,-0.062930703163146973,-0.090314768254756927,-0.10963128507137299,-0.11915476620197296,-0.11803450435400009,-0.10637057572603226,-0.085204876959323883,-0.056428082287311554,-0.022610735148191452,0.013226361945271492,0.21090283989906311,-0.17037512362003326,-0.15364372730255127,0.068741492927074432,-0.21318285167217255,-0.12181238830089569,0.12485875934362411,-0.60673826932907104,0.0047098570503294468,-0.34102365374565125,-0.05770203098654747,0.21092706918716431,-0.047841724008321762,-0.099741309881210327,-0.059939190745353699,-0.035493284463882446,-0.021418863907456398,-0.99914038181304932,1,0,0,0,0,0.016503121703863144,-0.01935943029820919,-0.05349266529083252,-0.082847557961940765,-0.10480192303657532,-0.11739464849233627,-0.11950086057186127,-0.11093240976333618,-0.092454701662063599,-0.065718293190002441,-0.033111460506916046,0.0024531185626983643,0.10628241300582886,-0.12395472824573517,-0.18326964974403381,0.062568232417106628,-0.16655901074409485,-0.13037765026092529,0.1144942045211792,-0.46463629603385925,0.049824152141809464,-0.30541110038757324,-0.1031651496887207,0.21929760277271271,-0.03605443611741066,-0.097967833280563354,-0.069810055196285248,-0.036028467118740082,-0.020344164222478867,-0.99914366006851196,1,0,0,0,0,0.02711927518248558,-0.0086369337514042854,-0.043621629476547241,-0.074709735810756683,-0.099124245345592499,-0.11468427628278732,-0.11999990791082382,-0.11459629982709885,-0.0989561527967453,-0.074476540088653564,-0.043344166129827499,-0.0083399815484881401,0.099881552159786224,-0.062197666615247726,-0.20754428207874298,0.1225958839058876,-0.055967509746551514,-0.14242167770862579,0.10268455743789673,-0.45227742195129395,0.05235295370221138,-0.3025093674659729,-0.11269047856330872,0.21962913870811462,-0.023658681660890579,-0.094541035592556,-0.078502796590328217,-0.036531254649162292,-0.019218623638153076,-0.99914771318435669,1,0,0,0,0,0.037515908479690552,0.0021554762497544289,-0.033397499471902847,-0.065967172384262085,-0.092644199728965759,-0.11104559153318405,-0.11952761560678482,-0.11733259260654449,-0.10465659946203232,-0.08263193815946579,-0.053226016461849213,-0.019065573811531067,0.10761052370071411,0.034724827855825424,-0.21001280844211578,0.15213198959827423,0.039117813110351562,-0.25637239217758179,0.019710322842001915,-0.54797857999801636,0.028604058548808098,-0.27800315618515015,-0.17431549727916718,0.23844075202941895,0.25819861888885498,-0.13919180631637573,-0.14776337146759033,0.082645170390605927,-0.20779605209827423,-0.15132497251033783,0.078310489654541016,-0.65983718633651733,-0.0035231446381658316,-0.28849038481712341,-0.12522155046463013,0.19859282672405243,0.25819861888885498,-0.13919180631637573,-0.14776337146759033,0.082645170390605927,-0.20779605209827423,-0.15132497251033783,0.078310489654541016,-0.65983718633651733,-0.0035231446381658316,-0.28849038481712341,-0.12522155046463013,0.19859282672405243,1.1290993094444275,-0.13919180631637573,-1.1182106971740722,-0.95867741480469704,-0.20779605209827423,0.87894002199172971,1.0391552448272705,-0.41999999999999998,-1.0028185157105327,-1.1442451924085617,-0.12522155046463013,1.158874261379242
-0.068808846225829695,-0.098236968962842341,-0.037346475478411474,-0.03432771320111079,-0.023405143424451047,-0.99913653089438348,0.99495707767373909,-0.040248784531027357,-1.0718593426846283,-1.0970509197713858,-0.11357322723698507,0.88004962343689397,0.88438728400680089,-0.10094771582733118,-1.0772653568542649,-1.0466811136690499,-0.011926985627861781,1.0238925445179037,0,0.055,0.055,0.055,0.035999999999999997,-0.068808846175670624,-0.098236970603466034,-0.037346474826335907,-0.034327711910009384,-0.023405143991112709,-0.99913650751113892,1,0,0,0,0,-0.0050429222173988819,-0.04024878516793251,-0.071859344840049744,-0.097050920128822327,-0.11357323080301285,-0.11995037645101547,-0.11561271548271179,-0.10094771534204483,-0.077265359461307526,-0.046681113541126251,-0.011926985345780849,0.023892544209957123,0.25819861888885498,-0.13919180631637573,-0.14776337146759033,0.082645170390605927,-0.20779605209827423,-0.15132497251033783,0.078310489654541016,-0.65983718633651733,-0.0035231446381658316,-0.28849038481712341,-0.12522155046463013,0.19859282672405243,-0.058821629732847214,-0.099831528961658478,-0.049056779593229294,-0.034926194697618484,-0.022440038621425629,-0.99913793802261353,1,0,0,0,0,0.0057533858343958855,-0.02992522343993187,-0.062930703163146973,-0.090314768254756927,-0.10963128507137299,-0.11915476620197296,-0.11803450435400009,-0.10637057572603226,-0.085204876959323883,-0.056428082287311554,-0.022610735148191452,0.013226361945271492,0.21090283989906311,-0.17037512362003326,-0.15364372730255127,0.068741492927074432,-0.21318285167217255,-0.12181238830089569,0.12485875934362411,-0.60673826932907104,0.0047098570503294468,-0.34102365374565125,-0.05770203098654747,0.21092706918716431,-0.047841724008321762,-0.099741309881210327,-0.059939190745353699,-0.035493284463882446,-0.021418863907456398,-0.99914038181304932,1,0,0,0,0,0.016503121703863144,-0.01935943029820919,-0.05349266529083252,-0.082847557961940765,-0.10480192303657532,-0.11739464849233627,-0.11950086057186127,-0.11093240976333618,-0.092454701662063599,-0.065718293190002441,-0.033111460506916046,0.0024531185626983643,0.10628241300582886,-0.12395472824573517,-0.18326964974403381,0.062568232417106628,-0.16655901074409485,-0.13037765026092529,0.1144942045211792,-0.46463629603385925,0.049824152141809464,-0.30541110038757324,-0.1031651496887207,0.21929760277271271,-0.03605443611741066,-0.097967833280563354,-0.069810055196285248,-0.036028467118740082,-0.020344164222478867,-0.99914366006851196,1,0,0,0,0,0.02711927518248558,-0.0086369337514042854,-0.043621629476547241,-0.074709735810756683,-0.099124245345592499,-0.11468427628278732,-0.11999990791082382,-0.11459629982709885,-0.0989561527967453,-0.074476540088653564,-0.043344166129827499,-0.0083399815484881401,0.099881552159786224,-0.062197666615247726,-0.20754428207874298,0.1225958839058876,-0.055967509746551514,-0.14242167770862579,0.10268455743789673,-0.45227742195129395,0.05235295370221138,-0.3025093674659729,-0.11269047856330872,0.21962913870811462,0.25963488221168518,-0.1431167870759964,-0.14721052348613739,0.091197684407234192,-0.21229411661624908,-0.157918781042099,0.087606407701969147,-0.65830755233764648,-0.012621872127056122,-0.25880533456802368,-0.11593849211931229,0.19329380989074707,0.25963488221168518,-0.1431167870759964,-0.14721052348613739,0.091197684407234192,-0.21229411661624908,-0.157918781042099,0.087606407701969147,-0.65830755233764648,-0.012621872127056122,-0.25880533456802368,-0.11593849211931229,0.19329380989074707,1.1298174411058426,-0.1431167870759964,-1.1177684187889099,-0.9544011577963829,-0.21229411661624908,0.8736649751663208,1.0438032038509846,-0.41999999999999998,-1.0100974977016448,-1.1294026672840118,-0.11593849211931229,1.1546350479125977
-0.077634830812032748,-0.094984542349650869,-0.025005903694659926,-0.033698379407734291,-0.024311774323208898,-0.99913630544313126,0.98420158981194006,-0.050246550741279178,-1.0802063165636306,-1.1030014910019121,-0.11659584901330856,0.88022495291592528,0.8877449030810004,-0.094707733270028668,-1.0687004098714679,-1.0365562834661672,-0.0011466931326296864,1.0343653278833056,0,0.055,0.055,0.055,0.029999999999999999,-0.077634833753108978,-0.094984538853168488,-0.025005903095006943,-0.033698379993438721,-0.024311773478984833,-0.99913632869720459,1,0,0,0,0,-0.015798410400748253,-0.050246551632881165,-0.080206319689750671,-0.10300149023532867,-0.11659584939479828,-0.11977504938840866,-0.11225509643554688,-0.094707734882831573,-0.068700410425662994,-0.036556284874677658,-0.0011466931318864226,0.034365326166152954,0.25963488221168518,-0.1431167870759964,-0.14721052348613739,0.091197684407234192,-0.21229411661624908,-0.157918781042099,0.087606407701969147,-0.65830755233764648,-0.012621872127056122,-0.25880533456802368,-0.11593849211931229,0.19329380989074707,-0.068808846175670624,-0.098236970603466034,-0.037346474826335907,-0.034327711910009384,-0.023405143991112709,-0.99913650751113892,1,0,0,0,0,-0.0050429222173988819,-0.04024878516793251,-0.071859344840049744,-0.097050920128822327,-0.11357323080301285,-0.11995037645101547,-0.11561271548271179,-0.10094771534204483,-0.077265359461307526,-0.046681113541126251,-0.011926985345780849,0.023892544209957123,0.25819861888885498,-0.13919180631637573,-0.14776337146759033,0.082645170390605927,-0.20779605209827423,-0.15132497251033783,0.078310489654541016,-0.65983718633651733,-0.0035231446381658316,-0.28849038481712341,-0.12522155046463013,0.19859282672405243,-0.058821629732847214,-0.099831528961658478,-0.049056779593229294,-0.034926194697618484,-0.022440038621425629,-0.99913793802261353,1,0,0,0,0,0.0057533858343958855,-0.02992522343993187,-0.062930703163146973,-0.090314768254756927,-0.10963128507137299,-0.11915476620197296,-0.11803450435400009,-0.10637057572603226,-0.085204876959323883,-0.056428082287311554,-0.022610735148191452,0.013226361945271492,0.21090283989906311,-0.17037512362003326,-0.15364372730255127,0.068741492927074432,-0.21318285167217255,-0.12181238830089569,0.12485875934362411,-0.60673826932907104,0.0047098570503294468,-0.34102365374565125,-0.05770203098654747,0.21092706918716431,-0.047841724008321762,-0.099741309881210327,-0.059939190745353699,-0.035493284463882446,-0.021418863907456398,-0.99914038181304932,1,0,0,0,0,0.016503121703863144,-0.01935943029820919,-0.05349266529083252,-0.082847557961940765,-0.10480192303657532,-0.11739464849233627,-0.11950086057186127,-0.11093240976333618,-0.092454701662063599,-0.065718293190002441,-0.033111460506916046,0.0024531185626983643,0.10628241300582886,-0.12395472824573517,-0.18326964974403381,0.062568232417106628,-0.16655901074409485,-0.13037765026092529,0.1144942045211792,-0.46463629603385925,0.049824152141809464,-0.30541110038757324,-0.1031651496887207,0.21929760277271271,0.2555769681930542,-0.15423871576786041,-0.15121491253376007,0.092871598899364471,-0.21967734396457672,-0.16852113604545593,0.08343379944562912,-0.66859054565429688,-0.011962773278355598,-0.23377944529056549,-0.11179424077272415,0.19090215861797333,0.2555769681930542,-0.15423871576786041,-0.15121491253376007,0.092871598899364471,-0.21967734396457672,-0.16852113604545593,0.08343379944562912,-0.66859054565429688,-0.011962773278355598,-0.23377944529056549,-0.11179424077272415,0.19090215861797333,1.1277884840965271,-0.15423871576786041,-1.120971930027008,-0.95356420055031776,-0.21967734396457672,0.86518309116363523,1.0417168997228146,-0.41999999999999998,-1.0095702186226845,-1.1168897226452827,-0.11179424077272415,1.1527217268943786
-0.0851506334905828,-0.090129136408862373,-0.012243326964642087,-0.033038763082844098,-0.025157671133276705,-0.99913739381383671,0.9735739827181753,-0.059837594539378328,-1.0879040576881176,-1.1081183131639436,-0.11867468172833194,0.881369805583057,0.89201117485119119,-0.087701135747980885,-1.0595793650868,-1.0261355471847311,0.0096428813091245374,1.0445599399345591,0,0.055,0.055,0.055,0.023999999999999994,-0.085150636732578278,-0.09012913703918457,-0.012243326753377914,-0.033038761466741562,-0.025157671421766281,-0.99913740158081055,1,0,0,0,0,-0.026426017284393311,-0.059837594628334045,-0.087904058396816254,-0.10811831057071686,-0.11867468059062958,-0.11863019317388535,-0.10798882693052292,-0.087701134383678436,-0.059579364955425262,-0.026135547086596489,0.009642881341278553,0.044559940695762634,0.2555769681930542,-0.15423871576786041,-0.15121491253376007,0.092871598899364471,-0.21967734396457672,-0.16852113604545593,0.08343379944562912,-0.66859054565429688,-0.011962773278355598,-0.23377944529056549,-0.11179424077272415,0.19090215861797333,-0.077634833753108978,-0.094984538853168488,-0.025005903095006943,-0.033698379993438721,-0.024311773478984833,-0.99913632869720459,1,0,0,0,0,-0.015798410400748253,-0.050246551632881165,-0.080206319689750671,-0.10300149023532867,-0.11659584939479828,-0.11977504938840866,-0.11225509643554688,-0.094707734882831573,-0.068700410425662994,-0.036556284874677658,-0.0011466931318864226,0.034365326166152954,0.25963488221168518,-0.1431167870759964,-0.14721052348613739,0.091197684407234192,-0.21229411661624908,-0.157918781042099,0.087606407701969147,-0.65830755233764648,-0.012621872127056122,-0.25880533456802368,-0.11593849211931229,0.19329380989074707,-0.068808846175670624,-0.098236970603466034,-0.037346474826335907,-0.034327711910009384,-0.023405143991112709,-0.99913650751113892,1,0,0,0,0,-0.0050429222173988819,-0.04024878516793251,-0.071859344840049744,-0.097050920128822327,-0.11357323080301285,-0.11995037645101547,-0.11561271548271179,-0.10094771534204483,-0.077265359461307526,-0.046681113541126251,-0.011926985345780849,0.023892544209957123,0.25819861888885498,-0.13919180631637573,-0.14776337146759033,0.082645170390605927,-0.20779605209827423,-0.15132497251033783,0.078310489654541016,-0.65983718633651733,-0.0035231446381658316,-0.28849038481712341,-0.12522155046463013,0.19859282672405243,-0.058821629732847214,-0.099831528961658478,-0.049056779593229294,-0.034926194697618484,-0.022440038621425629,-0.99913793802261353,1,0,0,0,0,0.0057533858343958855,-0.02992522343993187,-0.062930703163146973,-0.090314768254756927,-0.10963128507137299,-0.11915476620197296,-0.11803450435400009,-0.10637057572603226,-0.085204876959323883,-0.056428082287311554,-0.022610735148191452,0.013226361945271492,0.21090283989906311,-0.17037512362003326,-0.15364372730255127,0.068741492927074432,-0.21318285167217255,-0.12181238830089569,0.12485875934362411,-0.60673826932907104,0.0047098570503294468,-0.34102365374565125,-0.05770203098654747,0.21092706918716431,0.25537800788879395,-0.15912221372127533,-0.15126830339431763,0.098657555878162384,-0.21650855243206024,-0.18730631470680237,0.076402828097343445,-0.67068594694137573,-0.0062116393819451332,-0.21821407973766327,-0.10590385645627975,0.191001296043396,0.25537800788879395,-0.15912221372127533,-0.15126830339431763,0.098657555878162384,-0.21650855243206024,-0.18730631470680237,0.076402828097343445,-0.67068594694137573,-0.0062116393819451332,-0.21821407973766327,-0.10590385645627975,0.191001296043396,1.127689003944397,-0.15912221372127533,-1.1210146427154541,-0.95067122206091881,-0.21650855243206024,0.85015494823455806,1.0382014140486717,-0.41999999999999998,-1.004969311505556,-1.1091070398688316,-0.10590385645627975,1.1528010368347168
-0.09122941597783954,-0.083752692003249196,0.00072587075380025105,-0.032349459370128911,-0.025940726120806085,-0.99913992573952615,0.96316028191914882,-0.068944280895435681,-1.094890256431019,-1.1123599679666405,-0.11979289820001297,0.88347491438947756,0.89715156583557853,-0.079984638402886263,-1.049976053107168,-1.0155032558286265,0.02035440112049541,1.0543938600380434,0,0.055,0.055,0.055,0.017999999999999995,-0.09122941642999649,-0.083752691745758057,0.00072587077738717198,-0.032349459826946259,-0.025940725579857826,-0.99913990497589111,1,0,0,0,0,-0.036839719861745834,-0.068944282829761505,-0.094890259206295013,-0.11235997080802917,-0.11979290097951889,-0.1165250837802887,-0.10284843295812607,-0.0799846351146698,-0.049976054579019547,-0.015503255650401115,0.02035440132021904,0.054393861442804337,0.25537800788879395,-0.15912221372127533,-0.15126830339431763,0.098657555878162384,-0.21650855243206024,-0.18730631470680237,0.076402828097343445,-0.67068594694137573,-0.0062116393819451332,-0.21821407973766327,-0.10590385645627975,0.191001296043396,-0.085150636732578278,-0.09012913703918457,-0.012243326753377914,-0.033038761466741562,-0.025157671421766281,-0.99913740158081055,1,0,0,0,0,-0.026426017284393311,-0.059837594628334045,-0.087904058396816254,-0.10811831057071686,-0.11867468059062958,-0.11863019317388535,-0.10798882693052292,-0.087701134383678436,-0.059579364955425262,-0.026135547086596489,0.009642881341278553,0.044559940695762634,0.2555769681930542,-0.15423871576786041,-0.15121491253376007,0.092871598899364471,-0.21967734396457672,-0.16852113604545593,0.08343379944562912,-0.66859054565429688,-0.011962773278355598,-0.23377944529056549,-0.11179424077272415,0.19090215861797333,-0.077634833753108978,-0.094984538853168488,-0.025005903095006943,-0.033698379993438721,-0.024311773478984833,-0.99913632869720459,1,0,0,0,0,-0.015798410400748253,-0.050246551632881165,-0.080206319689750671,-0.10300149023532867,-0.11659584939479828,-0.11977504938840866,-0.11225509643554688,-0.094707734882831573,-0.068700410425662994,-0.036556284874677658,-0.0011466931318864226,0.034365326166152954,0.25963488221168518,-0.1431167870759964,-0.14721052348613739,0.091197684407234192,-0.21229411661624908,-0.157918781042099,0.087606407701969147,-0.65830755233764648,-0.012621872127056122,-0.25880533456802368,-0.11593849211931229,0.19329380989074707,-0.068808846175670624,-0.098236970603466034,-0.037346474826335907,-0.034327711910009384,-0.023405143991112709,-0.99913650751113892,1,0,0,0,0,-0.0050429222173988819,-0.04024878516793251,-0.071859344840049744,-0.097050920128822327,-0.11357323080301285,-0.11995037645101547,-0.11561271548271179,-0.10094771534204483,-0.077265359461307526,-0.046681113541126251,-0.011926985345780849,0.023892544209957123,0.25819861888885498,-0.13919180631637573,-0.14776337146759033,0.082645170390605927,-0.20779605209827423,-0.15132497251033783,0.078310489654541016,-0.65983718633651733,-0.0035231446381658316,-0.28849038481712341,-0.12522155046463013,0.19859282672405243,0.25079220533370972,-0.1713852733373642,-0.15164150297641754,0.10523556917905807,-0.21714569628238678,-0.2090102881193161,0.070228360593318939,-0.66374301910400391,0.00071242480771616101,-0.20460043847560883,-0.1029842272400856,0.18758705258369446,0.25079220533370972,-0.1713852733373642,-0.15164150297641754,0.10523556917905807,-0.21714569628238678,-0.2090102881193161,0.070228360593318939,-0.66374301910400391,0.00071242480771616101,-0.20460043847560883,-0.1029842272400856,0.18758705258369446,1.1253961026668549,-0.1713852733373642,-1.1213132023811341,-0.94738221541047096,-0.21714569628238678,0.83279176950454714,1.0351141802966595,-0.41999999999999998,-0.99943006015382707,-1.1023002192378044,-0.1029842272400856,1.1500696420669556
-0.095768591448378668,-0.075962819364043963,0.013682818523102803,-0.031631089217866677,-0.026658988290523079,-0.99914401991815838,0.95304478146979454,-0.077492895427333244,-1.1011083627692471,-1.115692121191088,-0.11994144698712912,0.8865232394604301,0.9031244669646894,-0.071620702684680501,-1.0399682082676729,-1.0047454728414784,0.030901161540435061,1.0637874871933632,0,0.055,0.055,0.055,0.011999999999999997,-0.09576859325170517,-0.075962819159030914,0.013682818971574306,-0.031631089746952057,-0.026658987626433372,-0.99914401769638062,1,0,0,0,0,-0.04695521667599678,-0.077492892742156982,-0.1011083647608757,-0.11569212377071381,-0.11994145065546036,-0.11347676068544388,-0.09687553346157074,-0.071620702743530273,-0.039968207478523254,-0.0047454726882278919,0.030901161953806877,0.063787490129470825,0.25079220533370972,-0.1713852733373642,-0.15164150297641754,0.10523556917905807,-0.21714569628238678,-0.2090102881193161,0.070228360593318939,-0.66374301910400391,0.00071242480771616101,-0.20460043847560883,-0.1029842272400856,0.18758705258369446,-0.09122941642999649,-0.083752691745758057,0.00072587077738717198,-0.032349459826946259,-0.025940725579857826,-0.99913990497589111,1,0,0,0,0,-0.036839719861745834,-0.068944282829761505,-0.094890259206295013,-0.11235997080802917,-0.11979290097951889,-0.1165250837802887,-0.10284843295812607,-0.0799846351146698,-0.049976054579019547,-0.015503255650401115,0.02035440132021904,0.054393861442804337,0.25537800788879395,-0.15912221372127533,-0.15126830339431763,0.098657555878162384,-0.21650855243206024,-0.18730631470680237,0.076402828097343445,-0.67068594694137573,-0.0062116393819451332,-0.21821407973766327,-0.10590385645627975,0.191001296043396,-0.085150636732578278,-0.09012913703918457,-0.012243326753377914,-0.033038761466741562,-0.025157671421766281,-0.99913740158081055,1,0,0,0,0,-0.026426017284393311,-0.059837594628334045,-0.087904058396816254,-0.10811831057071686,-0.11867468059062958,-0.11863019317388535,-0.10798882693052292,-0.087701134383678436,-0.059579364955425262,-0.026135547086596489,0.009642881341278553,0.044559940695762634,0.2555769681930542,-0.15423871576786041,-0.15121491253376007,0.092871598899364471,-0.21967734396457672,-0.16852113604545593,0.08343379944562912,-0.66859054565429688,-0.011962773278355598,-0.23377944529056549,-0.11179424077272415,0.19090215861797333,-0.077634833753108978,-0.094984538853168488,-0.025005903095006943,-0.033698379993438721,-0.024311773478984833,-0.99913632869720459,1,0,0,0,0,-0.015798410400748253,-0.050246551632881165,-0.080206319689750671,-0.10300149023532867,-0.11659584939479828,-0.11977504938840866,-0.11225509643554688,-0.094707734882831573,-0.068700410425662994,-0.036556284874677658,-0.0011466931318864226,0.034365326166152954,0.25963488221168518,-0.1431167870759964,-0.14721052348613739,0.091197684407234192,-0.21229411661624908,-0.157918781042099,0.087606407701969147,-0.65830755233764648,-0.012621872127056122,-0.25880533456802368,-0.11593849211931229,0.19329380989074707,0.24761036038398743,-0.1843758225440979,-0.1530536562204361,0.11353839933872223,-0.21937316656112671,-0.23202887177467346,0.068801499903202057,-0.65825319290161133,0.0054498743265867233,-0.19420787692070007,-0.094329215586185455,0.18387195467948914,0.24761036038398743,-0.1843758225440979,-0.1530536562204361,0.11353839933872223,-0.21937316656112671,-0.23202887177467346,0.068801499903202057,-0.65825319290161133,0.0054498743265867233,-0.19420787692070007,-0.094329215586185455,0.18387195467948914,1.1238051801919937,-0.1843758225440979,-1.1224429249763488,-0.94323080033063889,-0.21937316656112671,0.81437690258026119,1.034400749951601,-0.41999999999999998,-0.99564010053873064,-1.09710393846035,-0.094329215586185455,1.1470975637435914
-0.098691555812064943,-0.066890982037802166,0.026408852138447288,-0.030884298780854025,-0.027310668084645957,-0.99914978231373563,0.94330936163218404,-0.085414241084294767,-1.1065080440297805,-1.1180878006097972,-0.11911912565647598,0.89049010602505785,0.90988153038739883,-0.06267703075520778,-1.029636839408395,-0.99394927746318262,0.041197791458387444,1.0726647843663522,0,0.055,0.055,0.055,0.0059999999999999984,-0.098691552877426147,-0.066890984773635864,0.026408853009343147,-0.030884299427270889,-0.027310667559504509,-0.99914979934692383,1,0,0,0,0,-0.056690637022256851,-0.085414238274097443,-0.1065080463886261,-0.11808779835700989,-0.11911912262439728,-0.10950989276170731,-0.090118467807769775,-0.062677033245563507,-0.029636839404702187,0.006050722673535347,0.041197791695594788,0.072664782404899597,0.24761036038398743,-0.1843758225440979,-0.1530536562204361,0.11353839933872223,-0.21937316656112671,-0.23202887177467346,0.068801499903202057,-0.65825319290161133,0.0054498743265867233,-0.19420787692070007,-0.094329215586185455,0.18387195467948914,-0.09576859325170517,-0.075962819159030914,0.013682818971574306,-0.031631089746952057,-0.026658987626433372,-0.99914401769638062,1,0,0,0,0,-0.04695521667599678,-0.077492892742156982,-0.1011083647608757,-0.11569212377071381,-0.11994145065546036,-0.11347676068544388,-0.09687553346157074,-0.071620702743530273,-0.039968207478523254,-0.0047454726882278919,0.030901161953806877,0.063787490129470825,0.25079220533370972,-0.1713852733373642,-0.15164150297641754,0.10523556917905807,-0.21714569628238678,-0.2090102881193161,0.070228360593318939,-0.66374301910400391,0.00071242480771616101,-0.20460043847560883,-0.1029842272400856,0.18758705258369446,-0.09122941642999649,-0.083752691745758057,0.00072587077738717198,-0.032349459826946259,-0.025940725579857826,-0.99913990497589111,1,0,0,0,0,-0.036839719861745834,-0.068944282829761505,-0.094890259206295013,-0.11235997080802917,-0.11979290097951889,-0.1165250837802887,-0.10284843295812607,-0.0799846351146698,-0.049976054579019547,-0.015503255650401115,0.02035440132021904,0.054393861442804337,0.25537800788879395,-0.15912221372127533,-0.15126830339431763,0.098657555878162384,-0.21650855243206024,-0.18730631470680237,0.076402828097343445,-0.67068594694137573,-0.0062116393819451332,-0.21821407973766327,-0.10590385645627975,0.191001296043396,-0.085150636732578278,-0.09012913703918457,-0.012243326753377914,-0.033038761466741562,-0.025157671421766281,-0.99913740158081055,1,0,0,0,0,-0.026426017284393311,-0.059837594628334045,-0.087904058396816254,-0.10811831057071686,-0.11867468059062958,-0.11863019317388535,-0.10798882693052292,-0.087701134383678436,-0.059579364955425262,-0.026135547086596489,0.009642881341278553,0.044559940695762634,0.2555769681930542,-0.15423871576786041,-0.15121491253376007,0.092871598899364471,-0.21967734396457672,-0.16852113604545593,0.08343379944562912,-0.66859054565429688,-0.011962773278355598,-0.23377944529056549,-0.11179424077272415,0.19090215861797333,0.24541208148002625,-0.19921047985553741,-0.1530897319316864,0.12060695141553879,-0.2216002345085144,-0.25556713342666626,0.067087136209011078,-0.65433752536773682,0.010465097613632679,-0.18402071297168732,-0.086064249277114868,0.1794012188911438,0.24541208148002625,-0.19921047985553741,-0.1530897319316864,0.12060695141553879,-0.2216002345085144,-0.25556713342666626,0.067087136209011078,-0.65433752536773682,0.010465097613632679,-0.18402071297168732,-0.086064249277114868,0.1794012188911438,1.1227060407400131,-0.19921047985553741,-1.1224717855453492,-0.93969652429223061,-0.2216002345085144,0.79554629325866699,1.0335435681045055,-0.41999999999999998,-0.99162792190909388,-1.0920103564858437,-0.086064249277114868,1.143520975112915
-0.099948980500960877,-0.056690278279646261,0.03868920435136209,-0.030109758817033348,-0.02789414168439824,-0.99915730457404495,0.93403282609296368,-0.092644198264764221,-1.1110455923091964,-1.1195276143143178,-0.1173325905160037,0.89534340414717528,0.91736806082425359,-0.053226017470771506,-1.0190655741455841,-0.98320205986404052,0.051160944453643276,1.080953893973428,0,0.055,0.055,0.055,6.9388939039072284e-18,-0.099948979914188385,-0.056690279394388199,0.038689203560352325,-0.030109759420156479,-0.027894141152501106,-0.99915730953216553,1,0,0,0,0,-0.065967172384262085,-0.092644199728965759,-0.11104559153318405,-0.11952761560678482,-0.11733259260654449,-0.10465659946203232,-0.08263193815946579,-0.053226016461849213,-0.019065573811531067,0.016797939315438271,0.051160942763090134,0.080953896045684814,0.24541208148002625,-0.19921047985553741,-0.1530897319316864,0.12060695141553879,-0.2216002345085144,-0.25556713342666626,0.067087136209011078,-0.65433752536773682,0.010465097613632679,-0.18402071297168732,-0.086064249277114868,0.1794012188911438,-0.098691552877426147,-0.066890984773635864,0.026408853009343147,-0.030884299427270889,-0.027310667559504509,-0.99914979934692383,1,0,0,0,0,-0.056690637022256851,-0.085414238274097443,-0.1065080463886261,-0.11808779835700989,-0.11911912262439728,-0.10950989276170731,-0.090118467807769775,-0.062677033245563507,-0.029636839404702187,0.006050722673535347,0.041197791695594788,0.072664782404899597,0.24761036038398743,-0.1843758225440979,-0.1530536562204361,0.11353839933872223,-0.21937316656112671,-0.23202887177467346,0.068801499903202057,-0.65825319290161133,0.0054498743265867233,-0.19420787692070007,-0.094329215586185455,0.18387195467948914,-0.09576859325170517,-0.075962819159030914,0.013682818971574306,-0.031631089746952057,-0.026658987626433372,-0.99914401769638062,1,0,0,0,0,-0.04695521667599678,-0.077492892742156982,-0.1011083647608757,-0.11569212377071381,-0.11994145065546036,-0.11347676068544388,-0.09687553346157074,-0.071620702743530273,-0.039968207478523254,-0.0047454726882278919,0.030901161953806877,0.063787490129470825,0.25079220533370972,-0.1713852733373642,-0.15164150297641754,0.10523556917905807,-0.21714569628238678,-0.2090102881193161,0.070228360593318939,-0.66374301910400391,0.00071242480771616101,-0.20460043847560883,-0.1029842272400856,0.18758705258369446,-0.09122941642999649,-0.083752691745758057,0.00072587077738717198,-0.032349459826946259,-0.025940725579857826,-0.99913990497589111,1,0,0,0,0,-0.036839719861745834,-0.068944282829761505,-0.094890259206295013,-0.11235997080802917,-0.11979290097951889,-0.1165250837802887,-0.10284843295812607,-0.0799846351146698,-0.049976054579019547,-0.015503255650401115,0.02035440132021904,0.054393861442804337,0.25537800788879395,-0.15912221372127533,-0.15126830339431763,0.098657555878162384,-0.21650855243206024,-0.18730631470680237,0.076402828097343445,-0.67068594694137573,-0.0062116393819451332,-0.21821407973766327,-0.10590385645627975,0.191001296043396,0.24410426616668701,-0.21346741914749146,-0.15182711184024811,0.12703192234039307,-0.22348351776599884,-0.27831670641899109,0.065956316888332367,-0.65067023038864136,0.01440726313740015,-0.17382563650608063,-0.078756056725978851,0.17483551800251007,0.24410426616668701,-0.21346741914749146,-0.15182711184024811,0.12703192234039307,-0.22348351776599884,-0.27831670641899109,0.065956316888332367,-0.65067023038864136,0.01440726313740015,-0.17382563650608063,-0.078756056725978851,0.17483551800251007,1.1220521330833435,-0.21346741914749146,-1.1214616894721985,-0.93648403882980347,-0.22348351776599884,0.77734663486480715,1.0329781584441662,-0.41999999999999998,-0.98847418949007992,-1.0869128182530403,-0.078756056725978851,1.1398684144020081
-0.099519644948725464,-0.045532857334566572,0.050316629327462753,-0.029308164079993336,-0.028407954907760026,-0.99916666258248377,0.9252902640842352,-0.099124243834699213,-1.1146842782687791,-1.1199999076836999,-0.1145963027351062,0.90104384864023701,0.92552345830027027,-0.043344164379510289,-1.0083399819450796,-0.97259081376205603,0.060709973445774258,1.0885877195352456,0,0.055,0.055,0.055,-0.002,-0.099519647657871246,-0.04553285613656044,0.050316628068685532,-0.029308164492249489,-0.028407955542206764,-0.99916666746139526,1,0,0,0,0,-0.074709735810756683,-0.099124245345592499,-0.11468427628278732,-0.11999990791082382,-0.11459629982709885,-0.0989561527967453,-0.074476540088653564,-0.043344166129827499,-0.0083399815484881401,0.027409186586737633,0.060709971934556961,0.088587716221809387,0.24410426616668701,-0.21346741914749146,-0.15182711184024811,0.12703192234039307,-0.22348351776599884,-0.27831670641899109,0.065956316888332367,-0.65067023038864136,0.01440726313740015,-0.17382563650608063,-0.078756056725978851,0.17483551800251007,-0.099948979914188385,-0.056690279394388199,0.038689203560352325,-0.030109759420156479,-0.027894141152501106,-0.99915730953216553,1,0,0,0,0,-0.065967172384262085,-0.092644199728965759,-0.11104559153318405,-0.11952761560678482,-0.11733259260654449,-0.10465659946203232,-0.08263193815946579,-0.053226016461849213,-0.019065573811531067,0.016797939315438271,0.051160942763090134,0.080953896045684814,0.24541208148002625,-0.19921047985553741,-0.1530897319316864,0.12060695141553879,-0.2216002345085144,-0.25556713342666626,0.067087136209011078,-0.65433752536773682,0.010465097613632679,-0.18402071297168732,-0.086064249277114868,0.1794012188911438,-0.098691552877426147,-0.066890984773635864,0.026408853009343147,-0.030884299427270889,-0.027310667559504509,-0.99914979934692383,1,0,0,0,0,-0.056690637022256851,-0.085414238274097443,-0.1065080463886261,-0.11808779835700989,-0.11911912262439728,-0.10950989276170731,-0.090118467807769775,-0.062677033245563507,-0.029636839404702187,0.006050722673535347,0.041197791695594788,0.072664782404899597,0.24761036038398743,-0.1843758225440979,-0.1530536562204361,0.11353839933872223,-0.21937316656112671,-0.23202887177467346,0.068801499903202057,-0.65825319290161133,0.0054498743265867233,-0.19420787692070007,-0.094329215586185455,0.18387195467948914,-0.09576859325170517,-0.075962819159030914,0.013682818971574306,-0.031631089746952057,-0.026658987626433372,-0.99914401769638062,1,0,0,0,0,-0.04695521667599678,-0.077492892742156982,-0.1011083647608757,-0.11569212377071381,-0.11994145065546036,-0.11347676068544388,-0.09687553346157074,-0.071620702743530273,-0.039968207478523254,-0.0047454726882278919,0.030901161953806877,0.063787490129470825,0.25079220533370972,-0.1713852733373642,-0.15164150297641754,0.10523556917905807,-0.21714569628238678,-0.2090102881193161,0.070228360593318939,-0.66374301910400391,0.00071242480771616101,-0.20460043847560883,-0.1029842272400856,0.18758705258369446,0.2437235414981842,-0.22729049623012543,-0.14976415038108826,0.13189433515071869,-0.22537937760353088,-0.30098342895507812,0.06592753529548645,-0.64793306589126587,0.016172399744391441,-0.16389463841915131,-0.072401300072669983,0.16956114768981934,0.2437235414981842,-0.22729049623012543,-0.14976415038108826,0.13189433515071869,-0.22537937760353088,-0.30098342895507812,0.06592753529548645,-0.64793306589126587,0.016172399744391441,-0.16389463841915131,-0.072401300072669983,0.16956114768981934,1.1218617707490921,-0.22729049623012543,-1.1198113203048705,-0.93405283242464066,-0.22537937760353088,0.75921325683593754,1.0329637676477432,-0.41999999999999998,-0.98706208020448682,-1.0819473192095757,-0.072401300072669983,1.1356489181518554
-0.097410794713402277,-0.033607014210169962,0.061094900171205939,-0.028480232708206626,-0.028850826697932399,-0.99917791516012411,0.91715244257121575,-0.10480192484506777,-1.117394648441401,-1.1195008577232179,-0.11093241128819409,0.90754529706261577,0.93428170867349114,-0.03311146047701731,-0.99754688147736148,-0.9622014322493293,0.069767583495165653,1.0955044687914275,0,0.055,0.055,0.055,-0.002,-0.097410798072814941,-0.033607013523578644,0.061094898730516434,-0.028480233624577522,-0.028850827366113663,-0.99917793273925781,1,0,0,0,0,-0.082847557961940765,-0.10480192303657532,-0.11739464849233627,-0.11950086057186127,-0.11093240976333618,-0.092454701662063599,-0.065718293190002441,-0.033111460506916046,0.0024531185626983643,0.037798568606376648,0.069767586886882782,0.09550447016954422,0.2437235414981842,-0.22729049623012543,-0.14976415038108826,0.13189433515071869,-0.22537937760353088,-0.30098342895507812,0.06592753529548645,-0.64793306589126587,0.016172399744391441,-0.16389463841915131,-0.072401300072669983,0.16956114768981934,-0.099519647657871246,-0.04553285613656044,0.050316628068685532,-0.029308164492249489,-0.028407955542206764,-0.99916666746139526,1,0,0,0,0,-0.074709735810756683,-0.099124245345592499,-0.11468427628278732,-0.11999990791082382,-0.11459629982709885,-0.0989561527967453,-0.074476540088653564,-0.043344166129827499,-0.0083399815484881401,0.027409186586737633,0.060709971934556961,0.088587716221809387,0.24410426616668701,-0.21346741914749146,-0.15182711184024811,0.12703192234039307,-0.22348351776599884,-0.27831670641899109,0.065956316888332367,-0.65067023038864136,0.01440726313740015,-0.17382563650608063,-0.078756056725978851,0.17483551800251007,-0.099948979914188385,-0.056690279394388199,0.038689203560352325,-0.030109759420156479,-0.027894141152501106,-0.99915730953216553,1,0,0,0,0,-0.065967172384262085,-0.092644199728965759,-0.11104559153318405,-0.11952761560678482,-0.11733259260654449,-0.10465659946203232,-0.08263193815946579,-0.053226016461849213,-0.019065573811531067,0.016797939315438271,0.051160942763090134,0.080953896045684814,0.24541208148002625,-0.19921047985553741,-0.1530897319316864,0.12060695141553879,-0.2216002345085144,-0.25556713342666626,0.067087136209011078,-0.65433752536773682,0.010465097613632679,-0.18402071297168732,-0.086064249277114868,0.1794012188911438,-0.098691552877426147,-0.066890984773635864,0.026408853009343147,-0.030884299427270889,-0.027310667559504509,-0.99914979934692383,1,0,0,0,0,-0.056690637022256851,-0.085414238274097443,-0.1065080463886261,-0.11808779835700989,-0.11911912262439728,-0.10950989276170731,-0.090118467807769775,-0.062677033245563507,-0.029636839404702187,0.006050722673535347,0.041197791695594788,0.072664782404899597,0.24761036038398743,-0.1843758225440979,-0.1530536562204361,0.11353839933872223,-0.21937316656112671,-0.23202887177467346,0.068801499903202057,-0.65825319290161133,0.0054498743265867233,-0.19420787692070007,-0.094329215586185455,0.18387195467948914,0.24466054141521454,-0.24004384875297546,-0.14716067910194397,0.13532589375972748,-0.22699169814586639,-0.32364049553871155,0.066765233874320984,-0.64612793922424316,0.016044922173023224,-0.15438151359558105,-0.066648826003074646,0.16382493078708649,0.24466054141521454,-0.24004384875297546,-0.14716067910194397,0.13532589375972748,-0.22699169814586639,-0.32364049553871155,0.066765233874320984,-0.64612793922424316,0.016044922173023224,-0.15438151359558105,-0.066648826003074646,0.16382493078708649,1.1223302707076073,-0.24004384875297546,-1.1177285432815551,-0.93233705312013626,-0.22699169814586639,0.74108760356903081,1.0333826169371605,-0.41999999999999998,-0.98716406226158138,-1.0771907567977905,-0.066648826003074646,1.1310599446296692
-0.09365801919984168,-0.021114011970104932,0.070842120492691285,-0.027626705611550024,-0.029221652197732345,-0.99919110293271107,0.9096852334266331,-0.10963128311402653,-1.1191547636436119,-1.1180345040097328,-0.1063705736690688,0.91479512321916312,0.94357191798869977,-0.022610734732697747,-0.98677363786087191,-0.95211801252750494,0.078260457469531225,1.1016481538801166,0,0.055,0.055,0.055,-0.002,-0.093658022582530975,-0.021114012226462364,0.070842117071151733,-0.027626706287264824,-0.029221652075648308,-0.99919110536575317,1,0,0,0,0,-0.090314768254756927,-0.10963128507137299,-0.11915476620197296,-0.11803450435400009,-0.10637057572603226,-0.085204876959323883,-0.056428082287311554,-0.022610735148191452,0.013226361945271492,0.047881986945867538,0.078260459005832672,0.10164815187454224,0.24466054141521454,-0.24004384875297546,-0.14716067910194397,0.13532589375972748,-0.22699169814586639,-0.32364049553871155,0.066765233874320984,-0.64612793922424316,0.016044922173023224,-0.15438151359558105,-0.066648826003074646,0.16382493078708649,-0.097410798072814941,-0.033607013523578644,0.061094898730516434,-0.028480233624577522,-0.028850827366113663,-0.99917793273925781,1,0,0,0,0,-0.082847557961940765,-0.10480192303657532,-0.11739464849233627,-0.11950086057186127,-0.11093240976333618,-0.092454701662063599,-0.065718293190002441,-0.033111460506916046,0.0024531185626983643,0.037798568606376648,0.069767586886882782,0.09550447016954422,0.2437235414981842,-0.22729049623012543,-0.14976415038108826,0.13189433515071869,-0.22537937760353088,-0.30098342895507812,0.06592753529548645,-0.64793306589126587,0.016172399744391441,-0.16389463841915131,-0.072401300072669983,0.16956114768981934,-0.099519647657871246,-0.04553285613656044,0.050316628068685532,-0.029308164492249489,-0.028407955542206764,-0.99916666746139526,1,0,0,0,0,-0.074709735810756683,-0.099124245345592499,-0.11468427628278732,-0.11999990791082382,-0.11459629982709885,-0.0989561527967453,-0.074476540088653564,-0.043344166129827499,-0.0083399815484881401,0.027409186586737633,0.060709971934556961,0.088587716221809387,0.24410426616668701,-0.21346741914749146,-0.15182711184024811,0.12703192234039307,-0.22348351776599884,-0.27831670641899109,0.065956316888332367,-0.65067023038864136,0.01440726313740015,-0.17382563650608063,-0.078756056725978851,0.17483551800251007,-0.099948979914188385,-0.056690279394388199,0.038689203560352325,-0.030109759420156479,-0.027894141152501106,-0.99915730953216553,1,0,0,0,0,-0.065967172384262085,-0.092644199728965759,-0.11104559153318405,-0.11952761560678482,-0.11733259260654449,-0.10465659946203232,-0.08263193815946579,-0.053226016461849213,-0.019065573811531067,0.016797939315438271,0.051160942763090134,0.080953896045684814,0.24541208148002625,-0.19921047985553741,-0.1530897319316864,0.12060695141553879,-0.2216002345085144,-0.25556713342666626,0.067087136209011078,-0.65433752536773682,0.010465097613632679,-0.18402071297168732,-0.086064249277114868,0.1794012188911438,0.24659271538257599,-0.2517428994178772,-0.14398658275604248,0.13749998807907104,-0.22845494747161865,-0.34562373161315918,0.068396106362342834,-0.64498686790466309,0.014215121977031231,-0.14508385956287384,-0.061832387000322342,0.1577574759721756,0.24659271538257599,-0.2517428994178772,-0.14398658275604248,0.13749998807907104,-0.22845494747161865,-0.34562373161315918,0.068396106362342834,-0.64498686790466309,0.014215121977031231,-0.14508385956287384,-0.061832387000322342,0.1577574759721756,1.123296357691288,-0.2517428994178772,-1.1151892662048339,-0.93125000596046448,-0.22845494747161865,0.7235010147094727,1.0341980531811714,-0.41999999999999998,-0.98862790241837506,-1.0725419297814369,-0.061832387000322342,1.1262059807777405
-0.088324651045339819,-0.0082646851758182739,0.079393794129802131,-0.026748345855330136,-0.029519505405796523,-0.99920624737568597,0.9029490802286142,-0.11357322723698507,-1.119950376563106,-1.1156127159931992,-0.10094771582733141,0.92273464314573495,0.95331888633095019,-0.011926985627861781,-0.97610745548209665,-0.94242217518011573,0.086119849511931482,1.106969044533624,0,0.055,0.055,0.055,-0.002,-0.088324651122093201,-0.0082646850496530533,0.079393796622753143,-0.026748346164822578,-0.029519505798816681,-0.99920624494552612,1,0,0,0,0,-0.097050920128822327,-0.11357323080301285,-0.11995037645101547,-0.11561271548271179,-0.10094771534204483,-0.077265359461307526,-0.046681113541126251,-0.011926985345780849,0.023892544209957123,0.057577826082706451,0.086119852960109711,0.10696904361248016,0.24659271538257599,-0.2517428994178772,-0.14398658275604248,0.13749998807907104,-0.22845494747161865,-0.34562373161315918,0.068396106362342834,-0.64498686790466309,0.014215121977031231,-0.14508385956287384,-0.061832387000322342,0.1577574759721756,-0.093658022582530975,-0.021114012226462364,0.070842117071151733,-0.027626706287264824,-0.029221652075648308,-0.99919110536575317,1,0,0,0,0,-0.090314768254756927,-0.10963128507137299,-0.11915476620197296,-0.11803450435400009,-0.10637057572603226,-0.085204876959323883,-0.056428082287311554,-0.022610735148191452,0.013226361945271492,0.047881986945867538,0.078260459005832672,0.10164815187454224,0.24466054141521454,-0.24004384875297546,-0.14716067910194397,0.13532589375972748,-0.22699169814586639,-0.32364049553871155,0.066765233874320984,-0.64612793922424316,0.016044922173023224,-0.15438151359558105,-0.066648826003074646,0.16382493078708649,-0.097410798072814941,-0.033607013523578644,0.061094898730516434,-0.028480233624577522,-0.028850827366113663,-0.99917793273925781,1,0,0,0,0,-0.082847557961940765,-0.10480192303657532,-0.11739464849233627,-0.11950086057186127,-0.11093240976333618,-0.092454701662063599,-0.065718293190002441,-0.033111460506916046,0.0024531185626983643,0.037798568606376648,0.069767586886882782,0.09550447016954422,0.2437235414981842,-0.22729049623012543,-0.14976415038108826,0.13189433515071869,-0.22537937760353088,-0.30098342895507812,0.06592753529548645,-0.64793306589126587,0.016172399744391441,-0.16389463841915131,-0.072401300072669983,0.16956114768981934,-0.099519647657871246,-0.04553285613656044,0.050316628068685532,-0.029308164492249489,-0.028407955542206764,-0.99916666746139526,1,0,0,0,0,-0.074709735810756683,-0.099124245345592499,-0.11468427628278732,-0.11999990791082382,-0.11459629982709885,-0.0989561527967453,-0.074476540088653564,-0.043344166129827499,-0.0083399815484881401,0.027409186586737633,0.060709971934556961,0.088587716221809387,0.24410426616668701,-0.21346741914749146,-0.15182711184024811,0.12703192234039307,-0.22348351776599884,-0.27831670641899109,0.065956316888332367,-0.65067023038864136,0.01440726313740015,-0.17382563650608063,-0.078756056725978851,0.17483551800251007,0.24940718710422516,-0.26199659705162048,-0.14041580259799957,0.13854865729808807,-0.22966453433036804,-0.36643615365028381,0.070697546005249023,-0.64421474933624268,0.010709992609918118,-0.13618212938308716,-0.0580015629529953,0.15162357687950134,0.24940718710422516,-0.26199659705162048,-0.14041580259799957,0.13854865729808807,-0.22966453433036804,-0.36643615365028381,0.070697546005249023,-0.64421474933624268,0.010709992609918118,-0.13618212938308716,-0.0580015629529953,0.15162357687950134,1.1247035935521126,-0.26199659705162048,-1.1123326420783997,-0.93072567135095596,-0.22966453433036804,0.7068510770797729,1.0353487730026245,-0.41999999999999998,-0.99143200591206548,-1.0680910646915436,-0.0580015629529953,1.121298861503601
-0.08150069730458831,0.0047241182023231229,0.086605601220405989,-0.025845938041720209,-0.029743641411054494,-0.99922335004860363,0.89699850899808786,-0.11659584901330856,-1.1197750470840748,-1.1122550969189997,-0.094707733270028932,0.93129959012853225,0.96344371653383265,-0.0011466931326296864,-0.96563467211669485,-0.93319240349199584,0.09328214150644841,1.1114240706217726,0,0.055,0.055,0.055,-0.002,-0.081500694155693054,0.0047241183929145336,0.086605601012706757,-0.025845937430858612,-0.02974364161491394,-0.99922335147857666,1,0,0,0,0,-0.10300149023532867,-0.11659584939479828,-0.11977504938840866,-0.11225509643554688,-0.094707734882831573,-0.068700410425662994,-0.036556284874677658,-0.0011466931318864226,0.034365326166152954,0.066807597875595093,0.093282140791416168,0.11142407357692719,0.24940718710422516,-0.26199659705162048,-0.14041580259799957,0.13854865729808807,-0.22966453433036804,-0.36643615365028381,0.070697546005249023,-0.64421474933624268,0.010709992609918118,-0.13618212938308716,-0.0580015629529953,0.15162357687950134,-0.088324651122093201,-0.0082646850496530533,0.079393796622753143,-0.026748346164822578,-0.029519505798816681,-0.99920624494552612,1,0,0,0,0,-0.097050920128822327,-0.11357323080301285,-0.11995037645101547,-0.11561271548271179,-0.10094771534204483,-0.077265359461307526,-0.046681113541126251,-0.011926985345780849,0.023892544209957123,0.057577826082706451,0.086119852960109711,0.10696904361248016,0.24659271538257599,-0.2517428994178772,-0.14398658275604248,0.13749998807907104,-0.22845494747161865,-0.34562373161315918,0.068396106362342834,-0.64498686790466309,0.014215121977031231,-0.14508385956287384,-0.061832387000322342,0.1577574759721756,-0.093658022582530975,-0.021114012226462364,0.070842117071151733,-0.027626706287264824,-0.029221652075648308,-0.99919110536575317,1,0,0,0,0,-0.090314768254756927,-0.10963128507137299,-0.11915476620197296,-0.11803450435400009,-0.10637057572603226,-0.085204876959323883,-0.056428082287311554,-0.022610735148191452,0.013226361945271492,0.047881986945867538,0.078260459005832672,0.10164815187454224,0.24466054141521454,-0.24004384875297546,-0.14716067910194397,0.13532589375972748,-0.22699169814586639,-0.32364049553871155,0.066765233874320984,-0.64612793922424316,0.016044922173023224,-0.15438151359558105,-0.066648826003074646,0.16382493078708649,-0.097410798072814941,-0.033607013523578644,0.061094898730516434,-0.028480233624577522,-0.028850827366113663,-0.99917793273925781,1,0,0,0,0,-0.082847557961940765,-0.10480192303657532,-0.11739464849233627,-0.11950086057186127,-0.11093240976333618,-0.092454701662063599,-0.065718293190002441,-0.033111460506916046,0.0024531185626983643,0.037798568606376648,0.069767586886882782,0.09550447016954422,0.2437235414981842,-0.22729049623012543,-0.14976415038108826,0.13189433515071869,-0.22537937760353088,-0.30098342895507812,0.06592753529548645,-0.64793306589126587,0.016172399744391441,-0.16389463841915131,-0.072401300072669983,0.16956114768981934,0.25303927063941956,-0.27078059315681458,-0.13648849725723267,0.13841556012630463,-0.2306009829044342,-0.38577729463577271,0.073578134179115295,-0.64366304874420166,0.0055135078728199005,-0.12773014605045319,-0.055104434490203857,0.14554297924041748,0.25303927063941956,-0.27078059315681458,-0.13648849725723267,0.13841556012630463,-0.2306009829044342,-0.38577729463577271,0.073578134179115295,-0.64366304874420166,0.0055135078728199005,-0.12773014605045319,-0.055104434490203857,0.14554297924041748,1.1265196353197098,-0.27078059315681458,-1.1091907978057862,-0.93079221993684769,-0.2306009829044342,0.69137816429138188,1.0367890670895576,-0.41999999999999998,-0.99558919370174404,-1.0638650730252266,-0.055104434490203857,1.116434383392334
-0.073301320471486575,0.017633196357474658,0.092355833775025056,-0.024920287688203618,-0.029893498202445749,-0.99924239202845955,0.8918816868360564,-0.11867468172833194,-1.118630194416943,-1.107988825148809,-0.087701135747981177,0.94042063491320005,0.97386445281526879,0.0096428813091245374,-0.95544006006544124,-0.92450340816366572,0.099689358037186274,1.1149771707845277,0,0.055,0.055,0.055,-0.002,-0.073301322758197784,0.017633195966482162,0.092355832457542419,-0.024920288473367691,-0.029893498867750168,-0.99924236536026001,1,0,0,0,0,-0.10811831057071686,-0.11867468059062958,-0.11863019317388535,-0.10798882693052292,-0.087701134383678436,-0.059579364955425262,-0.026135547086596489,0.009642881341278553,0.044559940695762634,0.075496591627597809,0.099689356982707977,0.11497717350721359,0.25303927063941956,-0.27078059315681458,-0.13648849725723267,0.13841556012630463,-0.2306009829044342,-0.38577729463577271,0.073578134179115295,-0.64366304874420166,0.0055135078728199005,-0.12773014605045319,-0.055104434490203857,0.14554297924041748,-0.081500694155693054,0.0047241183929145336,0.086605601012706757,-0.025845937430858612,-0.02974364161491394,-0.99922335147857666,1,0,0,0,0,-0.10300149023532867,-0.11659584939479828,-0.11977504938840866,-0.11225509643554688,-0.094707734882831573,-0.068700410425662994,-0.036556284874677658,-0.0011466931318864226,0.034365326166152954,0.066807597875595093,0.093282140791416168,0.11142407357692719,0.24940718710422516,-0.26199659705162048,-0.14041580259799957,0.13854865729808807,-0.22966453433036804,-0.36643615365028381,0.070697546005249023,-0.64421474933624268,0.010709992609918118,-0.13618212938308716,-0.0580015629529953,0.15162357687950134,-0.088324651122093201,-0.0082646850496530533,0.079393796622753143,-0.026748346164822578,-0.029519505798816681,-0.99920624494552612,1,0,0,0,0,-0.097050920128822327,-0.11357323080301285,-0.11995037645101547,-0.11561271548271179,-0.10094771534204483,-0.077265359461307526,-0.046681113541126251,-0.011926985345780849,0.023892544209957123,0.057577826082706451,0.086119852960109711,0.10696904361248016,0.24659271538257599,-0.2517428994178772,-0.14398658275604248,0.13749998807907104,-0.22845494747161865,-0.34562373161315918,0.068396106362342834,-0.64498686790466309,0.014215121977031231,-0.14508385956287384,-0.061832387000322342,0.1577574759721756,-0.093658022582530975,-0.021114012226462364,0.070842117071151733,-0.027626706287264824,-0.029221652075648308,-0.99919110536575317,1,0,0,0,0,-0.090314768254756927,-0.10963128507137299,-0.11915476620197296,-0.11803450435400009,-0.10637057572603226,-0.085204876959323883,-0.056428082287311554,-0.022610735148191452,0.013226361945271492,0.047881986945867538,0.078260459005832672,0.10164815187454224,0.24466054141521454,-0.24004384875297546,-0.14716067910194397,0.13532589375972748,-0.22699169814586639,-0.32364049553871155,0.066765233874320984,-0.64612793922424316,0.016044922173023224,-0.15438151359558105,-0.066648826003074646,0.16382493078708649,0.25749975442886353,-0.27817210555076599,-0.13222230970859528,0.13706749677658081,-0.23129670321941376,-0.40356016159057617,0.077037721872329712,-0.64318442344665527,-0.0014235734706744552,-0.1197480782866478,-0.053059644997119904,0.1395622193813324,0.25749975442886353,-0.27817210555076599,-0.13222230970859528,0.13706749677658081,-0.23129670321941376,-0.40356016159057617,0.077037721872329712,-0.64318442344665527,-0.0014235734706744552,-0.1197480782866478,-0.053059644997119904,0.1395622193813324,1.1287498772144318,-0.27817210555076599,-1.1057778477668763,-0.93146625161170959,-0.23129670321941376,0.67715187072753902,1.0385188609361649,-0.41999999999999998,-1.0011388587765395,-1.0598740391433239,-0.053059644997119904,1.1116497755050658
-0.063864894972415487,0.03024469294260107,0.096547449646737907,-0.023972220602326295,-0.029968698051310878,-0.99926333354952179,0.88764003203335951,-0.11979289820001297,-1.1165250856105224,-1.1028484341644216,-0.079984638402886596,0.95002394689283209,0.98449674417137334,0.02035440112049541,-0.94560613996195697,-0.91642552256302778,0.10528963567224538,1.1175995843319018,0,0.055,0.055,0.055,-0.002,-0.063864894211292267,0.030244693160057068,0.096547447144985199,-0.023972220718860626,-0.02996869757771492,-0.99926334619522095,1,0,0,0,0,-0.11235997080802917,-0.11979290097951889,-0.1165250837802887,-0.10284843295812607,-0.0799846351146698,-0.049976054579019547,-0.015503255650401115,0.02035440132021904,0.054393861442804337,0.083574473857879639,0.10528963804244995,0.11759958416223526,0.25749975442886353,-0.27817210555076599,-0.13222230970859528,0.13706749677658081,-0.23129670321941376,-0.40356016159057617,0.077037721872329712,-0.64318442344665527,-0.0014235734706744552,-0.1197480782866478,-0.053059644997119904,0.1395622193813324,-0.073301322758197784,0.017633195966482162,0.092355832457542419,-0.024920288473367691,-0.029893498867750168,-0.99924236536026001,1,0,0,0,0,-0.10811831057071686,-0.11867468059062958,-0.11863019317388535,-0.10798882693052292,-0.087701134383678436,-0.059579364955425262,-0.026135547086596489,0.009642881341278553,0.044559940695762634,0.075496591627597809,0.099689356982707977,0.11497717350721359,0.25303927063941956,-0.27078059315681458,-0.13648849725723267,0.13841556012630463,-0.2306009829044342,-0.38577729463577271,0.073578134179115295,-0.64366304874420166,0.0055135078728199005,-0.12773014605045319,-0.055104434490203857,0.14554297924041748,-0.081500694155693054,0.0047241183929145336,0.086605601012706757,-0.025845937430858612,-0.02974364161491394,-0.99922335147857666,1,0,0,0,0,-0.10300149023532867,-0.11659584939479828,-0.11977504938840866,-0.11225509643554688,-0.094707734882831573,-0.068700410425662994,-0.036556284874677658,-0.0011466931318864226,0.034365326166152954,0.066807597875595093,0.093282140791416168,0.11142407357692719,0.24940718710422516,-0.26199659705162048,-0.14041580259799957,0.13854865729808807,-0.22966453433036804,-0.36643615365028381,0.070697546005249023,-0.64421474933624268,0.010709992609918118,-0.13618212938308716,-0.0580015629529953,0.15162357687950134,-0.088324651122093201,-0.0082646850496530533,0.079393796622753143,-0.026748346164822578,-0.029519505798816681,-0.99920624494552612,1,0,0,0,0,-0.097050920128822327,-0.11357323080301285,-0.11995037645101547,-0.11561271548271179,-0.10094771534204483,-0.077265359461307526,-0.046681113541126251,-0.011926985345780849,0.023892544209957123,0.057577826082706451,0.086119852960109711,0.10696904361248016,0.24659271538257599,-0.2517428994178772,-0.14398658275604248,0.13749998807907104,-0.22845494747161865,-0.34562373161315918,0.068396106362342834,-0.64498686790466309,0.014215121977031231,-0.14508385956287384,-0.061832387000322342,0.1577574759721756,0.2627403736114502,-0.28432023525238037,-0.12763892114162445,0.13446244597434998,-0.23177804052829742,-0.41965559124946594,0.081095293164253235,-0.64262092113494873,-0.010089620016515255,-0.1122608557343483,-0.051846295595169067,0.13372716307640076,0.2627403736114502,-0.28432023525238037,-0.12763892114162445,0.13446244597434998,-0.23177804052829742,-0.41965559124946594,0.081095293164253235,-0.64262092113494873,-0.010089620016515255,-0.1122608557343483,-0.051846295595169067,0.13372716307640076,1.1313701868057251,-0.28432023525238037,-1.1021111369132996,-0.93276877701282501,-0.23177804052829742,0.66427552700042725,1.0405476465821266,-0.41999999999999998,-1.0080716960132121,-1.0561304278671741,-0.051846295595169067,1.1069817304611207
-0.05335067193000214,0.042345773660500963,0.09910971023508014,-0.023002582251785662,-0.029969048464295017,-0.99928611385523347,0.88430787880891215,-0.11994144698712912,-1.1134767605395699,-1.0968755330353108,-0.071620702684680848,0.96003179173232711,0.99525452715852158,0.030901161540435061,-0.93621251280663709,-0.90902413340953092,0.11003764277403361,1.1192700840483365,0,0.055,0.055,0.055,-0.002,-0.053350672125816345,0.042345773428678513,0.0991097092628479,-0.023002581670880318,-0.029969047755002975,-0.99928611516952515,1,0,0,0,0,-0.11569212377071381,-0.11994145065546036,-0.11347676068544388,-0.09687553346157074,-0.071620702743530273,-0.039968207478523254,-0.0047454726882278919,0.030901161953806877,0.063787490129470825,0.090975865721702576,0.11003763973712921,0.11927008628845215,0.2627403736114502,-0.28432023525238037,-0.12763892114162445,0.13446244597434998,-0.23177804052829742,-0.41965559124946594,0.081095293164253235,-0.64262092113494873,-0.010089620016515255,-0.1122608557343483,-0.051846295595169067,0.13372716307640076,-0.063864894211292267,0.030244693160057068,0.096547447144985199,-0.023972220718860626,-0.02996869757771492,-0.99926334619522095,1,0,0,0,0,-0.11235997080802917,-0.11979290097951889,-0.1165250837802887,-0.10284843295812607,-0.0799846351146698,-0.049976054579019547,-0.015503255650401115,0.02035440132021904,0.054393861442804337,0.083574473857879639,0.10528963804244995,0.11759958416223526,0.25749975442886353,-0.27817210555076599,-0.13222230970859528,0.13706749677658081,-0.23129670321941376,-0.40356016159057617,0.077037721872329712,-0.64318442344665527,-0.0014235734706744552,-0.1197480782866478,-0.053059644997119904,0.1395622193813324,-0.073301322758197784,0.017633195966482162,0.092355832457542419,-0.024920288473367691,-0.029893498867750168,-0.99924236536026001,1,0,0,0,0,-0.10811831057071686,-0.11867468059062958,-0.11863019317388535,-0.10798882693052292,-0.087701134383678436,-0.059579364955425262,-0.026135547086596489,0.009642881341278553,0.044559940695762634,0.075496591627597809,0.099689356982707977,0.11497717350721359,0.25303927063941956,-0.27078059315681458,-0.13648849725723267,0.13841556012630463,-0.2306009829044342,-0.38577729463577271,0.073578134179115295,-0.64366304874420166,0.0055135078728199005,-0.12773014605045319,-0.055104434490203857,0.14554297924041748,-0.081500694155693054,0.0047241183929145336,0.086605601012706757,-0.025845937430858612,-0.02974364161491394,-0.99922335147857666,1,0,0,0,0,-0.10300149023532867,-0.11659584939479828,-0.11977504938840866,-0.11225509643554688,-0.094707734882831573,-0.068700410425662994,-0.036556284874677658,-0.0011466931318864226,0.034365326166152954,0.066807597875595093,0.093282140791416168,0.11142407357692719,0.24940718710422516,-0.26199659705162048,-0.14041580259799957,0.13854865729808807,-0.22966453433036804,-0.36643615365028381,0.070697546005249023,-0.64421474933624268,0.010709992609918118,-0.13618212938308716,-0.0580015629529953,0.15162357687950134,0.26863270998001099,-0.28936910629272461,-0.12282078713178635,0.13066336512565613,-0.23203830420970917,-0.4339236319065094,0.085662730038166046,-0.64187484979629517,-0.020352613180875778,-0.10529330372810364,-0.051437601447105408,0.12807774543762207,0.26863270998001099,-0.28936910629272461,-0.12282078713178635,0.13066336512565613,-0.23203830420970917,-0.4339236319065094,0.085662730038166046,-0.64187484979629517,-0.020352613180875778,-0.10529330372810364,-0.051437601447105408,0.12807774543762207,1.1343163549900055,-0.28936910629272461,-1.098256629705429,-0.93466831743717194,-0.23203830420970917,0.65286109447479246,1.042831365019083,-0.41999999999999998,-1.0162820905447005,-1.0526466518640518,-0.051437601447105408,1.1024621963500976
-0.041936091607323138,0.05373221810064719,0.099999374285702075,-0.022012237128633757,-0.029894542704978391,-0.99931065126568774,0.88191219939020282,-0.11911912565647598,-1.1095098939749422,-1.0901184696126014,-0.062677030755208141,0.9703631605916051,1.0060507225368174,0.041197791458387444,-0.92733521563364818,-0.90235915149914758,0.11389494643774721,1.1199751480171203,0,0.055,0.055,0.055,-0.002,-0.04193609207868576,0.053732216358184814,0.099999375641345978,-0.022012237459421158,-0.029894541949033737,-0.99931067228317261,1,0,0,0,0,-0.11808779835700989,-0.11911912262439728,-0.10950989276170731,-0.090118467807769775,-0.062677033245563507,-0.029636839404702187,0.006050722673535347,0.041197791695594788,0.072664782404899597,0.097640849649906158,0.11389494687318802,0.11997514963150024,0.26863270998001099,-0.28936910629272461,-0.12282078713178635,0.13066336512565613,-0.23203830420970917,-0.4339236319065094,0.085662730038166046,-0.64187484979629517,-0.020352613180875778,-0.10529330372810364,-0.051437601447105408,0.12807774543762207,-0.053350672125816345,0.042345773428678513,0.0991097092628479,-0.023002581670880318,-0.029969047755002975,-0.99928611516952515,1,0,0,0,0,-0.11569212377071381,-0.11994145065546036,-0.11347676068544388,-0.09687553346157074,-0.071620702743530273,-0.039968207478523254,-0.0047454726882278919,0.030901161953806877,0.063787490129470825,0.090975865721702576,0.11003763973712921,0.11927008628845215,0.2627403736114502,-0.28432023525238037,-0.12763892114162445,0.13446244597434998,-0.23177804052829742,-0.41965559124946594,0.081095293164253235,-0.64262092113494873,-0.010089620016515255,-0.1122608557343483,-0.051846295595169067,0.13372716307640076,-0.063864894211292267,0.030244693160057068,0.096547447144985199,-0.023972220718860626,-0.02996869757771492,-0.99926334619522095,1,0,0,0,0,-0.11235997080802917,-0.11979290097951889,-0.1165250837802887,-0.10284843295812607,-0.0799846351146698,-0.049976054579019547,-0.015503255650401115,0.02035440132021904,0.054393861442804337,0.083574473857879639,0.10528963804244995,0.11759958416223526,0.25749975442886353,-0.27817210555076599,-0.13222230970859528,0.13706749677658081,-0.23129670321941376,-0.40356016159057617,0.077037721872329712,-0.64318442344665527,-0.0014235734706744552,-0.1197480782866478,-0.053059644997119904,0.1395622193813324,-0.073301322758197784,0.017633195966482162,0.092355832457542419,-0.024920288473367691,-0.029893498867750168,-0.99924236536026001,1,0,0,0,0,-0.10811831057071686,-0.11867468059062958,-0.11863019317388535,-0.10798882693052292,-0.087701134383678436,-0.059579364955425262,-0.026135547086596489,0.009642881341278553,0.044559940695762634,0.075496591627597809,0.099689356982707977,0.11497717350721359,0.25303927063941956,-0.27078059315681458,-0.13648849725723267,0.13841556012630463,-0.2306009829044342,-0.38577729463577271,0.073578134179115295,-0.64366304874420166,0.0055135078728199005,-0.12773014605045319,-0.055104434490203857,0.14554297924041748,0.27509638667106628,-0.29344809055328369,-0.11781676113605499,0.12572886049747467,-0.23208868503570557,-0.44632351398468018,0.090673498809337616,-0.64084964990615845,-0.032189395278692245,-0.098836615681648254,-0.05179489403963089,0.12262773513793945,0.27509638667106628,-0.29344809055328369,-0.11781676113605499,0.12572886049747467,-0.23208868503570557,-0.44632351398468018,0.090673498809337616,-0.64084964990615845,-0.032189395278692245,-0.098836615681648254,-0.05179489403963089,0.12262773513793945,1.1375481933355331,-0.29344809055328369,-1.094253408908844,-0.93713556975126266,-0.23208868503570557,0.64294118881225581,1.0453367494046688,-0.41999999999999998,-1.0257515162229538,-1.0494183078408241,-0.05179489403963089,1.0981021881103517
-0.02981378888830585,0.06421186620624679,0.099201427638969095,-0.021002068106153172,-0.029745359882805498,-0.99933684346205653,0.88047238568568209,-0.1173325905160037,-1.1046565958528247,-1.0826319391757466,-0.053226017470771887,0.98093442585441593,1.0167979401359595,0.051160944453643276,-0.91904610602657233,-0.89648452675440105,0.11683032358782447,1.1197090690740024,0,0.055,0.055,0.055,-0.002,-0.029813788831233978,0.06421186774969101,0.099201425909996033,-0.021002067252993584,-0.029745358973741531,-0.999336838722229,1,0,0,0,0,-0.11952761560678482,-0.11733259260654449,-0.10465659946203232,-0.08263193815946579,-0.053226016461849213,-0.019065573811531067,0.016797939315438271,0.051160942763090134,0.080953896045684814,0.10351547598838806,0.11683032661676407,0.1197090670466423,0.27509638667106628,-0.29344809055328369,-0.11781676113605499,0.12572886049747467,-0.23208868503570557,-0.44632351398468018,0.090673498809337616,-0.64084964990615845,-0.032189395278692245,-0.098836615681648254,-0.05179489403963089,0.12262773513793945,-0.04193609207868576,0.053732216358184814,0.099999375641345978,-0.022012237459421158,-0.029894541949033737,-0.99931067228317261,1,0,0,0,0,-0.11808779835700989,-0.11911912262439728,-0.10950989276170731,-0.090118467807769775,-0.062677033245563507,-0.029636839404702187,0.006050722673535347,0.041197791695594788,0.072664782404899597,0.097640849649906158,0.11389494687318802,0.11997514963150024,0.26863270998001099,-0.28936910629272461,-0.12282078713178635,0.13066336512565613,-0.23203830420970917,-0.4339236319065094,0.085662730038166046,-0.64187484979629517,-0.020352613180875778,-0.10529330372810364,-0.051437601447105408,0.12807774543762207,-0.053350672125816345,0.042345773428678513,0.0991097092628479,-0.023002581670880318,-0.029969047755002975,-0.99928611516952515,1,0,0,0,0,-0.11569212377071381,-0.11994145065546036,-0.11347676068544388,-0.09687553346157074,-0.071620702743530273,-0.039968207478523254,-0.0047454726882278919,0.030901161953806877,0.063787490129470825,0.090975865721702576,0.11003763973712921,0.11927008628845215,0.2627403736114502,-0.28432023525238037,-0.12763892114162445,0.13446244597434998,-0.23177804052829742,-0.41965559124946594,0.081095293164253235,-0.64262092113494873,-0.010089620016515255,-0.1122608557343483,-0.051846295595169067,0.13372716307640076,-0.063864894211292267,0.030244693160057068,0.096547447144985199,-0.023972220718860626,-0.02996869757771492,-0.99926334619522095,1,0,0,0,0,-0.11235997080802917,-0.11979290097951889,-0.1165250837802887,-0.10284843295812607,-0.0799846351146698,-0.049976054579019547,-0.015503255650401115,0.02035440132021904,0.054393861442804337,0.083574473857879639,0.10528963804244995,0.11759958416223526,0.25749975442886353,-0.27817210555076599,-0.13222230970859528,0.13706749677658081,-0.23129670321941376,-0.40356016159057617,0.077037721872329712,-0.64318442344665527,-0.0014235734706744552,-0.1197480782866478,-0.053059644997119904,0.1395622193813324,0.2820659875869751,-0.29664751887321472,-0.11268985271453857,0.11971423029899597,-0.231922447681427,-0.45682501792907715,0.096019729971885681,-0.63946551084518433,-0.045573562383651733,-0.092884428799152374,-0.052910905331373215,0.11738536506891251,0.2820659875869751,-0.29664751887321472,-0.11268985271453857,0.11971423029899597,-0.231922447681427,-0.45682501792907715,0.096019729971885681,-0.63946551084518433,-0.045573562383651733,-0.092884428799152374,-0.052910905331373215,0.11738536506891251,1.1410329937934875,-0.29664751887321472,-1.0901518821716309,-0.94014288485050201,-0.231922447681427,0.63453998565673819,1.0480098649859428,-0.41999999999999998,-1.0364588499069214,-1.0464422143995762,-0.052910905331373215,1.09390829205513
-0.017188342330480097,0.07360786120820588,0.096729336612111361,-0.019972975786777678,-0.029521864608238645,-0.99936456798721551,0.88000009231630016,-0.11459630273510607,-1.0989561513597628,-1.0744765416997297,-0.043344164379510289,0.99166001805492077,1.0274091862379444,0.060709973445774619,-0.91141228046475453,-0.89144781152488373,0.11882001371419172,1.1184740010040284,0,0.055,0.055,0.055,-0.002,-0.017188342288136482,0.073607861995697021,0.0967293381690979,-0.019972976297140121,-0.029521863907575607,-0.99936455488204956,1,0,0,0,0,-0.11999990791082382,-0.11459629982709885,-0.0989561527967453,-0.074476540088653564,-0.043344166129827499,-0.0083399815484881401,0.027409186586737633,0.060709971934556961,0.088587716221809387,0.10855218768119812,0.11882001161575317,0.11847399920225143,0.2820659875869751,-0.29664751887321472,-0.11268985271453857,0.11971423029899597,-0.231922447681427,-0.45682501792907715,0.096019729971885681,-0.63946551084518433,-0.045573562383651733,-0.092884428799152374,-0.052910905331373215,0.11738536506891251,-0.029813788831233978,0.06421186774969101,0.099201425909996033,-0.021002067252993584,-0.029745358973741531,-0.999336838722229,1,0,0,0,0,-0.11952761560678482,-0.11733259260654449,-0.10465659946203232,-0.08263193815946579,-0.053226016461849213,-0.019065573811531067,0.016797939315438271,0.051160942763090134,0.080953896045684814,0.10351547598838806,0.11683032661676407,0.1197090670466423,0.27509638667106628,-0.29344809055328369,-0.11781676113605499,0.12572886049747467,-0.23208868503570557,-0.44632351398468018,0.090673498809337616,-0.64084964990615845,-0.032189395278692245,-0.098836615681648254,-0.05179489403963089,0.12262773513793945,-0.04193609207868576,0.053732216358184814,0.099999375641345978,-0.022012237459421158,-0.029894541949033737,-0.99931067228317261,1,0,0,0,0,-0.11808779835700989,-0.11911912262439728,-0.10950989276170731,-0.090118467807769775,-0.062677033245563507,-0.029636839404702187,0.006050722673535347,0.041197791695594788,0.072664782404899597,0.097640849649906158,0.11389494687318802,0.11997514963150024,0.26863270998001099,-0.28936910629272461,-0.12282078713178635,0.13066336512565613,-0.23203830420970917,-0.4339236319065094,0.085662730038166046,-0.64187484979629517,-0.020352613180875778,-0.10529330372810364,-0.051437601447105408,0.12807774543762207,-0.053350672125816345,0.042345773428678513,0.0991097092628479,-0.023002581670880318,-0.029969047755002975,-0.99928611516952515,1,0,0,0,0,-0.11569212377071381,-0.11994145065546036,-0.11347676068544388,-0.09687553346157074,-0.071620702743530273,-0.039968207478523254,-0.0047454726882278919,0.030901161953806877,0.063787490129470825,0.090975865721702576,0.11003763973712921,0.11927008628845215,0.2627403736114502,-0.28432023525238037,-0.12763892114162445,0.13446244597434998,-0.23177804052829742,-0.41965559124946594,0.081095293164253235,-0.64262092113494873,-0.010089620016515255,-0.1122608557343483,-0.051846295595169067,0.13372716307640076,0.2894575297832489,-0.29892361164093018,-0.10757175832986832,0.11275047063827515,-0.23152889311313629,-0.46539503335952759,0.10156423598527908,-0.63765919208526611,-0.06048627570271492,-0.087432891130447388,-0.054759591817855835,0.11232957243919373,0.2894575297832489,-0.29892361164093018,-0.10757175832986832,0.11275047063827515,-0.23152889311313629,-0.46539503335952759,0.10156423598527908,-0.63765919208526611,-0.06048627570271492,-0.087432891130447388,-0.054759591817855835,0.11232957243919373,1.1447287648916245,-0.29892361164093018,-1.0860574066638946,-0.94362476468086243,-0.23152889311313629,0.62768397331237791,1.0507821179926395,-0.41999999999999998,-1.048389020562172,-1.0437164455652237,-0.054759591817855835,1.089863657951355
-0.0042728216537519566,0.081761634297561045,0.09262482073879158,-0.018925877839281208,-0.029224606213427363,-0.99939368295966458,0.88049914227678217,-0.11093241128819391,-1.0924547029373839,-1.0657182913265089,-0.03311146047701731,1.0024531185226389,1.0377985677506711,0.069767583495166,-0.90449553120857251,-0.88728977567314893,0.1198479112025192,1.1162799411076529,0,0.055,0.055,0.055,-0.002,-0.0042728218249976635,0.081761635839939117,0.09262482076883316,-0.018925877287983894,-0.029224606230854988,-0.99939370155334473,1,0,0,0,0,-0.11950086057186127,-0.11093240976333618,-0.092454701662063599,-0.065718293190002441,-0.033111460506916046,0.0024531185626983643,0.037798568606376648,0.069767586886882782,0.09550447016954422,0.11271022260189056,0.11984790861606598,0.11627994477748871,0.2894575297832489,-0.29892361164093018,-0.10757175832986832,0.11275047063827515,-0.23152889311313629,-0.46539503335952759,0.10156423598527908,-0.63765919208526611,-0.06048627570271492,-0.087432891130447388,-0.054759591817855835,0.11232957243919373,-0.017188342288136482,0.073607861995697021,0.0967293381690979,-0.019972976297140121,-0.029521863907575607,-0.99936455488204956,1,0,0,0,0,-0.11999990791082382,-0.11459629982709885,-0.0989561527967453,-0.074476540088653564,-0.043344166129827499,-0.0083399815484881401,0.027409186586737633,0.060709971934556961,0.088587716221809387,0.10855218768119812,0.11882001161575317,0.11847399920225143,0.2820659875869751,-0.29664751887321472,-0.11268985271453857,0.11971423029899597,-0.231922447681427,-0.45682501792907715,0.096019729971885681,-0.63946551084518433,-0.045573562383651733,-0.092884428799152374,-0.052910905331373215,0.11738536506891251,-0.029813788831233978,0.06421186774969101,0.099201425909996033,-0.021002067252993584,-0.029745358973741531,-0.999336838722229,1,0,0,0,0,-0.11952761560678482,-0.11733259260654449,-0.10465659946203232,-0.08263193815946579,-0.053226016461849213,-0.019065573811531067,0.016797939315438271,0.051160942763090134,0.080953896045684814,0.10351547598838806,0.11683032661676407,0.1197090670466423,0.27509638667106628,-0.29344809055328369,-0.11781676113605499,0.12572886049747467,-0.23208868503570557,-0.44632351398468018,0.090673498809337616,-0.64084964990615845,-0.032189395278692245,-0.098836615681648254,-0.05179489403963089,0.12262773513793945,-0.04193609207868576,0.053732216358184814,0.099999375641345978,-0.022012237459421158,-0.029894541949033737,-0.99931067228317261,1,0,0,0,0,-0.11808779835700989,-0.11911912262439728,-0.10950989276170731,-0.090118467807769775,-0.062677033245563507,-0.029636839404702187,0.006050722673535347,0.041197791695594788,0.072664782404899597,0.097640849649906158,0.11389494687318802,0.11997514963150024,0.26863270998001099,-0.28936910629272461,-0.12282078713178635,0.13066336512565613,-0.23203830420970917,-0.4339236319065094,0.085662730038166046,-0.64187484979629517,-0.020352613180875778,-0.10529330372810364,-0.051437601447105408,0.12807774543762207,0.29718449711799622,-0.30028843879699707,-0.10259473323822021,0.1050158217549324,-0.23085117340087891,-0.47203126549720764,0.10722429305315018,-0.63544195890426636,-0.076724916696548462,-0.082499168813228607,-0.057266302406787872,0.107430100440979,0.29718449711799622,-0.30028843879699707,-0.10259473323822021,0.1050158217549324,-0.23085117340087891,-0.47203126549720764,0.10722429305315018,-0.63544195890426636,-0.076724916696548462,-0.082499168813228607,-0.057266302406787872,0.107430100440979,1.1485922485589981,-0.30028843879699707,-1.0820757865905761,-0.9474920891225338,-0.23085117340087891,0.62237498760223386,1.0536121465265751,-0.41999999999999998,-1.0613799333572387,-1.0412495844066143,-0.057266302406787872,1.0859440803527831
0.0087148080694807659,0.088535580666405489,0.086957148701386378,-0.01786170832334932,-0.028854317538078645,-0.99942402799571683,0.8819654959902673,-0.1063705736690686,-1.0852048767808364,-1.0564280820113001,-0.022610734732697747,1.0132263621391284,1.0478819874724954,0.078260457469531558,-0.8983518461198835,-0.88404407656167161,0.11990569570166389,1.1131446492772532,0,0.055,0.055,0.055,-0.002,0.0087148081511259079,0.088535577058792114,0.08695714920759201,-0.017861708998680115,-0.028854317963123322,-0.9994240403175354,1,0,0,0,0,-0.11803450435400009,-0.10637057572603226,-0.085204876959323883,-0.056428082287311554,-0.022610735148191452,0.013226361945271492,0.047881986945867538,0.078260459005832672,0.10164815187454224,0.11595592647790909,0.11990569531917572,0.113144651055336,0.29718449711799622,-0.30028843879699707,-0.10259473323822021,0.1050158217549324,-0.23085117340087891,-0.47203126549720764,0.10722429305315018,-0.63544195890426636,-0.076724916696548462,-0.082499168813228607,-0.057266302406787872,0.107430100440979,-0.0042728218249976635,0.081761635839939117,0.09262482076883316,-0.018925877287983894,-0.029224606230854988,-0.99939370155334473,1,0,0,0,0,-0.11950086057186127,-0.11093240976333618,-0.092454701662063599,-0.065718293190002441,-0.033111460506916046,0.0024531185626983643,0.037798568606376648,0.069767586886882782,0.09550447016954422,0.11271022260189056,0.11984790861606598,0.11627994477748871,0.2894575297832489,-0.29892361164093018,-0.10757175832986832,0.11275047063827515,-0.23152889311313629,-0.46539503335952759,0.10156423598527908,-0.63765919208526611,-0.06048627570271492,-0.087432891130447388,-0.054759591817855835,0.11232957243919373,-0.017188342288136482,0.073607861995697021,0.0967293381690979,-0.019972976297140121,-0.029521863907575607,-0.99936455488204956,1,0,0,0,0,-0.11999990791082382,-0.11459629982709885,-0.0989561527967453,-0.074476540088653564,-0.043344166129827499,-0.0083399815484881401,0.027409186586737633,0.060709971934556961,0.088587716221809387,0.10855218768119812,0.11882001161575317,0.11847399920225143,0.2820659875869751,-0.29664751887321472,-0.11268985271453857,0.11971423029899597,-0.231922447681427,-0.45682501792907715,0.096019729971885681,-0.63946551084518433,-0.045573562383651733,-0.092884428799152374,-0.052910905331373215,0.11738536506891251,-0.029813788831233978,0.06421186774969101,0.099201425909996033,-0.021002067252993584,-0.029745358973741531,-0.999336838722229,1,0,0,0,0,-0.11952761560678482,-0.11733259260654449,-0.10465659946203232,-0.08263193815946579,-0.053226016461849213,-0.019065573811531067,0.016797939315438271,0.051160942763090134,0.080953896045684814,0.10351547598838806,0.11683032661676407,0.1197090670466423,0.27509638667106628,-0.29344809055328369,-0.11781676113605499,0.12572886049747467,-0.23208868503570557,-0.44632351398468018,0.090673498809337616,-0.64084964990615845,-0.032189395278692245,-0.098836615681648254,-0.05179489403963089,0.12262773513793945,0.30503886938095093,-0.30091613531112671,-0.097849123179912567,0.096689194440841675,-0.22982825338840485,-0.47673127055168152,0.11273083090782166,-0.63295197486877441,-0.093924000859260559,-0.078103668987751007,-0.060448940843343735,0.10267322510480881,0.30503886938095093,-0.30091613531112671,-0.097849123179912567,0.096689194440841675,-0.22982825338840485,-0.47673127055168152,0.11273083090782166,-0.63295197486877441,-0.093924000859260559,-0.078103668987751007,-0.060448940843343735,0.10267322510480881,1.1525194346904755,-0.30091613531112671,-1.07827929854393,-0.95165540277957916,-0.22982825338840485,0.61861498355865474,1.0563654154539108,-0.41999999999999998,-1.0751392006874085,-1.0390518344938755,-0.060448940843343735,1.082138580083847
0.021555364839222133,0.093815381755877586,0.079821969337978804,-0.016781416999582108,-0.028411913280648616,-0.99945542533282539,0.88438728400680089,-0.10094771582733118,-1.0772653568542647,-1.0466811136690499,-0.011926985627861781,1.0238925445179037,1.0575778248198846,0.086119849511931773,-0.89303095546637601,-0.88173698661218558,0.11899289947303418,1.1090935042390748,0,0.055,0.055,0.055,-0.002,0.02155536413192749,0.093815378844738007,0.079821966588497162,-0.016781417652964592,-0.02841191366314888,-0.99945545196533203,1,0,0,0,0,-0.11561271548271179,-0.10094771534204483,-0.077265359461307526,-0.046681113541126251,-0.011926985345780849,0.023892544209957123,0.057577826082706451,0.086119852960109711,0.10696904361248016,0.11826301366090775,0.11899290233850479,0.10909350216388702,0.30503886938095093,-0.30091613531112671,-0.097849123179912567,0.096689194440841675,-0.22982825338840485,-0.47673127055168152,0.11273083090782166,-0.63295197486877441,-0.093924000859260559,-0.078103668987751007,-0.060448940843343735,0.10267322510480881,0.0087148081511259079,0.088535577058792114,0.08695714920759201,-0.017861708998680115,-0.028854317963123322,-0.9994240403175354,1,0,0,0,0,-0.11803450435400009,-0.10637057572603226,-0.085204876959323883,-0.056428082287311554,-0.022610735148191452,0.013226361945271492,0.047881986945867538,0.078260459005832672,0.10164815187454224,0.11595592647790909,0.11990569531917572,0.113144651055336,0.29718449711799622,-0.30028843879699707,-0.10259473323822021,0.1050158217549324,-0.23085117340087891,-0.47203126549720764,0.10722429305315018,-0.63544195890426636,-0.076724916696548462,-0.082499168813228607,-0.057266302406787872,0.107430100440979,-0.0042728218249976635,0.081761635839939117,0.09262482076883316,-0.018925877287983894,-0.029224606230854988,-0.99939370155334473,1,0,0,0,0,-0.11950086057186127,-0.11093240976333618,-0.092454701662063599,-0.065718293190002441,-0.033111460506916046,0.0024531185626983643,0.037798568606376648,0.069767586886882782,0.09550447016954422,0.11271022260189056,0.11984790861606598,0.11627994477748871,0.2894575297832489,-0.29892361164093018,-0.10757175832986832,0.11275047063827515,-0.23152889311313629,-0.46539503335952759,0.10156423598527908,-0.63765919208526611,-0.06048627570271492,-0.087432891130447388,-0.054759591817855835,0.11232957243919373,-0.017188342288136482,0.073607861995697021,0.0967293381690979,-0.019972976297140121,-0.029521863907575607,-0.99936455488204956,1,0,0,0,0,-0.11999990791082382,-0.11459629982709885,-0.0989561527967453,-0.074476540088653564,-0.043344166129827499,-0.0083399815484881401,0.027409186586737633,0.060709971934556961,0.088587716221809387,0.10855218768119812,0.11882001161575317,0.11847399920225143,0.2820659875869751,-0.29664751887321472,-0.11268985271453857,0.11971423029899597,-0.231922447681427,-0.45682501792907715,0.096019729971885681,-0.63946551084518433,-0.045573562383651733,-0.092884428799152374,-0.052910905331373215,0.11738536506891251,0.31278851628303528,-0.30096149444580078,-0.093426741659641266,0.088116057217121124,-0.22836358845233917,-0.47952970862388611,0.1177743598818779,-0.63038158416748047,-0.11160578578710556,-0.074226357042789459,-0.064444474875926971,0.098034664988517761,0.31278851628303528,-0.30096149444580078,-0.093426741659641266,0.088116057217121124,-0.22836358845233917,-0.47952970862388611,0.1177743598818779,-0.63038158416748047,-0.11160578578710556,-0.074226357042789459,-0.064444474875926971,0.098034664988517761,1.1563942581415176,-0.30096149444580078,-1.074741393327713,-0.95594197139143944,-0.22836358845233917,0.61637623310089107,1.0588871799409389,-0.41999999999999998,-1.0892846286296844,-1.0371131785213947,-0.064444474875926971,1.0784277319908142
