length_mm,leg,pose,spin_deg,gap_mm,collision
62.69415283203125,front_r,neutral,0.0,33.066239091308454,False
62.69415283203125,front_r,neutral,2.0,32.92819320098439,False
62.69415283203125,front_r,neutral,4.0,32.728785427516954,False
62.69415283203125,front_r,neutral,6.0,32.52775150585916,False
62.69415283203125,front_r,neutral,8.0,32.25983051568152,False
62.69415283203125,front_r,neutral,10.0,31.969953649743914,False
62.69415283203125,front_r,neutral,12.0,31.646273070068737,False
62.69415283203125,front_r,neutral,14.0,31.262655504965938,False
62.69415283203125,front_r,neutral,16.0,30.879190702386403,False
62.69415283203125,front_r,neutral,18.0,30.434895619086017,False
62.69415283203125,front_r,neutral,20.0,29.961202654052194,False
62.69415283203125,front_r,neutral,22.0,29.46527531901172,False
62.69415283203125,front_r,neutral,24.0,28.90227394029533,False
62.69415283203125,front_r,neutral,26.0,28.332049668949274,False
62.69415283203125,front_r,neutral,28.0,27.699167442819746,False
62.69415283203125,front_r,neutral,30.0,27.050994394383206,False
62.69415283203125,front_r,neutral,32.0,26.370295908642905,False
62.69415283203125,front_r,neutral,34.0,25.635350833719592,False
62.69415283203125,front_r,neutral,36.0,24.938116439484958,False
62.69415283203125,front_r,neutral,38.0,24.31323837794556,False
62.69415283203125,front_r,neutral,40.0,23.757152231133475,False
62.69415283203125,front_r,neutral,42.0,23.188041560067216,False
62.69415283203125,front_r,neutral,44.0,22.61714632581811,False
62.69415283203125,front_r,neutral,46.0,22.052002920794735,False
62.69415283203125,front_r,neutral,48.0,21.47832536111458,False
62.69415283203125,front_r,neutral,50.0,20.89547267658487,False
62.69415283203125,front_r,neutral,52.0,20.314813247779647,False
62.69415283203125,front_r,neutral,54.0,19.740546667163702,False
62.69415283203125,front_r,neutral,56.0,19.161128884154188,False
62.69415283203125,front_r,neutral,58.0,18.57690484537595,False
62.69415283203125,front_r,neutral,60.0,17.993209304998494,False
62.69415283203125,front_r,neutral,62.0,17.41907032501858,False
62.69415283203125,front_r,neutral,64.0,16.852674426269534,False
62.69415283203125,front_r,neutral,66.0,16.289097653018388,False
62.69415283203125,front_r,neutral,68.0,15.729766500317718,False
62.69415283203125,front_r,neutral,70.0,15.176264757072909,False
62.69415283203125,front_r,neutral,72.0,14.628132259539226,False
62.69415283203125,front_r,neutral,74.0,14.088819648117097,False
62.69415283203125,front_r,neutral,76.0,13.560832335072801,False
62.69415283203125,front_r,neutral,78.0,13.03941553916708,False
62.69415283203125,front_r,neutral,80.0,12.524150592702068,False
62.69415283203125,front_r,neutral,82.0,12.016266515724986,False
62.69415283203125,front_r,neutral,84.0,11.516982812950644,False
62.69415283203125,front_r,neutral,86.0,11.02750595399957,False
62.69415283203125,front_r,neutral,88.0,10.549000156497623,False
62.69415283203125,front_r,neutral,90.0,10.0828861780819,False
62.69415283203125,front_r,neutral,92.0,9.631166491008722,False
62.69415283203125,front_r,neutral,94.0,9.19439816429001,False
62.69415283203125,front_r,neutral,96.0,8.773387654537427,False
62.69415283203125,front_r,neutral,98.0,8.371950770728397,False
62.69415283203125,front_r,neutral,100.0,7.992058704183477,False
62.69415283203125,front_r,neutral,102.0,7.6348800423185175,False
62.69415283203125,front_r,neutral,104.0,7.21957569247791,False
62.69415283203125,front_r,neutral,106.0,6.661378492746481,False
62.69415283203125,front_r,neutral,108.0,6.11357251069557,False
62.69415283203125,front_r,neutral,110.0,5.574173959943167,False
62.69415283203125,front_r,neutral,112.0,5.044394638666308,False
62.69415283203125,front_r,neutral,114.0,4.5254276608256765,False
62.69415283203125,front_r,neutral,116.0,4.018433964599014,False
62.69415283203125,front_r,neutral,118.0,3.5246396978516095,False
62.69415283203125,front_r,neutral,120.0,3.0456649404930567,False
62.69415283203125,front_r,neutral,122.0,2.5820096325892803,False
62.69415283203125,front_r,neutral,124.0,2.134460734872499,False
62.69415283203125,front_r,neutral,126.0,1.723110319172415,False
62.69415283203125,front_r,neutral,128.0,1.333797782100905,False
62.69415283203125,front_r,neutral,130.0,0.9623835625122164,False
62.69415283203125,front_r,neutral,132.0,0.6097888607261663,False
62.69415283203125,front_r,neutral,134.0,0.2769084723180194,False
62.69415283203125,front_r,neutral,136.0,0.0,True
62.69415283203125,front_r,neutral,138.0,0.0,True
62.69415283203125,front_r,neutral,140.0,0.0,True
62.69415283203125,front_r,neutral,142.0,0.0,True
62.69415283203125,front_r,neutral,144.0,0.0,True
62.69415283203125,front_r,neutral,146.0,0.0,True
62.69415283203125,front_r,neutral,148.0,0.0,True
62.69415283203125,front_r,neutral,150.0,0.0,True
62.69415283203125,front_r,neutral,152.0,0.0,True
62.69415283203125,front_r,neutral,154.0,0.0,True
62.69415283203125,front_r,neutral,156.0,0.0,True
62.69415283203125,front_r,neutral,158.0,0.0,True
62.69415283203125,front_r,neutral,160.0,0.0,True
62.69415283203125,front_r,neutral,162.0,0.0,True
62.69415283203125,front_r,neutral,164.0,0.0,True
62.69415283203125,front_r,neutral,166.0,0.0,True
62.69415283203125,front_r,neutral,168.0,0.0,True
62.69415283203125,front_r,neutral,170.0,0.0,True
62.69415283203125,front_r,neutral,172.0,0.0,True
62.69415283203125,front_r,neutral,174.0,0.0,True
62.69415283203125,front_r,neutral,176.0,0.0,True
62.69415283203125,front_r,neutral,178.0,0.0,True
62.69415283203125,front_r,neutral,180.0,0.0,True
62.69415283203125,front_r,neutral,182.0,0.0,True
62.69415283203125,front_r,neutral,184.0,0.0,True
62.69415283203125,front_r,neutral,186.0,0.0,True
62.69415283203125,front_r,neutral,188.0,0.0,True
62.69415283203125,front_r,neutral,190.0,0.0,True
62.69415283203125,front_r,neutral,192.0,0.0,True
62.69415283203125,front_r,neutral,194.0,0.0,True
62.69415283203125,front_r,neutral,196.0,0.0,True
62.69415283203125,front_r,neutral,198.0,0.0,True
62.69415283203125,front_r,neutral,200.0,0.0,True
62.69415283203125,front_r,neutral,202.0,0.0,True
62.69415283203125,front_r,neutral,204.0,0.0,True
62.69415283203125,front_r,neutral,206.0,0.0,True
62.69415283203125,front_r,neutral,208.0,0.0,True
62.69415283203125,front_r,neutral,210.0,0.0,True
62.69415283203125,front_r,neutral,212.0,0.0,True
62.69415283203125,front_r,neutral,214.0,0.0,True
62.69415283203125,front_r,neutral,216.0,0.0,True
62.69415283203125,front_r,neutral,218.0,0.3076081934881292,False
62.69415283203125,front_r,neutral,220.0,0.8279195206140759,False
62.69415283203125,front_r,neutral,222.0,1.359485961744104,False
62.69415283203125,front_r,neutral,224.0,1.9011337321291475,False
62.69415283203125,front_r,neutral,226.0,2.453044603462054,False
62.69415283203125,front_r,neutral,228.0,3.015204993790291,False
62.69415283203125,front_r,neutral,230.0,3.5856170781779295,False
62.69415283203125,front_r,neutral,232.0,4.162463478339658,False
62.69415283203125,front_r,neutral,234.0,4.744436697996882,False
62.69415283203125,front_r,neutral,236.0,5.330210921357482,False
62.69415283203125,front_r,neutral,238.0,5.91843992475829,False
62.69415283203125,front_r,neutral,240.0,6.5077581869888235,False
62.69415283203125,front_r,neutral,242.0,7.09721567651038,False
62.69415283203125,front_r,neutral,244.0,7.685703085847863,False
62.69415283203125,front_r,neutral,246.0,8.284397565421932,False
62.69415283203125,front_r,neutral,248.0,8.884919473775552,False
62.69415283203125,front_r,neutral,250.0,9.480666743258983,False
62.69415283203125,front_r,neutral,252.0,10.070256371403143,False
62.69415283203125,front_r,neutral,254.0,10.652309619753467,False
62.69415283203125,front_r,neutral,256.0,11.126900547229937,False
62.69415283203125,front_r,neutral,258.0,11.497023121498245,False
62.69415283203125,front_r,neutral,260.0,11.883837824274979,False
62.69415283203125,front_r,neutral,262.0,12.286346492495207,False
62.69415283203125,front_r,neutral,264.0,12.703603300914562,False
62.69415283203125,front_r,neutral,266.0,13.13470439249164,False
62.69415283203125,front_r,neutral,268.0,13.578787876405308,False
62.69415283203125,front_r,neutral,270.0,14.035033957183344,False
62.69415283203125,front_r,neutral,272.0,14.502666307033156,False
62.69415283203125,front_r,neutral,274.0,14.980935394219278,False
62.69415283203125,front_r,neutral,276.0,15.469136705440482,False
62.69415283203125,front_r,neutral,278.0,15.966596328373807,False
62.69415283203125,front_r,neutral,280.0,16.472666881354282,False
62.69415283203125,front_r,neutral,282.0,16.986113956461434,False
62.69415283203125,front_r,neutral,284.0,17.505118561331994,False
62.69415283203125,front_r,neutral,286.0,18.028546786103707,False
62.69415283203125,front_r,neutral,288.0,18.55525446562454,False
62.69415283203125,front_r,neutral,290.0,19.084080512519524,False
62.69415283203125,front_r,neutral,292.0,19.61403682139385,False
62.69415283203125,front_r,neutral,294.0,20.147176996826914,False
62.69415283203125,front_r,neutral,296.0,20.684053741795154,False
62.69415283203125,front_r,neutral,298.0,21.22528670382744,False
62.69415283203125,front_r,neutral,300.0,21.76575463069042,False
62.69415283203125,front_r,neutral,302.0,22.302505608774382,False
62.69415283203125,front_r,neutral,304.0,22.834358057378232,False
62.69415283203125,front_r,neutral,306.0,23.364921887934628,False
62.69415283203125,front_r,neutral,308.0,23.899815960757827,False
62.69415283203125,front_r,neutral,310.0,24.432771144584972,False
62.69415283203125,front_r,neutral,312.0,24.95728912882876,False
62.69415283203125,front_r,neutral,314.0,25.472854313024904,False
62.69415283203125,front_r,neutral,316.0,26.04975138112527,False
62.69415283203125,front_r,neutral,318.0,26.702314625998667,False
62.69415283203125,front_r,neutral,320.0,27.399324979175965,False
62.69415283203125,front_r,neutral,322.0,28.03180943990262,False
62.69415283203125,front_r,neutral,324.0,28.644946266666523,False
62.69415283203125,front_r,neutral,326.0,29.220121886218497,False
62.69415283203125,front_r,neutral,328.0,29.74563026033977,False
62.69415283203125,front_r,neutral,330.0,30.25303823349695,False
62.69415283203125,front_r,neutral,332.0,30.69361684504937,False
62.69415283203125,front_r,neutral,334.0,31.128498953453246,False
62.69415283203125,front_r,neutral,336.0,31.48901449804072,False
62.69415283203125,front_r,neutral,338.0,31.846175212024992,False
62.69415283203125,front_r,neutral,340.0,32.135230994023246,False
62.69415283203125,front_r,neutral,342.0,32.40909445909159,False
62.69415283203125,front_r,neutral,344.0,32.6421310039304,False
62.69415283203125,front_r,neutral,346.0,32.82593465217566,False
62.69415283203125,front_r,neutral,348.0,33.002617986525166,False
62.69415283203125,front_r,neutral,350.0,33.11060561136351,False
62.69415283203125,front_r,neutral,352.0,33.214163299673764,False
62.69415283203125,front_r,neutral,354.0,33.25726600149777,False
62.69415283203125,front_r,neutral,356.0,33.247563316418,False
62.69415283203125,front_r,neutral,358.0,33.16916139867903,False
62.69415283203125,front_r,neutral,360.0,33.06623909130846,False
60.0,front_r,neutral,0.0,33.066239091308454,False
60.0,front_r,neutral,2.0,32.92819320098439,False
60.0,front_r,neutral,4.0,32.728785427516954,False
60.0,front_r,neutral,6.0,32.52775150585916,False
60.0,front_r,neutral,8.0,32.25983051568152,False
60.0,front_r,neutral,10.0,31.969953649743914,False
60.0,front_r,neutral,12.0,31.646273070068737,False
60.0,front_r,neutral,14.0,31.262655504965938,False
60.0,front_r,neutral,16.0,30.879190702386403,False
60.0,front_r,neutral,18.0,30.434895619086017,False
60.0,front_r,neutral,20.0,29.961202654052194,False
60.0,front_r,neutral,22.0,29.46527531901172,False
60.0,front_r,neutral,24.0,28.90227394029533,False
60.0,front_r,neutral,26.0,28.332049668949274,False
60.0,front_r,neutral,28.0,27.699167442819746,False
60.0,front_r,neutral,30.0,27.050994394383206,False
60.0,front_r,neutral,32.0,26.370295908642905,False
60.0,front_r,neutral,34.0,25.635350833719592,False
60.0,front_r,neutral,36.0,24.938116439484958,False
60.0,front_r,neutral,38.0,24.31323837794556,False
60.0,front_r,neutral,40.0,23.757152231133475,False
60.0,front_r,neutral,42.0,23.188041560067216,False
60.0,front_r,neutral,44.0,22.61714632581811,False
60.0,front_r,neutral,46.0,22.052002920794735,False
60.0,front_r,neutral,48.0,21.47832536111458,False
60.0,front_r,neutral,50.0,20.89547267658487,False
60.0,front_r,neutral,52.0,20.314813247779647,False
60.0,front_r,neutral,54.0,19.740546667163702,False
60.0,front_r,neutral,56.0,19.161128884154188,False
60.0,front_r,neutral,58.0,18.57690484537595,False
60.0,front_r,neutral,60.0,17.993209304998494,False
60.0,front_r,neutral,62.0,17.41907032501858,False
60.0,front_r,neutral,64.0,16.852674426269534,False
60.0,front_r,neutral,66.0,16.289097653018388,False
60.0,front_r,neutral,68.0,15.729766500317718,False
60.0,front_r,neutral,70.0,15.176264757072909,False
60.0,front_r,neutral,72.0,14.628132259539226,False
60.0,front_r,neutral,74.0,14.088819648117097,False
60.0,front_r,neutral,76.0,13.560832335072801,False
60.0,front_r,neutral,78.0,13.03941553916708,False
60.0,front_r,neutral,80.0,12.524150592702068,False
60.0,front_r,neutral,82.0,12.016266515724986,False
60.0,front_r,neutral,84.0,11.516982812950644,False
60.0,front_r,neutral,86.0,11.02750595399957,False
60.0,front_r,neutral,88.0,10.549000156497623,False
60.0,front_r,neutral,90.0,10.0828861780819,False
60.0,front_r,neutral,92.0,9.631166491008722,False
60.0,front_r,neutral,94.0,9.19439816429001,False
60.0,front_r,neutral,96.0,8.773387654537427,False
60.0,front_r,neutral,98.0,8.371950770728397,False
60.0,front_r,neutral,100.0,7.992058704183477,False
60.0,front_r,neutral,102.0,7.6348800423185175,False
60.0,front_r,neutral,104.0,7.21957569247791,False
60.0,front_r,neutral,106.0,6.661378492746481,False
60.0,front_r,neutral,108.0,6.11357251069557,False
60.0,front_r,neutral,110.0,5.574173959943167,False
60.0,front_r,neutral,112.0,5.046223401171577,False
60.0,front_r,neutral,114.0,4.542011309176084,False
60.0,front_r,neutral,116.0,4.068331647244914,False
60.0,front_r,neutral,118.0,3.617552299753161,False
60.0,front_r,neutral,120.0,3.1906006592888687,False
60.0,front_r,neutral,122.0,2.788283769252147,False
60.0,front_r,neutral,124.0,2.411287215729746,False
60.0,front_r,neutral,126.0,2.0649429474215597,False
60.0,front_r,neutral,128.0,1.756592164018585,False
60.0,front_r,neutral,130.0,1.4735860741367564,False
60.0,front_r,neutral,132.0,1.2154274683334942,False
60.0,front_r,neutral,134.0,0.9822343579817001,False
60.0,front_r,neutral,136.0,0.7749580467264072,False
60.0,front_r,neutral,138.0,0.5953983287936779,False
60.0,front_r,neutral,140.0,0.4373541995363915,False
60.0,front_r,neutral,142.0,0.30053190178600026,False
60.0,front_r,neutral,144.0,0.19464837861997966,False
60.0,front_r,neutral,146.0,0.11409002605992316,False
60.0,front_r,neutral,148.0,0.057255538028560315,False
60.0,front_r,neutral,150.0,0.023637541314509448,False
60.0,front_r,neutral,152.0,0.012703490483480014,False
60.0,front_r,neutral,154.0,0.024908266362921216,False
60.0,front_r,neutral,156.0,0.06936293172351997,False
60.0,front_r,neutral,158.0,0.1348530897869154,False
60.0,front_r,neutral,160.0,0.22082073953870757,False
60.0,front_r,neutral,162.0,0.3267367522442316,False
60.0,front_r,neutral,164.0,0.45496353225152547,False
60.0,front_r,neutral,166.0,0.5324994370517516,False
60.0,front_r,neutral,168.0,0.6055973661497951,False
60.0,front_r,neutral,170.0,0.6242028750998172,False
60.0,front_r,neutral,172.0,0.6419603607340392,False
60.0,front_r,neutral,174.0,0.6039165662425671,False
60.0,front_r,neutral,176.0,0.56697643548724,False
60.0,front_r,neutral,178.0,0.47466736049341257,False
60.0,front_r,neutral,180.0,0.3838621477820478,False
60.0,front_r,neutral,182.0,0.2365929408725553,False
60.0,front_r,neutral,184.0,0.09001104320449758,False
60.0,front_r,neutral,186.0,0.0,True
60.0,front_r,neutral,188.0,0.0,True
60.0,front_r,neutral,190.0,0.0,True
60.0,front_r,neutral,192.0,0.0,True
60.0,front_r,neutral,194.0,0.0,True
60.0,front_r,neutral,196.0,0.0,True
60.0,front_r,neutral,198.0,0.0,True
60.0,front_r,neutral,200.0,0.0,True
60.0,front_r,neutral,202.0,0.0,True
60.0,front_r,neutral,204.0,0.0,True
60.0,front_r,neutral,206.0,0.0,True
60.0,front_r,neutral,208.0,0.0,True
60.0,front_r,neutral,210.0,0.0,True
60.0,front_r,neutral,212.0,0.10395806952041982,False
60.0,front_r,neutral,214.0,0.44881504966272256,False
60.0,front_r,neutral,216.0,0.8114250216716272,False
60.0,front_r,neutral,218.0,1.191940454848184,False
60.0,front_r,neutral,220.0,1.5904450683938711,False
60.0,front_r,neutral,222.0,2.0069384272217095,False
60.0,front_r,neutral,224.0,2.44131962202718,False
60.0,front_r,neutral,226.0,2.89339056745237,False
60.0,front_r,neutral,228.0,3.362825312315686,False
60.0,front_r,neutral,230.0,3.8491775671878257,False
60.0,front_r,neutral,232.0,4.3518693496724925,False
60.0,front_r,neutral,234.0,4.870175984307045,False
60.0,front_r,neutral,236.0,5.403231966353917,False
60.0,front_r,neutral,238.0,5.950038853661059,False
60.0,front_r,neutral,240.0,6.515699871159447,False
60.0,front_r,neutral,242.0,7.09721567651038,False
60.0,front_r,neutral,244.0,7.685703085847863,False
60.0,front_r,neutral,246.0,8.284397565421932,False
60.0,front_r,neutral,248.0,8.884919473775552,False
60.0,front_r,neutral,250.0,9.480666743258983,False
60.0,front_r,neutral,252.0,10.070256371403143,False
60.0,front_r,neutral,254.0,10.652309619753467,False
60.0,front_r,neutral,256.0,11.126900547229937,False
60.0,front_r,neutral,258.0,11.497023121498245,False
60.0,front_r,neutral,260.0,11.883837824274979,False
60.0,front_r,neutral,262.0,12.286346492495207,False
60.0,front_r,neutral,264.0,12.703603300914562,False
60.0,front_r,neutral,266.0,13.13470439249164,False
60.0,front_r,neutral,268.0,13.578787876405308,False
60.0,front_r,neutral,270.0,14.035033957183344,False
60.0,front_r,neutral,272.0,14.502666307033156,False
60.0,front_r,neutral,274.0,14.980935394219278,False
60.0,front_r,neutral,276.0,15.469136705440482,False
60.0,front_r,neutral,278.0,15.966596328373807,False
60.0,front_r,neutral,280.0,16.472666881354282,False
60.0,front_r,neutral,282.0,16.986113956461434,False
60.0,front_r,neutral,284.0,17.505118561331994,False
60.0,front_r,neutral,286.0,18.028546786103707,False
60.0,front_r,neutral,288.0,18.55525446562454,False
60.0,front_r,neutral,290.0,19.084080512519524,False
60.0,front_r,neutral,292.0,19.61403682139385,False
60.0,front_r,neutral,294.0,20.147176996826914,False
60.0,front_r,neutral,296.0,20.684053741795154,False
60.0,front_r,neutral,298.0,21.22528670382744,False
60.0,front_r,neutral,300.0,21.76575463069042,False
60.0,front_r,neutral,302.0,22.302505608774382,False
60.0,front_r,neutral,304.0,22.834358057378232,False
60.0,front_r,neutral,306.0,23.364921887934628,False
60.0,front_r,neutral,308.0,23.899815960757827,False
60.0,front_r,neutral,310.0,24.432771144584972,False
60.0,front_r,neutral,312.0,24.95728912882876,False
60.0,front_r,neutral,314.0,25.472854313024904,False
60.0,front_r,neutral,316.0,26.04975138112527,False
60.0,front_r,neutral,318.0,26.702314625998667,False
60.0,front_r,neutral,320.0,27.399324979175965,False
60.0,front_r,neutral,322.0,28.03180943990262,False
60.0,front_r,neutral,324.0,28.644946266666523,False
60.0,front_r,neutral,326.0,29.220121886218497,False
60.0,front_r,neutral,328.0,29.74563026033977,False
60.0,front_r,neutral,330.0,30.25303823349695,False
60.0,front_r,neutral,332.0,30.69361684504937,False
60.0,front_r,neutral,334.0,31.128498953453246,False
60.0,front_r,neutral,336.0,31.48901449804072,False
60.0,front_r,neutral,338.0,31.846175212024992,False
60.0,front_r,neutral,340.0,32.135230994023246,False
60.0,front_r,neutral,342.0,32.40909445909159,False
60.0,front_r,neutral,344.0,32.6421310039304,False
60.0,front_r,neutral,346.0,32.82593465217566,False
60.0,front_r,neutral,348.0,33.002617986525166,False
60.0,front_r,neutral,350.0,33.11060561136351,False
60.0,front_r,neutral,352.0,33.214163299673764,False
60.0,front_r,neutral,354.0,33.25726600149777,False
60.0,front_r,neutral,356.0,33.247563316418,False
60.0,front_r,neutral,358.0,33.16916139867903,False
60.0,front_r,neutral,360.0,33.06623909130846,False
57.0,front_r,neutral,0.0,33.066239091308454,False
57.0,front_r,neutral,2.0,32.92819320098439,False
57.0,front_r,neutral,4.0,32.728785427516954,False
57.0,front_r,neutral,6.0,32.52775150585916,False
57.0,front_r,neutral,8.0,32.25983051568152,False
57.0,front_r,neutral,10.0,31.969953649743914,False
57.0,front_r,neutral,12.0,31.646273070068737,False
57.0,front_r,neutral,14.0,31.262655504965938,False
57.0,front_r,neutral,16.0,30.879190702386403,False
57.0,front_r,neutral,18.0,30.434895619086017,False
57.0,front_r,neutral,20.0,29.961202654052194,False
57.0,front_r,neutral,22.0,29.46527531901172,False
57.0,front_r,neutral,24.0,28.90227394029533,False
57.0,front_r,neutral,26.0,28.332049668949274,False
57.0,front_r,neutral,28.0,27.699167442819746,False
57.0,front_r,neutral,30.0,27.050994394383206,False
57.0,front_r,neutral,32.0,26.370295908642905,False
57.0,front_r,neutral,34.0,25.635350833719592,False
57.0,front_r,neutral,36.0,24.938116439484958,False
57.0,front_r,neutral,38.0,24.31323837794556,False
57.0,front_r,neutral,40.0,23.757152231133475,False
57.0,front_r,neutral,42.0,23.188041560067216,False
57.0,front_r,neutral,44.0,22.61714632581811,False
57.0,front_r,neutral,46.0,22.052002920794735,False
57.0,front_r,neutral,48.0,21.47832536111458,False
57.0,front_r,neutral,50.0,20.89547267658487,False
57.0,front_r,neutral,52.0,20.314813247779647,False
57.0,front_r,neutral,54.0,19.740546667163702,False
57.0,front_r,neutral,56.0,19.161128884154188,False
57.0,front_r,neutral,58.0,18.57690484537595,False
57.0,front_r,neutral,60.0,17.993209304998494,False
57.0,front_r,neutral,62.0,17.41907032501858,False
57.0,front_r,neutral,64.0,16.852674426269534,False
57.0,front_r,neutral,66.0,16.289097653018388,False
57.0,front_r,neutral,68.0,15.729766500317718,False
57.0,front_r,neutral,70.0,15.176264757072909,False
57.0,front_r,neutral,72.0,14.628132259539226,False
57.0,front_r,neutral,74.0,14.088819648117097,False
57.0,front_r,neutral,76.0,13.560832335072801,False
57.0,front_r,neutral,78.0,13.03941553916708,False
57.0,front_r,neutral,80.0,12.524150592702068,False
57.0,front_r,neutral,82.0,12.016266515724986,False
57.0,front_r,neutral,84.0,11.516982812950644,False
57.0,front_r,neutral,86.0,11.02750595399957,False
57.0,front_r,neutral,88.0,10.549000156497623,False
57.0,front_r,neutral,90.0,10.0828861780819,False
57.0,front_r,neutral,92.0,9.631166491008722,False
57.0,front_r,neutral,94.0,9.19439816429001,False
57.0,front_r,neutral,96.0,8.773387654537427,False
57.0,front_r,neutral,98.0,8.371950770728397,False
57.0,front_r,neutral,100.0,7.992058704183477,False
57.0,front_r,neutral,102.0,7.6348800423185175,False
57.0,front_r,neutral,104.0,7.21957569247791,False
57.0,front_r,neutral,106.0,6.661378492746481,False
57.0,front_r,neutral,108.0,6.11357251069557,False
57.0,front_r,neutral,110.0,5.574173959943167,False
57.0,front_r,neutral,112.0,5.048110920687383,False
57.0,front_r,neutral,114.0,4.561952607652005,False
57.0,front_r,neutral,116.0,4.131560441232199,False
57.0,front_r,neutral,118.0,3.7366792141393304,False
57.0,front_r,neutral,120.0,3.377798443776591,False
57.0,front_r,neutral,122.0,3.05511381522406,False
57.0,front_r,neutral,124.0,2.766705521061237,False
57.0,front_r,neutral,126.0,2.5150011238511434,False
57.0,front_r,neutral,128.0,2.304516449989951,False
57.0,front_r,neutral,130.0,2.1311858280092664,False
57.0,front_r,neutral,132.0,1.9856148559924949,False
57.0,front_r,neutral,134.0,1.879311639746966,False
57.0,front_r,neutral,136.0,1.8020744160641586,False
57.0,front_r,neutral,138.0,1.752374335511003,False
57.0,front_r,neutral,140.0,1.7286387669856655,False
57.0,front_r,neutral,142.0,1.7292535838676972,False
57.0,front_r,neutral,144.0,1.7604190996858577,False
57.0,front_r,neutral,146.0,1.8161272255418837,False
57.0,front_r,neutral,148.0,1.8908867432265692,False
57.0,front_r,neutral,150.0,1.9831337894022938,False
57.0,front_r,neutral,152.0,2.0913752119823092,False
57.0,front_r,neutral,154.0,2.2141974788834253,False
57.0,front_r,neutral,156.0,2.354635910890843,False
57.0,front_r,neutral,158.0,2.511614551993568,False
57.0,front_r,neutral,160.0,2.6791197813654186,False
57.0,front_r,neutral,162.0,2.857494128804932,False
57.0,front_r,neutral,164.0,3.0092682784290377,False
57.0,front_r,neutral,166.0,3.122322309142269,False
57.0,front_r,neutral,168.0,3.2048638785499888,False
57.0,front_r,neutral,170.0,3.251548402908009,False
57.0,front_r,neutral,172.0,3.268444243743887,False
57.0,front_r,neutral,174.0,3.2493083147461044,False
57.0,front_r,neutral,176.0,3.2029329127237625,False
57.0,front_r,neutral,178.0,3.118267950800286,False
57.0,front_r,neutral,180.0,3.0099209993300966,False
57.0,front_r,neutral,182.0,2.8623413178327493,False
57.0,front_r,neutral,184.0,2.6950057214487,False
57.0,front_r,neutral,186.0,2.4854111738738647,False
57.0,front_r,neutral,188.0,2.239441977193292,False
57.0,front_r,neutral,190.0,1.9690310859570261,False
57.0,front_r,neutral,192.0,1.671741102585321,False
57.0,front_r,neutral,194.0,1.3468620819305095,False
57.0,front_r,neutral,196.0,1.0016897711961987,False
57.0,front_r,neutral,198.0,0.6657500815539275,False
57.0,front_r,neutral,200.0,0.7212096274129777,False
57.0,front_r,neutral,202.0,0.8401636252784813,False
57.0,front_r,neutral,204.0,0.9684843180868659,False
57.0,front_r,neutral,206.0,1.1074152031162252,False
57.0,front_r,neutral,208.0,1.258277021499189,False
57.0,front_r,neutral,210.0,1.4224641068016302,False
57.0,front_r,neutral,212.0,1.6030740269829287,False
57.0,front_r,neutral,214.0,1.8029311222989008,False
57.0,front_r,neutral,216.0,2.0209835673634635,False
57.0,front_r,neutral,218.0,2.258717680280322,False
57.0,front_r,neutral,220.0,2.517594551533767,False
57.0,front_r,neutral,222.0,2.7990322495848607,False
57.0,front_r,neutral,224.0,3.104349922230937,False
57.0,front_r,neutral,226.0,3.4347500636059394,False
57.0,front_r,neutral,228.0,3.791277585204086,False
57.0,front_r,neutral,230.0,4.17477625735213,False
57.0,front_r,neutral,232.0,4.5858655794293215,False
57.0,front_r,neutral,234.0,5.024899710937748,False
57.0,front_r,neutral,236.0,5.492428425149018,False
57.0,front_r,neutral,238.0,5.9881323754044145,False
57.0,front_r,neutral,240.0,6.52490424671095,False
57.0,front_r,neutral,242.0,7.09721567651038,False
57.0,front_r,neutral,244.0,7.685703085847863,False
57.0,front_r,neutral,246.0,8.284397565421932,False
57.0,front_r,neutral,248.0,8.884919473775552,False
57.0,front_r,neutral,250.0,9.480666743258983,False
57.0,front_r,neutral,252.0,10.070256371403143,False
57.0,front_r,neutral,254.0,10.652309619753467,False
57.0,front_r,neutral,256.0,11.126900547229937,False
57.0,front_r,neutral,258.0,11.497023121498245,False
57.0,front_r,neutral,260.0,11.883837824274979,False
57.0,front_r,neutral,262.0,12.286346492495207,False
57.0,front_r,neutral,264.0,12.703603300914562,False
57.0,front_r,neutral,266.0,13.13470439249164,False
57.0,front_r,neutral,268.0,13.578787876405308,False
57.0,front_r,neutral,270.0,14.035033957183344,False
57.0,front_r,neutral,272.0,14.502666307033156,False
57.0,front_r,neutral,274.0,14.980935394219278,False
57.0,front_r,neutral,276.0,15.469136705440482,False
57.0,front_r,neutral,278.0,15.966596328373807,False
57.0,front_r,neutral,280.0,16.472666881354282,False
57.0,front_r,neutral,282.0,16.986113956461434,False
57.0,front_r,neutral,284.0,17.505118561331994,False
57.0,front_r,neutral,286.0,18.028546786103707,False
57.0,front_r,neutral,288.0,18.55525446562454,False
57.0,front_r,neutral,290.0,19.084080512519524,False
57.0,front_r,neutral,292.0,19.61403682139385,False
57.0,front_r,neutral,294.0,20.147176996826914,False
57.0,front_r,neutral,296.0,20.684053741795154,False
57.0,front_r,neutral,298.0,21.22528670382744,False
57.0,front_r,neutral,300.0,21.76575463069042,False
57.0,front_r,neutral,302.0,22.302505608774382,False
57.0,front_r,neutral,304.0,22.834358057378232,False
57.0,front_r,neutral,306.0,23.364921887934628,False
57.0,front_r,neutral,308.0,23.899815960757827,False
57.0,front_r,neutral,310.0,24.432771144584972,False
57.0,front_r,neutral,312.0,24.95728912882876,False
57.0,front_r,neutral,314.0,25.472854313024904,False
57.0,front_r,neutral,316.0,26.04975138112527,False
57.0,front_r,neutral,318.0,26.702314625998667,False
57.0,front_r,neutral,320.0,27.399324979175965,False
57.0,front_r,neutral,322.0,28.03180943990262,False
57.0,front_r,neutral,324.0,28.644946266666523,False
57.0,front_r,neutral,326.0,29.220121886218497,False
57.0,front_r,neutral,328.0,29.74563026033977,False
57.0,front_r,neutral,330.0,30.25303823349695,False
57.0,front_r,neutral,332.0,30.69361684504937,False
57.0,front_r,neutral,334.0,31.128498953453246,False
57.0,front_r,neutral,336.0,31.48901449804072,False
57.0,front_r,neutral,338.0,31.846175212024992,False
57.0,front_r,neutral,340.0,32.135230994023246,False
57.0,front_r,neutral,342.0,32.40909445909159,False
57.0,front_r,neutral,344.0,32.6421310039304,False
57.0,front_r,neutral,346.0,32.82593465217566,False
57.0,front_r,neutral,348.0,33.002617986525166,False
57.0,front_r,neutral,350.0,33.11060561136351,False
57.0,front_r,neutral,352.0,33.214163299673764,False
57.0,front_r,neutral,354.0,33.25726600149777,False
57.0,front_r,neutral,356.0,33.247563316418,False
57.0,front_r,neutral,358.0,33.16916139867903,False
57.0,front_r,neutral,360.0,33.06623909130846,False
54.0,front_r,neutral,0.0,33.066239091308454,False
54.0,front_r,neutral,2.0,32.92819320098439,False
54.0,front_r,neutral,4.0,32.728785427516954,False
54.0,front_r,neutral,6.0,32.52775150585916,False
54.0,front_r,neutral,8.0,32.25983051568152,False
54.0,front_r,neutral,10.0,31.969953649743914,False
54.0,front_r,neutral,12.0,31.646273070068737,False
54.0,front_r,neutral,14.0,31.262655504965938,False
54.0,front_r,neutral,16.0,30.879190702386403,False
54.0,front_r,neutral,18.0,30.434895619086017,False
54.0,front_r,neutral,20.0,29.961202654052194,False
54.0,front_r,neutral,22.0,29.46527531901172,False
54.0,front_r,neutral,24.0,28.90227394029533,False
54.0,front_r,neutral,26.0,28.332049668949274,False
54.0,front_r,neutral,28.0,27.699167442819746,False
54.0,front_r,neutral,30.0,27.050994394383206,False
54.0,front_r,neutral,32.0,26.370295908642905,False
54.0,front_r,neutral,34.0,25.635350833719592,False
54.0,front_r,neutral,36.0,24.938116439484958,False
54.0,front_r,neutral,38.0,24.31323837794556,False
54.0,front_r,neutral,40.0,23.757152231133475,False
54.0,front_r,neutral,42.0,23.188041560067216,False
54.0,front_r,neutral,44.0,22.61714632581811,False
54.0,front_r,neutral,46.0,22.052002920794735,False
54.0,front_r,neutral,48.0,21.47832536111458,False
54.0,front_r,neutral,50.0,20.89547267658487,False
54.0,front_r,neutral,52.0,20.314813247779647,False
54.0,front_r,neutral,54.0,19.740546667163702,False
54.0,front_r,neutral,56.0,19.161128884154188,False
54.0,front_r,neutral,58.0,18.57690484537595,False
54.0,front_r,neutral,60.0,17.993209304998494,False
54.0,front_r,neutral,62.0,17.41907032501858,False
54.0,front_r,neutral,64.0,16.852674426269534,False
54.0,front_r,neutral,66.0,16.289097653018388,False
54.0,front_r,neutral,68.0,15.729766500317718,False
54.0,front_r,neutral,70.0,15.176264757072909,False
54.0,front_r,neutral,72.0,14.628132259539226,False
54.0,front_r,neutral,74.0,14.088819648117097,False
54.0,front_r,neutral,76.0,13.560832335072801,False
54.0,front_r,neutral,78.0,13.03941553916708,False
54.0,front_r,neutral,80.0,12.524150592702068,False
54.0,front_r,neutral,82.0,12.016266515724986,False
54.0,front_r,neutral,84.0,11.516982812950644,False
54.0,front_r,neutral,86.0,11.02750595399957,False
54.0,front_r,neutral,88.0,10.549000156497623,False
54.0,front_r,neutral,90.0,10.0828861780819,False
54.0,front_r,neutral,92.0,9.631166491008722,False
54.0,front_r,neutral,94.0,9.19439816429001,False
54.0,front_r,neutral,96.0,8.773387654537427,False
54.0,front_r,neutral,98.0,8.371950770728397,False
54.0,front_r,neutral,100.0,7.992058704183477,False
54.0,front_r,neutral,102.0,7.6348800423185175,False
54.0,front_r,neutral,104.0,7.21957569247791,False
54.0,front_r,neutral,106.0,6.661378492746481,False
54.0,front_r,neutral,108.0,6.11357251069557,False
54.0,front_r,neutral,110.0,5.574173959943167,False
54.0,front_r,neutral,112.0,5.049762918391932,False
54.0,front_r,neutral,114.0,4.583206461979512,False
54.0,front_r,neutral,116.0,4.204331239556594,False
54.0,front_r,neutral,118.0,3.8750026430525595,False
54.0,front_r,neutral,120.0,3.5840864073355747,False
54.0,front_r,neutral,122.0,3.342938244870326,False
54.0,front_r,neutral,124.0,3.1510879813974073,False
54.0,front_r,neutral,126.0,3.0093148492881645,False
54.0,front_r,neutral,128.0,2.929284198318388,False
54.0,front_r,neutral,130.0,2.888659486470351,False
54.0,front_r,neutral,132.0,2.8842712636414514,False
54.0,front_r,neutral,134.0,2.9133413753478488,False
54.0,front_r,neutral,136.0,2.985274582100382,False
54.0,front_r,neutral,138.0,3.085716258937819,False
54.0,front_r,neutral,140.0,3.209456963617672,False
54.0,front_r,neutral,142.0,3.353557328077893,False
54.0,front_r,neutral,144.0,3.5152601920649706,False
54.0,front_r,neutral,146.0,3.6996764354914293,False
54.0,front_r,neutral,148.0,3.8984880501565797,False
54.0,front_r,neutral,150.0,4.107810159761101,False
54.0,front_r,neutral,152.0,4.325756408249844,False
54.0,front_r,neutral,154.0,4.550415347786643,False
54.0,front_r,neutral,156.0,4.779805385378209,False
54.0,front_r,neutral,158.0,5.011518673568798,False
54.0,front_r,neutral,160.0,5.2441223303858875,False
54.0,front_r,neutral,162.0,5.47896270692885,False
54.0,front_r,neutral,164.0,5.652999418798512,False
54.0,front_r,neutral,166.0,5.809715088788776,False
54.0,front_r,neutral,168.0,5.905640104497693,False
54.0,front_r,neutral,170.0,5.984145778395749,False
54.0,front_r,neutral,172.0,6.003886944476388,False
54.0,front_r,neutral,174.0,6.004840841352472,False
54.0,front_r,neutral,176.0,5.950714944549213,False
54.0,front_r,neutral,178.0,5.875129661019462,False
54.0,front_r,neutral,180.0,5.7497659753198915,False
54.0,front_r,neutral,182.0,5.598949812115348,False
54.0,front_r,neutral,184.0,5.405187437048841,False
54.0,front_r,neutral,186.0,5.180704520115764,False
54.0,front_r,neutral,188.0,4.920969772908807,False
54.0,front_r,neutral,190.0,4.623043221832624,False
54.0,front_r,neutral,192.0,4.276391428474184,False
54.0,front_r,neutral,194.0,3.908613112733477,False
54.0,front_r,neutral,196.0,3.5030971265552,False
54.0,front_r,neutral,198.0,3.1170221378241147,False
54.0,front_r,neutral,200.0,3.072420674708993,False
54.0,front_r,neutral,202.0,3.0806069469486217,False
54.0,front_r,neutral,204.0,3.0915631619365027,False
54.0,front_r,neutral,206.0,3.107091398029119,False
54.0,front_r,neutral,208.0,3.129145483092037,False
54.0,front_r,neutral,210.0,3.1598355744862605,False
54.0,front_r,neutral,212.0,3.2014248577355335,False
54.0,front_r,neutral,214.0,3.2563281245909423,False
54.0,front_r,neutral,216.0,3.3271597720237853,False
54.0,front_r,neutral,218.0,3.4166862688228603,False
54.0,front_r,neutral,220.0,3.5277897011971255,False
54.0,front_r,neutral,222.0,3.6642029270540224,False
54.0,front_r,neutral,224.0,3.8326552230679134,False
54.0,front_r,neutral,226.0,4.033279551496407,False
54.0,front_r,neutral,228.0,4.267972684758966,False
54.0,front_r,neutral,230.0,4.539324045221009,False
54.0,front_r,neutral,232.0,4.849617384469453,False
54.0,front_r,neutral,234.0,5.200718175537041,False
54.0,front_r,neutral,236.0,5.593992344649399,False
54.0,front_r,neutral,238.0,6.030245450183702,False
54.0,front_r,neutral,240.0,6.534490342279676,False
54.0,front_r,neutral,242.0,7.09721567651038,False
54.0,front_r,neutral,244.0,7.685703085847863,False
54.0,front_r,neutral,246.0,8.284397565421932,False
54.0,front_r,neutral,248.0,8.884919473775552,False
54.0,front_r,neutral,250.0,9.480666743258983,False
54.0,front_r,neutral,252.0,10.070256371403143,False
54.0,front_r,neutral,254.0,10.652309619753467,False
54.0,front_r,neutral,256.0,11.126900547229937,False
54.0,front_r,neutral,258.0,11.497023121498245,False
54.0,front_r,neutral,260.0,11.883837824274979,False
54.0,front_r,neutral,262.0,12.286346492495207,False
54.0,front_r,neutral,264.0,12.703603300914562,False
54.0,front_r,neutral,266.0,13.13470439249164,False
54.0,front_r,neutral,268.0,13.578787876405308,False
54.0,front_r,neutral,270.0,14.035033957183344,False
54.0,front_r,neutral,272.0,14.502666307033156,False
54.0,front_r,neutral,274.0,14.980935394219278,False
54.0,front_r,neutral,276.0,15.469136705440482,False
54.0,front_r,neutral,278.0,15.966596328373807,False
54.0,front_r,neutral,280.0,16.472666881354282,False
54.0,front_r,neutral,282.0,16.986113956461434,False
54.0,front_r,neutral,284.0,17.505118561331994,False
54.0,front_r,neutral,286.0,18.028546786103707,False
54.0,front_r,neutral,288.0,18.55525446562454,False
54.0,front_r,neutral,290.0,19.084080512519524,False
54.0,front_r,neutral,292.0,19.61403682139385,False
54.0,front_r,neutral,294.0,20.147176996826914,False
54.0,front_r,neutral,296.0,20.684053741795154,False
54.0,front_r,neutral,298.0,21.22528670382744,False
54.0,front_r,neutral,300.0,21.76575463069042,False
54.0,front_r,neutral,302.0,22.302505608774382,False
54.0,front_r,neutral,304.0,22.834358057378232,False
54.0,front_r,neutral,306.0,23.364921887934628,False
54.0,front_r,neutral,308.0,23.899815960757827,False
54.0,front_r,neutral,310.0,24.432771144584972,False
54.0,front_r,neutral,312.0,24.95728912882876,False
54.0,front_r,neutral,314.0,25.472854313024904,False
54.0,front_r,neutral,316.0,26.04975138112527,False
54.0,front_r,neutral,318.0,26.702314625998667,False
54.0,front_r,neutral,320.0,27.399324979175965,False
54.0,front_r,neutral,322.0,28.03180943990262,False
54.0,front_r,neutral,324.0,28.644946266666523,False
54.0,front_r,neutral,326.0,29.220121886218497,False
54.0,front_r,neutral,328.0,29.74563026033977,False
54.0,front_r,neutral,330.0,30.25303823349695,False
54.0,front_r,neutral,332.0,30.69361684504937,False
54.0,front_r,neutral,334.0,31.128498953453246,False
54.0,front_r,neutral,336.0,31.48901449804072,False
54.0,front_r,neutral,338.0,31.846175212024992,False
54.0,front_r,neutral,340.0,32.135230994023246,False
54.0,front_r,neutral,342.0,32.40909445909159,False
54.0,front_r,neutral,344.0,32.6421310039304,False
54.0,front_r,neutral,346.0,32.82593465217566,False
54.0,front_r,neutral,348.0,33.002617986525166,False
54.0,front_r,neutral,350.0,33.11060561136351,False
54.0,front_r,neutral,352.0,33.214163299673764,False
54.0,front_r,neutral,354.0,33.25726600149777,False
54.0,front_r,neutral,356.0,33.247563316418,False
54.0,front_r,neutral,358.0,33.16916139867903,False
54.0,front_r,neutral,360.0,33.06623909130846,False
50.0,front_r,neutral,0.0,33.066239091308454,False
50.0,front_r,neutral,2.0,32.92819320098439,False
50.0,front_r,neutral,4.0,32.728785427516954,False
50.0,front_r,neutral,6.0,32.52775150585916,False
50.0,front_r,neutral,8.0,32.25983051568152,False
50.0,front_r,neutral,10.0,31.969953649743914,False
50.0,front_r,neutral,12.0,31.646273070068737,False
50.0,front_r,neutral,14.0,31.262655504965938,False
50.0,front_r,neutral,16.0,30.879190702386403,False
50.0,front_r,neutral,18.0,30.434895619086017,False
50.0,front_r,neutral,20.0,29.961202654052194,False
50.0,front_r,neutral,22.0,29.46527531901172,False
50.0,front_r,neutral,24.0,28.90227394029533,False
50.0,front_r,neutral,26.0,28.332049668949274,False
50.0,front_r,neutral,28.0,27.699167442819746,False
50.0,front_r,neutral,30.0,27.050994394383206,False
50.0,front_r,neutral,32.0,26.370295908642905,False
50.0,front_r,neutral,34.0,25.635350833719592,False
50.0,front_r,neutral,36.0,24.938116439484958,False
50.0,front_r,neutral,38.0,24.31323837794556,False
50.0,front_r,neutral,40.0,23.757152231133475,False
50.0,front_r,neutral,42.0,23.188041560067216,False
50.0,front_r,neutral,44.0,22.61714632581811,False
50.0,front_r,neutral,46.0,22.052002920794735,False
50.0,front_r,neutral,48.0,21.47832536111458,False
50.0,front_r,neutral,50.0,20.89547267658487,False
50.0,front_r,neutral,52.0,20.314813247779647,False
50.0,front_r,neutral,54.0,19.740546667163702,False
50.0,front_r,neutral,56.0,19.161128884154188,False
50.0,front_r,neutral,58.0,18.57690484537595,False
50.0,front_r,neutral,60.0,17.993209304998494,False
50.0,front_r,neutral,62.0,17.41907032501858,False
50.0,front_r,neutral,64.0,16.852674426269534,False
50.0,front_r,neutral,66.0,16.289097653018388,False
50.0,front_r,neutral,68.0,15.729766500317718,False
50.0,front_r,neutral,70.0,15.176264757072909,False
50.0,front_r,neutral,72.0,14.628132259539226,False
50.0,front_r,neutral,74.0,14.088819648117097,False
50.0,front_r,neutral,76.0,13.560832335072801,False
50.0,front_r,neutral,78.0,13.03941553916708,False
50.0,front_r,neutral,80.0,12.524150592702068,False
50.0,front_r,neutral,82.0,12.016266515724986,False
50.0,front_r,neutral,84.0,11.516982812950644,False
50.0,front_r,neutral,86.0,11.02750595399957,False
50.0,front_r,neutral,88.0,10.549000156497623,False
50.0,front_r,neutral,90.0,10.0828861780819,False
50.0,front_r,neutral,92.0,9.631166491008722,False
50.0,front_r,neutral,94.0,9.19439816429001,False
50.0,front_r,neutral,96.0,8.773387654537427,False
50.0,front_r,neutral,98.0,8.371950770728397,False
50.0,front_r,neutral,100.0,7.992058704183477,False
50.0,front_r,neutral,102.0,7.6348800423185175,False
50.0,front_r,neutral,104.0,7.21957569247791,False
50.0,front_r,neutral,106.0,6.661378492746481,False
50.0,front_r,neutral,108.0,6.11357251069557,False
50.0,front_r,neutral,110.0,5.574173959943167,False
50.0,front_r,neutral,112.0,5.051401773125591,False
50.0,front_r,neutral,114.0,4.6124327060353165,False
50.0,front_r,neutral,116.0,4.302901665061776,False
50.0,front_r,neutral,118.0,4.057098118994884,False
50.0,front_r,neutral,120.0,3.8935972358424262,False
50.0,front_r,neutral,122.0,3.7994158154763746,False
50.0,front_r,neutral,124.0,3.786734754767789,False
50.0,front_r,neutral,126.0,3.842239711883175,False
50.0,front_r,neutral,128.0,3.949431698572621,False
50.0,front_r,neutral,130.0,4.117224832527591,False
50.0,front_r,neutral,132.0,4.328533457308789,False
50.0,front_r,neutral,134.0,4.572334925845567,False
50.0,front_r,neutral,136.0,4.843516386100127,False
50.0,front_r,neutral,138.0,5.145711285042801,False
50.0,front_r,neutral,140.0,5.467369637565769,False
50.0,front_r,neutral,142.0,5.800041801836391,False
50.0,front_r,neutral,144.0,6.139825362837005,False
50.0,front_r,neutral,146.0,6.483291998318358,False
50.0,front_r,neutral,148.0,6.827352533258636,False
50.0,front_r,neutral,150.0,7.169775182301183,False
50.0,front_r,neutral,152.0,7.510239824707255,False
50.0,front_r,neutral,154.0,7.845165262765922,False
50.0,front_r,neutral,156.0,8.17081373401336,False
50.0,front_r,neutral,158.0,8.485565084340198,False
50.0,front_r,neutral,160.0,8.78872665724665,False
50.0,front_r,neutral,162.0,9.060380292763062,False
50.0,front_r,neutral,164.0,9.273661970422136,False
50.0,front_r,neutral,166.0,9.453566957772225,False
50.0,front_r,neutral,168.0,9.575871400164612,False
50.0,front_r,neutral,170.0,9.666071196348335,False
50.0,front_r,neutral,172.0,9.698338446566707,False
50.0,front_r,neutral,174.0,9.70152667950383,False
50.0,front_r,neutral,176.0,9.645177742542137,False
50.0,front_r,neutral,178.0,9.564572275739627,False
50.0,front_r,neutral,180.0,9.421425916562802,False
50.0,front_r,neutral,182.0,9.261102696609203,False
50.0,front_r,neutral,184.0,9.035910460588159,False
50.0,front_r,neutral,186.0,8.795999684341078,False
50.0,front_r,neutral,188.0,8.496186452012251,False
50.0,front_r,neutral,190.0,8.170861068717983,False
50.0,front_r,neutral,192.0,7.774535874853507,False
50.0,front_r,neutral,194.0,7.368504056994985,False
50.0,front_r,neutral,196.0,6.908464917107499,False
50.0,front_r,neutral,198.0,6.516667939102336,False
50.0,front_r,neutral,200.0,6.347551217296732,False
50.0,front_r,neutral,202.0,6.2151464808134715,False
50.0,front_r,neutral,204.0,6.076579054045326,False
50.0,front_r,neutral,206.0,5.934103559368436,False
50.0,front_r,neutral,208.0,5.79020514361931,False
50.0,front_r,neutral,210.0,5.647620551837474,False
50.0,front_r,neutral,212.0,5.509359871125339,False
50.0,front_r,neutral,214.0,5.37872232106518,False
50.0,front_r,neutral,216.0,5.25931560635043,False
50.0,front_r,neutral,218.0,5.155078052556543,False
50.0,front_r,neutral,220.0,5.070281767918154,False
50.0,front_r,neutral,222.0,5.009532711470789,False
50.0,front_r,neutral,224.0,4.977764831390038,False
50.0,front_r,neutral,226.0,4.980197706353933,False
50.0,front_r,neutral,228.0,5.022297404075994,False
50.0,front_r,neutral,230.0,5.113756007089793,False
50.0,front_r,neutral,232.0,5.26584550692741,False
50.0,front_r,neutral,234.0,5.476860537823188,False
50.0,front_r,neutral,236.0,5.750343335524996,False
50.0,front_r,neutral,238.0,6.090153742440611,False
50.0,front_r,neutral,240.0,6.547851412874221,False
50.0,front_r,neutral,242.0,7.09721567651038,False
50.0,front_r,neutral,244.0,7.685703085847863,False
50.0,front_r,neutral,246.0,8.284397565421932,False
50.0,front_r,neutral,248.0,8.884919473775552,False
50.0,front_r,neutral,250.0,9.480666743258983,False
50.0,front_r,neutral,252.0,10.070256371403143,False
50.0,front_r,neutral,254.0,10.652309619753467,False
50.0,front_r,neutral,256.0,11.126900547229937,False
50.0,front_r,neutral,258.0,11.497023121498245,False
50.0,front_r,neutral,260.0,11.883837824274979,False
50.0,front_r,neutral,262.0,12.286346492495207,False
50.0,front_r,neutral,264.0,12.703603300914562,False
50.0,front_r,neutral,266.0,13.13470439249164,False
50.0,front_r,neutral,268.0,13.578787876405308,False
50.0,front_r,neutral,270.0,14.035033957183344,False
50.0,front_r,neutral,272.0,14.502666307033156,False
50.0,front_r,neutral,274.0,14.980935394219278,False
50.0,front_r,neutral,276.0,15.469136705440482,False
50.0,front_r,neutral,278.0,15.966596328373807,False
50.0,front_r,neutral,280.0,16.472666881354282,False
50.0,front_r,neutral,282.0,16.986113956461434,False
50.0,front_r,neutral,284.0,17.505118561331994,False
50.0,front_r,neutral,286.0,18.028546786103707,False
50.0,front_r,neutral,288.0,18.55525446562454,False
50.0,front_r,neutral,290.0,19.084080512519524,False
50.0,front_r,neutral,292.0,19.61403682139385,False
50.0,front_r,neutral,294.0,20.147176996826914,False
50.0,front_r,neutral,296.0,20.684053741795154,False
50.0,front_r,neutral,298.0,21.22528670382744,False
50.0,front_r,neutral,300.0,21.76575463069042,False
50.0,front_r,neutral,302.0,22.302505608774382,False
50.0,front_r,neutral,304.0,22.834358057378232,False
50.0,front_r,neutral,306.0,23.364921887934628,False
50.0,front_r,neutral,308.0,23.899815960757827,False
50.0,front_r,neutral,310.0,24.432771144584972,False
50.0,front_r,neutral,312.0,24.95728912882876,False
50.0,front_r,neutral,314.0,25.472854313024904,False
50.0,front_r,neutral,316.0,26.04975138112527,False
50.0,front_r,neutral,318.0,26.702314625998667,False
50.0,front_r,neutral,320.0,27.399324979175965,False
50.0,front_r,neutral,322.0,28.03180943990262,False
50.0,front_r,neutral,324.0,28.644946266666523,False
50.0,front_r,neutral,326.0,29.220121886218497,False
50.0,front_r,neutral,328.0,29.74563026033977,False
50.0,front_r,neutral,330.0,30.25303823349695,False
50.0,front_r,neutral,332.0,30.69361684504937,False
50.0,front_r,neutral,334.0,31.128498953453246,False
50.0,front_r,neutral,336.0,31.48901449804072,False
50.0,front_r,neutral,338.0,31.846175212024992,False
50.0,front_r,neutral,340.0,32.135230994023246,False
50.0,front_r,neutral,342.0,32.40909445909159,False
50.0,front_r,neutral,344.0,32.6421310039304,False
50.0,front_r,neutral,346.0,32.82593465217566,False
50.0,front_r,neutral,348.0,33.002617986525166,False
50.0,front_r,neutral,350.0,33.11060561136351,False
50.0,front_r,neutral,352.0,33.214163299673764,False
50.0,front_r,neutral,354.0,33.25726600149777,False
50.0,front_r,neutral,356.0,33.247563316418,False
50.0,front_r,neutral,358.0,33.16916139867903,False
50.0,front_r,neutral,360.0,33.06623909130846,False
48.0,front_r,neutral,0.0,33.066239091308454,False
48.0,front_r,neutral,2.0,32.92819320098439,False
48.0,front_r,neutral,4.0,32.728785427516954,False
48.0,front_r,neutral,6.0,32.52775150585916,False
48.0,front_r,neutral,8.0,32.25983051568152,False
48.0,front_r,neutral,10.0,31.969953649743914,False
48.0,front_r,neutral,12.0,31.646273070068737,False
48.0,front_r,neutral,14.0,31.262655504965938,False
48.0,front_r,neutral,16.0,30.879190702386403,False
48.0,front_r,neutral,18.0,30.434895619086017,False
48.0,front_r,neutral,20.0,29.961202654052194,False
48.0,front_r,neutral,22.0,29.46527531901172,False
48.0,front_r,neutral,24.0,28.90227394029533,False
48.0,front_r,neutral,26.0,28.332049668949274,False
48.0,front_r,neutral,28.0,27.699167442819746,False
48.0,front_r,neutral,30.0,27.050994394383206,False
48.0,front_r,neutral,32.0,26.370295908642905,False
48.0,front_r,neutral,34.0,25.635350833719592,False
48.0,front_r,neutral,36.0,24.938116439484958,False
48.0,front_r,neutral,38.0,24.31323837794556,False
48.0,front_r,neutral,40.0,23.757152231133475,False
48.0,front_r,neutral,42.0,23.188041560067216,False
48.0,front_r,neutral,44.0,22.61714632581811,False
48.0,front_r,neutral,46.0,22.052002920794735,False
48.0,front_r,neutral,48.0,21.47832536111458,False
48.0,front_r,neutral,50.0,20.89547267658487,False
48.0,front_r,neutral,52.0,20.314813247779647,False
48.0,front_r,neutral,54.0,19.740546667163702,False
48.0,front_r,neutral,56.0,19.161128884154188,False
48.0,front_r,neutral,58.0,18.57690484537595,False
48.0,front_r,neutral,60.0,17.993209304998494,False
48.0,front_r,neutral,62.0,17.41907032501858,False
48.0,front_r,neutral,64.0,16.852674426269534,False
48.0,front_r,neutral,66.0,16.289097653018388,False
48.0,front_r,neutral,68.0,15.729766500317718,False
48.0,front_r,neutral,70.0,15.176264757072909,False
48.0,front_r,neutral,72.0,14.628132259539226,False
48.0,front_r,neutral,74.0,14.088819648117097,False
48.0,front_r,neutral,76.0,13.560832335072801,False
48.0,front_r,neutral,78.0,13.03941553916708,False
48.0,front_r,neutral,80.0,12.524150592702068,False
48.0,front_r,neutral,82.0,12.016266515724986,False
48.0,front_r,neutral,84.0,11.516982812950644,False
48.0,front_r,neutral,86.0,11.02750595399957,False
48.0,front_r,neutral,88.0,10.549000156497623,False
48.0,front_r,neutral,90.0,10.0828861780819,False
48.0,front_r,neutral,92.0,9.631166491008722,False
48.0,front_r,neutral,94.0,9.19439816429001,False
48.0,front_r,neutral,96.0,8.773387654537427,False
48.0,front_r,neutral,98.0,8.371950770728397,False
48.0,front_r,neutral,100.0,7.992058704183477,False
48.0,front_r,neutral,102.0,7.6348800423185175,False
48.0,front_r,neutral,104.0,7.21957569247791,False
48.0,front_r,neutral,106.0,6.661378492746481,False
48.0,front_r,neutral,108.0,6.11357251069557,False
48.0,front_r,neutral,110.0,5.574173959943167,False
48.0,front_r,neutral,112.0,5.051874620846964,False
48.0,front_r,neutral,114.0,4.627371586863529,False
48.0,front_r,neutral,116.0,4.349602205978092,False
48.0,front_r,neutral,118.0,4.163260947325039,False
48.0,front_r,neutral,120.0,4.0762361126431905,False
48.0,front_r,neutral,122.0,4.07341498374004,False
48.0,front_r,neutral,124.0,4.169021911719467,False
48.0,front_r,neutral,126.0,4.327481333085745,False
48.0,front_r,neutral,128.0,4.553542084118409,False
48.0,front_r,neutral,130.0,4.834404268187462,False
48.0,front_r,neutral,132.0,5.152114361948811,False
48.0,front_r,neutral,134.0,5.50138207004558,False
48.0,front_r,neutral,136.0,5.885419224826241,False
48.0,front_r,neutral,138.0,6.2855219750261995,False
48.0,front_r,neutral,140.0,6.695572233204156,False
48.0,front_r,neutral,142.0,7.111052502484324,False
48.0,front_r,neutral,144.0,7.527909026475437,False
48.0,front_r,neutral,146.0,7.944492375983042,False
48.0,front_r,neutral,148.0,8.35891432121215,False
48.0,front_r,neutral,150.0,8.764904982120742,False
48.0,front_r,neutral,152.0,9.1593136041179,False
48.0,front_r,neutral,154.0,9.540080348693527,False
48.0,front_r,neutral,156.0,9.905421448458634,False
48.0,front_r,neutral,158.0,10.253820004378913,False
48.0,front_r,neutral,160.0,10.58509922840974,False
48.0,front_r,neutral,162.0,10.869010179197689,False
48.0,front_r,neutral,164.0,11.103616268751747,False
48.0,front_r,neutral,166.0,11.28939739887968,False
48.0,front_r,neutral,168.0,11.426979251133739,False
48.0,front_r,neutral,170.0,11.518465096436643,False
48.0,front_r,neutral,172.0,11.561826646023286,False
48.0,front_r,neutral,174.0,11.567282427895012,False
48.0,front_r,neutral,176.0,11.5171462321595,False
48.0,front_r,neutral,178.0,11.43673360134269,False
48.0,front_r,neutral,180.0,11.293134183179593,False
48.0,front_r,neutral,182.0,11.127359293948269,False
48.0,front_r,neutral,184.0,10.894189389162953,False
48.0,front_r,neutral,186.0,10.641277101622954,False
48.0,front_r,neutral,188.0,10.325621635661575,False
48.0,front_r,neutral,190.0,9.98323087014062,False
48.0,front_r,neutral,192.0,9.577174367615982,False
48.0,front_r,neutral,194.0,9.141060172329544,False
48.0,front_r,neutral,196.0,8.646044963116154,False
48.0,front_r,neutral,198.0,8.216490999299761,False
48.0,front_r,neutral,200.0,8.00170775927415,False
48.0,front_r,neutral,202.0,7.803623352896925,False
48.0,front_r,neutral,204.0,7.595183791944045,False
48.0,front_r,neutral,206.0,7.378711882522682,False
48.0,front_r,neutral,208.0,7.15677887795114,False
48.0,front_r,neutral,210.0,6.932234765648619,False
48.0,front_r,neutral,212.0,6.708242832112114,False
48.0,front_r,neutral,214.0,6.488311243291937,False
48.0,front_r,neutral,216.0,6.276330589939161,False
48.0,front_r,neutral,218.0,6.076618641115759,False
48.0,front_r,neutral,220.0,5.89395421473797,False
48.0,front_r,neutral,222.0,5.7336012266412855,False
48.0,front_r,neutral,224.0,5.601343374474262,False
48.0,front_r,neutral,226.0,5.503470871622949,False
48.0,front_r,neutral,228.0,5.446771116307666,False
48.0,front_r,neutral,230.0,5.439439213204334,False
48.0,front_r,neutral,232.0,5.4996766450918555,False
48.0,front_r,neutral,234.0,5.6308564331676445,False
48.0,front_r,neutral,236.0,5.8350900384584365,False
48.0,front_r,neutral,238.0,6.118566051870669,False
48.0,front_r,neutral,240.0,6.5547661892985145,False
48.0,front_r,neutral,242.0,7.09721567651038,False
48.0,front_r,neutral,244.0,7.685703085847863,False
48.0,front_r,neutral,246.0,8.284397565421932,False
48.0,front_r,neutral,248.0,8.884919473775552,False
48.0,front_r,neutral,250.0,9.480666743258983,False
48.0,front_r,neutral,252.0,10.070256371403143,False
48.0,front_r,neutral,254.0,10.652309619753467,False
48.0,front_r,neutral,256.0,11.126900547229937,False
48.0,front_r,neutral,258.0,11.497023121498245,False
48.0,front_r,neutral,260.0,11.883837824274979,False
48.0,front_r,neutral,262.0,12.286346492495207,False
48.0,front_r,neutral,264.0,12.703603300914562,False
48.0,front_r,neutral,266.0,13.13470439249164,False
48.0,front_r,neutral,268.0,13.578787876405308,False
48.0,front_r,neutral,270.0,14.035033957183344,False
48.0,front_r,neutral,272.0,14.502666307033156,False
48.0,front_r,neutral,274.0,14.980935394219278,False
48.0,front_r,neutral,276.0,15.469136705440482,False
48.0,front_r,neutral,278.0,15.966596328373807,False
48.0,front_r,neutral,280.0,16.472666881354282,False
48.0,front_r,neutral,282.0,16.986113956461434,False
48.0,front_r,neutral,284.0,17.505118561331994,False
48.0,front_r,neutral,286.0,18.028546786103707,False
48.0,front_r,neutral,288.0,18.55525446562454,False
48.0,front_r,neutral,290.0,19.084080512519524,False
48.0,front_r,neutral,292.0,19.61403682139385,False
48.0,front_r,neutral,294.0,20.147176996826914,False
48.0,front_r,neutral,296.0,20.684053741795154,False
48.0,front_r,neutral,298.0,21.22528670382744,False
48.0,front_r,neutral,300.0,21.76575463069042,False
48.0,front_r,neutral,302.0,22.302505608774382,False
48.0,front_r,neutral,304.0,22.834358057378232,False
48.0,front_r,neutral,306.0,23.364921887934628,False
48.0,front_r,neutral,308.0,23.899815960757827,False
48.0,front_r,neutral,310.0,24.432771144584972,False
48.0,front_r,neutral,312.0,24.95728912882876,False
48.0,front_r,neutral,314.0,25.472854313024904,False
48.0,front_r,neutral,316.0,26.04975138112527,False
48.0,front_r,neutral,318.0,26.702314625998667,False
48.0,front_r,neutral,320.0,27.399324979175965,False
48.0,front_r,neutral,322.0,28.03180943990262,False
48.0,front_r,neutral,324.0,28.644946266666523,False
48.0,front_r,neutral,326.0,29.220121886218497,False
48.0,front_r,neutral,328.0,29.74563026033977,False
48.0,front_r,neutral,330.0,30.25303823349695,False
48.0,front_r,neutral,332.0,30.69361684504937,False
48.0,front_r,neutral,334.0,31.128498953453246,False
48.0,front_r,neutral,336.0,31.48901449804072,False
48.0,front_r,neutral,338.0,31.846175212024992,False
48.0,front_r,neutral,340.0,32.135230994023246,False
48.0,front_r,neutral,342.0,32.40909445909159,False
48.0,front_r,neutral,344.0,32.6421310039304,False
48.0,front_r,neutral,346.0,32.82593465217566,False
48.0,front_r,neutral,348.0,33.002617986525166,False
48.0,front_r,neutral,350.0,33.11060561136351,False
48.0,front_r,neutral,352.0,33.214163299673764,False
48.0,front_r,neutral,354.0,33.25726600149777,False
48.0,front_r,neutral,356.0,33.247563316418,False
48.0,front_r,neutral,358.0,33.16916139867903,False
48.0,front_r,neutral,360.0,33.06623909130846,False
54.0,front_r,apex,0.0,33.065829789002414,False
54.0,front_r,apex,2.0,32.93019457718287,False
54.0,front_r,apex,4.0,32.73131565785163,False
54.0,front_r,apex,6.0,32.53136353367975,False
54.0,front_r,apex,8.0,32.26583327238175,False
54.0,front_r,apex,10.0,31.974912592299226,False
54.0,front_r,apex,12.0,31.653509377077164,False
54.0,front_r,apex,14.0,31.270230992457634,False
54.0,front_r,apex,16.0,30.887257887960704,False
54.0,front_r,apex,18.0,30.443909101923882,False
54.0,front_r,apex,20.0,29.96962484295599,False
54.0,front_r,apex,22.0,29.474560396737555,False
54.0,front_r,apex,24.0,28.911735406474676,False
54.0,front_r,apex,26.0,28.3416144541886,False
54.0,front_r,apex,28.0,27.708606445093817,False
54.0,front_r,apex,30.0,27.06083790838543,False
54.0,front_r,apex,32.0,26.380526946232088,False
54.0,front_r,apex,34.0,25.645026470530595,False
54.0,front_r,apex,36.0,24.943503070767182,False
54.0,front_r,apex,38.0,24.31461473366176,False
54.0,front_r,apex,40.0,23.756354798258574,False
54.0,front_r,apex,42.0,23.185501768392,False
54.0,front_r,apex,44.0,22.614310368039334,False
54.0,front_r,apex,46.0,22.047957417592773,False
54.0,front_r,apex,48.0,21.472475502327274,False
54.0,front_r,apex,50.0,20.88801692185777,False
54.0,front_r,apex,52.0,20.306743519608514,False
54.0,front_r,apex,54.0,19.731145471103172,False
54.0,front_r,apex,56.0,19.151889012015058,False
54.0,front_r,apex,58.0,18.570579578607113,False
54.0,front_r,apex,60.0,17.989392306865852,False
54.0,front_r,apex,62.0,17.416751677537647,False
54.0,front_r,apex,64.0,16.85354066510129,False
54.0,front_r,apex,66.0,16.293962625920884,False
54.0,front_r,apex,68.0,15.738690088250074,False
54.0,front_r,apex,70.0,15.185823234098809,False
54.0,front_r,apex,72.0,14.6357689517157,False
54.0,front_r,apex,74.0,14.09539502348657,False
54.0,front_r,apex,76.0,13.56584923047077,False
54.0,front_r,apex,78.0,13.042287312196512,False
54.0,front_r,apex,80.0,12.524952985268031,False
54.0,front_r,apex,82.0,12.015079105253754,False
54.0,front_r,apex,84.0,11.513887666032609,False
54.0,front_r,apex,86.0,11.022589036254253,False
54.0,front_r,apex,88.0,10.542349657430792,False
54.0,front_r,apex,90.0,10.074782936584848,False
54.0,front_r,apex,92.0,9.621769715293825,False
54.0,front_r,apex,94.0,9.186216462361994,False
54.0,front_r,apex,96.0,8.770296779195123,False
54.0,front_r,apex,98.0,8.37522429487556,False
54.0,front_r,apex,100.0,8.000822455953706,False
54.0,front_r,apex,102.0,7.643845628071868,False
54.0,front_r,apex,104.0,7.228646101940017,False
54.0,front_r,apex,106.0,6.6706844867572475,False
54.0,front_r,apex,108.0,6.120007449934618,False
54.0,front_r,apex,110.0,5.57783724807967,False
54.0,front_r,apex,112.0,5.0502953184823625,False
54.0,front_r,apex,114.0,4.580896803961798,False
54.0,front_r,apex,116.0,4.200222491629855,False
54.0,front_r,apex,118.0,3.8669900747600523,False
54.0,front_r,apex,120.0,3.575411666147339,False
54.0,front_r,apex,122.0,3.3394698441786073,False
54.0,front_r,apex,124.0,3.1554973319084128,False
54.0,front_r,apex,126.0,3.018106654375352,False
54.0,front_r,apex,128.0,2.937271294177368,False
54.0,front_r,apex,130.0,2.896211449711111,False
54.0,front_r,apex,132.0,2.891561760259041,False
54.0,front_r,apex,134.0,2.920380852652136,False
54.0,front_r,apex,136.0,2.991444887462022,False
54.0,front_r,apex,138.0,3.092053060158135,False
54.0,front_r,apex,140.0,3.216044997957452,False
54.0,front_r,apex,142.0,3.3604702743681067,False
54.0,front_r,apex,144.0,3.5225090806970125,False
54.0,front_r,apex,146.0,3.7062626596930897,False
54.0,front_r,apex,148.0,3.905358988609579,False
54.0,front_r,apex,150.0,4.113720814653384,False
54.0,front_r,apex,152.0,4.32926688779592,False
54.0,front_r,apex,154.0,4.550342861082867,False
54.0,front_r,apex,156.0,4.7764301839450205,False
54.0,front_r,apex,158.0,5.0061057574707295,False
54.0,front_r,apex,160.0,5.237940750848566,False
54.0,front_r,apex,162.0,5.473056458619497,False
54.0,front_r,apex,164.0,5.647770616728727,False
54.0,front_r,apex,166.0,5.804835753984879,False
54.0,front_r,apex,168.0,5.901482173307206,False
54.0,front_r,apex,170.0,5.980206804481718,False
54.0,front_r,apex,172.0,6.000620354199375,False
54.0,front_r,apex,174.0,6.001616162193094,False
54.0,front_r,apex,176.0,5.948019256045199,False
54.0,front_r,apex,178.0,5.872251358156539,False
54.0,front_r,apex,180.0,5.747181323820619,False
54.0,front_r,apex,182.0,5.595911606428985,False
54.0,front_r,apex,184.0,5.402121181504169,False
54.0,front_r,apex,186.0,5.17686972790344,False
54.0,front_r,apex,188.0,4.917264748020701,False
54.0,front_r,apex,190.0,4.619761785671253,False
54.0,front_r,apex,192.0,4.2728461436777865,False
54.0,front_r,apex,194.0,3.903553018878529,False
54.0,front_r,apex,196.0,3.4965882157258408,False
54.0,front_r,apex,198.0,3.112646715044849,False
54.0,front_r,apex,200.0,3.080403690597091,False
54.0,front_r,apex,202.0,3.0885844061437373,False
54.0,front_r,apex,204.0,3.099527624831831,False
54.0,front_r,apex,206.0,3.1150404086310326,False
54.0,front_r,apex,208.0,3.1370817156795914,False
54.0,front_r,apex,210.0,3.167766774624229,False
54.0,front_r,apex,212.0,3.20936372871957,False
54.0,front_r,apex,214.0,3.2642867406021288,False
54.0,front_r,apex,216.0,3.3350931767193788,False
54.0,front_r,apex,218.0,3.424477348140434,False
54.0,front_r,apex,220.0,3.5352318688028626,False
54.0,front_r,apex,222.0,3.6714921441174466,False
54.0,front_r,apex,224.0,3.8395060127776164,False
54.0,front_r,apex,226.0,4.039934881142765,False
54.0,front_r,apex,228.0,4.274083311593422,False
54.0,front_r,apex,230.0,4.544536112011067,False
54.0,front_r,apex,232.0,4.853632312342629,False
54.0,front_r,apex,234.0,5.203351961934168,False
54.0,front_r,apex,236.0,5.595245365387542,False
54.0,front_r,apex,238.0,6.030437209855979,False
54.0,front_r,apex,240.0,6.538120652007792,False
54.0,front_r,apex,242.0,7.101068119326532,False
54.0,front_r,apex,244.0,7.68854174789306,False
54.0,front_r,apex,246.0,8.28081768588,False
54.0,front_r,apex,248.0,8.881353001087225,False
54.0,front_r,apex,250.0,9.477398374057346,False
54.0,front_r,apex,252.0,10.067259838110813,False
54.0,front_r,apex,254.0,10.649548212977066,False
54.0,front_r,apex,256.0,11.127348197808839,False
54.0,front_r,apex,258.0,11.497459044316656,False
54.0,front_r,apex,260.0,11.884302700818305,False
54.0,front_r,apex,262.0,12.286878279672587,False
54.0,front_r,apex,264.0,12.704238011349133,False
54.0,front_r,apex,266.0,13.135476833597874,False
54.0,front_r,apex,268.0,13.579732359063666,False
54.0,front_r,apex,270.0,14.03618488705677,False
54.0,front_r,apex,272.0,14.504058778872988,False
54.0,front_r,apex,274.0,14.982605663055919,False
54.0,front_r,apex,276.0,15.471122642635331,False
54.0,front_r,apex,278.0,15.968937799664813,False
54.0,front_r,apex,280.0,16.475376715352297,False
54.0,front_r,apex,282.0,16.98882289413682,False
54.0,front_r,apex,284.0,17.5077990243178,False
54.0,front_r,apex,286.0,18.031177856007233,False
54.0,front_r,apex,288.0,18.557815590773966,False
54.0,front_r,apex,290.0,19.0865522999571,False
54.0,front_r,apex,292.0,19.616667405276026,False
54.0,front_r,apex,294.0,20.15043687767552,False
54.0,front_r,apex,296.0,20.68799702900469,False
54.0,front_r,apex,298.0,21.22889598386587,False
54.0,front_r,apex,300.0,21.769360302494256,False
54.0,front_r,apex,302.0,22.30612123080507,False
54.0,front_r,apex,304.0,22.8379776134352,False
54.0,front_r,apex,306.0,23.366757346690147,False
54.0,front_r,apex,308.0,23.898738840162988,False
54.0,front_r,apex,310.0,24.431591981646744,False
54.0,front_r,apex,312.0,24.95642872508308,False
54.0,front_r,apex,314.0,25.471749014020528,False
54.0,front_r,apex,316.0,26.053000827013253,False
54.0,front_r,apex,318.0,26.70418421582485,False
54.0,front_r,apex,320.0,27.40165371298433,False
54.0,front_r,apex,322.0,28.03190292213002,False
54.0,front_r,apex,324.0,28.645386879320863,False
54.0,front_r,apex,326.0,29.21724772725259,False
54.0,front_r,apex,328.0,29.742769322530666,False
54.0,front_r,apex,330.0,30.251936888911445,False
54.0,front_r,apex,332.0,30.693107300152423,False
54.0,front_r,apex,334.0,31.129625842927823,False
54.0,front_r,apex,336.0,31.491705641792564,False
54.0,front_r,apex,338.0,31.8499382461735,False
54.0,front_r,apex,340.0,32.138902676393286,False
54.0,front_r,apex,342.0,32.413030096384205,False
54.0,front_r,apex,344.0,32.6417742406676,False
54.0,front_r,apex,346.0,32.82559483946285,False
54.0,front_r,apex,348.0,32.998604630894484,False
54.0,front_r,apex,350.0,33.10491093194525,False
54.0,front_r,apex,352.0,33.208590575935936,False
54.0,front_r,apex,354.0,33.2537427376778,False
54.0,front_r,apex,356.0,33.24541246784974,False
54.0,front_r,apex,358.0,33.169365118771815,False
54.0,front_r,apex,360.0,33.065829789002414,False
54.0,front_l,neutral,0.0,33.01851454620349,False
54.0,front_l,neutral,2.0,33.1206665667839,False
54.0,front_l,neutral,4.0,33.22155918984352,False
54.0,front_l,neutral,6.0,33.25749001563807,False
54.0,front_l,neutral,8.0,33.24356591182474,False
54.0,front_l,neutral,10.0,33.157065085479275,False
54.0,front_l,neutral,12.0,33.05478435715188,False
54.0,front_l,neutral,14.0,32.90737836175406,False
54.0,front_l,neutral,16.0,32.70432808551412,False
54.0,front_l,neutral,18.0,32.49820008765652,False
54.0,front_l,neutral,20.0,32.22520500458822,False
54.0,front_l,neutral,22.0,31.930317396146442,False
54.0,front_l,neutral,24.0,31.59597329970662,False
54.0,front_l,neutral,26.0,31.201110791866647,False
54.0,front_l,neutral,28.0,30.796005026531784,False
54.0,front_l,neutral,30.0,30.312772662511193,False
54.0,front_l,neutral,32.0,29.825274619965157,False
54.0,front_l,neutral,34.0,29.26753911446497,False
54.0,front_l,neutral,36.0,28.684388083437845,False
54.0,front_l,neutral,38.0,28.066081637599822,False
54.0,front_l,neutral,40.0,27.386597997257887,False
54.0,front_l,neutral,42.0,26.70101056880742,False
54.0,front_l,neutral,44.0,25.934103762585305,False
54.0,front_l,neutral,46.0,25.18846587372567,False
54.0,front_l,neutral,48.0,24.511371260715283,False
54.0,front_l,neutral,50.0,23.90978748636793,False
54.0,front_l,neutral,52.0,23.32395752114331,False
54.0,front_l,neutral,54.0,22.741319025528636,False
54.0,front_l,neutral,56.0,22.151409161449173,False
54.0,front_l,neutral,58.0,21.55188636646546,False
54.0,front_l,neutral,60.0,20.94741361803962,False
54.0,front_l,neutral,62.0,20.34617844958156,False
54.0,front_l,neutral,64.0,19.74814612871748,False
54.0,front_l,neutral,66.0,19.14674829585564,False
54.0,front_l,neutral,68.0,18.54153164042282,False
54.0,front_l,neutral,70.0,17.934030825274558,False
54.0,front_l,neutral,72.0,17.32952593157395,False
54.0,front_l,neutral,74.0,16.731271499169935,False
54.0,front_l,neutral,76.0,16.139554575133758,False
54.0,front_l,neutral,78.0,15.551320096210542,False
54.0,front_l,neutral,80.0,14.9664754571254,False
54.0,front_l,neutral,82.0,14.386455015231409,False
54.0,front_l,neutral,84.0,13.812665008646523,False
54.0,front_l,neutral,86.0,13.246478858566686,False
54.0,front_l,neutral,88.0,12.689253398928958,False
54.0,front_l,neutral,90.0,12.142825081333989,False
54.0,front_l,neutral,92.0,11.608587990953819,False
54.0,front_l,neutral,94.0,11.087339437376276,False
54.0,front_l,neutral,96.0,10.579888504766446,False
54.0,front_l,neutral,98.0,10.087121054813,False
54.0,front_l,neutral,100.0,9.610042470650473,False
54.0,front_l,neutral,102.0,9.149704679646428,False
54.0,front_l,neutral,104.0,8.70725885112176,False
54.0,front_l,neutral,106.0,8.284009475769595,False
54.0,front_l,neutral,108.0,7.881351745151945,False
54.0,front_l,neutral,110.0,7.50069245176628,False
54.0,front_l,neutral,112.0,6.984873967482447,False
54.0,front_l,neutral,114.0,6.365127913744075,False
54.0,front_l,neutral,116.0,5.756995481314956,False
54.0,front_l,neutral,118.0,5.161850458493693,False
54.0,front_l,neutral,120.0,4.622037804053214,False
54.0,front_l,neutral,122.0,4.181043058347485,False
54.0,front_l,neutral,124.0,3.8233121877788543,False
54.0,front_l,neutral,126.0,3.5270393908134854,False
54.0,front_l,neutral,128.0,3.2862513283362587,False
54.0,front_l,neutral,130.0,3.106254685537828,False
54.0,front_l,neutral,132.0,2.9877860589842076,False
54.0,front_l,neutral,134.0,2.9130245223831546,False
54.0,front_l,neutral,136.0,2.878234648737943,False
54.0,front_l,neutral,138.0,2.8884960650259948,False
54.0,front_l,neutral,140.0,2.9365916109063637,False
54.0,front_l,neutral,142.0,3.0123216532972803,False
54.0,front_l,neutral,144.0,3.113461438492098,False
54.0,front_l,neutral,146.0,3.2375785375631128,False
54.0,front_l,neutral,148.0,3.3876425816789215,False
54.0,front_l,neutral,150.0,3.5581934811997282,False
54.0,front_l,neutral,152.0,3.741638985611334,False
54.0,front_l,neutral,154.0,3.93576855587614,False
54.0,front_l,neutral,156.0,4.138558474078445,False
54.0,front_l,neutral,158.0,4.348167604439693,False
54.0,front_l,neutral,160.0,4.562931171852644,False
54.0,front_l,neutral,162.0,4.781351221513264,False
54.0,front_l,neutral,164.0,5.002092777120907,False
54.0,front_l,neutral,166.0,5.223977159134996,False
54.0,front_l,neutral,168.0,5.4479755003657475,False
54.0,front_l,neutral,170.0,5.6259592059635555,False
54.0,front_l,neutral,172.0,5.778503873903578,False
54.0,front_l,neutral,174.0,5.888457289414136,False
54.0,front_l,neutral,176.0,5.966799349217131,False
54.0,front_l,neutral,178.0,6.005503508948074,False
54.0,front_l,neutral,180.0,6.0076206316139595,False
54.0,front_l,neutral,182.0,5.972041394206119,False
54.0,front_l,neutral,184.0,5.896159234483932,False
54.0,front_l,neutral,186.0,5.783552316465976,False
54.0,front_l,neutral,188.0,5.6281892830575275,False
54.0,front_l,neutral,190.0,5.436182117918902,False
54.0,front_l,neutral,192.0,5.200198887789836,False
54.0,front_l,neutral,194.0,4.927131057006539,False
54.0,front_l,neutral,196.0,4.61174735787821,False
54.0,front_l,neutral,198.0,4.266297152283948,False
54.0,front_l,neutral,200.0,3.874055936593678,False
54.0,front_l,neutral,202.0,3.4443739234986763,False
54.0,front_l,neutral,204.0,3.062530223662882,False
54.0,front_l,neutral,206.0,3.069296078956894,False
54.0,front_l,neutral,208.0,3.078162693267955,False
54.0,front_l,neutral,210.0,3.0900947667850085,False
54.0,front_l,neutral,212.0,3.1068916913082294,False
54.0,front_l,neutral,214.0,3.130478427978867,False
54.0,front_l,neutral,216.0,3.162949593243175,False
54.0,front_l,neutral,218.0,3.206687370783751,False
54.0,front_l,neutral,220.0,3.264922769406588,False
54.0,front_l,neutral,222.0,3.342045384589556,False
54.0,front_l,neutral,224.0,3.4395198230694826,False
54.0,front_l,neutral,226.0,3.5590045075911068,False
54.0,front_l,neutral,228.0,3.7024077702714053,False
54.0,front_l,neutral,230.0,3.871947520711593,False
54.0,front_l,neutral,232.0,4.0696801856747795,False
54.0,front_l,neutral,234.0,4.2974451915434955,False
54.0,front_l,neutral,236.0,4.555768052443988,False
54.0,front_l,neutral,238.0,4.83856781463666,False
54.0,front_l,neutral,240.0,5.152545795031755,False
54.0,front_l,neutral,242.0,5.49972270104484,False
54.0,front_l,neutral,244.0,5.881382832353841,False
54.0,front_l,neutral,246.0,6.2975300529304175,False
54.0,front_l,neutral,248.0,6.788532193472703,False
54.0,front_l,neutral,250.0,7.310697167499446,False
54.0,front_l,neutral,252.0,7.851712644301033,False
54.0,front_l,neutral,254.0,8.396983336468791,False
54.0,front_l,neutral,256.0,8.953518099560085,False
54.0,front_l,neutral,258.0,9.511603936161713,False
54.0,front_l,neutral,260.0,10.061725764018247,False
54.0,front_l,neutral,262.0,10.602707111945517,False
54.0,front_l,neutral,264.0,11.075459356981476,False
54.0,front_l,neutral,266.0,11.43038670400901,False
54.0,front_l,neutral,268.0,11.799756117226298,False
54.0,front_l,neutral,270.0,12.182915669157685,False
54.0,front_l,neutral,272.0,12.579281099384545,False
54.0,front_l,neutral,274.0,12.988319679999618,False
54.0,front_l,neutral,276.0,13.409290580634424,False
54.0,front_l,neutral,278.0,13.840753774894548,False
54.0,front_l,neutral,280.0,14.27816217992421,False
54.0,front_l,neutral,282.0,14.72251683119467,False
54.0,front_l,neutral,284.0,15.174669501650696,False
54.0,front_l,neutral,286.0,15.636074056071463,False
54.0,front_l,neutral,288.0,16.107679355570024,False
54.0,front_l,neutral,290.0,16.589150323981997,False
54.0,front_l,neutral,292.0,17.0793309378271,False
54.0,front_l,neutral,294.0,17.577417811514888,False
54.0,front_l,neutral,296.0,18.081071435592666,False
54.0,front_l,neutral,298.0,18.58838168966253,False
54.0,front_l,neutral,300.0,19.098818720362683,False
54.0,front_l,neutral,302.0,19.611133977180543,False
54.0,front_l,neutral,304.0,20.128157905403977,False
54.0,front_l,neutral,306.0,20.648265172767967,False
54.0,front_l,neutral,308.0,21.17067771924032,False
54.0,front_l,neutral,310.0,21.6948416468479,False
54.0,front_l,neutral,312.0,22.2100289789154,False
54.0,front_l,neutral,314.0,22.724910722148095,False
54.0,front_l,neutral,316.0,23.23959382738423,False
54.0,front_l,neutral,318.0,23.755810709670154,False
54.0,front_l,neutral,320.0,24.270006365836764,False
54.0,front_l,neutral,322.0,24.774796136206596,False
54.0,front_l,neutral,324.0,25.27221654490021,False
54.0,front_l,neutral,326.0,25.80462988935235,False
54.0,front_l,neutral,328.0,26.39519825858008,False
54.0,front_l,neutral,330.0,27.05276049162461,False
54.0,front_l,neutral,332.0,27.69700940215481,False
54.0,front_l,neutral,334.0,28.284456386531396,False
54.0,front_l,neutral,336.0,28.874333157193224,False
54.0,front_l,neutral,338.0,29.387543517860262,False
54.0,front_l,neutral,340.0,29.8996165305056,False
54.0,front_l,neutral,342.0,30.357252437857262,False
54.0,front_l,neutral,344.0,30.786888137064096,False
54.0,front_l,neutral,346.0,31.19255291648646,False
54.0,front_l,neutral,348.0,31.54026202412405,False
54.0,front_l,neutral,350.0,31.887906157587665,False
54.0,front_l,neutral,352.0,32.17085491227669,False
54.0,front_l,neutral,354.0,32.44089129675267,False
54.0,front_l,neutral,356.0,32.66762109648979,False
54.0,front_l,neutral,358.0,32.84940312185587,False
54.0,front_l,neutral,360.0,33.01851454620349,False
54.0,front_l,apex,0.0,33.019048495801314,False
54.0,front_l,apex,2.0,33.1202230333855,False
54.0,front_l,apex,4.0,33.22032403916882,False
54.0,front_l,apex,6.0,33.25399357350227,False
54.0,front_l,apex,8.0,33.23873474531221,False
54.0,front_l,apex,10.0,33.15182711829663,False
54.0,front_l,apex,12.0,33.04922651734993,False
54.0,front_l,apex,14.0,32.90563392104815,False
54.0,front_l,apex,16.0,32.70364790291497,False
54.0,front_l,apex,18.0,32.50022751294256,False
54.0,front_l,apex,20.0,32.229809325896,False
54.0,front_l,apex,22.0,31.935152836344198,False
54.0,front_l,apex,24.0,31.59782996504666,False
54.0,front_l,apex,26.0,31.202689370345936,False
54.0,front_l,apex,28.0,30.79548456328663,False
54.0,front_l,apex,30.0,30.310979103654308,False
54.0,front_l,apex,32.0,29.822816724549966,False
54.0,front_l,apex,34.0,29.26617345940921,False
54.0,front_l,apex,36.0,28.682649627494893,False
54.0,front_l,apex,38.0,28.068930607629195,False
54.0,front_l,apex,40.0,27.38883092161634,False
54.0,front_l,apex,42.0,26.70177140171989,False
54.0,front_l,apex,44.0,25.933883119219168,False
54.0,front_l,apex,46.0,25.18924438342215,False
54.0,front_l,apex,48.0,24.513597345177743,False
54.0,front_l,apex,50.0,23.912335069658457,False
54.0,front_l,apex,52.0,23.327022381102502,False
54.0,front_l,apex,54.0,22.743657732770878,False
54.0,front_l,apex,56.0,22.154008724592227,False
54.0,front_l,apex,58.0,21.55472895572728,False
54.0,front_l,apex,60.0,20.94966115030251,False
54.0,front_l,apex,62.0,20.347589827681578,False
54.0,front_l,apex,64.0,19.7491123686074,False
54.0,front_l,apex,66.0,19.14785255583167,False
54.0,front_l,apex,68.0,18.54275314435921,False
54.0,front_l,apex,70.0,17.935308559115143,False
54.0,front_l,apex,72.0,17.330143998833556,False
54.0,front_l,apex,74.0,16.731303175069183,False
54.0,front_l,apex,76.0,16.139178166513197,False
54.0,front_l,apex,78.0,15.55094785794491,False
54.0,front_l,apex,80.0,14.966085006832644,False
54.0,front_l,apex,82.0,14.38602205503755,False
54.0,front_l,apex,84.0,13.812163535050228,False
54.0,front_l,apex,86.0,13.245882478622532,False
54.0,front_l,apex,88.0,12.688534926275546,False
54.0,front_l,apex,90.0,12.141753296711652,False
54.0,front_l,apex,92.0,11.607171015639981,False
54.0,front_l,apex,94.0,11.085605426050444,False
54.0,front_l,apex,96.0,10.577861847669912,False
54.0,front_l,apex,98.0,10.08482291411723,False
54.0,front_l,apex,100.0,9.60749145863004,False
54.0,front_l,apex,102.0,9.146917680493718,False
54.0,front_l,apex,104.0,8.704252053819063,False
54.0,front_l,apex,106.0,8.280799731048889,False
54.0,front_l,apex,108.0,7.877958104184332,False
54.0,front_l,apex,110.0,7.497051065193037,False
54.0,front_l,apex,112.0,6.988102222268391,False
54.0,front_l,apex,114.0,6.3681951675176425,False
54.0,front_l,apex,116.0,5.759856911551175,False
54.0,front_l,apex,118.0,5.164461773689746,False
54.0,front_l,apex,120.0,4.62510544589511,False
54.0,front_l,apex,122.0,4.18570356237056,False
54.0,front_l,apex,124.0,3.8287875184964077,False
54.0,front_l,apex,126.0,3.532356721078812,False
54.0,front_l,apex,128.0,3.2914357235551166,False
54.0,front_l,apex,130.0,3.1126713010477847,False
54.0,front_l,apex,132.0,2.9941601487338705,False
54.0,front_l,apex,134.0,2.9194498353492335,False
54.0,front_l,apex,136.0,2.8848099746322937,False
54.0,front_l,apex,138.0,2.8964603749449895,False
54.0,front_l,apex,140.0,2.944954452340427,False
54.0,front_l,apex,142.0,3.02102759078724,False
54.0,front_l,apex,144.0,3.1214719539050657,False
54.0,front_l,apex,146.0,3.2432767683406074,False
54.0,front_l,apex,148.0,3.384480447792741,False
54.0,front_l,apex,150.0,3.551061008027091,False
54.0,front_l,apex,152.0,3.7328791607079195,False
54.0,front_l,apex,154.0,3.9273531199327083,False
54.0,front_l,apex,156.0,4.13086638393795,False
54.0,front_l,apex,158.0,4.341219978687556,False
54.0,front_l,apex,160.0,4.556741094271298,False
54.0,front_l,apex,162.0,4.775924479165921,False
54.0,front_l,apex,164.0,4.997428877683272,False
54.0,front_l,apex,166.0,5.220070156904465,False
54.0,front_l,apex,168.0,5.444851083942296,False
54.0,front_l,apex,170.0,5.622786765568541,False
54.0,front_l,apex,172.0,5.77578887669308,False
54.0,front_l,apex,174.0,5.885389278298009,False
54.0,front_l,apex,176.0,5.963921606688679,False
54.0,front_l,apex,178.0,6.00205268364517,False
54.0,front_l,apex,180.0,6.00413630786313,False
54.0,front_l,apex,182.0,5.967855163804745,False
54.0,front_l,apex,184.0,5.891762068382858,False
54.0,front_l,apex,186.0,5.778418846693653,False
54.0,front_l,apex,188.0,5.622714687894462,False
54.0,front_l,apex,190.0,5.430039598464287,False
54.0,front_l,apex,192.0,5.1943702882668354,False
54.0,front_l,apex,194.0,4.927794464369164,False
54.0,front_l,apex,196.0,4.616343719678717,False
54.0,front_l,apex,198.0,4.271377165031287,False
54.0,front_l,apex,200.0,3.8783731504908094,False
54.0,front_l,apex,202.0,3.44707558942666,False
54.0,front_l,apex,204.0,3.06961459332132,False
54.0,front_l,apex,206.0,3.076843123510241,False
54.0,front_l,apex,208.0,3.0857793034463836,False
54.0,front_l,apex,210.0,3.097810379608395,False
54.0,front_l,apex,212.0,3.1147443318843444,False
54.0,front_l,apex,214.0,3.138515633691058,False
54.0,front_l,apex,216.0,3.171178106200625,False
54.0,front_l,apex,218.0,3.214884268844105,False
54.0,front_l,apex,220.0,3.27198385686615,False
54.0,front_l,apex,222.0,3.3453073052431073,False
54.0,front_l,apex,224.0,3.437737367981482,False
54.0,front_l,apex,226.0,3.553320439748929,False
54.0,front_l,apex,228.0,3.6941618251311508,False
54.0,front_l,apex,230.0,3.8633102355643967,False
54.0,front_l,apex,232.0,4.061841892096206,False
54.0,front_l,apex,234.0,4.290575296903196,False
54.0,front_l,apex,236.0,4.551080102349245,False
54.0,front_l,apex,238.0,4.836285486501145,False
54.0,front_l,apex,240.0,5.151905602056545,False
54.0,front_l,apex,242.0,5.500845607395459,False
54.0,front_l,apex,244.0,5.884423501064058,False
54.0,front_l,apex,246.0,6.30262030584933,False
54.0,front_l,apex,248.0,6.7970633908280815,False
54.0,front_l,apex,250.0,7.319835332001884,False
54.0,front_l,apex,252.0,7.851995033024221,False
54.0,front_l,apex,254.0,8.3892274394192,False
54.0,front_l,apex,256.0,8.943768797808533,False
54.0,front_l,apex,258.0,9.502881054438273,False
54.0,front_l,apex,260.0,10.055101088216404,False
54.0,front_l,apex,262.0,10.598199860351828,False
54.0,front_l,apex,264.0,11.067319708263657,False
54.0,front_l,apex,266.0,11.423429586141529,False
54.0,front_l,apex,268.0,11.794002539169666,False
54.0,front_l,apex,270.0,12.17837743617222,False
54.0,front_l,apex,272.0,12.575961526023711,False
54.0,front_l,apex,274.0,12.986214244847046,False
54.0,front_l,apex,276.0,13.408574318245387,False
54.0,front_l,apex,278.0,13.841647249474786,False
54.0,front_l,apex,280.0,14.282897783676301,False
54.0,front_l,apex,282.0,14.728998572046969,False
54.0,front_l,apex,284.0,15.182761179996241,False
54.0,front_l,apex,286.0,15.6452100856624,False
54.0,front_l,apex,288.0,16.11711199363847,False
54.0,front_l,apex,290.0,16.597557741663977,False
54.0,front_l,apex,292.0,17.08549088879995,False
54.0,front_l,apex,294.0,17.579752321021715,False
54.0,front_l,apex,296.0,18.079605442037884,False
54.0,front_l,apex,298.0,18.583904699022057,False
54.0,front_l,apex,300.0,19.09145467377514,False
54.0,front_l,apex,302.0,19.602175640301574,False
54.0,front_l,apex,304.0,20.11886741645119,False
54.0,front_l,apex,306.0,20.638959974395096,False
54.0,front_l,apex,308.0,21.161606011953936,False
54.0,front_l,apex,310.0,21.686898405605366,False
54.0,front_l,apex,312.0,22.205132085281992,False
54.0,front_l,apex,314.0,22.720419003124352,False
54.0,front_l,apex,316.0,23.235453271840857,False
54.0,front_l,apex,318.0,23.752037293873737,False
54.0,front_l,apex,320.0,24.267765173204122,False
54.0,front_l,apex,322.0,24.77433493855627,False
54.0,front_l,apex,324.0,25.272390396923743,False
54.0,front_l,apex,326.0,25.808385208621733,False
54.0,front_l,apex,328.0,26.402821104682797,False
54.0,front_l,apex,330.0,27.062810611486952,False
54.0,front_l,apex,332.0,27.706721892698415,False
54.0,front_l,apex,334.0,28.29407278193866,False
54.0,front_l,apex,336.0,28.883714387916896,False
54.0,front_l,apex,338.0,29.396368317294566,False
54.0,front_l,apex,340.0,29.908602932193748,False
54.0,front_l,apex,342.0,30.364818297444927,False
54.0,front_l,apex,344.0,30.79557278854251,False
54.0,front_l,apex,346.0,31.199502692072198,False
54.0,front_l,apex,348.0,31.54712298137287,False
54.0,front_l,apex,350.0,31.893840124730026,False
54.0,front_l,apex,352.0,32.17466273997567,False
54.0,front_l,apex,354.0,32.44547734555683,False
54.0,front_l,apex,356.0,32.66978880576664,False
54.0,front_l,apex,358.0,32.852265949064765,False
54.0,front_l,apex,360.0,33.019048495801314,False
54.0,back_r,neutral,0.0,33.066239091308454,False
54.0,back_r,neutral,2.0,32.92819320098439,False
54.0,back_r,neutral,4.0,32.728785427516954,False
54.0,back_r,neutral,6.0,32.52775150585916,False
54.0,back_r,neutral,8.0,32.25983051568152,False
54.0,back_r,neutral,10.0,31.969953649743914,False
54.0,back_r,neutral,12.0,31.646273070068737,False
54.0,back_r,neutral,14.0,31.262655504965938,False
54.0,back_r,neutral,16.0,30.8791907023864,False
54.0,back_r,neutral,18.0,30.434895619086035,False
54.0,back_r,neutral,20.0,29.961202654052194,False
54.0,back_r,neutral,22.0,29.46527531901172,False
54.0,back_r,neutral,24.0,28.90227394029533,False
54.0,back_r,neutral,26.0,28.332049668949274,False
54.0,back_r,neutral,28.0,27.699167442819746,False
54.0,back_r,neutral,30.0,27.050994394383206,False
54.0,back_r,neutral,32.0,26.370295908642905,False
54.0,back_r,neutral,34.0,25.63535083371959,False
54.0,back_r,neutral,36.0,24.938116439484958,False
54.0,back_r,neutral,38.0,24.31323837794556,False
54.0,back_r,neutral,40.0,23.757152231133475,False
54.0,back_r,neutral,42.0,23.188041560067216,False
54.0,back_r,neutral,44.0,22.6171463258181,False
54.0,back_r,neutral,46.0,22.052002920794745,False
54.0,back_r,neutral,48.0,21.478325361114578,False
54.0,back_r,neutral,50.0,20.89547267658487,False
54.0,back_r,neutral,52.0,20.314813247779647,False
54.0,back_r,neutral,54.0,19.740546667163695,False
54.0,back_r,neutral,56.0,19.161128884154195,False
54.0,back_r,neutral,58.0,18.57690484537595,False
54.0,back_r,neutral,60.0,17.993209304998494,False
54.0,back_r,neutral,62.0,17.41907032501858,False
54.0,back_r,neutral,64.0,16.85267442626953,False
54.0,back_r,neutral,66.0,16.289097653018388,False
54.0,back_r,neutral,68.0,15.729766500317714,False
54.0,back_r,neutral,70.0,15.176264757072909,False
54.0,back_r,neutral,72.0,14.628132259539226,False
54.0,back_r,neutral,74.0,14.088819648117104,False
54.0,back_r,neutral,76.0,13.560832335072796,False
54.0,back_r,neutral,78.0,13.039415539167077,False
54.0,back_r,neutral,80.0,12.524150592702064,False
54.0,back_r,neutral,82.0,12.016266515724986,False
54.0,back_r,neutral,84.0,11.516982812950644,False
54.0,back_r,neutral,86.0,11.027505953999569,False
54.0,back_r,neutral,88.0,10.549000156497625,False
54.0,back_r,neutral,90.0,10.0828861780819,False
54.0,back_r,neutral,92.0,9.631166491008722,False
54.0,back_r,neutral,94.0,9.19439816429001,False
54.0,back_r,neutral,96.0,8.773387654537427,False
54.0,back_r,neutral,98.0,8.371950770728397,False
54.0,back_r,neutral,100.0,7.992058704183477,False
54.0,back_r,neutral,102.0,7.6348800423185175,False
54.0,back_r,neutral,104.0,7.21957569247791,False
54.0,back_r,neutral,106.0,6.661378492746481,False
54.0,back_r,neutral,108.0,6.11357251069557,False
54.0,back_r,neutral,110.0,5.574173959943167,False
54.0,back_r,neutral,112.0,5.049762918391932,False
54.0,back_r,neutral,114.0,4.583206461979512,False
54.0,back_r,neutral,116.0,4.204331239556594,False
54.0,back_r,neutral,118.0,3.8750026430525595,False
54.0,back_r,neutral,120.0,3.5840864073355747,False
54.0,back_r,neutral,122.0,3.342938244870326,False
54.0,back_r,neutral,124.0,3.1510879813974073,False
54.0,back_r,neutral,126.0,3.0093148492881645,False
54.0,back_r,neutral,128.0,2.929284198318388,False
54.0,back_r,neutral,130.0,2.888659486470351,False
54.0,back_r,neutral,132.0,2.8842712636414514,False
54.0,back_r,neutral,134.0,2.9133413753478488,False
54.0,back_r,neutral,136.0,2.985274582100382,False
54.0,back_r,neutral,138.0,3.085716258937819,False
54.0,back_r,neutral,140.0,3.209456963617672,False
54.0,back_r,neutral,142.0,3.353557328077893,False
54.0,back_r,neutral,144.0,3.5152601920649706,False
54.0,back_r,neutral,146.0,3.6996764354914293,False
54.0,back_r,neutral,148.0,3.8984880501565797,False
54.0,back_r,neutral,150.0,4.107810159761101,False
54.0,back_r,neutral,152.0,4.325756408249844,False
54.0,back_r,neutral,154.0,4.550415347786643,False
54.0,back_r,neutral,156.0,4.779805385378209,False
54.0,back_r,neutral,158.0,5.011518673568798,False
54.0,back_r,neutral,160.0,5.2441223303858875,False
54.0,back_r,neutral,162.0,5.47896270692885,False
54.0,back_r,neutral,164.0,5.652999418798512,False
54.0,back_r,neutral,166.0,5.809715088788776,False
54.0,back_r,neutral,168.0,5.905640104497693,False
54.0,back_r,neutral,170.0,5.984145778395749,False
54.0,back_r,neutral,172.0,6.003886944476388,False
54.0,back_r,neutral,174.0,6.004840841352472,False
54.0,back_r,neutral,176.0,5.950714944549213,False
54.0,back_r,neutral,178.0,5.875129661019462,False
54.0,back_r,neutral,180.0,5.7497659753198915,False
54.0,back_r,neutral,182.0,5.598949812115348,False
54.0,back_r,neutral,184.0,5.405187437048841,False
54.0,back_r,neutral,186.0,5.180704520115764,False
54.0,back_r,neutral,188.0,4.920969772908807,False
54.0,back_r,neutral,190.0,4.623043221832624,False
54.0,back_r,neutral,192.0,4.276391428474184,False
54.0,back_r,neutral,194.0,3.908613112733477,False
54.0,back_r,neutral,196.0,3.5030971265552,False
54.0,back_r,neutral,198.0,3.1170221378241147,False
54.0,back_r,neutral,200.0,3.072420674708993,False
54.0,back_r,neutral,202.0,3.0806069469486217,False
54.0,back_r,neutral,204.0,3.0915631619365027,False
54.0,back_r,neutral,206.0,3.107091398029119,False
54.0,back_r,neutral,208.0,3.129145483092037,False
54.0,back_r,neutral,210.0,3.1598355744862605,False
54.0,back_r,neutral,212.0,3.2014248577355335,False
54.0,back_r,neutral,214.0,3.2563281245909423,False
54.0,back_r,neutral,216.0,3.3271597720237853,False
54.0,back_r,neutral,218.0,3.4166862688228603,False
54.0,back_r,neutral,220.0,3.5277897011971255,False
54.0,back_r,neutral,222.0,3.6642029270540224,False
54.0,back_r,neutral,224.0,3.8326552230679134,False
54.0,back_r,neutral,226.0,4.033279551496407,False
54.0,back_r,neutral,228.0,4.267972684758966,False
54.0,back_r,neutral,230.0,4.539324045221009,False
54.0,back_r,neutral,232.0,4.849617384469453,False
54.0,back_r,neutral,234.0,5.200718175537041,False
54.0,back_r,neutral,236.0,5.593992344649399,False
54.0,back_r,neutral,238.0,6.030245450183702,False
54.0,back_r,neutral,240.0,6.534490342279676,False
54.0,back_r,neutral,242.0,7.09721567651038,False
54.0,back_r,neutral,244.0,7.685703085847863,False
54.0,back_r,neutral,246.0,8.284397565421932,False
54.0,back_r,neutral,248.0,8.884919473775552,False
54.0,back_r,neutral,250.0,9.480666743258983,False
54.0,back_r,neutral,252.0,10.070256371403143,False
54.0,back_r,neutral,254.0,10.652309619753467,False
54.0,back_r,neutral,256.0,11.126900547229937,False
54.0,back_r,neutral,258.0,11.497023121498245,False
54.0,back_r,neutral,260.0,11.883837824274979,False
54.0,back_r,neutral,262.0,12.286346492495207,False
54.0,back_r,neutral,264.0,12.703603300914562,False
54.0,back_r,neutral,266.0,13.13470439249164,False
54.0,back_r,neutral,268.0,13.578787876405308,False
54.0,back_r,neutral,270.0,14.035033957183344,False
54.0,back_r,neutral,272.0,14.502666307033156,False
54.0,back_r,neutral,274.0,14.980935394219278,False
54.0,back_r,neutral,276.0,15.469136705440482,False
54.0,back_r,neutral,278.0,15.966596328373807,False
54.0,back_r,neutral,280.0,16.472666881354282,False
54.0,back_r,neutral,282.0,16.986113956461434,False
54.0,back_r,neutral,284.0,17.505118561331994,False
54.0,back_r,neutral,286.0,18.028546786103707,False
54.0,back_r,neutral,288.0,18.55525446562454,False
54.0,back_r,neutral,290.0,19.084080512519524,False
54.0,back_r,neutral,292.0,19.61403682139385,False
54.0,back_r,neutral,294.0,20.147176996826914,False
54.0,back_r,neutral,296.0,20.684053741795154,False
54.0,back_r,neutral,298.0,21.22528670382744,False
54.0,back_r,neutral,300.0,21.76575463069042,False
54.0,back_r,neutral,302.0,22.302505608774382,False
54.0,back_r,neutral,304.0,22.834358057378232,False
54.0,back_r,neutral,306.0,23.364921887934628,False
54.0,back_r,neutral,308.0,23.899815960757827,False
54.0,back_r,neutral,310.0,24.432771144584972,False
54.0,back_r,neutral,312.0,24.95728912882876,False
54.0,back_r,neutral,314.0,25.472854313024904,False
54.0,back_r,neutral,316.0,26.04975138112527,False
54.0,back_r,neutral,318.0,26.702314625998667,False
54.0,back_r,neutral,320.0,27.399324979175965,False
54.0,back_r,neutral,322.0,28.03180943990262,False
54.0,back_r,neutral,324.0,28.644946266666523,False
54.0,back_r,neutral,326.0,29.220121886218497,False
54.0,back_r,neutral,328.0,29.74563026033977,False
54.0,back_r,neutral,330.0,30.25303823349695,False
54.0,back_r,neutral,332.0,30.69361684504937,False
54.0,back_r,neutral,334.0,31.128498953453246,False
54.0,back_r,neutral,336.0,31.489014498040728,False
54.0,back_r,neutral,338.0,31.846175212024992,False
54.0,back_r,neutral,340.0,32.135230994023246,False
54.0,back_r,neutral,342.0,32.40909445909159,False
54.0,back_r,neutral,344.0,32.6421310039304,False
54.0,back_r,neutral,346.0,32.82593465217566,False
54.0,back_r,neutral,348.0,33.002617986525166,False
54.0,back_r,neutral,350.0,33.11060561136351,False
54.0,back_r,neutral,352.0,33.214163299673764,False
54.0,back_r,neutral,354.0,33.25726600149777,False
54.0,back_r,neutral,356.0,33.247563316418,False
54.0,back_r,neutral,358.0,33.16916139867903,False
54.0,back_r,neutral,360.0,33.06623909130846,False
54.0,back_r,apex,0.0,33.0455537848938,False
54.0,back_r,apex,2.0,32.90968068887087,False
54.0,back_r,apex,4.0,32.71152869048477,False
54.0,back_r,apex,6.0,32.51290551070647,False
54.0,back_r,apex,8.0,32.253479430521075,False
54.0,back_r,apex,10.0,31.959172701790717,False
54.0,back_r,apex,12.0,31.644946799498918,False
54.0,back_r,apex,14.0,31.264510967814214,False
54.0,back_r,apex,16.0,30.88109898999799,False
54.0,back_r,apex,18.0,30.444723559242345,False
54.0,back_r,apex,20.0,29.96402490782475,False
54.0,back_r,apex,22.0,29.474682483031213,False
54.0,back_r,apex,24.0,28.91481161477807,False
54.0,back_r,apex,26.0,28.345816196773793,False
54.0,back_r,apex,28.0,27.716049174682535,False
54.0,back_r,apex,30.0,27.059025791092534,False
54.0,back_r,apex,32.0,26.380241514542032,False
54.0,back_r,apex,34.0,25.64105983544858,False
54.0,back_r,apex,36.0,24.92282824121469,False
54.0,back_r,apex,38.0,24.286453859436357,False
54.0,back_r,apex,40.0,23.72855078301532,False
54.0,back_r,apex,42.0,23.16055407906296,False
54.0,back_r,apex,44.0,22.58962122291505,False
54.0,back_r,apex,46.0,22.026243457083382,False
54.0,back_r,apex,48.0,21.45866227138414,False
54.0,back_r,apex,50.0,20.884941272901862,False
54.0,back_r,apex,52.0,20.30780440754412,False
54.0,back_r,apex,54.0,19.739070257581485,False
54.0,back_r,apex,56.0,19.17001012726257,False
54.0,back_r,apex,58.0,18.595584682760983,False
54.0,back_r,apex,60.0,18.01754678157092,False
54.0,back_r,apex,62.0,17.446017693249736,False
54.0,back_r,apex,64.0,16.882254656495938,False
54.0,back_r,apex,66.0,16.317981335058228,False
54.0,back_r,apex,68.0,15.75373589784032,False
54.0,back_r,apex,70.0,15.190825150294588,False
54.0,back_r,apex,72.0,14.63392962573392,False
54.0,back_r,apex,74.0,14.088270153889388,False
54.0,back_r,apex,76.0,13.550160151272195,False
54.0,back_r,apex,78.0,13.018006744795404,False
54.0,back_r,apex,80.0,12.4963474525779,False
54.0,back_r,apex,82.0,11.98706018638379,False
54.0,back_r,apex,84.0,11.491582075901999,False
54.0,back_r,apex,86.0,11.011097163866733,False
54.0,back_r,apex,88.0,10.542699351220866,False
54.0,back_r,apex,90.0,10.085927184748737,False
54.0,back_r,apex,92.0,9.641953154389622,False
54.0,back_r,apex,94.0,9.21254735964505,False
54.0,back_r,apex,96.0,8.798567387427982,False
54.0,back_r,apex,98.0,8.400546597386242,False
54.0,back_r,apex,100.0,8.019079995851031,False
54.0,back_r,apex,102.0,7.654852520451708,False
54.0,back_r,apex,104.0,7.249611900521359,False
54.0,back_r,apex,106.0,6.678558424568972,False
54.0,back_r,apex,108.0,6.115225108994007,False
54.0,back_r,apex,110.0,5.560855790567395,False
54.0,back_r,apex,112.0,5.021176264159228,False
54.0,back_r,apex,114.0,4.5583677771985425,False
54.0,back_r,apex,116.0,4.190223052049453,False
54.0,back_r,apex,118.0,3.8706580277355265,False
54.0,back_r,apex,120.0,3.599462341040397,False
54.0,back_r,apex,122.0,3.366181778830516,False
54.0,back_r,apex,124.0,3.1778143757370407,False
54.0,back_r,apex,126.0,3.0346525541130074,False
54.0,back_r,apex,128.0,2.948573212690949,False
54.0,back_r,apex,130.0,2.9058934455839913,False
54.0,back_r,apex,132.0,2.9003659579254966,False
54.0,back_r,apex,134.0,2.928938482416039,False
54.0,back_r,apex,136.0,2.9970664389219834,False
54.0,back_r,apex,138.0,3.098584314648527,False
54.0,back_r,apex,140.0,3.223828242789667,False
54.0,back_r,apex,142.0,3.3698006599020904,False
54.0,back_r,apex,144.0,3.5336450695627737,False
54.0,back_r,apex,146.0,3.715589409755602,False
54.0,back_r,apex,148.0,3.9167684899782267,False
54.0,back_r,apex,150.0,4.127387022370665,False
54.0,back_r,apex,152.0,4.345329649403695,False
54.0,back_r,apex,154.0,4.5686902740023845,False
54.0,back_r,apex,156.0,4.795751961427854,False
54.0,back_r,apex,158.0,5.024984589189025,False
54.0,back_r,apex,160.0,5.255042813429079,False
54.0,back_r,apex,162.0,5.487414326015815,False
54.0,back_r,apex,164.0,5.655643439545989,False
54.0,back_r,apex,166.0,5.8102678494225515,False
54.0,back_r,apex,168.0,5.900258012154633,False
54.0,back_r,apex,170.0,5.977418129164877,False
54.0,back_r,apex,172.0,5.991626901656423,False
54.0,back_r,apex,174.0,5.992244123842281,False
54.0,back_r,apex,176.0,5.933517203904137,False
54.0,back_r,apex,178.0,5.85886971113071,False
54.0,back_r,apex,180.0,5.730343046809905,False
54.0,back_r,apex,182.0,5.581995201771782,False
54.0,back_r,apex,184.0,5.3869753977051476,False
54.0,back_r,apex,186.0,5.166731590017538,False
54.0,back_r,apex,188.0,4.893903865526386,False
54.0,back_r,apex,190.0,4.601191766910626,False
54.0,back_r,apex,192.0,4.258365448378774,False
54.0,back_r,apex,194.0,3.8989913559882874,False
54.0,back_r,apex,196.0,3.500362207043952,False
54.0,back_r,apex,198.0,3.1396829190544118,False
54.0,back_r,apex,200.0,3.092275091920026,False
54.0,back_r,apex,202.0,3.1004691381908214,False
54.0,back_r,apex,204.0,3.1114112875261775,False
54.0,back_r,apex,206.0,3.1269320932139215,False
54.0,back_r,apex,208.0,3.149014740470435,False
54.0,back_r,apex,210.0,3.1797985480366107,False
54.0,back_r,apex,212.0,3.2215751803510626,False
54.0,back_r,apex,214.0,3.276780255812592,False
54.0,back_r,apex,216.0,3.3479888362920365,False
54.0,back_r,apex,218.0,3.4379079479550843,False
54.0,back_r,apex,220.0,3.5493376221092845,False
54.0,back_r,apex,222.0,3.685168524482499,False
54.0,back_r,apex,224.0,3.8507955721848868,False
54.0,back_r,apex,226.0,4.0512257712301905,False
54.0,back_r,apex,228.0,4.286090857661147,False
54.0,back_r,apex,230.0,4.557226836572191,False
54.0,back_r,apex,232.0,4.866918618831835,False
54.0,back_r,apex,234.0,5.217088312103118,False
54.0,back_r,apex,236.0,5.609205921904215,False
54.0,back_r,apex,238.0,6.044210963061771,False
54.0,back_r,apex,240.0,6.5470674457851565,False
54.0,back_r,apex,242.0,7.1079998420387,False
54.0,back_r,apex,244.0,7.696864416040509,False
54.0,back_r,apex,246.0,8.292062178321228,False
54.0,back_r,apex,248.0,8.891012594958974,False
54.0,back_r,apex,250.0,9.485477338362937,False
54.0,back_r,apex,252.0,10.074010194676921,False
54.0,back_r,apex,254.0,10.655222003264058,False
54.0,back_r,apex,256.0,11.11270146298178,False
54.0,back_r,apex,258.0,11.483276759436642,False
54.0,back_r,apex,260.0,11.870622278144893,False
54.0,back_r,apex,262.0,12.273754528386547,False
54.0,back_r,apex,264.0,12.691769355425082,False
54.0,back_r,apex,266.0,13.123828188048085,False
54.0,back_r,apex,268.0,13.569103744565247,False
54.0,back_r,apex,270.0,14.026692595780208,False
54.0,back_r,apex,272.0,14.495819541482192,False
54.0,back_r,apex,274.0,14.975744756907883,False
54.0,back_r,apex,276.0,15.465775909649002,False
54.0,back_r,apex,278.0,15.965173443164952,False
54.0,back_r,apex,280.0,16.472377821500693,False
54.0,back_r,apex,282.0,16.98613583501314,False
54.0,back_r,apex,284.0,17.5053353652951,False
54.0,back_r,apex,286.0,18.028849396084105,False
54.0,back_r,apex,288.0,18.555535862084056,False
54.0,back_r,apex,290.0,19.084245305022094,False
54.0,back_r,apex,292.0,19.616167243130814,False
54.0,back_r,apex,294.0,20.152580435853395,False
54.0,back_r,apex,296.0,20.693062617613222,False
54.0,back_r,apex,298.0,21.235553035679093,False
54.0,back_r,apex,300.0,21.775575796542096,False
54.0,back_r,apex,302.0,22.311809625575094,False
54.0,back_r,apex,304.0,22.843663030791607,False
54.0,back_r,apex,306.0,23.37597456136555,False
54.0,back_r,apex,308.0,23.909791695620484,False
54.0,back_r,apex,310.0,24.442462401026404,False
54.0,back_r,apex,312.0,24.967047068524547,False
54.0,back_r,apex,314.0,25.482140909772582,False
54.0,back_r,apex,316.0,26.057884119454556,False
54.0,back_r,apex,318.0,26.703292855512274,False
54.0,back_r,apex,320.0,27.40182835367638,False
54.0,back_r,apex,322.0,28.041025800831473,False
54.0,back_r,apex,324.0,28.654056613982316,False
54.0,back_r,apex,326.0,29.220985949174004,False
54.0,back_r,apex,328.0,29.747227174498818,False
54.0,back_r,apex,330.0,30.242925081844596,False
54.0,back_r,apex,332.0,30.68240331396364,False
54.0,back_r,apex,334.0,31.11824905033534,False
54.0,back_r,apex,336.0,31.486222250879937,False
54.0,back_r,apex,338.0,31.847250235674917,False
54.0,back_r,apex,340.0,32.14879929327539,False
54.0,back_r,apex,342.0,32.421798332238346,False
54.0,back_r,apex,344.0,32.65757677334069,False
54.0,back_r,apex,346.0,32.841255103627674,False
54.0,back_r,apex,348.0,33.01165418459337,False
54.0,back_r,apex,350.0,33.112860848244594,False
54.0,back_r,apex,352.0,33.21189905925312,False
54.0,back_r,apex,354.0,33.242762710841056,False
54.0,back_r,apex,356.0,33.22885256237642,False
54.0,back_r,apex,358.0,33.148640725317094,False
54.0,back_r,apex,360.0,33.04555378489379,False
54.0,back_l,neutral,0.0,33.01851454620349,False
54.0,back_l,neutral,2.0,33.1206665667839,False
54.0,back_l,neutral,4.0,33.22155918984352,False
54.0,back_l,neutral,6.0,33.25749001563807,False
54.0,back_l,neutral,8.0,33.24356591182474,False
54.0,back_l,neutral,10.0,33.157065085479275,False
54.0,back_l,neutral,12.0,33.05478435715188,False
54.0,back_l,neutral,14.0,32.90737836175406,False
54.0,back_l,neutral,16.0,32.70432808551412,False
54.0,back_l,neutral,18.0,32.49820008765652,False
54.0,back_l,neutral,20.0,32.22520500458822,False
54.0,back_l,neutral,22.0,31.930317396146442,False
54.0,back_l,neutral,24.0,31.59597329970662,False
54.0,back_l,neutral,26.0,31.201110791866647,False
54.0,back_l,neutral,28.0,30.796005026531784,False
54.0,back_l,neutral,30.0,30.312772662511193,False
54.0,back_l,neutral,32.0,29.825274619965157,False
54.0,back_l,neutral,34.0,29.26753911446497,False
54.0,back_l,neutral,36.0,28.684388083437845,False
54.0,back_l,neutral,38.0,28.066081637599822,False
54.0,back_l,neutral,40.0,27.386597997257887,False
54.0,back_l,neutral,42.0,26.70101056880742,False
54.0,back_l,neutral,44.0,25.934103762585305,False
54.0,back_l,neutral,46.0,25.18846587372567,False
54.0,back_l,neutral,48.0,24.511371260715283,False
54.0,back_l,neutral,50.0,23.90978748636793,False
54.0,back_l,neutral,52.0,23.32395752114331,False
54.0,back_l,neutral,54.0,22.741319025528636,False
54.0,back_l,neutral,56.0,22.151409161449173,False
54.0,back_l,neutral,58.0,21.55188636646546,False
54.0,back_l,neutral,60.0,20.94741361803962,False
54.0,back_l,neutral,62.0,20.34617844958156,False
54.0,back_l,neutral,64.0,19.74814612871748,False
54.0,back_l,neutral,66.0,19.14674829585564,False
54.0,back_l,neutral,68.0,18.54153164042282,False
54.0,back_l,neutral,70.0,17.934030825274558,False
54.0,back_l,neutral,72.0,17.32952593157395,False
54.0,back_l,neutral,74.0,16.731271499169935,False
54.0,back_l,neutral,76.0,16.139554575133758,False
54.0,back_l,neutral,78.0,15.551320096210542,False
54.0,back_l,neutral,80.0,14.9664754571254,False
54.0,back_l,neutral,82.0,14.386455015231409,False
54.0,back_l,neutral,84.0,13.812665008646523,False
54.0,back_l,neutral,86.0,13.246478858566686,False
54.0,back_l,neutral,88.0,12.689253398928958,False
54.0,back_l,neutral,90.0,12.142825081333989,False
54.0,back_l,neutral,92.0,11.608587990953819,False
54.0,back_l,neutral,94.0,11.087339437376276,False
54.0,back_l,neutral,96.0,10.579888504766446,False
54.0,back_l,neutral,98.0,10.087121054813,False
54.0,back_l,neutral,100.0,9.610042470650473,False
54.0,back_l,neutral,102.0,9.149704679646428,False
54.0,back_l,neutral,104.0,8.70725885112176,False
54.0,back_l,neutral,106.0,8.284009475769595,False
54.0,back_l,neutral,108.0,7.881351745151945,False
54.0,back_l,neutral,110.0,7.50069245176628,False
54.0,back_l,neutral,112.0,6.984873967482447,False
54.0,back_l,neutral,114.0,6.365127913744075,False
54.0,back_l,neutral,116.0,5.756995481314956,False
54.0,back_l,neutral,118.0,5.161850458493693,False
54.0,back_l,neutral,120.0,4.622037804053214,False
54.0,back_l,neutral,122.0,4.181043058347485,False
54.0,back_l,neutral,124.0,3.8233121877788543,False
54.0,back_l,neutral,126.0,3.5270393908134854,False
54.0,back_l,neutral,128.0,3.2862513283362587,False
54.0,back_l,neutral,130.0,3.106254685537828,False
54.0,back_l,neutral,132.0,2.9877860589842076,False
54.0,back_l,neutral,134.0,2.9130245223831546,False
54.0,back_l,neutral,136.0,2.878234648737943,False
54.0,back_l,neutral,138.0,2.8884960650259948,False
54.0,back_l,neutral,140.0,2.9365916109063637,False
54.0,back_l,neutral,142.0,3.0123216532972803,False
54.0,back_l,neutral,144.0,3.113461438492098,False
54.0,back_l,neutral,146.0,3.2375785375631128,False
54.0,back_l,neutral,148.0,3.3876425816789215,False
54.0,back_l,neutral,150.0,3.5581934811997282,False
54.0,back_l,neutral,152.0,3.741638985611334,False
54.0,back_l,neutral,154.0,3.93576855587614,False
54.0,back_l,neutral,156.0,4.138558474078445,False
54.0,back_l,neutral,158.0,4.348167604439693,False
54.0,back_l,neutral,160.0,4.562931171852644,False
54.0,back_l,neutral,162.0,4.781351221513264,False
54.0,back_l,neutral,164.0,5.002092777120907,False
54.0,back_l,neutral,166.0,5.223977159134996,False
54.0,back_l,neutral,168.0,5.4479755003657475,False
54.0,back_l,neutral,170.0,5.6259592059635555,False
54.0,back_l,neutral,172.0,5.778503873903578,False
54.0,back_l,neutral,174.0,5.888457289414136,False
54.0,back_l,neutral,176.0,5.966799349217131,False
54.0,back_l,neutral,178.0,6.005503508948074,False
54.0,back_l,neutral,180.0,6.0076206316139595,False
54.0,back_l,neutral,182.0,5.972041394206119,False
54.0,back_l,neutral,184.0,5.896159234483932,False
54.0,back_l,neutral,186.0,5.783552316465976,False
54.0,back_l,neutral,188.0,5.6281892830575275,False
54.0,back_l,neutral,190.0,5.436182117918902,False
54.0,back_l,neutral,192.0,5.200198887789836,False
54.0,back_l,neutral,194.0,4.927131057006539,False
54.0,back_l,neutral,196.0,4.61174735787821,False
54.0,back_l,neutral,198.0,4.266297152283948,False
54.0,back_l,neutral,200.0,3.874055936593678,False
54.0,back_l,neutral,202.0,3.4443739234986763,False
54.0,back_l,neutral,204.0,3.0625302236628755,False
54.0,back_l,neutral,206.0,3.069296078956894,False
54.0,back_l,neutral,208.0,3.078162693267955,False
54.0,back_l,neutral,210.0,3.0900947667850085,False
54.0,back_l,neutral,212.0,3.1068916913082294,False
54.0,back_l,neutral,214.0,3.130478427978867,False
54.0,back_l,neutral,216.0,3.162949593243175,False
54.0,back_l,neutral,218.0,3.206687370783751,False
54.0,back_l,neutral,220.0,3.264922769406588,False
54.0,back_l,neutral,222.0,3.342045384589556,False
54.0,back_l,neutral,224.0,3.4395198230694826,False
54.0,back_l,neutral,226.0,3.5590045075911068,False
54.0,back_l,neutral,228.0,3.7024077702714053,False
54.0,back_l,neutral,230.0,3.871947520711593,False
54.0,back_l,neutral,232.0,4.0696801856747795,False
54.0,back_l,neutral,234.0,4.2974451915434955,False
54.0,back_l,neutral,236.0,4.555768052443988,False
54.0,back_l,neutral,238.0,4.83856781463666,False
54.0,back_l,neutral,240.0,5.152545795031755,False
54.0,back_l,neutral,242.0,5.49972270104484,False
54.0,back_l,neutral,244.0,5.881382832353841,False
54.0,back_l,neutral,246.0,6.2975300529304175,False
54.0,back_l,neutral,248.0,6.788532193472703,False
54.0,back_l,neutral,250.0,7.310697167499446,False
54.0,back_l,neutral,252.0,7.851712644301033,False
54.0,back_l,neutral,254.0,8.396983336468791,False
54.0,back_l,neutral,256.0,8.953518099560085,False
54.0,back_l,neutral,258.0,9.511603936161713,False
54.0,back_l,neutral,260.0,10.061725764018247,False
54.0,back_l,neutral,262.0,10.602707111945517,False
54.0,back_l,neutral,264.0,11.075459356981476,False
54.0,back_l,neutral,266.0,11.43038670400901,False
54.0,back_l,neutral,268.0,11.799756117226298,False
54.0,back_l,neutral,270.0,12.182915669157685,False
54.0,back_l,neutral,272.0,12.579281099384545,False
54.0,back_l,neutral,274.0,12.988319679999618,False
54.0,back_l,neutral,276.0,13.409290580634426,False
54.0,back_l,neutral,278.0,13.840753774894537,False
54.0,back_l,neutral,280.0,14.27816217992421,False
54.0,back_l,neutral,282.0,14.72251683119467,False
54.0,back_l,neutral,284.0,15.174669501650696,False
54.0,back_l,neutral,286.0,15.636074056071463,False
54.0,back_l,neutral,288.0,16.10767935557002,False
54.0,back_l,neutral,290.0,16.589150323981997,False
54.0,back_l,neutral,292.0,17.0793309378271,False
54.0,back_l,neutral,294.0,17.577417811514895,False
54.0,back_l,neutral,296.0,18.081071435592666,False
54.0,back_l,neutral,298.0,18.588381689662544,False
54.0,back_l,neutral,300.0,19.098818720362683,False
54.0,back_l,neutral,302.0,19.611133977180543,False
54.0,back_l,neutral,304.0,20.128157905403977,False
54.0,back_l,neutral,306.0,20.648265172767967,False
54.0,back_l,neutral,308.0,21.17067771924032,False
54.0,back_l,neutral,310.0,21.6948416468479,False
54.0,back_l,neutral,312.0,22.2100289789154,False
54.0,back_l,neutral,314.0,22.724910722148095,False
54.0,back_l,neutral,316.0,23.23959382738423,False
54.0,back_l,neutral,318.0,23.75581070967015,False
54.0,back_l,neutral,320.0,24.270006365836764,False
54.0,back_l,neutral,322.0,24.774796136206596,False
54.0,back_l,neutral,324.0,25.27221654490021,False
54.0,back_l,neutral,326.0,25.80462988935235,False
54.0,back_l,neutral,328.0,26.39519825858008,False
54.0,back_l,neutral,330.0,27.05276049162461,False
54.0,back_l,neutral,332.0,27.69700940215481,False
54.0,back_l,neutral,334.0,28.284456386531396,False
54.0,back_l,neutral,336.0,28.874333157193224,False
54.0,back_l,neutral,338.0,29.387543517860262,False
54.0,back_l,neutral,340.0,29.89961653050561,False
54.0,back_l,neutral,342.0,30.357252437857262,False
54.0,back_l,neutral,344.0,30.786888137064096,False
54.0,back_l,neutral,346.0,31.19255291648646,False
54.0,back_l,neutral,348.0,31.54026202412405,False
54.0,back_l,neutral,350.0,31.887906157587665,False
54.0,back_l,neutral,352.0,32.17085491227669,False
54.0,back_l,neutral,354.0,32.44089129675267,False
54.0,back_l,neutral,356.0,32.66762109648979,False
54.0,back_l,neutral,358.0,32.84940312185587,False
54.0,back_l,neutral,360.0,33.01851454620349,False
54.0,back_l,apex,0.0,32.99807211268393,False
54.0,back_l,apex,2.0,33.099934601475304,False
54.0,back_l,apex,4.0,33.20126230660092,False
54.0,back_l,apex,6.0,33.24248496216455,False
54.0,back_l,apex,8.0,33.235165843589705,False
54.0,back_l,apex,10.0,33.162346052204036,False
54.0,back_l,apex,12.0,33.058264995049036,False
54.0,back_l,apex,14.0,32.921310575788624,False
54.0,back_l,apex,16.0,32.719443459117855,False
54.0,back_l,apex,18.0,32.513269878475455,False
54.0,back_l,apex,20.0,32.23142378642257,False
54.0,back_l,apex,22.0,31.93738615156308,False
54.0,back_l,apex,24.0,31.58859827088121,False
54.0,back_l,apex,26.0,31.19328119945435,False
54.0,back_l,apex,28.0,30.784290150970218,False
54.0,back_l,apex,30.0,30.30692573805237,False
54.0,back_l,apex,32.0,29.822233876633312,False
54.0,back_l,apex,34.0,29.275220352364457,False
54.0,back_l,apex,36.0,28.691786417757992,False
54.0,back_l,apex,38.0,28.07178570503068,False
54.0,back_l,apex,40.0,27.390051248970543,False
54.0,back_l,apex,42.0,26.696947105668887,False
54.0,back_l,apex,44.0,25.928454479208717,False
54.0,back_l,apex,46.0,25.184521381280526,False
54.0,back_l,apex,48.0,24.5139875664231,False
54.0,back_l,apex,50.0,23.92006373565486,False
54.0,back_l,apex,52.0,23.330225570679577,False
54.0,back_l,apex,54.0,22.74309923231442,False
54.0,back_l,apex,56.0,22.1539929436197,False
54.0,back_l,apex,58.0,21.555328022378017,False
54.0,back_l,apex,60.0,20.94884182070007,False
54.0,back_l,apex,62.0,20.34343262348987,False
54.0,back_l,apex,64.0,19.74252356988856,False
54.0,back_l,apex,66.0,19.141421479378742,False
54.0,back_l,apex,68.0,18.53639307624969,False
54.0,back_l,apex,70.0,17.9289223251085,False
54.0,back_l,apex,72.0,17.321663151903437,False
54.0,back_l,apex,74.0,16.721524685356272,False
54.0,back_l,apex,76.0,16.129866730229597,False
54.0,back_l,apex,78.0,15.541207952058393,False
54.0,back_l,apex,80.0,14.955962899486503,False
54.0,back_l,apex,82.0,14.375568427952834,False
54.0,back_l,apex,84.0,13.80144420861894,False
54.0,back_l,apex,86.0,13.234985516880649,False
54.0,back_l,apex,88.0,12.678276009195464,False
54.0,back_l,apex,90.0,12.133761685535346,False
54.0,back_l,apex,92.0,11.60125319553224,False
54.0,back_l,apex,94.0,11.081514132881933,False
54.0,back_l,apex,96.0,10.575365612804578,False
54.0,back_l,apex,98.0,10.083701952794712,False
54.0,back_l,apex,100.0,9.607532806372717,False
54.0,back_l,apex,102.0,9.147909459775047,False
54.0,back_l,apex,104.0,8.705976712966491,False
54.0,back_l,apex,106.0,8.283025481742806,False
54.0,back_l,apex,108.0,7.880429809494915,False
54.0,back_l,apex,110.0,7.499669957025039,False
54.0,back_l,apex,112.0,6.992325909569167,False
54.0,back_l,apex,114.0,6.371115412265887,False
54.0,back_l,apex,116.0,5.7615413853971855,False
54.0,back_l,apex,118.0,5.164739631627804,False
54.0,back_l,apex,120.0,4.626161117817281,False
54.0,back_l,apex,122.0,4.19140745804635,False
54.0,back_l,apex,124.0,3.83517317940251,False
54.0,back_l,apex,126.0,3.5374368495576873,False
54.0,back_l,apex,128.0,3.2953630900764637,False
54.0,back_l,apex,130.0,3.119792238550038,False
54.0,back_l,apex,132.0,3.0006834716592707,False
54.0,back_l,apex,134.0,2.9258261452134886,False
54.0,back_l,apex,136.0,2.891611290165455,False
54.0,back_l,apex,138.0,2.907711802617388,False
54.0,back_l,apex,140.0,2.957749601494741,False
54.0,back_l,apex,142.0,3.035835452092106,False
54.0,back_l,apex,144.0,3.1387220531891833,False
54.0,back_l,apex,146.0,3.263348281386918,False
54.0,back_l,apex,148.0,3.410578520396915,False
54.0,back_l,apex,150.0,3.577622322044238,False
54.0,back_l,apex,152.0,3.7573109239911067,False
54.0,back_l,apex,154.0,3.9474883326078163,False
54.0,back_l,apex,156.0,4.14618174393968,False
54.0,back_l,apex,158.0,4.351597580645217,False
54.0,back_l,apex,160.0,4.562113511657991,False
54.0,back_l,apex,162.0,4.776270413285731,False
54.0,back_l,apex,164.0,4.992766080681616,False
54.0,back_l,apex,166.0,5.210450362245821,False
54.0,back_l,apex,168.0,5.4300527641036815,False
54.0,back_l,apex,170.0,5.609692186373656,False
54.0,back_l,apex,172.0,5.7597254498573465,False
54.0,back_l,apex,174.0,5.873147226712359,False
54.0,back_l,apex,176.0,5.950496201910042,False
54.0,back_l,apex,178.0,5.994021292968752,False
54.0,back_l,apex,180.0,5.996425511403878,False
54.0,back_l,apex,182.0,5.9665165156782525,False
54.0,back_l,apex,184.0,5.89194385790027,False
54.0,back_l,apex,186.0,5.785326774100191,False
54.0,back_l,apex,188.0,5.632029912780926,False
54.0,back_l,apex,190.0,5.445797938130871,False
54.0,back_l,apex,192.0,5.212372637680361,False
54.0,back_l,apex,194.0,4.944130143599122,False
54.0,back_l,apex,196.0,4.62957897651242,False
54.0,back_l,apex,198.0,4.277549050360321,False
54.0,back_l,apex,200.0,3.8813316430392577,False
54.0,back_l,apex,202.0,3.4444884213530846,False
54.0,back_l,apex,204.0,3.0799834097444556,False
54.0,back_l,apex,206.0,3.0874870973083537,False
54.0,back_l,apex,208.0,3.0966797836608277,False
54.0,back_l,apex,210.0,3.109085862239207,False
54.0,back_l,apex,212.0,3.1265414548327275,False
54.0,back_l,apex,214.0,3.1510296186402287,False
54.0,back_l,apex,216.0,3.1848173878821773,False
54.0,back_l,apex,218.0,3.230378974659304,False
54.0,back_l,apex,220.0,3.2902876081830916,False
54.0,back_l,apex,222.0,3.3671075039721683,False
54.0,back_l,apex,224.0,3.4627993127825323,False
54.0,back_l,apex,226.0,3.5795174831741297,False
54.0,back_l,apex,228.0,3.7195072828995173,False
54.0,back_l,apex,230.0,3.884885032946442,False
54.0,back_l,apex,232.0,4.077598254798615,False
54.0,back_l,apex,234.0,4.296563616775308,False
54.0,back_l,apex,236.0,4.541685127369409,False
54.0,back_l,apex,238.0,4.8161928953933675,False
54.0,back_l,apex,240.0,5.124219602837684,False
54.0,back_l,apex,242.0,5.4757184578456926,False
54.0,back_l,apex,244.0,5.867610772115313,False
54.0,back_l,apex,246.0,6.2948513365694145,False
54.0,back_l,apex,248.0,6.802514402161487,False
54.0,back_l,apex,250.0,7.339983588073328,False
54.0,back_l,apex,252.0,7.881866973299243,False
54.0,back_l,apex,254.0,8.41874455823558,False
54.0,back_l,apex,256.0,8.968109440287785,False
54.0,back_l,apex,258.0,9.514280839030402,False
54.0,back_l,apex,260.0,10.05236477921238,False
54.0,back_l,apex,262.0,10.582842091117243,False
54.0,back_l,apex,264.0,11.080246780364066,False
54.0,back_l,apex,266.0,11.42847414577084,False
54.0,back_l,apex,268.0,11.791102671890428,False
54.0,back_l,apex,270.0,12.167501697691543,False
54.0,back_l,apex,272.0,12.557313577089477,False
54.0,back_l,apex,274.0,12.96224067386779,False
54.0,back_l,apex,276.0,13.381735239565986,False
54.0,back_l,apex,278.0,13.814891489315656,False
54.0,back_l,apex,280.0,14.260760335935261,False
54.0,back_l,apex,282.0,14.718332143631638,False
54.0,back_l,apex,284.0,15.182899638626475,False
54.0,back_l,apex,286.0,15.651369752553487,False
54.0,back_l,apex,288.0,16.128049419978744,False
54.0,back_l,apex,290.0,16.61318774804279,False
54.0,back_l,apex,292.0,17.105724104332584,False
54.0,back_l,apex,294.0,17.605053758822283,False
54.0,back_l,apex,296.0,18.107698948853766,False
54.0,back_l,apex,298.0,18.61063398758698,False
54.0,back_l,apex,300.0,19.11413333254687,False
54.0,back_l,apex,302.0,19.621463295341986,False
54.0,back_l,apex,304.0,20.135055835779784,False
54.0,back_l,apex,306.0,20.651978784687017,False
54.0,back_l,apex,308.0,21.167040410793017,False
54.0,back_l,apex,310.0,21.678040523851653,False
54.0,back_l,apex,312.0,22.18845201682674,False
54.0,back_l,apex,314.0,22.702164146065265,False
54.0,back_l,apex,316.0,23.2159821517693,False
54.0,back_l,apex,318.0,23.73119431521661,False
54.0,back_l,apex,320.0,24.242815751827138,False
54.0,back_l,apex,322.0,24.747166800955206,False
54.0,back_l,apex,324.0,25.24512428043745,False
54.0,back_l,apex,326.0,25.784909505973822,False
54.0,back_l,apex,328.0,26.392144486163858,False
54.0,back_l,apex,330.0,27.064801431236308,False
54.0,back_l,apex,332.0,27.70610810497204,False
54.0,back_l,apex,334.0,28.297155030088753,False
54.0,back_l,apex,336.0,28.88150733174961,False
54.0,back_l,apex,338.0,29.393822410295215,False
54.0,back_l,apex,340.0,29.90659903213591,False
54.0,back_l,apex,342.0,30.35631812094342,False
54.0,back_l,apex,344.0,30.793091088366,False
54.0,back_l,apex,346.0,31.189588815747545,False
54.0,back_l,apex,348.0,31.53912220192449,False
54.0,back_l,apex,350.0,31.881102771127573,False
54.0,back_l,apex,352.0,32.157137607836944,False
54.0,back_l,apex,354.0,32.429305637458185,False
54.0,back_l,apex,356.0,32.64932748636606,False
54.0,back_l,apex,358.0,32.83301603848834,False
54.0,back_l,apex,360.0,32.998072112683936,False
