seconds,phase,command,active_command,progress,completed,rotating,gate_steps,done,FR_target,FR_actual,FR_error,FL_target,FL_actual,FL_error,BR_target,BR_actual,BR_error,BL_target,BL_actual,BL_error,wheel_gap,body_gap,impact_speed,unsafe_rotation
0.07692307692307693,0,0,0,0.03205128386616707,0,False,0,False,1.439562439918518,2.583828926086426,-1.1442664861679077,-1.5208948850631714,-2.553673505783081,1.0327786207199097,-0.9743674993515015,-0.5738507509231567,-0.4005167484283447,2.7909507751464844,-0.12001384049654007,2.9109646156430244,0.044047243893146515,0.02633243426680565,0.0007949583232402802,0.0
0.15384615384615385,0,0,0,0.05769231170415878,0,False,0,False,1.439562439918518,2.58261775970459,-1.1430553197860718,-1.5208948850631714,-2.5510518550872803,1.0301569700241089,-0.9743674993515015,-0.5720752477645874,-0.40229225158691406,2.7909507751464844,-0.11903562396764755,2.909986399114132,0.0441315695643425,0.02633744850754738,0.0015903403982520103,0.0
0.23076923076923078,0,0,0,0.0833333358168602,0,False,0,False,1.439562439918518,2.5819578170776367,-1.1423953771591187,-1.5208948850631714,-2.5476698875427246,1.0267750024795532,-0.9743674993515015,-0.5692177414894104,-0.40514975786209106,2.7909507751464844,-0.11838577687740326,2.9093365520238876,0.04422455281019211,0.026435982435941696,0.0015932461246848106,0.0
0.3076923076923077,0,0,0,0.1089743822813034,0,False,0,False,1.439562439918518,2.582219123840332,-1.142656683921814,-1.5208948850631714,-2.5438127517700195,1.0229178667068481,-0.9743674993515015,-0.5663058757781982,-0.4080616235733032,2.7909507751464844,-0.1181826964020729,2.9091334715485573,0.04424039274454117,0.026785235852003098,0.0018687453120946884,0.0
0.38461538461538464,0,0,0,0.13461542129516602,0,False,0,False,1.439562439918518,2.5835633277893066,-1.1440008878707886,-1.5208948850631714,-2.5396125316619873,1.018717646598816,-0.9743674993515015,-0.5640934109687805,-0.4102740883827209,2.7909507751464844,-0.1182519868016243,2.9092027619481087,0.044160835444927216,0.027041170746088028,0.001655658707022667,0.0
0.46153846153846156,0,0,0,0.16025647521018982,0,False,0,False,1.439562439918518,2.586082935333252,-1.1465204954147339,-1.5208948850631714,-2.5343453884124756,1.0134505033493042,-0.9743674993515015,-0.5628141164779663,-0.41155338287353516,2.7909507751464844,-0.11834462732076645,2.909295402467251,0.04403536766767502,0.02736804261803627,0.0046860892325639725,0.0
0.5384615384615385,0,0,0,0.18589751422405243,0,False,0,False,1.439562439918518,2.5909621715545654,-1.1513997316360474,-1.5208948850631714,-2.528102397918701,1.0072075128555298,-0.9743674993515015,-0.5614143013954163,-0.4129531979560852,2.7909507751464844,-0.11793401837348938,2.9088847935199738,0.04387693852186203,0.02791554108262062,0.003390014171600342,0.0
0.6153846153846154,0,0,0,0.21153855323791504,0,False,0,False,1.439562439918518,2.5969324111938477,-1.1573699712753296,-1.5208948850631714,-2.522017240524292,1.0011223554611206,-0.9743674993515015,-0.5605435371398926,-0.4138239622116089,2.7909507751464844,-0.11778068542480469,2.908731460571289,0.04364483803510666,0.028419505804777145,0.002497592940926552,0.0
0.6923076923076923,0,0,0,0.23717960715293884,0,False,0,False,1.439562439918518,2.602306842803955,-1.162744402885437,-1.5208948850631714,-2.516681432723999,0.9957865476608276,-0.9743674993515015,-0.5604298114776611,-0.41393768787384033,2.7909507751464844,-0.11803638190031052,2.908987157046795,0.043438620865345,0.0288468636572361,0.002060947008430958,0.0
0.7692307692307693,0,0,0,0.26282066106796265,0,False,0,False,1.439562439918518,2.6062734127044678,-1.1667109727859497,-1.5208948850631714,-2.5124151706695557,0.9915202856063843,-0.9743674993515015,-0.5600081086158752,-0.41435939073562617,2.7909507751464844,-0.1185084730386734,2.9094592481851578,0.043337203562259674,0.029212061315774918,0.0010866811498999596,0.0
0.8461538461538463,0,0,0,0.28846168518066406,0,False,0,False,1.439562439918518,2.6083178520202637,-1.1687554121017456,-1.5208948850631714,-2.509309768676758,0.9884148836135864,-0.9743674993515015,-0.5588136315345764,-0.41555386781692505,2.7909507751464844,-0.1190849021077156,2.9100356772542,0.043340109288692474,0.029509466141462326,0.0007611792534589767,0.0
0.9230769230769231,0,0,0,0.31410273909568787,0,False,0,False,1.439562439918518,2.608383893966675,-1.1688214540481567,-1.5208948850631714,-2.50718355178833,0.9862886667251587,-0.9743674993515015,-0.5566275119781494,-0.41773998737335205,2.7909507751464844,-0.1197199746966362,2.9106707498431206,0.043481625616550446,0.029176589101552963,0.0005241204053163528,0.0
1.0,0,0,0,0.3397437334060669,0,False,0,False,1.439562439918518,2.6068055629730225,-1.1672431230545044,-1.5208948850631714,-2.505690097808838,0.9847952127456665,-0.9743674993515015,-0.5535054206848145,-0.42086207866668696,2.7909507751464844,-0.12036862969398499,2.9113194048404694,0.04378282278776169,0.028860922902822495,0.0003905780613422394,0.0
1.076923076923077,0,0,0,0.36538469791412354,0,False,0,False,1.439562439918518,2.6040475368499756,-1.1644850969314575,-1.5208948850631714,-2.5044870376586914,0.98359215259552,-0.9743674993515015,-0.5496978759765625,-0.424669623374939,2.7909507751464844,-0.12100179493427277,2.911952570080757,0.04421847313642502,0.028613220900297165,0.0003253202885389328,0.0
1.153846153846154,0,0,0,0.3910256624221802,0,False,0,False,1.439562439918518,2.600616693496704,-1.161054253578186,-1.5208948850631714,-2.5033931732177734,0.982498288154602,-0.9743674993515015,-0.5455191731452942,-0.4288483262062073,2.7909507751464844,-0.12160930037498474,2.912560075521469,0.04475227743387222,0.028407033532857895,0.0003849482163786888,0.0
1.2307692307692308,0,0,0,0.4166666269302368,0,False,0,False,1.439562439918518,2.596959114074707,-1.157396674156189,-1.5208948850631714,-2.5024964809417725,0.9816015958786011,-0.9743674993515015,-0.541222333908081,-0.4331451654434204,2.7909507751464844,-0.12217811495065689,2.9131288900971413,0.045341067016124725,0.028216850012540817,0.00025425106287002563,0.0
1.3076923076923077,0,0,0,0.44230759143829346,0,False,0,False,1.439562439918518,2.5933444499969482,-1.1537820100784302,-1.5208948850631714,-2.5019068717956543,0.9810119867324829,-0.9743674993515015,-0.5370281338691711,-0.4373393654823303,2.7909507751464844,-0.12271638959646225,2.9136671647429466,0.04595012217760086,0.028044570237398148,0.00023760367184877396,0.0
1.3846153846153846,0,0,0,0.4679485559463501,0,False,0,False,1.439562439918518,2.5899131298065186,-1.1503506898880005,-1.5208948850631714,-2.501556634902954,0.9806617498397827,-0.9743674993515015,-0.5331528782844543,-0.4412146210670471,2.7909507751464844,-0.12320295721292496,2.9141537323594093,0.046555839478969574,0.02788620814681053,0.00017870217561721802,0.0
1.4615384615384617,0,0,0,0.49358952045440674,0,False,0,False,1.439562439918518,2.586761713027954,-1.147199273109436,-1.5208948850631714,-2.5014290809631348,0.9805341958999635,-0.9743674993515015,-0.5297030806541443,-0.4446644186973572,2.7909507751464844,-0.12367112189531326,2.9146218970417976,0.04714246839284897,0.027731414884328842,0.0001796102151274681,0.0
1.5384615384615385,0,0,0,0.5192304849624634,0,False,0,False,1.439562439918518,2.58394455909729,-1.144382119178772,-1.5208948850631714,-2.501558542251587,0.9806636571884155,-0.9743674993515015,-0.5267380475997925,-0.44762945175170904,2.7909507751464844,-0.124171681702137,2.9151224568486214,0.04769562929868698,0.02758162096142769,0.00021799001842737198,0.0
1.6153846153846154,0,0,0,0.54487144947052,0,False,0,False,1.439562439918518,2.5814647674560547,-1.1419023275375366,-1.5208948850631714,-2.501969337463379,0.9810744524002075,-0.9743674993515015,-0.5243018269538879,-0.4500656723976135,2.7909507751464844,-0.12471900880336761,2.915669783949852,0.04820471256971359,0.027437981218099594,0.0002844585105776787,0.0
1.6923076923076925,0,0,0,0.5705124139785767,0,False,0,False,1.439562439918518,2.579285144805908,-1.1397227048873901,-1.5208948850631714,-2.5026631355285645,0.9817682504653931,-0.9743674993515015,-0.5224123597145081,-0.4519551396369934,2.7909507751464844,-0.12531104683876038,2.9162618219852448,0.04866539686918259,0.02730361744761467,0.000307280570268631,0.0
1.7692307692307694,0,0,0,0.5961533784866333,0,False,0,False,1.439562439918518,2.577362060546875,-1.137799620628357,-1.5208948850631714,-2.5036256313323975,0.9827307462692261,-0.9743674993515015,-0.5210524201393127,-0.4533150792121888,2.7909507751464844,-0.1259322613477707,2.916883036494255,0.04908003658056259,0.02717970684170723,0.00026738736778497696,0.0
1.8461538461538463,0,0,0,0.6217943429946899,0,False,0,False,1.439562439918518,2.5756380558013916,-1.1360756158828735,-1.5208948850631714,-2.504847764968872,0.9839528799057007,-0.9743674993515015,-0.5201942324638367,-0.4541732668876648,2.7909507751464844,-0.1265685260295868,2.917519301176071,0.04945465177297592,0.027061831206083298,0.00015557743608951569,0.0
1.9230769230769231,0,0,0,0.6474353075027466,0,False,0,False,1.439562439918518,2.5740973949432373,-1.1345349550247192,-1.5208948850631714,-2.5063064098358154,0.985411524772644,-0.9743674993515015,-0.5197979211807251,-0.4545695781707764,2.7909507751464844,-0.12721917033195496,2.9181699454784393,0.049792684614658356,0.026947755366563797,0.0001836055889725685,0.0
2.0,0,0,0,0.673076331615448,0,False,0,False,1.439562439918518,2.5727310180664062,-1.1331685781478882,-1.5208948850631714,-2.507962226867676,0.9870673418045044,-0.9743674993515015,-0.5198254585266113,-0.45454204082489014,2.7909507751464844,-0.12787634134292603,2.9188271164894104,0.050096072256565094,0.026837926357984543,0.00014746561646461487,0.0
2.076923076923077,1,1,1,0.03205128386616707,0,False,0,False,1.439562439918518,2.5705974102020264,-1.1310349702835083,-1.5208948850631714,-2.510038375854492,0.9891434907913208,-0.9743674993515015,-0.5197791457176208,-0.45458835363388067,2.7909507751464844,-0.12773765623569489,2.9186884313821793,0.050403036177158356,0.0266781784594059,0.0003005005419254303,0.0
2.153846153846154,1,1,1,0.05769231170415878,0,False,0,False,1.439562439918518,2.5650923252105713,-1.1255298852920532,-1.5208948850631714,-2.513263463973999,0.9923685789108276,-0.9743674993515015,-0.5175984501838684,-0.45676904916763306,2.7909507751464844,-0.12581893801689148,2.916769713163376,0.051007889211177826,0.02633460983633995,0.0007718335837125778,0.0
2.230769230769231,1,1,1,0.0833333358168602,0,False,0,False,1.439562439918518,2.5630218982696533,-1.1234594583511353,-1.5208948850631714,-2.513523817062378,0.9926289319992065,-0.9743674993515015,-0.5116623640060425,-0.462705135345459,2.7909507751464844,-0.12530887126922607,2.9162596464157104,0.05382090061903,0.025797966867685318,0.0017513055354356766,0.0
2.307692307692308,1,1,1,0.1089743822813034,0,False,0,False,1.439562439918518,2.5654919147491455,-1.1259294748306274,-1.5208948850631714,-2.5113532543182373,0.9904583692550659,-0.9743674993515015,-0.5079023241996765,-0.46646517515182495,2.7909507751464844,-0.12487158179283142,2.915822356939316,0.058936722576618195,0.024864230304956436,0.009467825293540955,0.0
2.3846153846153846,1,1,1,0.13461542129516602,0,False,0,False,1.439562439918518,2.5635619163513184,-1.1239994764328003,-1.5208948850631714,-2.5054826736450195,0.9845877885818481,-0.9743674993515015,-0.5047093033790588,-0.4696581959724426,2.7909507751464844,-0.12447582930326462,2.915426604449749,0.06016113609075546,0.024554554373025894,0.0014270748943090439,0.0
2.4615384615384617,1,1,1,0.16025647521018982,0,False,0,False,1.439562439918518,2.5605270862579346,-1.1209646463394165,-1.5208948850631714,-2.4986698627471924,0.977774977684021,-0.9743674993515015,-0.4996379017829895,-0.47472959756851196,2.7909507751464844,-0.12412159889936447,2.915072374045849,0.06211303919553757,0.024467255920171738,0.0010258425027132034,0.0
2.5384615384615388,1,1,1,0.18589751422405243,0,False,0,False,1.439562439918518,2.5593795776367188,-1.1198171377182007,-1.5208948850631714,-2.4947378635406494,0.973842978477478,-0.9743674993515015,-0.494061142206192,-0.48030635714530945,2.7909507751464844,-0.12379249930381775,2.914743274450302,0.06358740478754044,0.024281349033117294,0.004020435735583305,0.0
2.6153846153846154,1,1,1,0.21153855323791504,0,False,0,False,1.439562439918518,2.5609328746795654,-1.1213704347610474,-1.5208948850631714,-2.494016647338867,0.9731217622756958,-0.9743674993515015,-0.49131709337234497,-0.4830504059791565,2.7909507751464844,-0.12348760664463043,2.914438381791115,0.0666969045996666,0.02406526729464531,0.0019704457372426987,0.0
2.6923076923076925,1,1,1,0.23717960715293884,0,False,0,False,1.439562439918518,2.558744430541992,-1.1191819906234741,-1.5208948850631714,-2.4925954341888428,0.9717005491256714,-0.9743674993515015,-0.4899224042892456,-0.48444509506225586,2.7909507751464844,-0.12322036921977997,2.9141711443662643,0.06704940646886826,0.024481575936079025,0.0020884908735752106,0.0
2.769230769230769,1,1,1,0.26282066106796265,0,False,0,False,1.439562439918518,2.5561811923980713,-1.1166187524795532,-1.5208948850631714,-2.491865396499634,0.9709705114364624,-0.9743674993515015,-0.4897037744522095,-0.484663724899292,2.7909507751464844,-0.12298659980297089,2.9139373749494553,0.06712155789136887,0.025127124041318893,0.002787075936794281,0.0
2.8461538461538463,1,1,1,0.28846168518066406,0,False,0,False,1.439562439918518,2.554171085357666,-1.114608645439148,-1.5208948850631714,-2.4930050373077393,0.9721101522445679,-0.9743674993515015,-0.49088725447654724,-0.4834802448749542,2.7909507751464844,-0.12277315557003021,2.9137239307165146,0.06727459281682968,0.02575073018670082,0.0037051644176244736,0.0
2.9230769230769234,1,1,1,0.31410273909568787,0,False,0,False,1.439562439918518,2.5523781776428223,-1.1128157377243042,-1.5208948850631714,-2.4962663650512695,0.9753714799880981,-0.9743674993515015,-0.4928175210952759,-0.4815499782562256,2.7909507751464844,-0.1225806325674057,2.91353140771389,0.06712613254785538,0.02638566866517067,0.004152040928602219,0.0
3.0,1,1,1,0.3397437334060669,0,False,0,False,1.439562439918518,2.549961566925049,-1.1103991270065308,-1.5208948850631714,-2.5013551712036133,0.9804602861404418,-0.9743674993515015,-0.49499985575675964,-0.4793676435947418,2.7909507751464844,-0.12240936607122421,2.9133601412177086,0.06653264909982681,0.027087528258562088,0.004545403644442558,0.0
3.076923076923077,1,1,1,0.36538469791412354,0,False,0,False,1.439562439918518,2.5468392372131348,-1.1072767972946167,-1.5208948850631714,-2.507619619369507,0.9867247343063354,-0.9743674993515015,-0.4973694086074829,-0.47699809074401855,2.7909507751464844,-0.12225618213415146,2.913206957280636,0.06550633162260056,0.027911800891160965,0.0077317748218774796,0.0
3.153846153846154,1,1,1,0.3910256624221802,0,False,0,False,1.439562439918518,2.545076847076416,-1.105514407157898,-1.5208948850631714,-2.5142312049865723,0.993336319923401,-0.9743674993515015,-0.4997798204421997,-0.47458767890930176,2.7909507751464844,-0.12212461233139038,2.9130753874778748,0.0640745684504509,0.02891727164387703,0.0049637071788311005,0.0
3.230769230769231,1,1,1,0.4166666269302368,0,False,0,False,1.439562439918518,2.541592597961426,-1.1020301580429077,-1.5208948850631714,-2.5207231044769287,0.9998282194137573,-0.9743674993515015,-0.5028168559074402,-0.4715506434440613,2.7909507751464844,-0.12199991941452026,2.9129506945610046,0.062283746898174286,0.030011411756277084,0.0041902996599674225,0.0
3.307692307692308,1,1,1,0.44230759143829346,0,False,0,False,1.439562439918518,2.538853168487549,-1.0992907285690308,-1.5208948850631714,-2.5273187160491943,1.006423830986023,-0.9743674993515015,-0.5054776072502136,-0.46888989210128784,2.7909507751464844,-0.12188302725553513,2.9128338024020195,0.06099409610033035,0.030967023223638535,0.0023355986922979355,0.0
3.384615384615385,1,1,1,0.4679485559463501,0,False,0,False,1.439562439918518,2.5376062393188477,-1.0980437994003296,-1.5208948850631714,-2.534494400024414,1.0135995149612427,-0.9743674993515015,-0.508142352104187,-0.46622514724731445,2.7909507751464844,-0.12224677205085754,2.913197547197342,0.05990578979253769,0.03195689991116524,0.0015202700160443783,0.0
3.4615384615384617,1,1,1,0.49358952045440674,0,False,0,False,1.439562439918518,2.5380120277404785,-1.0984495878219604,-1.5208948850631714,-2.5416674613952637,1.0207725763320923,-0.9743674993515015,-0.5112545490264893,-0.4631129503250122,2.7909507751464844,-0.12271829694509506,2.9136690720915794,0.05886702984571457,0.03258698806166649,0.002639368176460266,0.0
3.5384615384615388,1,1,1,0.5192304849624634,0,False,0,False,1.439562439918518,2.5401880741119385,-1.1006256341934204,-1.5208948850631714,-2.5485270023345947,1.0276321172714233,-0.9743674993515015,-0.5151026844978333,-0.4592648148536682,2.7909507751464844,-0.12329790741205215,2.9142486825585365,0.05788474529981613,0.03230087086558342,0.003482028841972351,0.0
3.6153846153846154,1,1,1,0.54487144947052,0,False,0,False,1.439562439918518,2.5438945293426514,-1.1043320894241333,-1.5208948850631714,-2.5548102855682373,1.033915400505066,-0.9743674993515015,-0.5199701189994812,-0.45439738035202026,2.7909507751464844,-0.12381911277770996,2.9147698879241943,0.056972868740558624,0.03199482336640358,0.0025941478088498116,0.0
3.6923076923076925,1,1,1,0.5705124139785767,0,False,0,False,1.439562439918518,2.549286365509033,-1.1097239255905151,-1.5208948850631714,-2.5604352951049805,1.039540410041809,-0.9743674993515015,-0.5255523324012756,-0.44881516695022583,2.7909507751464844,-0.12442228198051453,2.915373057126999,0.0559706911444664,0.0316895954310894,0.001755179837346077,0.0
3.7692307692307696,1,1,1,0.5961533784866333,0,False,0,False,1.439562439918518,2.5560190677642822,-1.1164566278457642,-1.5208948850631714,-2.5651931762695312,1.0442982912063599,-0.9743674993515015,-0.5317403674125671,-0.4426271319389343,2.7909507751464844,-0.12527668476104736,2.9162274599075317,0.054729945957660675,0.03135971352458,0.0022061727941036224,0.0
3.8461538461538463,1,1,1,0.6217943429946899,0,False,0,False,1.439562439918518,2.5634608268737793,-1.1238983869552612,-1.5208948850631714,-2.5688533782958984,1.047958493232727,-0.9743674993515015,-0.5383627414703369,-0.4360047578811645,2.7909507751464844,-0.1258039027452469,2.9167546778917313,0.05334357172250748,0.031028296798467636,0.0020673032850027084,0.0
3.9230769230769234,1,1,1,0.6474353075027466,0,False,0,False,1.439562439918518,2.5712928771972656,-1.1317304372787476,-1.5208948850631714,-2.571577310562134,1.0506824254989624,-0.9743674993515015,-0.5450341701507568,-0.4293333292007446,2.7909507751464844,-0.12562574446201324,2.9165765196084976,0.05189678817987442,0.030701953917741776,0.002518780529499054,0.0
4.0,1,1,1,0.673076331615448,0,False,0,False,1.439562439918518,2.5791337490081787,-1.1395713090896606,-1.5208948850631714,-2.573460340499878,1.0525654554367065,-0.9743674993515015,-0.5515487194061279,-0.42281877994537354,2.7909507751464844,-0.12473314255475998,2.9156839177012444,0.050419099628925323,0.030380908399820328,0.0026353728026151657,0.0
4.0769230769230775,1,1,1,0.698717474937439,0,False,0,False,1.439562439918518,2.5863845348358154,-1.1468220949172974,-1.5208948850631714,-2.5749220848083496,1.0540271997451782,-0.9743674993515015,-0.5578813552856445,-0.41648614406585693,2.7909507751464844,-0.1230904683470726,2.914041243493557,0.048867903649806976,0.030057106167078018,0.0023481901735067368,0.0
4.153846153846154,1,1,1,0.7243585586547852,0,False,0,False,1.439562439918518,2.59238600730896,-1.152823567390442,-1.5208948850631714,-2.5763120651245117,1.0554171800613403,-0.9743674993515015,-0.5639604926109314,-0.41040700674057007,2.7909507751464844,-0.12090138345956802,2.9118521586060524,0.04725765436887741,0.02972746267914772,0.00228232704102993,0.0
4.230769230769231,1,1,1,0.7499997019767761,0,False,0,False,1.439562439918518,2.5969269275665283,-1.1573644876480103,-1.5208948850631714,-2.577467918395996,1.0565730333328247,-0.9743674993515015,-0.5694657564163208,-0.40490174293518066,2.7909507751464844,-0.11802493035793304,2.9089757055044174,0.04554963856935501,0.029385562986135483,0.0018027611076831818,0.0
4.307692307692308,1,1,1,0.7756408452987671,0,False,0,False,1.439562439918518,2.5998284816741943,-1.1602660417556763,-1.5208948850631714,-2.577970027923584,1.0570751428604126,-0.9743674993515015,-0.5740446448326111,-0.4003228545188904,2.7909507751464844,-0.11458341777324677,2.905534192919731,0.043387122452259064,0.02906620129942894,0.0011021178215742111,0.0
4.384615384615385,1,1,1,0.8012819290161133,0,False,0,False,1.439562439918518,2.6010050773620605,-1.1614426374435425,-1.5208948850631714,-2.5761945247650146,1.0552996397018433,-0.9743674993515015,-0.5759727954864502,-0.3983947038650513,2.7909507751464844,-0.11406482011079788,2.9050155952572823,0.03950389474630356,0.0285116545855999,0.0048943329602479935,0.0
4.461538461538462,1,1,1,0.8269230723381042,0,False,0,False,1.439562439918518,2.601067066192627,-1.1615046262741089,-1.5208948850631714,-2.5708529949188232,1.0499581098556519,-0.9743674993515015,-0.5757110714912415,-0.39865642786026,2.7909507751464844,-0.11462302505970001,2.9055738002061844,0.03591800481081009,0.02766522392630577,0.0017704954370856285,0.0
4.538461538461538,1,1,1,0.8525642156600952,0,False,0,False,1.439562439918518,2.600635051727295,-1.1610726118087769,-1.5208948850631714,-2.5651397705078125,1.0442448854446411,-0.9743674993515015,-0.5754758715629578,-0.3988916277885437,2.7909507751464844,-0.11433592438697815,2.9052866995334625,0.034706614911556244,0.027273546904325485,0.001209508627653122,0.0
4.615384615384616,1,1,1,0.8782052993774414,0,False,0,False,1.439562439918518,2.5995709896087646,-1.1600085496902466,-1.5208948850631714,-2.559603691101074,1.0387088060379028,-0.9743674993515015,-0.5752776861190796,-0.3990898132324219,2.7909507751464844,-0.11306493729352951,2.904015712440014,0.03374429792165756,0.027183469384908676,0.0011334754526615143,0.0
4.6923076923076925,1,1,1,0.9038464426994324,0,False,0,False,1.439562439918518,2.598372459411621,-1.158810019493103,-1.5208948850631714,-2.5573203563690186,1.0364254713058472,-0.9743674993515015,-0.5751017332077026,-0.39926576614379883,2.7909507751464844,-0.11099458485841751,2.901945360004902,0.03245469182729721,0.027311887592077255,0.001636166125535965,0.0
4.769230769230769,1,1,1,0.9294875860214233,0,False,0,False,1.439562439918518,2.59729266166687,-1.157730221748352,-1.5208948850631714,-2.557081937789917,1.0361870527267456,-0.9743674993515015,-0.574950635433197,-0.39941686391830444,2.7909507751464844,-0.1075882688164711,2.8985390439629555,0.030974529683589935,0.027660604566335678,0.0012259744107723236,0.0
4.846153846153847,1,1,1,0.9551286697387695,0,False,0,False,1.439562439918518,2.596771240234375,-1.157208800315857,-1.5208948850631714,-2.5588738918304443,1.037979006767273,-0.9743674993515015,-0.5748259425163269,-0.39954155683517456,2.7909507751464844,-0.10227850824594498,2.8932292833924294,0.029619835317134857,0.028150852769613266,0.0006864778697490692,0.0
4.923076923076923,1,1,1,0.9807698130607605,0,False,0,False,1.439562439918518,2.5972888469696045,-1.1577264070510864,-1.5208948850631714,-2.563143730163574,1.0422488451004028,-0.9743674993515015,-0.5747151970863342,-0.39965230226516724,2.7909507751464844,-0.09474056959152222,2.8856913447380066,0.028392143547534943,0.028704915195703506,0.0022763945162296295,0.0
5.0,1,1,1,1.0,0,False,0,False,1.439562439918518,2.5991032123565674,-1.1595407724380493,-1.5208948850631714,-2.569277048110962,1.0483821630477905,-0.9743674993515015,-0.5746151208877563,-0.3997523784637451,2.7909507751464844,-0.08489267528057098,2.8758434504270554,0.027042977511882782,0.029264438897371292,0.001229848712682724,0.0
5.0769230769230775,1,1,1,1.0,0,False,0,False,1.439562439918518,2.602160930633545,-1.1625984907150269,-1.5208948850631714,-2.576557159423828,1.0556622743606567,-0.9743674993515015,-0.5745207071304321,-0.39984679222106934,2.7909507751464844,-0.07343019545078278,2.864380970597267,0.02557685226202011,0.02977825328707695,0.0007772818207740784,0.0
5.153846153846154,1,1,1,1.0,0,False,0,False,1.439562439918518,2.606335163116455,-1.166772723197937,-1.5208948850631714,-2.584200859069824,1.0633059740066528,-0.9743674993515015,-0.5744321346282959,-0.39993536472320557,2.7909507751464844,-0.06147943064570427,2.8524302057921886,0.02410043030977249,0.030043672770261765,0.0005501508712768555,0.0
5.230769230769231,1,1,1,1.0,0,False,0,False,1.439562439918518,2.611363649368286,-1.171801209449768,-1.5208948850631714,-2.5914669036865234,1.070572018623352,-0.9743674993515015,-0.5743512511253357,-0.40001624822616577,2.7909507751464844,-0.05017432942986488,2.8411251045763493,0.02272581309080124,0.02959965541958809,0.00041188672184944153,0.0
5.307692307692308,1,1,1,1.0,0,False,0,False,1.439562439918518,2.616971969604492,-1.1774095296859741,-1.5208948850631714,-2.5974459648132324,1.076551079750061,-0.9743674993515015,-0.5742788910865784,-0.4000886082649231,2.7909507751464844,-0.04067099094390869,2.831621766090393,0.02159097045660019,0.029285062104463577,0.0005646795034408569,0.0
5.384615384615385,1,1,1,1.0,0,False,0,False,1.439562439918518,2.622767686843872,-1.183205246925354,-1.5208948850631714,-2.6004881858825684,1.079593300819397,-0.9743674993515015,-0.5742193460464478,-0.40014815330505366,2.7909507751464844,-0.03433024883270264,2.825281023979187,0.02081618458032608,0.029142294079065323,0.00027701258659362793,0.0
5.461538461538462,1,1,1,1.0,0,False,0,False,1.439562439918518,2.627985715866089,-1.1884232759475708,-1.5208948850631714,-2.599443197250366,1.0785483121871948,-0.9743674993515015,-0.5741692185401917,-0.4001982808113098,2.7909507751464844,-0.03232407569885254,2.823274850845337,0.020442210137844086,0.029134530574083328,0.00014310702681541443,0.0
5.538461538461538,1,1,1,1.0,0,False,0,False,1.439562439918518,2.6318776607513428,-1.1923152208328247,-1.5208948850631714,-2.595411539077759,1.0745166540145874,-0.9743674993515015,-0.5741194486618042,-0.40024805068969727,2.7909507751464844,-0.0342123806476593,2.8251631557941437,0.020374886691570282,0.029208499938249588,5.15766441822052e-05,0.0
5.615384615384616,1,1,1,1.0,0,False,0,False,1.439562439918518,2.634028673171997,-1.194466233253479,-1.5208948850631714,-2.5904791355133057,1.0695842504501343,-0.9743674993515015,-0.5740664005279541,-0.4003010988235473,2.7909507751464844,-0.03826798126101494,2.8292187564074993,0.020443953573703766,0.029337335377931595,8.53557139635086e-06,0.0
5.6923076923076925,1,1,1,1.0,0,False,0,False,1.439562439918518,2.6342825889587402,-1.1947201490402222,-1.5208948850631714,-2.586453676223755,1.0655587911605835,-0.9743674993515015,-0.574013352394104,-0.40035414695739746,2.7909507751464844,-0.04275333136320114,2.8337041065096855,0.02054714411497116,0.029475878924131393,3.3657997846603394e-05,0.0
5.769230769230769,1,1,1,1.0,0,False,0,False,1.439562439918518,2.632767677307129,-1.1932052373886108,-1.5208948850631714,-2.5846610069274902,1.0637661218643188,-0.9743674993515015,-0.5739659667015076,-0.4004015326499939,2.7909507751464844,-0.04639953374862671,2.837350308895111,0.02052917331457138,0.029554251581430435,6.677117198705673e-05,0.0
5.846153846153847,1,1,1,1.0,0,False,0,False,1.439562439918518,2.629948616027832,-1.190386176109314,-1.5208948850631714,-2.5859224796295166,1.0650275945663452,-0.9743674993515015,-0.5739301443099976,-0.4004373550415039,2.7909507751464844,-0.048274263739585876,2.8392250388860703,0.020267315208911896,0.02944786474108696,8.208677172660828e-05,0.0
5.923076923076923,1,1,1,1.0,0,False,0,False,1.439562439918518,2.626580238342285,-1.187017798423767,-1.5208948850631714,-2.59033465385437,1.0694397687911987,-0.9743674993515015,-0.5739089250564575,-0.40045857429504395,2.7909507751464844,-0.04772964119911194,2.8386804163455963,0.01970619708299637,0.029119592159986496,9.310431778430939e-05,0.0
6.0,1,1,1,1.0,0,False,0,False,1.439562439918518,2.6235454082489014,-1.1839829683303833,-1.5208948850631714,-2.5967953205108643,1.0759004354476929,-0.9743674993515015,-0.5738959312438965,-0.400471568107605,2.7909507751464844,-0.044732656329870224,2.8356834314763546,0.01884368807077408,0.028567347675561905,9.467825293540955e-05,0.0
6.0769230769230775,1,1,1,1.0,0,False,0,False,1.439562439918518,2.622018337249756,-1.1824558973312378,-1.5208948850631714,-2.6023435592651367,1.0814486742019653,-0.9743674993515015,-0.5738775134086609,-0.4004899859428406,2.7909507751464844,-0.040147289633750916,2.8310980647802353,0.01773133873939514,0.027829844504594803,0.00011187046766281128,0.0
6.153846153846154,1,1,1,1.0,0,False,0,False,1.439562439918518,2.6237034797668457,-1.1841410398483276,-1.5208948850631714,-2.603882312774658,1.0829874277114868,-0.9743674993515015,-0.5738566517829895,-0.40051084756851196,2.7909507751464844,-0.03498483821749687,2.8259356133639812,0.016435064375400543,0.026935089379549026,0.0003063725307583809,0.0
6.230769230769231,1,1,1,1.0,0,False,0,False,1.439562439918518,2.628519058227539,-1.188956618309021,-1.5208948850631714,-2.6024169921875,1.0815221071243286,-0.9743674993515015,-0.5738483667373657,-0.40051913261413574,2.7909507751464844,-0.029903149232268333,2.8208539243787527,0.015398092567920685,0.026105258613824844,0.0,0.0
6.307692307692308,1,1,1,1.0,0,False,0,False,1.439562439918518,2.6343915462493896,-1.1948291063308716,-1.5208948850631714,-2.6010184288024902,1.0801235437393188,-0.9743674993515015,-0.5738298296928406,-0.4005376696586609,2.7909507751464844,-0.02636430412530899,2.8173150792717934,0.014766760170459747,0.02551528438925743,0.0004183035343885422,0.0
6.384615384615385,1,1,1,1.0,0,False,0,False,1.439562439918518,2.6411871910095215,-1.2016247510910034,-1.5208948850631714,-2.599759340286255,1.0788644552230835,-0.9743674993515015,-0.5738152265548706,-0.40055227279663086,2.7909507751464844,-0.02377946302294731,2.8147302381694317,0.01412016898393631,0.025018874555826187,0.0011545419692993164,0.0
6.461538461538462,1,1,1,1.0,0,False,0,False,1.439562439918518,2.6486639976501465,-1.2091015577316284,-1.5208948850631714,-2.595033884048462,1.0741389989852905,-0.9743674993515015,-0.5738039016723633,-0.4005635976791382,2.7909507751464844,-0.025132376700639725,2.816083151847124,0.013105705380439758,0.024664942175149918,0.0010660989210009575,0.0
6.538461538461539,1,1,1,1.0,0,False,0,False,1.439562439918518,2.654467821121216,-1.2149053812026978,-1.5208948850631714,-2.59079647064209,1.0699015855789185,-0.9743674993515015,-0.573804497718811,-0.4005630016326904,2.7909507751464844,-0.028812088072299957,2.8197628632187843,0.01324993371963501,0.0246509350836277,0.0012263376265764236,0.0
6.615384615384616,1,1,1,1.0,0,False,0,False,1.439562439918518,2.6567492485046387,-1.2171868085861206,-1.5208948850631714,-2.5870351791381836,1.0661402940750122,-0.9743674993515015,-0.57379150390625,-0.40057599544525146,2.7909507751464844,-0.033713120967149734,2.824663896113634,0.014212682843208313,0.024801883846521378,0.0009613716974854469,0.0
6.6923076923076925,1,1,1,1.0,0,False,0,False,1.439562439918518,2.656126022338867,-1.2165635824203491,-1.5208948850631714,-2.5834972858428955,1.0626024007797241,-0.9743674993515015,-0.573772668838501,-0.4005948305130005,2.7909507751464844,-0.039964012801647186,2.8309147879481316,0.01526707410812378,0.025021951645612717,0.010185055434703827,0.0
6.76923076923077,1,1,1,1.0,0,False,0,False,1.439562439918518,2.653158187866211,-1.2135957479476929,-1.5208948850631714,-2.5771586894989014,1.05626380443573,-0.9743674993515015,-0.5737689733505249,-0.4005985260009765,2.7909507751464844,-0.04672839120030403,2.8376791663467884,0.01584000140428543,0.02539609745144844,0.0011928007006645203,0.0
6.846153846153847,1,1,1,1.0,0,False,0,False,1.439562439918518,2.648444175720215,-1.2088817358016968,-1.5208948850631714,-2.569028377532959,1.0481334924697876,-0.9743674993515015,-0.5737583041191101,-0.40060919523239136,2.7909507751464844,-0.05481315776705742,2.845763932913542,0.016495443880558014,0.025925111025571823,0.0010387971997261047,0.0
6.923076923076923,1,1,1,1.0,0,False,0,False,1.439562439918518,2.642826795578003,-1.2032643556594849,-1.5208948850631714,-2.560821056365967,1.0399261713027954,-0.9743674993515015,-0.5737370848655701,-0.4006304144859314,2.7909507751464844,-0.06360543519258499,2.8545562103390694,0.0172126367688179,0.0264597125351429,0.0006010010838508606,0.0
7.0,1,1,1,1.0,0,False,0,False,1.439562439918518,2.636491298675537,-1.196928858757019,-1.5208948850631714,-2.554198980331421,1.0333040952682495,-0.9743674993515015,-0.5737088918685913,-0.40065860748291016,2.7909507751464844,-0.07212799042463303,2.8630787655711174,0.01788049191236496,0.026970308274030685,0.0001329369843006134,0.0
7.0769230769230775,1,1,1,1.0,0,False,0,False,1.439562439918518,2.629415988922119,-1.189853549003601,-1.5208948850631714,-2.550474166870117,1.0295792818069458,-0.9743674993515015,-0.5736833810806274,-0.400684118270874,2.7909507751464844,-0.07932216674089432,2.8702729418873787,0.018394045531749725,0.027413826435804367,6.652902811765671e-05,0.0
7.153846153846154,1,1,1,1.0,0,False,0,False,1.439562439918518,2.621917486190796,-1.1823550462722778,-1.5208948850631714,-2.550184488296509,1.0292896032333374,-0.9743674993515015,-0.5736714601516724,-0.4006960391998291,2.7909507751464844,-0.08419746905565262,2.875148244202137,0.018641434609889984,0.02770400419831276,2.905726432800293e-06,0.0
7.230769230769231,1,1,1,1.0,0,False,0,False,1.439562439918518,2.614727258682251,-1.175164818763733,-1.5208948850631714,-2.5532376766204834,1.032342791557312,-0.9743674993515015,-0.5736759305000305,-0.40069156885147095,2.7909507751464844,-0.08610954135656357,2.877060316503048,0.01848442107439041,0.027745749801397324,0.00012664124369621277,0.0
7.307692307692308,1,1,1,1.0,0,False,0,False,1.439562439918518,2.608680486679077,-1.169118046760559,-1.5208948850631714,-2.5592286586761475,1.038333773612976,-0.9743674993515015,-0.5736932754516602,-0.4006742238998413,2.7909507751464844,-0.08482822775840759,2.875779002904892,0.01796872168779373,0.02750367298722267,0.00016247853636741638,0.0
7.384615384615385,1,1,1,1.0,0,False,0,False,1.439562439918518,2.6043612957000732,-1.1647988557815552,-1.5208948850631714,-2.566840887069702,1.0459460020065308,-0.9743674993515015,-0.5737090110778809,-0.4006584882736206,2.7909507751464844,-0.08081261068582535,2.8717633858323097,0.0171501561999321,0.027069125324487686,0.00022053252905607224,0.0
7.461538461538462,1,1,1,1.0,0,False,0,False,1.439562439918518,2.6021270751953125,-1.1625646352767944,-1.5208948850631714,-2.5740585327148438,1.0531636476516724,-0.9743674993515015,-0.5737124085426331,-0.40065509080886835,2.7909507751464844,-0.07517842203378677,2.866129197180271,0.016148775815963745,0.026524852961301804,0.00028118956834077835,0.0
7.538461538461539,1,1,1,1.0,0,False,0,False,1.439562439918518,2.601386308670044,-1.1618238687515259,-1.5208948850631714,-2.580139398574829,1.0592445135116577,-0.9743674993515015,-0.5737119913101196,-0.40065550804138184,2.7909507751464844,-0.06922813504934311,2.8601789101958275,0.01530420035123825,0.026038091629743576,0.00042302533984184265,0.0
7.615384615384616,1,1,1,1.0,0,False,0,False,1.439562439918518,2.602358818054199,-1.1627963781356812,-1.5208948850631714,-2.5847203731536865,1.0638254880905151,-0.9743674993515015,-0.5737065672874451,-0.40066093206405634,2.7909507751464844,-0.06384414434432983,2.854794919490814,0.014512203633785248,0.02556774392724037,0.0004107365384697914,0.0
7.6923076923076925,1,1,1,1.0,0,False,0,False,1.439562439918518,2.6049489974975586,-1.1653865575790405,-1.5208948850631714,-2.58819580078125,1.0673009157180786,-0.9743674993515015,-0.5737062096595764,-0.400661289691925,2.7909507751464844,-0.05934013053774834,2.8502909056842327,0.013770796358585358,0.025154616683721542,0.0005012983456254005,0.0
7.76923076923077,1,1,1,1.0,0,False,0,False,1.439562439918518,2.608943223953247,-1.169380784034729,-1.5208948850631714,-2.5887622833251953,1.067867398262024,-0.9743674993515015,-0.5737051367759705,-0.400662362575531,2.7909507751464844,-0.05752520263195038,2.8484759777784348,0.01296544075012207,0.02484392747282982,0.0006523355841636658,0.0
7.846153846153847,1,1,1,1.0,0,False,0,False,1.439562439918518,2.6133739948272705,-1.1738115549087524,-1.5208948850631714,-2.5868804454803467,1.0659855604171753,-0.9743674993515015,-0.5737071633338928,-0.40066033601760864,2.7909507751464844,-0.05896850675344467,2.849919281899929,0.0126267671585083,0.024764087051153183,0.0007711071521043777,0.0
7.923076923076923,1,1,1,1.0,0,False,0,False,1.439562439918518,2.6166858673095703,-1.1771234273910522,-1.5208948850631714,-2.5840415954589844,1.063146710395813,-0.9743674993515015,-0.5737073421478271,-0.40066015720367426,2.7909507751464844,-0.06291322410106659,2.853863999247551,0.01271539181470871,0.024842914193868637,0.0004669744521379471,0.0
8.0,1,1,1,1.0,0,False,0,False,1.439562439918518,2.618129014968872,-1.178566575050354,-1.5208948850631714,-2.5799758434295654,1.059080958366394,-0.9743674993515015,-0.5737064480781555,-0.40066105127334595,2.7909507751464844,-0.06870152056217194,2.8596522957086563,0.013042762875556946,0.02504948154091835,0.0006620213389396667,0.0
8.076923076923077,1,1,1,1.0,0,False,0,False,1.439562439918518,2.6178672313690186,-1.1783047914505005,-1.5208948850631714,-2.5742270946502686,1.0533322095870972,-0.9743674993515015,-0.5737054347991943,-0.40066206455230713,2.7909507751464844,-0.07579120248556137,2.8667419776320457,0.013526976108551025,0.02533460035920143,0.0008738972246646881,0.0
8.153846153846155,1,1,1,1.0,0,False,0,False,1.439562439918518,2.616190195083618,-1.1766277551651,-1.5208948850631714,-2.567241668701172,1.0463467836380005,-0.9743674993515015,-0.5737027525901794,-0.400664746761322,2.7909507751464844,-0.08346551656723022,2.8744162917137146,0.014156848192214966,0.025700528174638748,0.0011090189218521118,0.0
8.230769230769232,1,1,1,1.0,0,False,0,False,1.439562439918518,2.6134562492370605,-1.1738938093185425,-1.5208948850631714,-2.5598464012145996,1.0389515161514282,-0.9743674993515015,-0.5736938714981079,-0.40067362785339355,2.7909507751464844,-0.09151013940572739,2.8824609145522118,0.014870397746562958,0.02612553909420967,0.0007276423275470734,0.0
8.307692307692308,1,1,1,1.0,0,False,0,False,1.439562439918518,2.610029458999634,-1.1704670190811157,-1.5208948850631714,-2.5530014038085938,1.0321065187454224,-0.9743674993515015,-0.5736812949180603,-0.4006862044334412,2.7909507751464844,-0.09913542121648788,2.8900861963629723,0.015553504228591919,0.026547353714704514,0.0004891306161880493,0.0
8.384615384615385,1,1,1,1.0,0,False,0,False,1.439562439918518,2.605988025665283,-1.1664255857467651,-1.5208948850631714,-2.5476040840148926,1.0267091989517212,-0.9743674993515015,-0.5736669898033142,-0.40070050954818726,2.7909507751464844,-0.10577371716499329,2.8967244923114777,0.016146935522556305,0.026944223791360855,0.0002857297658920288,0.0
8.461538461538462,1,1,1,1.0,0,False,0,False,1.439562439918518,2.60144305229187,-1.161880612373352,-1.5208948850631714,-2.54435396194458,1.0234590768814087,-0.9743674993515015,-0.5736563801765442,-0.4007111191749573,2.7909507751464844,-0.11093409359455109,2.9018848687410355,0.01659134030342102,0.02727561816573143,0.00017119571566581726,0.0
8.538461538461538,1,1,1,1.0,0,False,0,False,1.439562439918518,2.596717357635498,-1.15715491771698,-1.5208948850631714,-2.543623924255371,1.0227290391921997,-0.9743674993515015,-0.5736531019210815,-0.40071439743041987,2.7909507751464844,-0.11416273564100266,2.905113510787487,0.016828909516334534,0.027489658445119858,0.00012179836630821228,0.0
8.615384615384617,1,1,1,1.0,0,False,0,False,1.439562439918518,2.5923163890838623,-1.1527539491653442,-1.5208948850631714,-2.545523166656494,1.0246282815933228,-0.9743674993515015,-0.5736595392227173,-0.4007079601287842,2.7909507751464844,-0.11508794873952866,2.906038723886013,0.016778983175754547,0.027530182152986526,0.00011961907148361206,0.0
8.692307692307693,1,1,1,1.0,0,False,0,False,1.439562439918518,2.588773250579834,-1.149210810661316,-1.5208948850631714,-2.5499651432037354,1.029070258140564,-0.9743674993515015,-0.5736739039421082,-0.40069359540939326,2.7909507751464844,-0.1134754866361618,2.904426261782646,0.016439147293567657,0.027362708002328873,0.00010024756193161011,0.0
8.76923076923077,1,1,1,1.0,0,False,0,False,1.439562439918518,2.5864646434783936,-1.1469022035598755,-1.5208948850631714,-2.5563361644744873,1.035441279411316,-0.9743674993515015,-0.573688805103302,-0.40067869424819946,2.7909507751464844,-0.10948017984628677,2.900430954992771,0.015862740576267242,0.02704727277159691,0.00016199424862861633,0.0
8.846153846153847,1,1,1,1.0,0,False,0,False,1.439562439918518,2.585498571395874,-1.145936131477356,-1.5208948850631714,-2.563513994216919,1.0426191091537476,-0.9743674993515015,-0.5736967921257019,-0.40067070722579956,2.7909507751464844,-0.10377880185842514,2.8947295770049095,0.015132613480091095,0.02665424719452858,0.00026932451874017715,0.0
8.923076923076923,1,1,1,1.0,0,False,0,False,1.439562439918518,2.585728168487549,-1.1461657285690308,-1.5208948850631714,-2.570556402206421,1.0496615171432495,-0.9743674993515015,-0.5736985206604004,-0.4006689786911011,2.7909507751464844,-0.09727167338132858,2.888222448527813,0.014366671442985535,0.026265759021043777,0.00034547876566648483,0.0
9.0,1,1,1,1.0,0,False,0,False,1.439562439918518,2.586550235748291,-1.146987795829773,-1.5208948850631714,-2.5769877433776855,1.0560928583145142,-0.9743674993515015,-0.5736962556838989,-0.40067124366760254,2.7909507751464844,-0.09123409539461136,2.8821848705410957,0.013709403574466705,0.025977913290262222,0.0003939680755138397,0.0
9.076923076923077,1,1,1,1.0,0,False,0,False,1.439562439918518,2.588242530822754,-1.1486800909042358,-1.5208948850631714,-2.5820086002349854,1.061113715171814,-0.9743674993515015,-0.5736919045448303,-0.4006755948066712,2.7909507751464844,-0.08642684668302536,2.8773776218295097,0.013160347938537598,0.02576252445578575,0.0003731437027454376,0.0
9.153846153846155,1,1,1,1.0,0,False,0,False,1.439562439918518,2.5905704498291016,-1.1510080099105835,-1.5208948850631714,-2.584998846054077,1.0641039609909058,-0.9743674993515015,-0.5736896991729736,-0.40067780017852783,2.7909507751464844,-0.08350489288568497,2.8744556680321693,0.012807473540306091,0.025652173906564713,0.000327499583363533,0.0
9.230769230769232,1,1,1,1.0,0,False,0,False,1.439562439918518,2.5929031372070312,-1.1533406972885132,-1.5208948850631714,-2.585648775100708,1.0647538900375366,-0.9743674993515015,-0.5736896991729736,-0.40067780017852783,2.7909507751464844,-0.08280660957098007,2.8737573847174644,0.012664586305618286,0.025641832500696182,0.0002399040386080742,0.0
9.307692307692308,1,1,1,1.0,0,False,0,False,1.439562439918518,2.594599723815918,-1.1550372838974,-1.5208948850631714,-2.584287166595459,1.0633922815322876,-0.9743674993515015,-0.5736902952194214,-0.4006772041320801,2.7909507751464844,-0.08417554944753647,2.875126324594021,0.01269964873790741,0.025712791830301285,0.00017192214727401733,0.0
9.384615384615385,1,1,1,1.0,0,False,0,False,1.439562439918518,2.595489978790283,-1.1559275388717651,-1.5208948850631714,-2.581275224685669,1.0603803396224976,-0.9743674993515015,-0.5736900568008423,-0.4006774425506591,2.7909507751464844,-0.08739971369504929,2.8783504888415337,0.012890435755252838,0.025838982313871384,9.81288030743599e-05,0.0
9.461538461538462,1,1,1,1.0,0,False,0,False,1.439562439918518,2.595659017562866,-1.1560965776443481,-1.5208948850631714,-2.5770866870880127,1.0561918020248413,-0.9743674993515015,-0.5736876726150513,-0.4006798267364502,2.7909507751464844,-0.0918484777212143,2.8827992528676987,0.013190723955631256,0.025993723422288895,0.00017821788787841797,0.0
9.538461538461538,1,1,1,1.0,0,False,0,False,1.439562439918518,2.5951619148254395,-1.1555994749069214,-1.5208948850631714,-2.5722920894622803,1.0513972043991089,-0.9743674993515015,-0.5736852884292603,-0.40068221092224116,2.7909507751464844,-0.09692461043596268,2.887875385582447,0.01356363296508789,0.026180464774370193,0.00022470951080322266,0.0
9.615384615384617,1,1,1,1.0,0,False,0,False,1.439562439918518,2.594085693359375,-1.154523253440857,-1.5208948850631714,-2.567430019378662,1.0465351343154907,-0.9743674993515015,-0.5736818313598633,-0.4006856679916382,2.7909507751464844,-0.1021135151386261,2.8930642902851105,0.013969875872135162,0.026391703635454178,0.00023439526557922363,0.0
9.692307692307693,1,1,1,1.0,0,False,0,False,1.439562439918518,2.592543601989746,-1.152981162071228,-1.5208948850631714,-2.562962055206299,1.0420671701431274,-0.9743674993515015,-0.5736770629882812,-0.4006904363632202,2.7909507751464844,-0.10700543224811554,2.8979562073946,0.014368563890457153,0.026608947664499283,0.0002191402018070221,0.0
9.76923076923077,1,1,1,1.0,0,False,0,False,1.439562439918518,2.5906620025634766,-1.1510995626449585,-1.5208948850631714,-2.5592823028564453,1.038387417793274,-0.9743674993515015,-0.5736727714538574,-0.40069472789764404,2.7909507751464844,-0.11127598583698273,2.902226760983467,0.014722548425197601,0.02681029960513115,0.0001803971827030182,0.0
9.846153846153847,1,1,1,1.0,0,False,0,False,1.439562439918518,2.5885822772979736,-1.1490198373794556,-1.5208948850631714,-2.5567116737365723,1.0358167886734009,-0.9743674993515015,-0.5736703872680664,-0.40069711208343506,2.7909507751464844,-0.11466345936059952,2.905614234507084,0.014999032020568848,0.02697349712252617,0.0001399591565132141,0.0
9.923076923076923,1,1,1,1.0,0,False,0,False,1.439562439918518,2.586483955383301,-1.1469215154647827,-1.5208948850631714,-2.555476665496826,1.0345817804336548,-0.9743674993515015,-0.5736699104309082,-0.40069758892059326,2.7909507751464844,-0.11694443970918655,2.907895214855671,0.015170566737651825,0.027077998965978622,0.00010630115866661072,0.0
10.0,1,1,1,1.0,0,False,0,False,1.439562439918518,2.584573745727539,-1.145011305809021,-1.5208948850631714,-2.5556881427764893,1.0347932577133179,-0.9743674993515015,-0.5736724734306335,-0.4006950259208679,2.7909507751464844,-0.11793993413448334,2.9088907092809677,0.015209145843982697,0.02710455283522606,7.627531886100769e-05,0.0
10.076923076923077,1,1,1,1.0,0,False,0,False,1.439562439918518,2.5830581188201904,-1.1434956789016724,-1.5208948850631714,-2.5573086738586426,1.0364137887954712,-0.9743674993515015,-0.5736772418022156,-0.4006902575492859,2.7909507751464844,-0.11754634976387024,2.9084971249103546,0.015090584754943848,0.027037974447011948,6.392598152160645e-05,0.0
10.153846153846155,1,1,1,1.0,0,False,0,False,1.439562439918518,2.5820975303649902,-1.1425350904464722,-1.5208948850631714,-2.5601072311401367,1.0392123460769653,-0.9743674993515015,-0.5736820101737976,-0.40068548917770386,2.7909507751464844,-0.11580406874418259,2.906754843890667,0.014846540987491608,0.026903245598077774,6.913207471370697e-05,0.0
10.230769230769232,1,1,1,1.0,0,False,0,False,1.439562439918518,2.5817666053771973,-1.1422041654586792,-1.5208948850631714,-2.5636539459228516,1.0427590608596802,-0.9743674993515015,-0.5736864805221558,-0.4006810188293457,2.7909507751464844,-0.11296126991510391,2.9039120450615883,0.014507889747619629,0.026727434247732162,0.00014141201972961426,0.0
10.307692307692308,1,1,1,1.0,0,False,0,False,1.439562439918518,2.582043170928955,-1.142480731010437,-1.5208948850631714,-2.567411422729492,1.0465165376663208,-0.9743674993515015,-0.5736884474754333,-0.4006790518760681,2.7909507751464844,-0.10946144908666611,2.9004122242331505,0.014121942222118378,0.02654518559575081,0.0001795496791601181,0.0
10.384615384615385,1,1,1,1.0,0,False,0,False,1.439562439918518,2.582822322845459,-1.143259882926941,-1.5208948850631714,-2.570842981338501,1.0499480962753296,-0.9743674993515015,-0.5736884474754333,-0.4006790518760681,2.7909507751464844,-0.10585912317037582,2.89680989831686,0.01374218612909317,0.02638816460967064,0.00019111204892396927,0.0
10.461538461538462,1,1,1,1.0,0,False,0,False,1.439562439918518,2.583940029144287,-1.144377589225769,-1.5208948850631714,-2.573481321334839,1.0525864362716675,-0.9743674993515015,-0.5736867785453796,-0.4006807208061218,2.7909507751464844,-0.10271484404802322,2.8936656191945076,0.01341836154460907,0.02627788856625557,0.0001912936568260193,0.0
10.538461538461538,1,1,1,1.0,0,False,0,False,1.439562439918518,2.5852038860321045,-1.1456414461135864,-1.5208948850631714,-2.574984073638916,1.0540891885757446,-0.9743674993515015,-0.5736843943595886,-0.40068310499191284,2.7909507751464844,-0.1005048006772995,2.891455575823784,0.013187706470489502,0.026222657412290573,0.00015684869140386581,0.0
10.615384615384617,1,1,1,1.0,0,False,0,False,1.439562439918518,2.586419105529785,-1.146856665611267,-1.5208948850631714,-2.575242280960083,1.0543473958969116,-0.9743674993515015,-0.5736837983131409,-0.40068370103836065,2.7909507751464844,-0.09952735900878906,2.8904781341552734,0.013066425919532776,0.026214782148599625,0.00013166572898626328,0.0
10.692307692307693,1,1,1,1.0,0,False,0,False,1.439562439918518,2.587423801422119,-1.147861361503601,-1.5208948850631714,-2.5744216442108154,1.053526759147644,-0.9743674993515015,-0.5736837983131409,-0.40068370103836065,2.7909507751464844,-0.09980521351099014,2.8907559886574745,0.013043403625488281,0.026239003986120224,8.190516382455826e-05,0.0
10.76923076923077,1,1,1,1.0,0,False,0,False,1.439562439918518,2.588104724884033,-1.1485422849655151,-1.5208948850631714,-2.572842836380005,1.0519479513168335,-0.9743674993515015,-0.5736837983131409,-0.40068370103836065,2.7909507751464844,-0.10111313313245773,2.892063908278942,0.013087227940559387,0.02628893032670021,4.927627742290497e-05,0.0
10.846153846153847,1,1,1,1.0,0,False,0,False,1.439562439918518,2.5884101390838623,-1.1488476991653442,-1.5208948850631714,-2.570829153060913,1.0499342679977417,-0.9743674993515015,-0.5736837983131409,-0.40068370103836065,2.7909507751464844,-0.10310601443052292,2.8940567895770073,0.013189300894737244,0.026353735476732254,1.5739351511001587e-05,0.0
10.923076923076923,1,1,1,1.0,0,False,0,False,1.439562439918518,2.5883491039276123,-1.1487866640090942,-1.5208948850631714,-2.56864070892334,1.0477458238601685,-0.9743674993515015,-0.5736837983131409,-0.40068370103836065,2.7909507751464844,-0.10544925928115845,2.896400034427643,0.013325631618499756,0.026426266878843307,1.8402934074401855e-05,0.0
11.0,1,1,1,1.0,0,False,0,False,1.439562439918518,2.587986707687378,-1.1484242677688599,-1.5208948850631714,-2.5664620399475098,1.0455671548843384,-0.9743674993515015,-0.5736837983131409,-0.40068370103836065,2.7909507751464844,-0.10788380354642868,2.898834578692913,0.01347775012254715,0.026501577347517014,4.842877388000488e-05,0.0
11.076923076923077,1,1,1,1.0,0,False,0,False,1.439562439918518,2.587418556213379,-1.1478561162948608,-1.5208948850631714,-2.5644326210021973,1.0435377359390259,-0.9743674993515015,-0.5736837983131409,-0.40068370103836065,2.7909507751464844,-0.1102277860045433,2.9011785611510277,0.013631559908390045,0.026575561612844467,7.821246981620789e-05,0.0
11.153846153846155,1,1,1,1.0,0,False,0,False,1.439562439918518,2.586742401123047,-1.1471799612045288,-1.5208948850631714,-2.562664270401001,1.0417693853378296,-0.9743674993515015,-0.5736837983131409,-0.40068370103836065,2.7909507751464844,-0.11235097795724869,2.903301753103733,0.013775743544101715,0.02664380893111229,7.14324414730072e-05,0.0
11.230769230769232,1,1,1,1.0,0,False,0,False,1.439562439918518,2.586036443710327,-1.146474003791809,-1.5208948850631714,-2.5612356662750244,1.040340781211853,-0.9743674993515015,-0.5736837983131409,-0.40068370103836065,2.7909507751464844,-0.11416202038526535,2.9051127955317497,0.013900481164455414,0.02670188620686531,6.997957825660706e-05,0.0
11.307692307692308,1,1,1,1.0,0,False,0,False,1.439562439918518,2.5853796005249023,-1.1458171606063843,-1.5208948850631714,-2.5602023601531982,1.0393074750900269,-0.9743674993515015,-0.5736837983131409,-0.40068370103836065,2.7909507751464844,-0.1155821681022644,2.906532943248749,0.013997606933116913,0.026745866984128952,6.586313247680664e-05,0.0
11.384615384615385,1,1,1,1.0,0,False,0,False,1.439562439918518,2.5848164558410645,-1.1452540159225464,-1.5208948850631714,-2.5595743656158447,1.0386794805526733,-0.9743674993515015,-0.5736837983131409,-0.40068370103836065,2.7909507751464844,-0.1165742352604866,2.907525010406971,0.0140618234872818,0.02677355334162712,6.319954991340637e-05,0.0
11.461538461538462,1,1,1,1.0,0,False,0,False,1.439562439918518,2.5843875408172607,-1.1448251008987427,-1.5208948850631714,-2.559323310852051,1.0384284257888794,-0.9743674993515015,-0.5736837983131409,-0.40068370103836065,2.7909507751464844,-0.11713053286075592,2.9080813080072403,0.014091171324253082,0.026784729212522507,6.392598152160645e-05,0.0
11.538461538461538,1,1,1,1.0,0,False,0,False,1.439562439918518,2.584106206893921,-1.1445437669754028,-1.5208948850631714,-2.559396982192993,1.0385020971298218,-0.9743674993515015,-0.5736837983131409,-0.40068370103836065,2.7909507751464844,-0.11727974563837051,2.908230520784855,0.014081530272960663,0.026778411120176315,5.472451448440552e-05,0.0
11.615384615384617,1,1,1,1.0,0,False,0,False,1.439562439918518,2.583977460861206,-1.144415020942688,-1.5208948850631714,-2.5597171783447266,1.0388222932815552,-0.9743674993515015,-0.5736837983131409,-0.40068370103836065,2.7909507751464844,-0.11708424240350723,2.9080350175499916,0.014041945338249207,0.02676079049706459,4.891306161880493e-05,0.0
11.692307692307693,1,1,1,1.0,0,False,0,False,1.439562439918518,2.583991765975952,-1.144429326057434,-1.5208948850631714,-2.5601983070373535,1.0393034219741821,-0.9743674993515015,-0.5736837983131409,-0.40068370103836065,2.7909507751464844,-0.11662603914737701,2.9075768142938614,0.013980768620967865,0.02673623338341713,3.523193299770355e-05,0.0
11.76923076923077,1,1,1,1.0,0,False,0,False,1.439562439918518,2.584127902984619,-1.144565463066101,-1.5208948850631714,-2.5607547760009766,1.0398598909378052,-0.9743674993515015,-0.5736837983131409,-0.40068370103836065,2.7909507751464844,-0.11600099503993988,2.9069517701864243,0.013905711472034454,0.026708584278821945,4.509929567575455e-05,0.0
11.846153846153847,1,1,1,1.0,0,False,0,False,1.439562439918518,2.5843541622161865,-1.1447917222976685,-1.5208948850631714,-2.561307191848755,1.0404123067855835,-0.9743674993515015,-0.5736837983131409,-0.40068370103836065,2.7909507751464844,-0.11530967801809311,2.9062604531645775,0.01382444053888321,0.026680972427129745,4.643108695745468e-05,0.0
11.923076923076923,1,1,1,1.0,0,False,0,False,1.439562439918518,2.5846405029296875,-1.1450780630111694,-1.5208948850631714,-2.561797857284546,1.0409029722213745,-0.9743674993515015,-0.5736837983131409,-0.40068370103836065,2.7909507751464844,-0.11463602632284164,2.905586801469326,0.013743624091148376,0.026655759662389755,4.848930984735489e-05,0.0
12.0,1,1,1,1.0,0,False,0,False,1.439562439918518,2.584949016571045,-1.1453865766525269,-1.5208948850631714,-2.562183380126953,1.0412884950637817,-0.9743674993515015,-0.5736837983131409,-0.40068370103836065,2.7909507751464844,-0.1140519380569458,2.90500271320343,0.013668611645698547,0.02663430944085121,5.006324499845505e-05,0.0
12.076923076923078,1,1,1,1.0,0,False,0,False,1.439562439918518,2.585254669189453,-1.145692229270935,-1.5208948850631714,-2.5624423027038574,1.041547417640686,-0.9743674993515015,-0.5736837983131409,-0.40068370103836065,2.7909507751464844,-0.1136016994714737,2.904552474617958,0.01360291987657547,0.026617180556058884,4.4978223741054535e-05,0.0
12.153846153846155,1,1,1,1.0,0,False,0,False,1.439562439918518,2.585524797439575,-1.1459623575210571,-1.5208948850631714,-2.562570095062256,1.0416752099990845,-0.9743674993515015,-0.5736837983131409,-0.40068370103836065,2.7909507751464844,-0.11331478506326675,2.904265560209751,0.013548687100410461,0.02660432830452919,3.414228558540344e-05,0.0
12.230769230769232,1,1,1,1.0,0,False,0,False,1.439562439918518,2.585747718811035,-1.146185278892517,-1.5208948850631714,-2.562575101852417,1.0416802167892456,-0.9743674993515015,-0.5736837983131409,-0.40068370103836065,2.7909507751464844,-0.11319059878587723,2.9041413739323616,0.013506412506103516,0.026595544070005417,3.4868717193603516e-05,0.0
12.307692307692308,1,1,1,1.0,0,False,0,False,1.439562439918518,2.585916757583618,-1.1463543176651,-1.5208948850631714,-2.5624661445617676,1.0415712594985962,-0.9743674993515015,-0.5736837983131409,-0.40068370103836065,2.7909507751464844,-0.11322323232889175,2.904174007475376,0.013476170599460602,0.026590552181005478,2.8330832719802856e-05,0.0
12.384615384615385,1,1,1,1.0,0,False,0,False,1.439562439918518,2.5860331058502197,-1.1464706659317017,-1.5208948850631714,-2.5622611045837402,1.0413662195205688,-0.9743674993515015,-0.5736837387084961,-0.40068376064300537,2.7909507751464844,-0.11339139938354492,2.9043421745300293,0.013457275927066803,0.026589203625917435,2.2640451788902283e-05,0.0
12.461538461538462,1,1,1,1.0,0,False,0,False,1.439562439918518,2.5860989093780518,-1.1465364694595337,-1.5208948850631714,-2.5619688034057617,1.0410739183425903,-0.9743674993515015,-0.5736837387084961,-0.40068376064300537,2.7909507751464844,-0.11367607861757278,2.904626853764057,0.01344897598028183,0.026590634137392044,2.6756897568702698e-05,0.0
12.538461538461538,1,1,1,1.0,0,False,0,False,1.439562439918518,2.58612322807312,-1.146560788154602,-1.5208948850631714,-2.561608076095581,1.0407131910324097,-0.9743674993515015,-0.5736837387084961,-0.40068376064300537,2.7909507751464844,-0.11404737830162048,2.904998153448105,0.01344907283782959,0.02659546211361885,1.3317912817001343e-05,0.0
12.615384615384617,1,1,1,1.0,0,False,0,False,1.439562439918518,2.5861153602600098,-1.1465529203414917,-1.5208948850631714,-2.5611889362335205,1.0402940511703491,-0.9743674993515015,-0.5736837387084961,-0.40068376064300537,2.7909507751464844,-0.11448946595191956,2.905440241098404,0.013456679880619049,0.02660359814763069,1.864507794380188e-05,0.0
12.692307692307693,1,1,1,1.0,0,False,0,False,1.439562439918518,2.5860800743103027,-1.1465176343917847,-1.5208948850631714,-2.560718536376953,1.0398236513137817,-0.9743674993515015,-0.5736837387084961,-0.40068376064300537,2.7909507751464844,-0.11498464643955231,2.9059354215860367,0.013471946120262146,0.026614848524332047,1.0170042514801025e-05,0.0
12.76923076923077,1,1,1,1.0,0,False,0,False,1.439562439918518,2.5860257148742676,-1.1464632749557495,-1.5208948850631714,-2.560222625732422,1.0393277406692505,-0.9743674993515015,-0.5736837387084961,-0.40068376064300537,2.7909507751464844,-0.11551258713006973,2.906463362276554,0.013492859899997711,0.0266285203397274,1.9855797290802002e-05,0.0
12.846153846153847,1,1,1,1.0,0,False,0,False,1.439562439918518,2.5859546661376953,-1.1463922262191772,-1.5208948850631714,-2.5597167015075684,1.038821816444397,-0.9743674993515015,-0.5736837387084961,-0.40068376064300537,2.7909507751464844,-0.11604885011911392,2.9069996252655983,0.013517685234546661,0.026644039899110794,2.08243727684021e-05,0.0
12.923076923076923,1,1,1,1.0,0,False,0,False,1.439562439918518,2.5858733654022217,-1.1463109254837036,-1.5208948850631714,-2.5592222213745117,1.0383273363113403,-0.9743674993515015,-0.5736837387084961,-0.40068376064300537,2.7909507751464844,-0.11657408624887466,2.907524861395359,0.013544261455535889,0.02666044607758522,3.0510127544403076e-05,0.0
13.0,1,1,1,1.0,0,False,0,False,1.439562439918518,2.585784912109375,-1.146222472190857,-1.5208948850631714,-2.5587611198425293,1.037866234779358,-0.9743674993515015,-0.5736837387084961,-0.40068376064300537,2.7909507751464844,-0.1170664131641388,2.908017188310623,0.013570308685302734,0.026676643639802933,1.9613653421401978e-05,0.0
13.076923076923078,1,1,1,1.0,0,False,0,False,1.439562439918518,2.58569073677063,-1.1461282968521118,-1.5208948850631714,-2.5583548545837402,1.0374599695205688,-0.9743674993515015,-0.5736837387084961,-0.40068376064300537,2.7909507751464844,-0.11750305444002151,2.908453829586506,0.013593561947345734,0.026691582053899765,2.4940818548202515e-05,0.0
13.153846153846155,1,1,1,1.0,0,False,0,False,1.439562439918518,2.585599422454834,-1.146036982536316,-1.5208948850631714,-2.5580217838287354,1.037126898765564,-0.9743674993515015,-0.5736837387084961,-0.40068376064300537,2.7909507751464844,-0.11786378175020218,2.9088145568966866,0.013611681759357452,0.026704203337430954,2.905726432800293e-05,0.0
13.230769230769232,1,1,1,1.0,0,False,0,False,1.439562439918518,2.5855138301849365,-1.1459513902664185,-1.5208948850631714,-2.557774543762207,1.0368796586990356,-0.9743674993515015,-0.5736835598945618,-0.40068393945693975,2.7909507751464844,-0.11813895404338837,2.9090897291898727,0.013623297214508057,0.026713665574789047,3.511086106300354e-05,0.0
13.307692307692308,1,1,1,1.0,0,False,0,False,1.439562439918518,2.585434675216675,-1.1458722352981567,-1.5208948850631714,-2.5576179027557373,1.036723017692566,-0.9743674993515015,-0.5736817121505737,-0.4006857872009277,2.7909507751464844,-0.1183251291513443,2.9092759042978287,0.013626977801322937,0.026719365268945694,2.1066516637802124e-05,0.0
13.384615384615385,1,1,1,1.0,0,False,0,False,1.439562439918518,2.585376262664795,-1.1458138227462769,-1.5208948850631714,-2.557555913925171,1.0366610288619995,-0.9743674993515015,-0.5736818909645081,-0.4006856083869934,2.7909507751464844,-0.11840999871492386,2.9093607738614082,0.013620562851428986,0.02672092244029045,2.857297658920288e-05,0.0
13.461538461538462,1,1,1,1.0,0,False,0,False,1.439562439918518,2.5853378772735596,-1.1457754373550415,-1.5208948850631714,-2.557579278945923,1.0366843938827515,-0.9743674993515015,-0.5736806988716125,-0.4006868004798889,2.7909507751464844,-0.11840350180864334,2.9093542769551277,0.01360582560300827,0.02671785280108452,1.9855797290802002e-05,0.0
13.53846153846154,1,1,1,1.0,0,False,0,False,1.439562439918518,2.585322618484497,-1.145760178565979,-1.5208948850631714,-2.557673454284668,1.0367785692214966,-0.9743674993515015,-0.5736818909645081,-0.4006856083869934,2.7909507751464844,-0.11831934750080109,2.9092701226472855,0.013583861291408539,0.026711400598287582,1.646578311920166e-05,0.0
13.615384615384617,1,1,1,1.0,0,False,0,False,1.439562439918518,2.585332155227661,-1.145769715309143,-1.5208948850631714,-2.557821035385132,1.0369261503219604,-0.9743674993515015,-0.5736824870109558,-0.4006850123405457,2.7909507751464844,-0.11817212402820587,2.9091228991746902,0.013555973768234253,0.02670229598879814,2.2277235984802246e-05,0.0
13.692307692307693,1,1,1,1.0,0,False,0,False,1.439562439918518,2.585364580154419,-1.1458021402359009,-1.5208948850631714,-2.5580008029937744,1.037105917930603,-0.9743674993515015,-0.5736830830574036,-0.40068441629409784,2.7909507751464844,-0.11798310279846191,2.9089338779449463,0.013523958623409271,0.02669142559170723,1.9795261323451996e-05,0.0
13.76923076923077,1,1,1,1.0,0,False,0,False,1.439562439918518,2.5854175090789795,-1.1458550691604614,-1.5208948850631714,-2.558189630508423,1.0372947454452515,-0.9743674993515015,-0.5736834406852722,-0.40068405866622925,2.7909507751464844,-0.11777591705322266,2.908726692199707,0.013489976525306702,0.026679780334234238,3.2568350434303284e-05,0.0
13.846153846153847,1,1,1,1.0,0,False,0,False,1.439562439918518,2.58548641204834,-1.1459239721298218,-1.5208948850631714,-2.558366537094116,1.0374716520309448,-0.9743674993515015,-0.5736839771270752,-0.40068352222442627,2.7909507751464844,-0.1175743117928505,2.908525086939335,0.013456091284751892,0.026668336242437363,2.5364570319652557e-05,0.0
13.923076923076923,1,1,1,1.0,0,False,0,False,1.439562439918518,2.5855627059936523,-1.1460002660751343,-1.5208948850631714,-2.5585105419158936,1.0376156568527222,-0.9743674993515015,-0.5736855864524841,-0.40068191289901733,2.7909507751464844,-0.11740337312221527,2.9083541482686996,0.013424426317214966,0.026657920330762863,3.081280738115311e-05,0.0
14.0,1,1,1,1.0,0,False,0,False,1.439562439918518,2.5856451988220215,-1.1460827589035034,-1.5208948850631714,-2.5586097240448,1.0377148389816284,-0.9743674993515015,-0.5736868381500244,-0.40068066120147705,2.7909507751464844,-0.11727461963891983,2.908225394785404,0.01339651644229889,0.026649240404367447,2.1792948246002197e-05,0.0
14.076923076923078,1,1,1,1.0,0,False,0,False,1.439562439918518,2.5857226848602295,-1.1461602449417114,-1.5208948850631714,-2.5586538314819336,1.0377589464187622,-0.9743674993515015,-0.5736929774284363,-0.4006745219230652,2.7909507751464844,-0.1172037348151207,2.908154509961605,0.01337362825870514,0.026642750948667526,2.639368176460266e-05,0.0
14.153846153846155,1,1,1,1.0,0,False,0,False,1.439562439918518,2.5857913494110107,-1.1462289094924927,-1.5208948850631714,-2.558638334274292,1.0377434492111206,-0.9743674993515015,-0.573695957660675,-0.4006715416908264,2.7909507751464844,-0.11719559133052826,2.9081463664770126,0.013356588780879974,0.026638749986886978,2.6514753699302673e-05,0.0
14.230769230769232,1,1,1,1.0,0,False,0,False,1.439562439918518,2.5858473777770996,-1.1462849378585815,-1.5208948850631714,-2.558561325073242,1.0376664400100708,-0.9743674993515015,-0.5736956596374512,-0.4006718397140503,2.7909507751464844,-0.11725658923387527,2.9082073643803596,0.013345800340175629,0.026637356728315353,3.0025839805603027e-05,0.0
14.307692307692308,1,1,1,1.0,0,False,0,False,1.439562439918518,2.5858864784240723,-1.1463240385055542,-1.5208948850631714,-2.558429002761841,1.0375341176986694,-0.9743674993515015,-0.5736953020095825,-0.40067219734191895,2.7909507751464844,-0.11738115549087524,2.9083319306373596,0.013341084122657776,0.026638034731149673,1.695007085800171e-05,0.0
14.384615384615385,1,1,1,1.0,0,False,0,False,1.439562439918518,2.5859060287475586,-1.1463435888290405,-1.5208948850631714,-2.5582478046417236,1.0373529195785522,-0.9743674993515015,-0.5736930966377258,-0.40067440271377563,2.7909507751464844,-0.11756428331136703,2.9085150584578514,0.01334131509065628,0.02664092555642128,9.927898645401001e-06,0.0
14.461538461538462,1,1,1,1.0,0,False,0,False,1.439562439918518,2.5859055519104004,-1.1463431119918823,-1.5208948850631714,-2.558030605316162,1.0371357202529907,-0.9743674993515015,-0.573695719242096,-0.4006717801094055,2.7909507751464844,-0.11779148131608963,2.908742256462574,0.013345964252948761,0.026645731180906296,2.2277235984802246e-05,0.0
14.53846153846154,1,1,1,1.0,0,False,0,False,1.439562439918518,2.585888385772705,-1.146325945854187,-1.5208948850631714,-2.5577971935272217,1.0369023084640503,-0.9743674993515015,-0.5736939907073975,-0.400673508644104,2.7909507751464844,-0.11804117262363434,2.9089919477701187,0.01335405558347702,0.02665187045931816,1.4044344425201416e-05,0.0
14.615384615384617,1,1,1,1.0,0,False,0,False,1.439562439918518,2.5858547687530518,-1.1462923288345337,-1.5208948850631714,-2.5575568675994873,1.036661982536316,-0.9743674993515015,-0.5736918449401855,-0.4006756544113159,2.7909507751464844,-0.11830396950244904,2.9092547446489334,0.013364441692829132,0.026658792048692703,1.598149538040161e-05,0.0
14.692307692307693,1,1,1,1.0,0,False,0,False,1.439562439918518,2.5858097076416016,-1.1462472677230835,-1.5208948850631714,-2.5573232173919678,1.0364283323287964,-0.9743674993515015,-0.5736913084983826,-0.4006761908531189,2.7909507751464844,-0.11856565624475479,2.909516431391239,0.013375915586948395,0.026665959507226944,1.4165416359901428e-05,0.0
14.76923076923077,1,1,1,1.0,0,False,0,False,1.439562439918518,2.585756301879883,-1.1461938619613647,-1.5208948850631714,-2.557108163833618,1.0362132787704468,-0.9743674993515015,-0.5736907124519348,-0.40067678689956665,2.7909507751464844,-0.11881228536367416,2.9097630605101585,0.013387121260166168,0.026672791689634323,1.7918646335601807e-05,0.0
14.846153846153847,1,1,1,1.0,0,False,0,False,1.439562439918518,2.585700750350952,-1.146138310432434,-1.5208948850631714,-2.5569236278533936,1.0360287427902222,-0.9743674993515015,-0.5736903548240662,-0.4006771445274353,2.7909507751464844,-0.11902770400047302,2.9099784791469574,0.01339680701494217,0.026678811758756638,1.7918646335601807e-05,0.0
14.923076923076923,1,1,1,1.0,0,False,0,False,1.439562439918518,2.585644483566284,-1.1460820436477661,-1.5208948850631714,-2.5567739009857178,1.0358790159225464,-0.9743674993515015,-0.5736897587776184,-0.40067774057388306,2.7909507751464844,-0.11920832097530365,2.910159096121788,0.013404108583927155,0.02668362483382225,1.5012919902801514e-05,0.0
15.0,1,1,1,1.0,0,False,0,False,1.439562439918518,2.5855932235717773,-1.1460307836532593,-1.5208948850631714,-2.5566658973693848,1.0357710123062134,-0.9743674993515015,-0.5736898183822632,-0.4006776809692383,2.7909507751464844,-0.11934445053339005,2.9102952256798744,0.013408303260803223,0.026686977595090866,1.9613653421401978e-05,0.0
15.076923076923078,1,1,1,1.0,0,False,0,False,1.439562439918518,2.5855469703674316,-1.1459845304489136,-1.5208948850631714,-2.556597948074341,1.0357030630111694,-0.9743674993515015,-0.573689341545105,-0.4006781578063965,2.7909507751464844,-0.1194392740726471,2.9103900492191315,0.013408593833446503,0.026688676327466965,1.7918646335601807e-05,0.0
15.153846153846155,1,1,1,1.0,0,False,0,False,1.439562439918518,2.585510730743408,-1.1459482908248901,-1.5208948850631714,-2.5565707683563232,1.0356758832931519,-0.9743674993515015,-0.5736884474754333,-0.4006790518760681,2.7909507751464844,-0.11948928982019424,2.9104400649666786,0.01340482383966446,0.02668849751353264,1.2349337339401245e-05,0.0
15.230769230769232,1,1,1,1.0,0,False,0,False,1.439562439918518,2.5854856967926025,-1.1459232568740845,-1.5208948850631714,-2.5565764904022217,1.0356816053390503,-0.9743674993515015,-0.5736857652664185,-0.400681734085083,2.7909507751464844,-0.11949972808361053,2.910450503230095,0.013397566974163055,0.026686642318964005,1.6223639249801636e-05,0.0
15.307692307692308,1,1,1,1.0,0,False,0,False,1.439562439918518,2.5854721069335938,-1.1459096670150757,-1.5208948850631714,-2.5566134452819824,1.035718560218811,-0.9743674993515015,-0.573685348033905,-0.40068215131759644,2.7909507751464844,-0.11947502195835114,2.9104257971048355,0.013387300074100494,0.02668348327279091,1.7313286662101746e-05,0.0
15.384615384615385,1,1,1,1.0,0,False,0,False,1.439562439918518,2.585469961166382,-1.1459075212478638,-1.5208948850631714,-2.556671380996704,1.0357764959335327,-0.9743674993515015,-0.5736887454986572,-0.40067875385284424,2.7909507751464844,-0.11942503601312637,2.9103758111596107,0.013374708592891693,0.0266793854534626,3.153923898935318e-05,0.0
15.461538461538462,1,1,1,1.0,0,False,0,False,1.439562439918518,2.585479497909546,-1.1459170579910278,-1.5208948850631714,-2.5567402839660645,1.035845398902893,-0.9743674993515015,-0.5736932754516602,-0.4006742238998413,2.7909507751464844,-0.1193564385175705,2.910307213664055,0.013360455632209778,0.02667466178536415,2.2761523723602295e-05,0.0
15.53846153846154,1,1,1,1.0,0,False,0,False,1.439562439918518,2.585498571395874,-1.145936131477356,-1.5208948850631714,-2.556811571121216,1.0359166860580444,-0.9743674993515015,-0.573697566986084,-0.4006699323654175,2.7909507751464844,-0.11928096413612366,2.910231739282608,0.013345509767532349,0.0266696996986866,2.2277235984802246e-05,0.0
15.615384615384617,1,1,1,1.0,0,False,0,False,1.439562439918518,2.5855214595794678,-1.1459590196609497,-1.5208948850631714,-2.556875228881836,1.0359803438186646,-0.9743674993515015,-0.5736980438232422,-0.4006694555282593,2.7909507751464844,-0.11921136826276779,2.910162143409252,0.013330884277820587,0.026664908975362778,1.5799887478351593e-05,0.0
15.692307692307693,1,1,1,1.0,0,False,0,False,1.439562439918518,2.585549831390381,-1.1459873914718628,-1.5208948850631714,-2.5569252967834473,1.0360304117202759,-0.9743674993515015,-0.573697030544281,-0.40067046880722046,2.7909507751464844,-0.11915349960327148,2.910104274749756,0.01331716775894165,0.026660602539777756,2.330634742975235e-05,0.0
15.76923076923077,1,1,1,1.0,0,False,0,False,1.439562439918518,2.585578441619873,-1.146016001701355,-1.5208948850631714,-2.5569560527801514,1.03606116771698,-0.9743674993515015,-0.5736950635910034,-0.40067243576049805,2.7909507751464844,-0.119114451110363,2.9100652262568474,0.01330520212650299,0.026657048612833023,2.857297658920288e-05,0.0
15.846153846153847,1,1,1,1.0,0,False,0,False,1.439562439918518,2.5856070518493652,-1.1460446119308472,-1.5208948850631714,-2.556964635848999,1.0360697507858276,-0.9743674993515015,-0.5736926198005676,-0.40067487955093384,2.7909507751464844,-0.11909952014684677,2.910050295293331,0.01329532265663147,0.02665441855788231,2.3972243070602417e-05,0.0
15.923076923076923,1,1,1,1.0,0,False,0,False,1.439562439918518,2.5856282711029053,-1.1460658311843872,-1.5208948850631714,-2.556948184967041,1.0360532999038696,-0.9743674993515015,-0.5736939311027527,-0.4006735682487488,2.7909507751464844,-0.1191103383898735,2.910061113536358,0.013287782669067383,0.02665279433131218,2.1671876311302185e-05,0.0
16.0,1,1,1,1.0,0,False,0,False,1.439562439918518,2.585646390914917,-1.146083950996399,-1.5208948850631714,-2.5569088459014893,1.0360139608383179,-0.9743674993515015,-0.5736947655677795,-0.4006727337837219,2.7909507751464844,-0.11914778500795364,2.910098560154438,0.013282813131809235,0.026652220636606216,1.755543053150177e-05,0.0
16.076923076923077,1,1,1,1.0,0,False,0,False,1.439562439918518,2.585655927658081,-1.146093487739563,-1.5208948850631714,-2.5568478107452393,1.0359529256820679,-0.9743674993515015,-0.5736948251724243,-0.40067267417907715,2.7909507751464844,-0.11920996010303497,2.9101607352495193,0.013280332088470459,0.026652444154024124,1.398380845785141e-05,0.0
16.153846153846153,1,1,1,1.0,0,False,0,False,1.439562439918518,2.585658550262451,-1.146096110343933,-1.5208948850631714,-2.5567686557769775,1.0358737707138062,-0.9743674993515015,-0.573695182800293,-0.4006723165512085,2.7909507751464844,-0.11929336935281754,2.910244144499302,0.013279929757118225,0.026653509587049484,2.3245811462402344e-05,0.0
16.23076923076923,1,1,1,1.0,0,False,0,False,1.439562439918518,2.5856542587280273,-1.1460918188095093,-1.5208948850631714,-2.5566766262054443,1.035781741142273,-0.9743674993515015,-0.5736952424049377,-0.4006722569465637,2.7909507751464844,-0.11939319968223572,2.91034397482872,0.013281092047691345,0.026655305176973343,1.537613570690155e-05,0.0
16.30769230769231,1,1,1,1.0,0,False,0,False,1.439562439918518,2.585644245147705,-1.146081805229187,-1.5208948850631714,-2.55657696723938,1.0356820821762085,-0.9743674993515015,-0.5736952424049377,-0.4006722569465637,2.7909507751464844,-0.11950375884771347,2.910454533994198,0.01328372210264206,0.026657644659280777,2.191402018070221e-05,0.0
16.384615384615387,1,1,1,1.0,0,False,0,False,1.439562439918518,2.5856263637542725,-1.1460639238357544,-1.5208948850631714,-2.5564749240875244,1.035580039024353,-0.9743674993515015,-0.5736945271492004,-0.400672972202301,2.7909507751464844,-0.11961957067251205,2.9105703458189964,0.013287268579006195,0.026660282164812088,1.6586855053901672e-05,0.0
16.461538461538463,1,1,1,1.0,0,False,0,False,1.439562439918518,2.5856049060821533,-1.1460424661636353,-1.5208948850631714,-2.5563759803771973,1.0354810953140259,-0.9743674993515015,-0.5736918449401855,-0.4006756544113159,2.7909507751464844,-0.11973493546247482,2.910685710608959,0.013291269540786743,0.026663031429052353,1.6223639249801636e-05,0.0
16.53846153846154,1,1,1,1.0,0,False,0,False,1.439562439918518,2.5855774879455566,-1.1460150480270386,-1.5208948850631714,-2.556283950805664,1.0353890657424927,-0.9743674993515015,-0.573684573173523,-0.4006829261779785,2.7909507751464844,-0.11984304338693619,2.9107938185334206,0.01329515129327774,0.026665586978197098,2.530403435230255e-05,0.0
16.615384615384617,1,1,1,1.0,0,False,0,False,1.439562439918518,2.5855488777160645,-1.1459864377975464,-1.5208948850631714,-2.556204319000244,1.0353094339370728,-0.9743674993515015,-0.5736786127090454,-0.40068888664245605,2.7909507751464844,-0.11993991583585739,2.9108906909823418,0.013298369944095612,0.02666778489947319,1.1622905731201172e-05,0.0
16.692307692307693,1,1,1,1.0,0,False,0,False,1.439562439918518,2.5855205059051514,-1.1459580659866333,-1.5208948850631714,-2.5561411380767822,1.0352462530136108,-0.9743674993515015,-0.573672890663147,-0.40069460868835455,2.7909507751464844,-0.12002042680978775,2.910971201956272,0.013300545513629913,0.026669468730688095,1.803971827030182e-05,0.0
16.76923076923077,1,1,1,1.0,0,False,0,False,1.439562439918518,2.5854973793029785,-1.1459349393844604,-1.5208948850631714,-2.556095838546753,1.0352009534835815,-0.9743674993515015,-0.5736680030822754,-0.4006994962692261,2.7909507751464844,-0.12008137255907059,2.911032147705555,0.01330140233039856,0.02667052671313286,1.8887221813201904e-05,0.0
16.846153846153847,1,1,1,1.0,0,False,0,False,1.439562439918518,2.5854783058166504,-1.1459158658981323,-1.5208948850631714,-2.556068181991577,1.0351732969284058,-0.9743674993515015,-0.5736632347106934,-0.40070426464080816,2.7909507751464844,-0.1201227456331253,2.9110735207796097,0.013300344347953796,0.026670891791582108,1.2470409274101257e-05,0.0
16.923076923076923,1,1,1,1.0,0,False,0,False,1.439562439918518,2.5854599475860596,-1.1458975076675415,-1.5208948850631714,-2.5560574531555176,1.0351625680923462,-0.9743674993515015,-0.5736595988273621,-0.4007079005241394,2.7909507751464844,-0.12014495581388474,2.911095730960369,0.013297773897647858,0.02667040005326271,1.3560056686401367e-05,0.0
17.0,1,1,1,1.0,0,False,0,False,1.439562439918518,2.5854504108428955,-1.1458879709243774,-1.5208948850631714,-2.556061267852783,1.0351663827896118,-0.9743674993515015,-0.5736584663391113,-0.40070903301239014,2.7909507751464844,-0.12015021592378616,2.9111009910702705,0.013293720781803131,0.026669275015592575,2.142973244190216e-05,0.0
17.076923076923077,1,1,1,1.0,0,False,0,False,1.439562439918518,2.5854434967041016,-1.1458810567855835,-1.5208948850631714,-2.5560765266418457,1.0351816415786743,-0.9743674993515015,-0.5736590027809143,-0.40070849657058716,2.7909507751464844,-0.12014137208461761,2.911092147231102,0.013288445770740509,0.026667635887861252,1.6828998923301697e-05,0.0
17.153846153846153,1,1,1,1.0,0,False,0,False,1.439562439918518,2.5854434967041016,-1.1458810567855835,-1.5208948850631714,-2.5560996532440186,1.0352047681808472,-0.9743674993515015,-0.5736584663391113,-0.40070903301239014,2.7909507751464844,-0.1201222836971283,2.9110730588436127,0.013282299041748047,0.026665639132261276,2.609100192785263e-05,0.0
17.230769230769234,1,1,1,1.0,0,False,0,False,1.439562439918518,2.5854434967041016,-1.1458810567855835,-1.5208948850631714,-2.5561282634735107,1.0352333784103394,-0.9743674993515015,-0.5736587047576904,-0.40070879459381104,2.7909507751464844,-0.12009706348180771,2.911047838628292,0.013275541365146637,0.026663389056921005,1.2954697012901306e-05,0.0
17.30769230769231,1,1,1,1.0,0,False,0,False,1.439562439918518,2.5854527950286865,-1.1458903551101685,-1.5208948850631714,-2.556156873703003,1.0352619886398315,-0.9743674993515015,-0.5736576914787292,-0.40070980787277216,2.7909507751464844,-0.12006989121437073,2.911020666360855,0.013268619775772095,0.026661183685064316,2.034008502960205e-05,0.0
17.384615384615387,1,1,1,1.0,0,False,0,False,1.439562439918518,2.5854623317718506,-1.1458998918533325,-1.5208948850631714,-2.5561788082122803,1.0352839231491089,-0.9743674993515015,-0.5736567378044128,-0.4007107615470886,2.7909507751464844,-0.12004522979259491,2.9109960049390793,0.013261884450912476,0.02665906772017479,1.864507794380188e-05,0.0
17.461538461538463,1,1,1,1.0,0,False,0,False,1.439562439918518,2.5854718685150146,-1.1459094285964966,-1.5208948850631714,-2.5561952590942383,1.035300374031067,-0.9743674993515015,-0.5736591219902039,-0.40070837736129766,2.7909507751464844,-0.12002674490213394,2.9109775200486183,0.013255707919597626,0.026657190173864365,1.912936568260193e-05,0.0
17.53846153846154,1,1,1,1.0,0,False,0,False,1.439562439918518,2.5854814052581787,-1.1459189653396606,-1.5208948850631714,-2.556204080581665,1.0353091955184937,-0.9743674993515015,-0.5736569166183472,-0.4007105827331543,2.7909507751464844,-0.12001648545265198,2.9109672605991364,0.01325032114982605,0.026655595749616623,2.173241227865219e-05,0.0
17.615384615384617,1,1,1,1.0,0,False,0,False,1.439562439918518,2.5854909420013428,-1.1459285020828247,-1.5208948850631714,-2.5562024116516113,1.03530752658844,-0.9743674993515015,-0.5736550092697144,-0.4007124900817871,2.7909507751464844,-0.12001679092645645,2.910967566072941,0.013245783746242523,0.026654411107301712,2.2761523723602295e-05,0.0
17.692307692307693,1,1,1,1.0,0,False,0,False,1.439562439918518,2.585500478744507,-1.1459380388259888,-1.5208948850631714,-2.5561909675598145,1.035296082496643,-0.9743674993515015,-0.5736519694328308,-0.40071552991867065,2.7909507751464844,-0.12002837657928467,2.910979151725769,0.013242274522781372,0.026653621345758438,1.9916333258152008e-05,0.0
17.76923076923077,1,1,1,1.0,0,False,0,False,1.439562439918518,2.5855040550231934,-1.1459416151046753,-1.5208948850631714,-2.55617094039917,1.0352760553359985,-0.9743674993515015,-0.5736490488052368,-0.40071845054626465,2.7909507751464844,-0.12005074322223663,2.911001518368721,0.01323980838060379,0.0266532264649868,1.6284175217151642e-05,0.0
17.846153846153847,1,1,1,1.0,0,False,0,False,1.439562439918518,2.5855040550231934,-1.1459416151046753,-1.5208948850631714,-2.5561416149139404,1.035246729850769,-0.9743674993515015,-0.5736468434333801,-0.40072065591812134,2.7909507751464844,-0.12008318305015564,2.91103395819664,0.013238407671451569,0.0266532264649868,2.3487955331802368e-05,0.0
17.923076923076923,1,1,1,1.0,0,False,0,False,1.439562439918518,2.5855040550231934,-1.1459416151046753,-1.5208948850631714,-2.556103467941284,1.0352085828781128,-0.9743674993515015,-0.5736446976661682,-0.40072280168533325,2.7909507751464844,-0.12012449651956558,2.91107527166605,0.013237938284873962,0.026653584092855453,1.3317912817001343e-05,0.0
18.0,1,1,1,1.0,0,False,0,False,1.439562439918518,2.585501194000244,-1.145938754081726,-1.5208948850631714,-2.5560622215270996,1.0351673364639282,-0.9743674993515015,-0.5736467242240906,-0.40072077512741083,2.7909507751464844,-0.12017092108726501,2.9111216962337494,0.01323804259300232,0.02665422484278679,1.5255063772201538e-05,0.0
18.076923076923077,1,1,1,1.0,0,False,0,False,1.439562439918518,2.58549165725708,-1.145929217338562,-1.5208948850631714,-2.5560150146484375,1.0351201295852661,-0.9743674993515015,-0.5736486911773682,-0.4007188081741333,2.7909507751464844,-0.1202215924859047,2.911172367632389,0.01323872059583664,0.026655089110136032,1.1622905731201172e-05,0.0
18.153846153846153,1,1,1,1.0,0,False,0,False,1.439562439918518,2.585482120513916,-1.145919680595398,-1.5208948850631714,-2.555967330932617,1.0350724458694458,-0.9743674993515015,-0.5736518502235413,-0.4007156491279602,2.7909507751464844,-0.12027450650930405,2.9112252816557884,0.013239838182926178,0.026656094938516617,1.5255063772201538e-05,0.0
18.230769230769234,1,1,1,1.0,0,False,0,False,1.439562439918518,2.585472583770752,-1.1459101438522339,-1.5208948850631714,-2.555922269821167,1.0350273847579956,-0.9743674993515015,-0.5736557841300964,-0.40071171522140503,2.7909507751464844,-0.12032654881477356,2.911277323961258,0.01324114203453064,0.02665715292096138,2.6635825634002686e-05,0.0
18.30769230769231,1,1,1,1.0,0,False,0,False,1.439562439918518,2.585463047027588,-1.1459006071090698,-1.5208948850631714,-2.5558836460113525,1.0349887609481812,-0.9743674993515015,-0.5736597776412964,-0.4007077217102051,2.7909507751464844,-0.12037529796361923,2.9113260731101036,0.013242371380329132,0.026658128947019577,1.707114279270172e-05,0.0
18.384615384615387,1,1,1,1.0,0,False,0,False,1.439562439918518,2.585453510284424,-1.1458910703659058,-1.5208948850631714,-2.555846691131592,1.0349518060684204,-0.9743674993515015,-0.573664665222168,-0.40070283412933344,2.7909507751464844,-0.12041911482810974,2.911369889974594,0.013243310153484344,0.026659008115530014,1.150183379650116e-05,0.0
18.461538461538463,1,1,1,1.0,0,False,0,False,1.439562439918518,2.5854439735412598,-1.1458815336227417,-1.5208948850631714,-2.5558176040649414,1.03492271900177,-0.9743674993515015,-0.57366943359375,-0.40069806575775146,2.7909507751464844,-0.12045662105083466,2.911407396197319,0.013243868947029114,0.026659715920686722,1.834239810705185e-05,0.0
18.53846153846154,1,1,1,1.0,0,False,0,False,1.439562439918518,2.5854344367980957,-1.1458719968795776,-1.5208948850631714,-2.5557925701141357,1.0348976850509644,-0.9743674993515015,-0.5736750364303589,-0.4006924629211426,2.7909507751464844,-0.12048719078302383,2.911437965929508,0.013243898749351501,0.0266602523624897,1.2228265404701233e-05,0.0
18.615384615384617,1,1,1,1.0,0,False,0,False,1.439562439918518,2.5854249000549316,-1.1458624601364136,-1.5208948850631714,-2.5557734966278076,1.0348786115646362,-0.9743674993515015,-0.5736788511276245,-0.40068864822387695,2.7909507751464844,-0.1205105409026146,2.911461316049099,0.013243436813354492,0.026660609990358353,2.064276486635208e-05,0.0
18.692307692307693,1,1,1,1.0,0,False,0,False,1.439562439918518,2.5854153633117676,-1.1458529233932495,-1.5208948850631714,-2.55576229095459,1.0348674058914185,-0.9743674993515015,-0.5736784338951111,-0.4006890654563904,2.7909507751464844,-0.12052731215953827,2.9114780873060226,0.013242468237876892,0.026660773903131485,1.6284175217151642e-05,0.0
18.76923076923077,1,1,1,1.0,0,False,0,False,1.439562439918518,2.5854058265686035,-1.1458433866500854,-1.5208948850631714,-2.555752754211426,1.0348578691482544,-0.9743674993515015,-0.5736762881278992,-0.40069121122360224,2.7909507751464844,-0.12053844332695007,2.9114892184734344,0.013241119682788849,0.026660773903131485,1.4528632164001465e-05,0.0
18.846153846153847,1,1,1,1.0,0,False,0,False,1.439562439918518,2.585397958755493,-1.145835518836975,-1.5208948850631714,-2.5557494163513184,1.034854531288147,-0.9743674993515015,-0.573675274848938,-0.4006922245025635,2.7909507751464844,-0.12054458260536194,2.9114953577518463,0.013239279389381409,0.026660513132810593,1.7192214727401733e-05,0.0
18.923076923076923,1,1,1,1.0,0,False,0,False,1.439562439918518,2.585397958755493,-1.145835518836975,-1.5208948850631714,-2.5557494163513184,1.034854531288147,-0.9743674993515015,-0.5736705660820007,-0.40069693326950073,2.7909507751464844,-0.1205466017127037,2.911497376859188,0.01323717087507248,0.02666003629565239,1.1622905731201172e-05,0.0
19.0,1,1,1,1.0,0,False,0,False,1.439562439918518,2.585397958755493,-1.145835518836975,-1.5208948850631714,-2.5557518005371094,1.034856915473938,-0.9743674993515015,-0.5736660957336426,-0.4007014036178589,2.7909507751464844,-0.12054548412561417,2.9114962592720985,0.013234689831733704,0.026659350842237473,1.58604234457016e-05,0.0
19.076923076923077,1,1,1,1.0,0,False,0,False,1.439562439918518,2.585397958755493,-1.145835518836975,-1.5208948850631714,-2.5557613372802734,1.034866452217102,-0.9743674993515015,-0.5736645460128784,-0.400702953338623,2.7909507751464844,-0.1205425038933754,2.9114932790398598,0.013232015073299408,0.02665858343243599,1.5497207641601562e-05,0.0
19.153846153846153,1,1,1,1.0,0,False,0,False,1.439562439918518,2.585397958755493,-1.145835518836975,-1.5208948850631714,-2.5557708740234375,1.0348759889602661,-0.9743674993515015,-0.573663055896759,-0.40070444345474243,2.7909507751464844,-0.12053809314966202,2.9114888682961464,0.013229422271251678,0.026657816022634506,1.8705613911151886e-05,0.0
19.230769230769234,1,1,1,1.0,0,False,0,False,1.439562439918518,2.585397958755493,-1.145835518836975,-1.5208948850631714,-2.5557754039764404,1.034880518913269,-0.9743674993515015,-0.5736609101295471,-0.40070658922195435,2.7909507751464844,-0.12053398042917252,2.911484755575657,0.013226740062236786,0.026657085865736008,1.0472722351551056e-05,0.0
19.30769230769231,1,1,1,1.0,0,False,0,False,1.439562439918518,2.585397958755493,-1.145835518836975,-1.5208948850631714,-2.5557754039764404,1.034880518913269,-0.9743674993515015,-0.573661208152771,-0.40070629119873047,2.7909507751464844,-0.1205318421125412,2.9114826172590256,0.01322435587644577,0.026656482368707657,1.6707926988601685e-05,0.0
19.384615384615387,1,1,1,1.0,0,False,0,False,1.439562439918518,2.585397958755493,-1.145835518836975,-1.5208948850631714,-2.5557754039764404,1.034880518913269,-0.9743674993515015,-0.5736632347106934,-0.40070426464080816,2.7909507751464844,-0.12053268402814865,2.911483459174633,0.013222388923168182,0.02665601298213005,1.210719347000122e-05,0.0
19.461538461538463,1,1,1,1.0,0,False,0,False,1.439562439918518,2.585397958755493,-1.145835518836975,-1.5208948850631714,-2.555769920349121,1.0348750352859497,-0.9743674993515015,-0.5736715793609619,-0.40069591999053955,2.7909507751464844,-0.12053695321083069,2.911487728357315,0.01322077214717865,0.026655692607164383,1.210719347000122e-05,0.0
19.53846153846154,1,1,1,1.0,0,False,0,False,1.439562439918518,2.585397958755493,-1.145835518836975,-1.5208948850631714,-2.555760383605957,1.0348654985427856,-0.9743674993515015,-0.5736766457557678,-0.40069085359573364,2.7909507751464844,-0.12054550647735596,2.9114962816238403,0.01321941614151001,0.026655536144971848,1.319684088230133e-05,0.0
19.615384615384617,1,1,1,1.0,0,False,0,False,1.439562439918518,2.585397958755493,-1.145835518836975,-1.5208948850631714,-2.555750846862793,1.0348559617996216,-0.9743674993515015,-0.5736802220344543,-0.4006872773170471,2.7909507751464844,-0.12055778503417969,2.911508560180664,0.013218320906162262,0.026655469089746475,1.1986121535301208e-05,0.0
19.692307692307693,1,1,1,1.0,0,False,0,False,1.439562439918518,2.585397958755493,-1.145835518836975,-1.5208948850631714,-2.555741310119629,1.0348464250564575,-0.9743674993515015,-0.5736846923828125,-0.40068280696868896,2.7909507751464844,-0.12057272344827652,2.911523498594761,0.013217605650424957,0.026655476540327072,9.927898645401001e-06,0.0
19.76923076923077,1,1,1,1.0,0,False,0,False,1.439562439918518,2.585397958755493,-1.145835518836975,-1.5208948850631714,-2.555724859237671,1.0348299741744995,-0.9743674993515015,-0.5736895799636841,-0.4006779193878174,2.7909507751464844,-0.12059003859758377,2.911540813744068,0.013217151165008545,0.02665555849671364,1.0593794286251068e-05,0.0
19.846153846153847,1,1,1,1.0,0,False,0,False,1.439562439918518,2.585397958755493,-1.145835518836975,-1.5208948850631714,-2.5557057857513428,1.0348109006881714,-0.9743674993515015,-0.5736944675445557,-0.4006730318069458,2.7909507751464844,-0.12060902267694473,2.911559797823429,0.013216868042945862,0.026655767112970352,8.656643331050873e-06,0.0
19.923076923076923,1,1,1,1.0,0,False,0,False,1.439562439918518,2.585397958755493,-1.145835518836975,-1.5208948850631714,-2.5556867122650146,1.0347918272018433,-0.9743674993515015,-0.5736964344978333,-0.4006710648536682,2.7909507751464844,-0.12062901258468628,2.9115797877311707,0.01321672648191452,0.02665610983967781,1.101754605770111e-05,0.0
20.0,1,1,1,1.0,0,False,0,False,1.439562439918518,2.585397958755493,-1.145835518836975,-1.5208948850631714,-2.5556676387786865,1.0347727537155151,-0.9743674993515015,-0.5736981630325317,-0.4006693363189697,2.7909507751464844,-0.12065032869577408,2.9116011038422585,0.013216845691204071,0.02665652707219124,1.9371509552001953e-05,0.0
20.076923076923077,1,1,1,1.0,0,False,0,False,1.439562439918518,2.58539080619812,-1.145828366279602,-1.5208948850631714,-2.5556485652923584,1.034753680229187,-0.9743674993515015,-0.5737005472183228,-0.4006669521331787,2.7909507751464844,-0.12067237496376038,2.9116231501102448,0.01321709156036377,0.026657026261091232,1.6526319086551666e-05,0.0
20.153846153846153,1,1,1,1.0,0,False,0,False,1.439562439918518,2.5853843688964844,-1.1458219289779663,-1.5208948850631714,-2.5556294918060303,1.0347346067428589,-0.9743674993515015,-0.5737036466598511,-0.4006638526916504,2.7909507751464844,-0.12069379538297653,2.911644570529461,0.013217508792877197,0.026657532900571823,1.1622905731201172e-05,0.0
20.230769230769234,1,1,1,1.0,0,False,0,False,1.439562439918518,2.5853819847106934,-1.1458195447921753,-1.5208948850631714,-2.555610418319702,1.0347155332565308,-0.9743674993515015,-0.573706865310669,-0.4006606340408325,2.7909507751464844,-0.1207144483923912,2.9116652235388756,0.013217993080615997,0.026658091694116592,2.003740519285202e-05,0.0
20.30769230769231,1,1,1,1.0,0,False,0,False,1.439562439918518,2.5853779315948486,-1.1458154916763306,-1.5208948850631714,-2.555591344833374,1.0346964597702026,-0.9743674993515015,-0.573710560798645,-0.4006569385528564,2.7909507751464844,-0.12073387950658798,2.9116846546530724,0.013218343257904053,0.026658635586500168,8.959323167800903e-06,0.0
20.384615384615387,1,1,1,1.0,0,False,0,False,1.439562439918518,2.585376739501953,-1.145814299583435,-1.5208948850631714,-2.555577516555786,1.0346826314926147,-0.9743674993515015,-0.5737130045890808,-0.4006544947624206,2.7909507751464844,-0.12075155973434448,2.911702334880829,0.013218685984611511,0.026659119874238968,1.5012919902801514e-05,0.0
20.461538461538463,1,1,1,1.0,0,False,0,False,1.439562439918518,2.5853748321533203,-1.1458123922348022,-1.5208948850631714,-2.555567979812622,1.0346730947494507,-0.9743674993515015,-0.5737162232398987,-0.4006512761116028,2.7909507751464844,-0.12076717615127563,2.91171795129776,0.013218790292739868,0.02665957435965538,9.201467037200928e-06,0.0
20.53846153846154,1,1,1,1.0,0,False,0,False,1.439562439918518,2.5853731632232666,-1.1458107233047485,-1.5208948850631714,-2.555558443069458,1.0346635580062866,-0.9743674993515015,-0.5737178325653076,-0.40064966678619385,2.7909507751464844,-0.12078092992305756,2.911731705069542,0.01321893185377121,0.026659999042749405,1.646578311920166e-05,0.0
20.615384615384617,1,1,1,1.0,0,False,0,False,1.439562439918518,2.5853729248046875,-1.1458104848861694,-1.5208948850631714,-2.555548906326294,1.0346540212631226,-0.9743674993515015,-0.5737144351005554,-0.40065306425094604,2.7909507751464844,-0.12079263478517532,2.9117434099316597,0.013218924403190613,0.026660356670618057,1.0230578482151031e-05,0.0
20.692307692307693,1,1,1,1.0,0,False,0,False,1.439562439918518,2.5853686332702637,-1.1458061933517456,-1.5208948850631714,-2.55553936958313,1.0346444845199585,-0.9743674993515015,-0.5737138986587524,-0.400653600692749,2.7909507751464844,-0.12080240249633789,2.9117531776428223,0.013218753039836884,0.026660624891519547,2.3487955331802368e-05,0.0
20.76923076923077,1,1,1,1.0,0,False,0,False,1.439562439918518,2.5853664875030518,-1.1458040475845337,-1.5208948850631714,-2.5555310249328613,1.03463613986969,-0.9743674993515015,-0.5737144947052002,-0.40065300464630127,2.7909507751464844,-0.12080971896648407,2.9117604941129684,0.013218484818935394,0.02666078880429268,1.3802200555801392e-05,0.0
20.846153846153847,1,1,1,1.0,0,False,0,False,1.439562439918518,2.5853664875030518,-1.1458040475845337,-1.5208948850631714,-2.5555310249328613,1.03463613986969,-0.9743674993515015,-0.5737157464027405,-0.400651752948761,2.7909507751464844,-0.12081478536128998,2.9117655605077744,0.013217918574810028,0.02666078880429268,1.1138617992401123e-05,0.0
20.923076923076923,1,1,1,1.0,0,False,0,False,1.439562439918518,2.5853664875030518,-1.1458040475845337,-1.5208948850631714,-2.5555310249328613,1.03463613986969,-0.9743674993515015,-0.5737178325653076,-0.40064966678619385,2.7909507751464844,-0.12081703543663025,2.9117678105831146,0.013217218220233917,0.026660654693841934,1.1925585567951202e-05,0.0
21.0,1,1,1,1.0,0,False,0,False,1.439562439918518,2.5853664875030518,-1.1458040475845337,-1.5208948850631714,-2.5555310249328613,1.03463613986969,-0.9743674993515015,-0.5737173557281494,-0.40065014362335205,2.7909507751464844,-0.12081734091043472,2.911768116056919,0.013216137886047363,0.02666040137410164,1.7918646335601807e-05,0.0
21.076923076923077,1,1,1,1.0,0,False,0,False,1.439562439918518,2.5853664875030518,-1.1458040475845337,-1.5208948850631714,-2.5555310249328613,1.03463613986969,-0.9743674993515015,-0.5737167596817017,-0.4006507396697998,2.7909507751464844,-0.12081586569547653,2.911766640841961,0.013215027749538422,0.02666008099913597,1.816079020500183e-05,0.0
21.153846153846153,1,1,1,1.0,0,False,0,False,1.439562439918518,2.5853664875030518,-1.1458040475845337,-1.5208948850631714,-2.5555310249328613,1.03463613986969,-0.9743674993515015,-0.573717474937439,-0.4006500244140625,2.7909507751464844,-0.12081269174814224,2.9117634668946266,0.013213813304901123,0.026659715920686722,9.685754776000977e-06,0.0
21.230769230769234,1,1,1,1.0,0,False,0,False,1.439562439918518,2.5853664875030518,-1.1458040475845337,-1.5208948850631714,-2.5555310249328613,1.03463613986969,-0.9743674993515015,-0.5737190246582031,-0.40064847469329834,2.7909507751464844,-0.12080973386764526,2.9117605090141296,0.013212554156780243,0.026659365743398666,1.6828998923301697e-05,0.0
21.30769230769231,1,1,1,1.0,0,False,0,False,1.439562439918518,2.5853664875030518,-1.1458040475845337,-1.5208948850631714,-2.5555310249328613,1.03463613986969,-0.9743674993515015,-0.5737202167510986,-0.4006472826004029,2.7909507751464844,-0.12080734223127365,2.911758117377758,0.013211578130722046,0.026659075170755386,1.5497207641601562e-05,0.0
21.384615384615387,1,1,1,1.0,0,False,0,False,1.439562439918518,2.5853664875030518,-1.1458040475845337,-1.5208948850631714,-2.5555310249328613,1.03463613986969,-0.9743674993515015,-0.5737185478210449,-0.40064895153045654,2.7909507751464844,-0.12080616503953934,2.9117569401860237,0.013210669159889221,0.026658836752176285,9.806826710700989e-06,0.0
21.461538461538463,1,1,1,1.0,0,False,0,False,1.439562439918518,2.5853664875030518,-1.1458040475845337,-1.5208948850631714,-2.5555310249328613,1.03463613986969,-0.9743674993515015,-0.573716938495636,-0.4006505608558655,2.7909507751464844,-0.12080620229244232,2.9117569774389267,0.013209745287895203,0.02665865793824196,1.5133991837501526e-05,0.0
21.53846153846154,1,1,1,1.0,0,False,0,False,1.439562439918518,2.5853664875030518,-1.1458040475845337,-1.5208948850631714,-2.5555310249328613,1.03463613986969,-0.9743674993515015,-0.5737167596817017,-0.4006507396697998,2.7909507751464844,-0.12080730497837067,2.911758080124855,0.01320900022983551,0.026658441871404648,1.2167729437351227e-05,0.0
21.615384615384617,1,1,1,1.0,0,False,0,False,1.439562439918518,2.5853664875030518,-1.1458040475845337,-1.5208948850631714,-2.5555310249328613,1.03463613986969,-0.9743674993515015,-0.5737171173095703,-0.40065038204193115,2.7909507751464844,-0.12080958485603333,2.9117603600025177,0.01320822536945343,0.026658225804567337,1.210719347000122e-05,0.0
21.692307692307693,1,1,1,1.0,0,False,0,False,1.439562439918518,2.5853664875030518,-1.1458040475845337,-1.5208948850631714,-2.5555310249328613,1.03463613986969,-0.9743674993515015,-0.5737192034721375,-0.400648295879364,2.7909507751464844,-0.12081313133239746,2.911763906478882,0.01320752501487732,0.026658017188310623,1.1259689927101135e-05,0.0
21.76923076923077,1,1,1,1.0,0,False,0,False,1.439562439918518,2.5853664875030518,-1.1458040475845337,-1.5208948850631714,-2.5555310249328613,1.03463613986969,-0.9743674993515015,-0.5737215876579285,-0.400645911693573,2.7909507751464844,-0.12081766873598099,2.9117684438824654,0.013207018375396729,0.02665790542960167,6.780028343200684e-06,0.0
21.846153846153847,1,1,1,1.0,0,False,0,False,1.439562439918518,2.5853664875030518,-1.1458040475845337,-1.5208948850631714,-2.5555310249328613,1.03463613986969,-0.9743674993515015,-0.5737232565879822,-0.4006442427635193,2.7909507751464844,-0.12082254141569138,2.9117733165621758,0.013206638395786285,0.026657868176698685,9.32253897190094e-06,0.0
21.923076923076923,1,1,1,1.0,0,False,0,False,1.439562439918518,2.5853664875030518,-1.1458040475845337,-1.5208948850631714,-2.5555267333984375,1.0346318483352661,-0.9743674993515015,-0.573722243309021,-0.40064525604248047,2.7909507751464844,-0.12082858383655548,2.91177935898304,0.01320628821849823,0.026657897979021072,1.6284175217151642e-05,0.0
22.0,1,1,1,1.0,0,False,0,False,1.439562439918518,2.5853664875030518,-1.1458040475845337,-1.5208948850631714,-2.5555171966552734,1.034622311592102,-0.9743674993515015,-0.5737190842628479,-0.40064841508865356,2.7909507751464844,-0.12083608657121658,2.911786861717701,0.013206049799919128,0.02665804699063301,1.319684088230133e-05,0.0
22.076923076923077,1,1,1,1.0,0,False,0,False,1.439562439918518,2.5853664875030518,-1.1458040475845337,-1.5208948850631714,-2.5555076599121094,1.034612774848938,-0.9743674993515015,-0.5737181305885315,-0.40064936876296997,2.7909507751464844,-0.12084502726793289,2.9117958024144173,0.013205908238887787,0.026658210903406143,1.0896474123001099e-05,0.0
22.153846153846153,1,1,1,1.0,0,False,0,False,1.439562439918518,2.5853664875030518,-1.1458040475845337,-1.5208948850631714,-2.5554981231689453,1.034603238105774,-0.9743674993515015,-0.5737186074256897,-0.40064889192581177,2.7909507751464844,-0.12085489183664322,2.9118056669831276,0.013206012547016144,0.026658419519662857,1.3438984751701355e-05,0.0
22.230769230769234,1,1,1,1.0,0,False,0,False,1.439562439918518,2.5853664875030518,-1.1458040475845337,-1.5208948850631714,-2.5554885864257812,1.0345937013626099,-0.9743674993515015,-0.5737201571464539,-0.40064734220504755,2.7909507751464844,-0.12086470425128937,2.9118154793977737,0.01320628821849823,0.026658575981855392,1.1138617992401123e-05,0.0
22.30769230769231,1,1,1,1.0,0,False,0,False,1.439562439918518,2.5853664875030518,-1.1458040475845337,-1.5208948850631714,-2.5554802417755127,1.0345853567123413,-0.9743674993515015,-0.5737212300300598,-0.40064626932144165,2.7909507751464844,-0.12087413668632507,2.9118249118328094,0.013206399977207184,0.02665872499346733,1.598149538040161e-05,0.0
22.384615384615387,1,1,1,1.0,0,False,0,False,1.439562439918518,2.5853664875030518,-1.1458040475845337,-1.5208948850631714,-2.5554802417755127,1.0345853567123413,-0.9743674993515015,-0.5737175345420837,-0.4006499648094178,2.7909507751464844,-0.12088226526975632,2.9118330404162407,0.013206526637077332,0.026658859103918076,1.4589168131351471e-05,0.0
22.461538461538463,1,1,1,1.0,0,False,0,False,1.439562439918518,2.5853664875030518,-1.1458040475845337,-1.5208948850631714,-2.5554792881011963,1.034584403038025,-0.9743674993515015,-0.5737165808677673,-0.40065091848373413,2.7909507751464844,-0.12088897079229355,2.911839745938778,0.013206519186496735,0.026658955961465836,1.0230578482151031e-05,0.0
22.53846153846154,1,1,1,1.0,0,False,0,False,1.439562439918518,2.5853664875030518,-1.1458040475845337,-1.5208948850631714,-2.555476665496826,1.0345817804336548,-0.9743674993515015,-0.5737168192863464,-0.40065068006515503,2.7909507751464844,-0.12089499086141586,2.9118457660079002,0.013206303119659424,0.026659000664949417,1.1138617992401123e-05,0.0
22.615384615384617,1,1,1,1.0,0,False,0,False,1.439562439918518,2.5853664875030518,-1.1458040475845337,-1.5208948850631714,-2.555476665496826,1.0345817804336548,-0.9743674993515015,-0.5737177133560181,-0.40064978599548334,2.7909507751464844,-0.12090050429105759,2.911851279437542,0.0132061168551445,0.0266590379178524,1.0170042514801025e-05,0.0
22.692307692307693,1,1,1,1.0,0,False,0,False,1.439562439918518,2.5853664875030518,-1.1458040475845337,-1.5208948850631714,-2.555476665496826,1.0345817804336548,-0.9743674993515015,-0.5737196207046509,-0.4006478786468506,2.7909507751464844,-0.12090544402599335,2.9118562191724777,0.013205930590629578,0.026659060269594193,1.1865049600601196e-05,0.0
22.76923076923077,1,1,1,1.0,0,False,0,False,1.439562439918518,2.5853664875030518,-1.1458040475845337,-1.5208948850631714,-2.555476665496826,1.0345817804336548,-0.9743674993515015,-0.5737220644950867,-0.4006454348564148,2.7909507751464844,-0.12090972810983658,2.911860503256321,0.013205662369728088,0.02665906772017479,1.1865049600601196e-05,0.0
22.846153846153847,1,1,1,1.0,0,False,0,False,1.439562439918518,2.5853664875030518,-1.1458040475845337,-1.5208948850631714,-2.555476665496826,1.0345817804336548,-0.9743674993515015,-0.5737234354019165,-0.40064406394958496,2.7909507751464844,-0.12091337889432907,2.9118641540408134,0.013205461204051971,0.026659082621335983,1.1622905731201172e-05,0.0
22.923076923076923,1,1,1,1.0,0,False,0,False,1.439562439918518,2.5853664875030518,-1.1458040475845337,-1.5208948850631714,-2.555476665496826,1.0345817804336548,-0.9743674993515015,-0.573721170425415,-0.4006463289260864,2.7909507751464844,-0.12091660499572754,2.911867380142212,0.013205252587795258,0.026659127324819565,1.2833625078201294e-05,0.0
23.0,1,1,1,1.0,0,False,0,False,1.439562439918518,2.5853664875030518,-1.1458040475845337,-1.5208948850631714,-2.5554709434509277,1.0345760583877563,-0.9743674993515015,-0.573718786239624,-0.40064871311187744,2.7909507751464844,-0.12091980874538422,2.9118705838918686,0.01320512592792511,0.02665918692946434,1.2954697012901306e-05,0.0
23.076923076923077,1,1,1,1.0,0,False,0,False,1.439562439918518,2.5853664875030518,-1.1458040475845337,-1.5208948850631714,-2.555469512939453,1.0345746278762817,-0.9743674993515015,-0.5737183094024658,-0.40064918994903564,2.7909507751464844,-0.1209229975938797,2.911873772740364,0.013205073773860931,0.026659246534109116,9.867362678050995e-06,0.0
23.153846153846157,1,1,1,1.0,0,False,0,False,1.439562439918518,2.5853664875030518,-1.1458040475845337,-1.5208948850631714,-2.555469512939453,1.0345746278762817,-0.9743674993515015,-0.5737186074256897,-0.40064889192581177,2.7909507751464844,-0.12092600017786026,2.9118767753243446,0.0132051482796669,0.0266592837870121,1.2833625078201294e-05,0.0
23.230769230769234,1,1,1,1.0,0,False,0,False,1.439562439918518,2.5853664875030518,-1.1458040475845337,-1.5208948850631714,-2.555469512939453,1.0345746278762817,-0.9743674993515015,-0.5737206339836121,-0.4006468653678894,2.7909507751464844,-0.12092851847410202,2.9118792936205864,0.0132051482796669,0.0266592837870121,9.443610906600952e-06,0.0
23.30769230769231,1,1,1,1.0,0,False,0,False,1.439562439918518,2.5853664875030518,-1.1458040475845337,-1.5208948850631714,-2.555469512939453,1.0345746278762817,-0.9743674993515015,-0.5737209916114807,-0.40064650774002075,2.7909507751464844,-0.12093038856983185,2.9118811637163162,0.013204984366893768,0.026659276336431503,1.5497207641601562e-05,0.0
23.384615384615387,1,1,1,1.0,0,False,0,False,1.439562439918518,2.5853664875030518,-1.1458040475845337,-1.5208948850631714,-2.555469512939453,1.0345746278762817,-0.9743674993515015,-0.5737175345420837,-0.4006499648094178,2.7909507751464844,-0.12093157321214676,2.911882348358631,0.013204813003540039,0.026659246534109116,1.0896474123001099e-05,0.0
23.461538461538463,1,1,1,1.0,0,False,0,False,1.439562439918518,2.5853664875030518,-1.1458040475845337,-1.5208948850631714,-2.555469512939453,1.0345746278762817,-0.9743674993515015,-0.5737163424491882,-0.40065115690231323,2.7909507751464844,-0.12093175947666168,2.911882534623146,0.013204671442508698,0.02665920928120613,9.32253897190094e-06,0.0
23.53846153846154,1,1,1,1.0,0,False,0,False,1.439562439918518,2.5853664875030518,-1.1458040475845337,-1.5208948850631714,-2.555469512939453,1.0345746278762817,-0.9743674993515015,-0.5737169981002808,-0.4006505012512207,2.7909507751464844,-0.12093151360750198,2.9118822887539864,0.013204313814640045,0.026659179478883743,1.2349337339401245e-05,0.0
23.615384615384617,1,1,1,1.0,0,False,0,False,1.439562439918518,2.5853664875030518,-1.1458040475845337,-1.5208948850631714,-2.555469512939453,1.0345746278762817,-0.9743674993515015,-0.5737181901931763,-0.4006493091583252,2.7909507751464844,-0.12093143910169601,2.9118822142481804,0.013203941285610199,0.02665911242365837,7.990747690200806e-06,0.0
23.692307692307693,1,1,1,1.0,0,False,0,False,1.439562439918518,2.5853664875030518,-1.1458040475845337,-1.5208948850631714,-2.555469512939453,1.0345746278762817,-0.9743674993515015,-0.5737200379371643,-0.40064746141433716,2.7909507751464844,-0.12093191593885422,2.9118826910853386,0.013203516602516174,0.026659045368433,1.1986121535301208e-05,0.0
23.76923076923077,1,1,1,1.0,0,False,0,False,1.439562439918518,2.5853664875030518,-1.1458040475845337,-1.5208948850631714,-2.555469512939453,1.0345746278762817,-0.9743674993515015,-0.5737180113792419,-0.4006494879722595,2.7909507751464844,-0.12093250453472137,2.9118832796812057,0.013203337788581848,0.026658978313207626,1.2833625078201294e-05,0.0
23.846153846153847,1,1,1,1.0,0,False,0,False,1.439562439918518,2.5853664875030518,-1.1458040475845337,-1.5208948850631714,-2.555469512939453,1.0345746278762817,-0.9743674993515015,-0.5737160444259644,-0.4006514549255371,2.7909507751464844,-0.12093271315097809,2.9118834882974625,0.013203166425228119,0.026658911257982254,8.23289155960083e-06,0.0
23.923076923076923,1,1,1,1.0,0,False,0,False,1.439562439918518,2.5853664875030518,-1.1458040475845337,-1.5208948850631714,-2.555469512939453,1.0345746278762817,-0.9743674993515015,-0.5737160444259644,-0.4006514549255371,2.7909507751464844,-0.12093240022659302,2.9118831753730774,0.013202838599681854,0.02665885165333748,1.259148120880127e-05,0.0
24.0,1,1,1,1.0,0,False,0,False,1.439562439918518,2.5853664875030518,-1.1458040475845337,-1.5208948850631714,-2.555469512939453,1.0345746278762817,-0.9743674993515015,-0.573716402053833,-0.40065109729766846,2.7909507751464844,-0.12093284726142883,2.911883622407913,0.013202466070652008,0.026658792048692703,5.327165126800537e-06,0.0
24.076923076923077,1,1,1,1.0,0,False,0,False,1.439562439918518,2.5853664875030518,-1.1458040475845337,-1.5208948850631714,-2.555469512939453,1.0345746278762817,-0.9743674993515015,-0.5737186074256897,-0.40064889192581177,2.7909507751464844,-0.12093399465084076,2.911884769797325,0.013202279806137085,0.026658739894628525,1.707114279270172e-05,0.0
24.153846153846157,1,1,1,1.0,0,False,0,False,1.439562439918518,2.5853664875030518,-1.1458040475845337,-1.5208948850631714,-2.555469512939453,1.0345746278762817,-0.9743674993515015,-0.5737192630767822,-0.40064823627471924,2.7909507751464844,-0.12093514204025269,2.911885917186737,0.013202235102653503,0.026658710092306137,7.264316082000732e-06,0.0
24.230769230769234,1,1,1,1.0,0,False,0,False,1.439562439918518,2.5853664875030518,-1.1458040475845337,-1.5208948850631714,-2.555469512939453,1.0345746278762817,-0.9743674993515015,-0.57371586561203,-0.40065163373947144,2.7909507751464844,-0.1209363266825676,2.911887101829052,0.013202168047428131,0.02665872499346733,8.051283657550812e-06,0.0
24.30769230769231,1,1,1,1.0,0,False,0,False,1.439562439918518,2.5853664875030518,-1.1458040475845337,-1.5208948850631714,-2.555469512939453,1.0345746278762817,-0.9743674993515015,-0.5737149715423584,-0.400652527809143,2.7909507751464844,-0.12093757092952728,2.9118883460760117,0.01320204883813858,0.02665874734520912,2.1550804376602173e-05,0.0
24.384615384615387,1,1,1,1.0,0,False,0,False,1.439562439918518,2.585364818572998,-1.14580237865448,-1.5208948850631714,-2.555469512939453,1.0345746278762817,-0.9743674993515015,-0.57371586561203,-0.40065163373947144,2.7909507751464844,-0.12093915045261383,2.911889925599098,0.013201966881752014,0.026658732444047928,6.780028343200684e-06,0.0
24.461538461538463,1,1,1,1.0,0,False,0,False,1.439562439918518,2.585364818572998,-1.14580237865448,-1.5208948850631714,-2.555469512939453,1.0345746278762817,-0.9743674993515015,-0.5737172365188599,-0.40065026283264155,2.7909507751464844,-0.12094072252511978,2.911891497671604,0.013201877474784851,0.026658710092306137,6.295740604400635e-06,0.0
24.53846153846154,1,1,1,1.0,0,False,0,False,1.439562439918518,2.585364818572998,-1.14580237865448,-1.5208948850631714,-2.555469512939453,1.0345746278762817,-0.9743674993515015,-0.5737192630767822,-0.40064823627471924,2.7909507751464844,-0.1209421381354332,2.9118929132819176,0.013201847672462463,0.026658695191144943,7.990747690200806e-06,0.0
24.615384615384617,1,1,1,1.0,0,False,0,False,1.439562439918518,2.585364818572998,-1.14580237865448,-1.5208948850631714,-2.555469512939453,1.0345746278762817,-0.9743674993515015,-0.5737180709838867,-0.40064942836761475,2.7909507751464844,-0.12094320356845856,2.911893978714943,0.013201780617237091,0.026658695191144943,7.506459951400757e-06,0.0
24.692307692307693,1,1,1,1.0,0,False,0,False,1.439562439918518,2.585360050201416,-1.145797610282898,-1.5208948850631714,-2.555469512939453,1.0345746278762817,-0.9743674993515015,-0.5737178325653076,-0.40064966678619385,2.7909507751464844,-0.1209440752863884,2.9118948504328728,0.013201691210269928,0.02665868028998375,8.475035429000854e-06,0.0
24.76923076923077,1,1,1,1.0,0,False,0,False,1.439562439918518,2.5853593349456787,-1.1457968950271606,-1.5208948850631714,-2.555469512939453,1.0345746278762817,-0.9743674993515015,-0.5737181305885315,-0.40064936876296997,2.7909507751464844,-0.12094469368457794,2.9118954688310623,0.013201631605625153,0.026658643037080765,1.041218638420105e-05,0.0
24.846153846153847,1,1,1,1.0,0,False,0,False,1.439562439918518,2.5853593349456787,-1.1457968950271606,-1.5208948850631714,-2.555469512939453,1.0345746278762817,-0.9743674993515015,-0.5737201571464539,-0.40064734220504755,2.7909507751464844,-0.12094533443450928,2.9118961095809937,0.013201631605625153,0.026658613234758377,7.748603820800781e-06,0.0
24.923076923076923,1,1,1,1.0,0,False,0,False,1.439562439918518,2.5853593349456787,-1.1457968950271606,-1.5208948850631714,-2.555469512939453,1.0345746278762817,-0.9743674993515015,-0.5737206339836121,-0.4006468653678894,2.7909507751464844,-0.12094602733850479,2.911896802484989,0.013201616704463959,0.026658613234758377,4.842877388000488e-07,0.0
25.0,1,1,1,1.0,0,False,0,False,1.439562439918518,2.5853593349456787,-1.1457968950271606,-1.5208948850631714,-2.555469512939453,1.0345746278762817,-0.9743674993515015,-0.5737188458442688,-0.40064865350723267,2.7909507751464844,-0.12094701826572418,2.9118977934122086,0.013201460242271423,0.026658620685338974,8.898787200450897e-06,0.0
25.076923076923077,1,1,1,1.0,0,False,0,False,1.439562439918518,2.5853593349456787,-1.1457968950271606,-1.5208948850631714,-2.555469512939453,1.0345746278762817,-0.9743674993515015,-0.5737192034721375,-0.400648295879364,2.7909507751464844,-0.12094806134700775,2.911898836493492,0.013201400637626648,0.026658635586500168,4.3585896492004395e-06,0.0
25.153846153846157,1,1,1,1.0,0,False,0,False,1.439562439918518,2.5853593349456787,-1.1457968950271606,-1.5208948850631714,-2.555469512939453,1.0345746278762817,-0.9743674993515015,-0.5737201571464539,-0.40064734220504755,2.7909507751464844,-0.12094900757074356,2.911899782717228,0.013201400637626648,0.026658635586500168,1.695007085800171e-06,0.0
25.230769230769234,1,1,1,1.0,0,False,0,False,1.439562439918518,2.5853593349456787,-1.1457968950271606,-1.5208948850631714,-2.555469512939453,1.0345746278762817,-0.9743674993515015,-0.5737218856811523,-0.4006456136703491,2.7909507751464844,-0.12094990164041519,2.9119006767868996,0.013201400637626648,0.026658635586500168,3.026798367500305e-06,0.0
25.30769230769231,1,1,1,1.0,0,False,0,False,1.439562439918518,2.5853593349456787,-1.1457968950271606,-1.5208948850631714,-2.555469512939453,1.0345746278762817,-0.9743674993515015,-0.5737242698669434,-0.4006432294845581,2.7909507751464844,-0.12095075845718384,2.911901533603668,0.013201385736465454,0.02665865048766136,3.874301910400391e-06,0.0
25.384615384615387,1,1,1,1.0,0,False,0,False,1.439562439918518,2.5853593349456787,-1.1457968950271606,-1.5208948850631714,-2.555469512939453,1.0345746278762817,-0.9743674993515015,-0.5737248063087463,-0.4006426930427551,2.7909507751464844,-0.1209515929222107,2.911902368068695,0.013201341032981873,0.02665868028998375,5.811452865600586e-06,0.0
25.461538461538463,1,1,1,1.0,0,False,0,False,1.439562439918518,2.5853593349456787,-1.1457968950271606,-1.5208948850631714,-2.555469512939453,1.0345746278762817,-0.9743674993515015,-0.5737208724021912,-0.4006466269493103,2.7909507751464844,-0.12095247954130173,2.911903254687786,0.013201341032981873,0.026658739894628525,1.2409873306751251e-05,0.0
25.53846153846154,1,1,1,1.0,0,False,0,False,1.439562439918518,2.5853593349456787,-1.1457968950271606,-1.5208948850631714,-2.555469512939453,1.0345746278762817,-0.9743674993515015,-0.5737194418907166,-0.4006480574607849,2.7909507751464844,-0.12095318734645844,2.911903962492943,0.013201281428337097,0.026658792048692703,7.627531886100769e-06,0.0
25.615384615384617,1,1,1,1.0,0,False,0,False,1.439562439918518,2.5853593349456787,-1.1457968950271606,-1.5208948850631714,-2.555469512939453,1.0345746278762817,-0.9743674993515015,-0.573719322681427,-0.40064817667007446,2.7909507751464844,-0.12095409631729126,2.9119048714637756,0.01320134848356247,0.026658814400434494,1.071486622095108e-05,0.0
25.692307692307693,1,1,1,1.0,0,False,0,False,1.439562439918518,2.5853593349456787,-1.1457968950271606,-1.5208948850631714,-2.555469512939453,1.0345746278762817,-0.9743674993515015,-0.5737199187278748,-0.4006475806236267,2.7909507751464844,-0.12095494568347931,2.9119057208299637,0.013201422989368439,0.0266587994992733,8.293427526950836e-06,0.0
25.76923076923077,1,1,1,1.0,0,False,0,False,1.439562439918518,2.5853593349456787,-1.1457968950271606,-1.5208948850631714,-2.555469512939453,1.0345746278762817,-0.9743674993515015,-0.573721706867218,-0.4006457924842834,2.7909507751464844,-0.12095554172992706,2.9119063168764114,0.013201422989368439,0.02665877714753151,7.264316082000732e-06,0.0
25.846153846153847,1,1,1,1.0,0,False,0,False,1.439562439918518,2.5853593349456787,-1.1457968950271606,-1.5208948850631714,-2.555469512939453,1.0345746278762817,-0.9743674993515015,-0.5737239122390747,-0.4006435871124267,2.7909507751464844,-0.12095613777637482,2.911906912922859,0.013201422989368439,0.02665877714753151,8.051283657550812e-06,0.0
25.923076923076923,1,1,1,1.0,0,False,0,False,1.439562439918518,2.5853593349456787,-1.1457968950271606,-1.5208948850631714,-2.555469512939453,1.0345746278762817,-0.9743674993515015,-0.5737251043319702,-0.40064239501953125,2.7909507751464844,-0.12095663696527481,2.911907412111759,0.013201422989368439,0.026658784598112106,9.927898645401001e-06,0.0
26.0,1,1,1,1.0,0,False,0,False,1.439562439918518,2.5853593349456787,-1.1457968950271606,-1.5208948850631714,-2.555469512939453,1.0345746278762817,-0.9743674993515015,-0.5737226009368896,-0.4006448984146118,2.7909507751464844,-0.12095693498849869,2.911907710134983,0.013201422989368439,0.026658806949853897,1.477077603340149e-05,0.0
26.076923076923077,1,1,1,1.0,0,False,0,False,1.439562439918518,2.5853593349456787,-1.1457968950271606,-1.5208948850631714,-2.555469512939453,1.0345746278762817,-0.9743674993515015,-0.5737181305885315,-0.40064936876296997,2.7909507751464844,-0.12095721811056137,2.9119079932570457,0.013201422989368439,0.02665884420275688,2.003740519285202e-05,0.0
26.153846153846157,1,1,1,1.0,0,False,0,False,1.439562439918518,2.5853593349456787,-1.1457968950271606,-1.5208948850631714,-2.555469512939453,1.0345746278762817,-0.9743674993515015,-0.5737153887748718,-0.40065211057662964,2.7909507751464844,-0.12095751613378525,2.9119082912802696,0.013201422989368439,0.026658888906240463,8.353963494300842e-06,0.0
26.230769230769234,1,1,1,1.0,0,False,0,False,1.439562439918518,2.5853593349456787,-1.1457968950271606,-1.5208948850631714,-2.555469512939453,1.0345746278762817,-0.9743674993515015,-0.5737149715423584,-0.400652527809143,2.7909507751464844,-0.12095808982849121,2.9119088649749756,0.01320137083530426,0.02665891870856285,1.1743977665901184e-05,0.0
26.30769230769231,1,1,1,1.0,0,False,0,False,1.439562439918518,2.5853593349456787,-1.1457968950271606,-1.5208948850631714,-2.555469512939453,1.0345746278762817,-0.9743674993515015,-0.5737158060073853,-0.4006516933441162,2.7909507751464844,-0.12095890939235687,2.9119096845388412,0.013201475143432617,0.026658933609724045,8.23289155960083e-06,0.0
26.384615384615387,1,1,1,1.0,0,False,0,False,1.439562439918518,2.5853593349456787,-1.1457968950271606,-1.5208948850631714,-2.555469512939453,1.0345746278762817,-0.9743674993515015,-0.5737176537513733,-0.4006498456001282,2.7909507751464844,-0.12095955014228821,2.9119103252887726,0.013201572000980377,0.026658911257982254,1.2349337339401245e-05,0.0
26.461538461538463,1,1,1,1.0,0,False,0,False,1.439562439918518,2.5853593349456787,-1.1457968950271606,-1.5208948850631714,-2.555469512939453,1.0345746278762817,-0.9743674993515015,-0.5737190842628479,-0.40064841508865356,2.7909507751464844,-0.12096000462770462,2.911910779774189,0.013201572000980377,0.026658881455659866,1.0896474123001099e-05,0.0
26.53846153846154,1,1,1,1.0,0,False,0,False,1.439562439918518,2.5853593349456787,-1.1457968950271606,-1.5208948850631714,-2.555469512939453,1.0345746278762817,-0.9743674993515015,-0.5737175941467285,-0.40064990520477295,2.7909507751464844,-0.12096021324396133,2.9119109883904457,0.013201437890529633,0.026658859103918076,1.1380761861801147e-05,0.0
26.615384615384617,1,1,1,1.0,0,False,0,False,1.439562439918518,2.5853593349456787,-1.1457968950271606,-1.5208948850631714,-2.555469512939453,1.0345746278762817,-0.9743674993515015,-0.5737178325653076,-0.40064966678619385,2.7909507751464844,-0.12096032500267029,2.9119111001491547,0.013201296329498291,0.026658829301595688,9.806826710700989e-06,0.0
26.692307692307693,1,1,1,1.0,0,False,0,False,1.439562439918518,2.5853593349456787,-1.1457968950271606,-1.5208948850631714,-2.555469512939453,1.0345746278762817,-0.9743674993515015,-0.5737186074256897,-0.40064889192581177,2.7909507751464844,-0.12096045911312103,2.9119112342596054,0.0132012739777565,0.026658784598112106,1.041218638420105e-05,0.0
26.76923076923077,1,1,1,1.0,0,False,0,False,1.439562439918518,2.5853593349456787,-1.1457968950271606,-1.5208948850631714,-2.555469512939453,1.0345746278762817,-0.9743674993515015,-0.5737205147743225,-0.40064698457717896,2.7909507751464844,-0.12096057832241058,2.911911353468895,0.0132012739777565,0.02665874734520912,7.748603820800781e-06,0.0
26.846153846153847,1,1,1,1.0,0,False,0,False,1.439562439918518,2.5853593349456787,-1.1457968950271606,-1.5208948850631714,-2.555469512939453,1.0345746278762817,-0.9743674993515015,-0.5737196803092957,-0.4006478190422058,2.7909507751464844,-0.12096080183982849,2.911911576986313,0.0132012739777565,0.026658717542886734,4.842877388000488e-07,0.0
26.923076923076923,1,1,1,1.0,0,False,0,False,1.439562439918518,2.5853593349456787,-1.1457968950271606,-1.5208948850631714,-2.555469512939453,1.0345746278762817,-0.9743674993515015,-0.5737189054489136,-0.40064859390258784,2.7909507751464844,-0.12096107751131058,2.911911852657795,0.013201259076595306,0.02665872499346733,1.150183379650116e-06,0.0
27.0,1,1,1,1.0,0,False,0,False,1.439562439918518,2.5853590965270996,-1.1457966566085815,-1.5208948850631714,-2.555469512939453,1.0345746278762817,-0.9743674993515015,-0.5737192034721375,-0.400648295879364,2.7909507751464844,-0.12096137553453445,2.911912150681019,0.013201259076595306,0.02665874734520912,3.511086106300354e-06,0.0
27.07692307692308,1,1,1,1.0,0,False,0,False,1.439562439918518,2.5853590965270996,-1.1457966566085815,-1.5208948850631714,-2.555469512939453,1.0345746278762817,-0.9743674993515015,-0.5737206935882568,-0.40064680576324463,2.7909507751464844,-0.12096168100833893,2.9119124561548233,0.013201259076595306,0.02665874734520912,8.293427526950836e-06,0.0
27.153846153846157,1,1,1,1.0,0,False,0,False,1.439562439918518,2.5853590965270996,-1.1457966566085815,-1.5208948850631714,-2.555469512939453,1.0345746278762817,-0.9743674993515015,-0.5737229585647583,-0.40064454078674316,2.7909507751464844,-0.1209619790315628,2.911912754178047,0.013201259076595306,0.02665874734520912,1.210719347000122e-05,0.0
27.230769230769234,1,1,1,1.0,0,False,0,False,1.439562439918518,2.5853590965270996,-1.1457966566085815,-1.5208948850631714,-2.555469512939453,1.0345746278762817,-0.9743674993515015,-0.5737245678901672,-0.40064293146133423,2.7909507751464844,-0.1209622398018837,2.911913014948368,0.013201259076595306,0.02665877714753151,3.874301910400391e-06,0.0
27.30769230769231,1,1,1,1.0,0,False,0,False,1.439562439918518,2.5853590965270996,-1.1457966566085815,-1.5208948850631714,-2.555469512939453,1.0345746278762817,-0.9743674993515015,-0.5737245082855225,-0.400642991065979,2.7909507751464844,-0.1209622398018837,2.911913014948368,0.013201266527175903,0.026658806949853897,7.748603820800781e-06,0.0
27.384615384615387,1,1,1,1.0,0,False,0,False,1.439562439918518,2.5853590965270996,-1.1457966566085815,-1.5208948850631714,-2.555469512939453,1.0345746278762817,-0.9743674993515015,-0.5737207531929016,-0.40064674615859985,2.7909507751464844,-0.1209622323513031,2.9119130074977875,0.013201266527175903,0.02665885165333748,7.748603820800781e-06,0.0
27.461538461538463,1,1,1,1.0,0,False,0,False,1.439562439918518,2.5853590965270996,-1.1457966566085815,-1.5208948850631714,-2.555469512939453,1.0345746278762817,-0.9743674993515015,-0.573718249797821,-0.4006492495536804,2.7909507751464844,-0.12096241861581802,2.9119131937623024,0.013201266527175903,0.02665889635682106,8.051283657550812e-06,0.0
27.53846153846154,1,1,1,1.0,0,False,0,False,1.439562439918518,2.5853590965270996,-1.1457966566085815,-1.5208948850631714,-2.555469512939453,1.0345746278762817,-0.9743674993515015,-0.5737171173095703,-0.40065038204193115,2.7909507751464844,-0.1209627166390419,2.9119134917855263,0.01320137083530426,0.02665891870856285,1.5739351511001587e-05,0.0
27.615384615384617,1,1,1,1.0,0,False,0,False,1.439562439918518,2.5853590965270996,-1.1457966566085815,-1.5208948850631714,-2.555469512939453,1.0345746278762817,-0.9743674993515015,-0.5737155079841614,-0.4006519913673401,2.7909507751464844,-0.12096300721168518,2.9119137823581696,0.013201482594013214,0.026658911257982254,1.2409873306751251e-05,0.0
27.692307692307693,1,1,1,1.0,0,False,0,False,1.439562439918518,2.5853590965270996,-1.1457966566085815,-1.5208948850631714,-2.555469512939453,1.0345746278762817,-0.9743674993515015,-0.5737140774726868,-0.4006534218788147,2.7909507751464844,-0.12096327543258667,2.911914050579071,0.013201557099819183,0.02665887400507927,9.443610906600952e-06,0.0
27.76923076923077,1,1,1,1.0,0,False,0,False,1.439562439918518,2.5853590965270996,-1.1457966566085815,-1.5208948850631714,-2.555469512939453,1.0345746278762817,-0.9743674993515015,-0.5737130045890808,-0.4006544947624206,2.7909507751464844,-0.1209631934762001,2.9119139686226845,0.013201557099819183,0.026658806949853897,7.990747690200806e-06,0.0
27.846153846153847,1,1,1,1.0,0,False,0,False,1.439562439918518,2.5853590965270996,-1.1457966566085815,-1.5208948850631714,-2.555469512939453,1.0345746278762817,-0.9743674993515015,-0.5737115144729614,-0.40065598487854,2.7909507751464844,-0.12096220254898071,2.911912977695465,0.013201266527175903,0.026658710092306137,1.1865049600601196e-05,0.0
27.923076923076923,1,1,1,1.0,0,False,0,False,1.439562439918518,2.5853590965270996,-1.1457966566085815,-1.5208948850631714,-2.555469512939453,1.0345746278762817,-0.9743674993515015,-0.5737112164497375,-0.4006562829017639,2.7909507751464844,-0.12096063792705536,2.9119114130735397,0.013201050460338593,0.026658590883016586,1.0654330253601074e-05,0.0
28.0,1,1,1,1.0,0,False,0,False,1.439562439918518,2.5853590965270996,-1.1457966566085815,-1.5208948850631714,-2.555469512939453,1.0345746278762817,-0.9743674993515015,-0.5737103223800659,-0.40065717697143555,2.7909507751464844,-0.1209585964679718,2.911909371614456,0.013200730085372925,0.026658426970243454,1.2228265404701233e-05,0.0
28.07692307692308,1,1,1,1.0,0,False,0,False,1.439562439918518,2.5853590965270996,-1.1457966566085815,-1.5208948850631714,-2.555469512939453,1.0345746278762817,-0.9743674993515015,-0.5737108588218689,-0.40065664052963257,2.7909507751464844,-0.12095632404088974,2.911907099187374,0.013200230896472931,0.02665827050805092,1.210719347000122e-05,0.0
28.153846153846157,1,1,1,1.0,0,False,0,False,1.439562439918518,2.5853590965270996,-1.1457966566085815,-1.5208948850631714,-2.555469512939453,1.0345746278762817,-0.9743674993515015,-0.5737118721008301,-0.4006556272506714,2.7909507751464844,-0.1209542378783226,2.911905013024807,0.013199731707572937,0.026658158749341965,1.3075768947601318e-05,0.0
28.230769230769234,1,1,1,1.0,0,False,0,False,1.439562439918518,2.5853590965270996,-1.1457966566085815,-1.5208948850631714,-2.555469512939453,1.0345746278762817,-0.9743674993515015,-0.5737146139144897,-0.4006528854370117,2.7909507751464844,-0.12095321714878082,2.911903992295265,0.013199247419834137,0.02665804699063301,1.646578311920166e-05,0.0
28.30769230769231,1,1,1,1.0,0,False,0,False,1.439562439918518,2.5853590965270996,-1.1457966566085815,-1.5208948850631714,-2.555469512939453,1.0345746278762817,-0.9743674993515015,-0.5737158060073853,-0.4006516933441162,2.7909507751464844,-0.12095286697149277,2.911903642117977,0.013199076056480408,0.02665800228714943,1.0230578482151031e-05,0.0
28.384615384615387,1,1,1,1.0,0,False,0,False,1.439562439918518,2.5853590965270996,-1.1457966566085815,-1.5208948850631714,-2.555469512939453,1.0345746278762817,-0.9743674993515015,-0.5737143754959106,-0.4006531238555908,2.7909507751464844,-0.12095285207033157,2.911903627216816,0.013198919594287872,0.026657987385988235,4.3585896492004395e-06,0.0
28.461538461538463,1,1,1,1.0,0,False,0,False,1.439562439918518,2.5853590965270996,-1.1457966566085815,-1.5208948850631714,-2.555469512939453,1.0345746278762817,-0.9743674993515015,-0.5737153887748718,-0.40065211057662964,2.7909507751464844,-0.1209535300731659,2.9119043052196503,0.013198591768741608,0.026657935231924057,7.748603820800781e-06,0.0
28.53846153846154,1,1,1,1.0,0,False,0,False,1.439562439918518,2.585357189178467,-1.1457947492599487,-1.5208948850631714,-2.555469512939453,1.0345746278762817,-0.9743674993515015,-0.5737149119377136,-0.40065258741378784,2.7909507751464844,-0.12095458805561066,2.911905363202095,0.013198547065258026,0.02665788307785988,1.5012919902801514e-05,0.0
28.615384615384617,1,1,1,1.0,0,False,0,False,1.439562439918518,2.585357189178467,-1.1457947492599487,-1.5208948850631714,-2.555469512939453,1.0345746278762817,-0.9743674993515015,-0.5737080574035645,-0.400659441947937,2.7909507751464844,-0.12095601856708527,2.9119067937135696,0.013198547065258026,0.02665788307785988,7.990747690200806e-06,0.0
28.692307692307693,1,1,1,1.0,0,False,0,False,1.439562439918518,2.585357189178467,-1.1457947492599487,-1.5208948850631714,-2.555469512939453,1.0345746278762817,-0.9743674993515015,-0.5736995935440063,-0.4006679058074951,2.7909507751464844,-0.1209578886628151,2.9119086638092995,0.01319856196641922,0.026657920330762863,9.080395102500916e-06,0.0
28.76923076923077,1,1,1,1.0,0,False,0,False,1.439562439918518,2.585357189178467,-1.1457947492599487,-1.5208948850631714,-2.555466890335083,1.0345720052719116,-0.9743674993515015,-0.5736950635910034,-0.40067243576049805,2.7909507751464844,-0.12095988541841507,2.9119106605648994,0.013198554515838623,0.02665797248482704,4.3585896492004395e-06,0.0
28.846153846153847,1,1,1,1.0,0,False,0,False,1.439562439918518,2.585357189178467,-1.1457947492599487,-1.5208948850631714,-2.555462598800659,1.0345677137374878,-0.9743674993515015,-0.573689877986908,-0.4006776213645935,2.7909507751464844,-0.12096184492111206,2.9119126200675964,0.013198666274547577,0.026657987385988235,7.990747690200806e-06,0.0
28.923076923076923,1,1,1,1.0,0,False,0,False,1.439562439918518,2.585357189178467,-1.1457947492599487,-1.5208948850631714,-2.5554614067077637,1.0345665216445923,-0.9743674993515015,-0.5736849904060364,-0.40068250894546514,2.7909507751464844,-0.12096381932497025,2.9119145944714546,0.013198800384998322,0.026658009737730026,7.14324414730072e-06,0.0
29.0,1,1,1,1.0,0,False,0,False,1.439562439918518,2.585357189178467,-1.1457947492599487,-1.5208948850631714,-2.5554614067077637,1.0345665216445923,-0.9743674993515015,-0.573679506778717,-0.4006879925727844,2.7909507751464844,-0.12096576392650604,2.9119165390729904,0.013198979198932648,0.02665802463889122,7.506459951400757e-06,0.0
29.07692307692308,1,1,1,1.0,0,False,0,False,1.439562439918518,2.585357189178467,-1.1457947492599487,-1.5208948850631714,-2.5554614067077637,1.0345665216445923,-0.9743674993515015,-0.5736741423606873,-0.40069335699081426,2.7909507751464844,-0.12096745520830154,2.911918230354786,0.01319914311170578,0.026657994836568832,8.475035429000854e-06,0.0
29.153846153846157,1,1,1,1.0,0,False,0,False,1.439562439918518,2.585357189178467,-1.1457947492599487,-1.5208948850631714,-2.5554614067077637,1.0345665216445923,-0.9743674993515015,-0.5736716389656067,-0.4006958603858948,2.7909507751464844,-0.12096831947565079,2.911919094622135,0.013199247419834137,0.026657890528440475,4.721805453300476e-06,0.0
29.230769230769234,1,1,1,1.0,0,False,0,False,1.439562439918518,2.585357189178467,-1.1457947492599487,-1.5208948850631714,-2.5554614067077637,1.0345665216445923,-0.9743674993515015,-0.5736696124076843,-0.4006978869438171,2.7909507751464844,-0.120967797935009,2.9119185730814934,0.013199232518672943,0.02665773406624794,1.2349337339401245e-05,0.0
29.30769230769231,1,1,1,1.0,0,False,0,False,1.439562439918518,2.585357189178467,-1.1457947492599487,-1.5208948850631714,-2.5554614067077637,1.0345665216445923,-0.9743674993515015,-0.5736665725708008,-0.4007009267807007,2.7909507751464844,-0.12096602469682693,2.9119167998433113,0.013199113309383392,0.02665756270289421,2.0158477127552032e-05,0.0
29.384615384615387,1,1,1,1.0,0,False,0,False,1.439562439918518,2.585357189178467,-1.1457947492599487,-1.5208948850631714,-2.5554614067077637,1.0345665216445923,-0.9743674993515015,-0.5736631751060486,-0.4007043242454529,2.7909507751464844,-0.12096352875232697,2.9119143038988113,0.013198651373386383,0.026657331734895706,1.5739351511001587e-05,0.0
29.461538461538463,1,1,1,1.0,0,False,0,False,1.439562439918518,2.585357189178467,-1.1457947492599487,-1.5208948850631714,-2.5554614067077637,1.0345665216445923,-0.9743674993515015,-0.5736594796180725,-0.40070801973342896,2.7909507751464844,-0.12096098065376282,2.911911755800247,0.013198047876358032,0.026657063513994217,1.707114279270172e-05,0.0
29.53846153846154,1,1,1,1.0,0,False,0,False,1.439562439918518,2.585357189178467,-1.1457947492599487,-1.5208948850631714,-2.5554614067077637,1.0345665216445923,-0.9743674993515015,-0.573655366897583,-0.40071213245391846,2.7909507751464844,-0.1209583505988121,2.9119091257452965,0.013197489082813263,0.026656758040189743,1.4044344425201416e-05,0.0
29.615384615384617,1,1,1,1.0,0,False,0,False,1.439562439918518,2.585357189178467,-1.1457947492599487,-1.5208948850631714,-2.5554614067077637,1.0345665216445923,-0.9743674993515015,-0.5736526846885681,-0.40071481466293335,2.7909507751464844,-0.12095481902360916,2.9119055941700935,0.013197027146816254,0.026656415313482285,1.6344711184501648e-05,0.0
29.692307692307693,1,1,1,1.0,0,False,0,False,1.439562439918518,2.585357189178467,-1.1457947492599487,-1.5208948850631714,-2.5554614067077637,1.0345665216445923,-0.9743674993515015,-0.5736528038978577,-0.4007146954536438,2.7909507751464844,-0.12095066159963608,2.9119014367461205,0.013196364045143127,0.02665604278445244,1.3075768947601318e-05,0.0
29.76923076923077,1,1,1,1.0,0,False,0,False,1.439562439918518,2.585357189178467,-1.1457947492599487,-1.5208948850631714,-2.5554614067077637,1.0345665216445923,-0.9743674993515015,-0.5736523270606995,-0.400715172290802,2.7909507751464844,-0.12094638496637344,2.911897160112858,0.013195633888244629,0.0266556479036808,1.3317912817001343e-05,0.0
29.846153846153847,1,1,1,1.0,0,False,0,False,1.439562439918518,2.585357189178467,-1.1457947492599487,-1.5208948850631714,-2.5554614067077637,1.0345665216445923,-0.9743674993515015,-0.5736514925956726,-0.40071600675582886,2.7909507751464844,-0.12094193696975708,2.9118927121162415,0.013194739818572998,0.02665523812174797,1.0048970580101013e-05,0.0
29.923076923076923,1,1,1,1.0,0,False,0,False,1.439562439918518,2.585357189178467,-1.1457947492599487,-1.5208948850631714,-2.5554614067077637,1.0345665216445923,-0.9743674993515015,-0.5736487507820129,-0.4007187485694885,2.7909507751464844,-0.1209380105137825,2.911888785660267,0.013193905353546143,0.02665482833981514,1.1138617992401123e-05,0.0
30.0,1,1,1,1.0,0,False,0,False,1.439562439918518,2.585357189178467,-1.1457947492599487,-1.5208948850631714,-2.5554614067077637,1.0345665216445923,-0.9743674993515015,-0.5736460089683533,-0.40072149038314814,2.7909507751464844,-0.12093473225831985,2.9118855074048042,0.013193294405937195,0.026654478162527084,1.5133991837501526e-05,0.0
30.07692307692308,1,1,1,1.0,0,False,0,False,1.439562439918518,2.585357189178467,-1.1457947492599487,-1.5208948850631714,-2.5554614067077637,1.0345665216445923,-0.9743674993515015,-0.5736439824104309,-0.40072351694107056,2.7909507751464844,-0.12093255668878555,2.91188333183527,0.01319257915019989,0.026654202491044998,1.816079020500183e-05,0.0
30.153846153846157,1,1,1,1.0,0,False,0,False,1.439562439918518,2.585357189178467,-1.1457947492599487,-1.5208948850631714,-2.5554614067077637,1.0345665216445923,-0.9743674993515015,-0.5736417174339294,-0.400725781917572,2.7909507751464844,-0.12093197554349899,2.9118827506899834,0.01319226622581482,0.026654038578271866,8.293427526950836e-06,0.0
30.230769230769234,1,1,1,1.0,0,False,0,False,1.439562439918518,2.585357189178467,-1.1457947492599487,-1.5208948850631714,-2.5554614067077637,1.0345665216445923,-0.9743674993515015,-0.5736402273178101,-0.4007272720336914,2.7909507751464844,-0.12093263119459152,2.911883406341076,0.013192154467105865,0.026653964072465897,1.6102567315101624e-05,0.0
30.30769230769231,1,1,1,1.0,0,False,0,False,1.439562439918518,2.585357189178467,-1.1457947492599487,-1.5208948850631714,-2.5554614067077637,1.0345665216445923,-0.9743674993515015,-0.5736382007598877,-0.40072929859161377,2.7909507751464844,-0.12093421071767807,2.9118849858641624,0.013192139565944672,0.026653949171304703,1.477077603340149e-05,0.0
30.384615384615387,1,1,1,1.0,0,False,0,False,1.439562439918518,2.585357189178467,-1.1457947492599487,-1.5208948850631714,-2.5554614067077637,1.0345665216445923,-0.9743674993515015,-0.5736372470855713,-0.40073025226593023,2.7909507751464844,-0.12093715369701385,2.9118879288434982,0.013192139565944672,0.026653964072465897,1.8887221813201904e-05,0.0
30.461538461538463,1,1,1,1.0,0,False,0,False,1.439562439918518,2.585357189178467,-1.1457947492599487,-1.5208948850631714,-2.5554614067077637,1.0345665216445923,-0.9743674993515015,-0.5736353993415833,-0.4007321000099182,2.7909507751464844,-0.12094102799892426,2.9118918031454086,0.013192042708396912,0.026653949171304703,6.84056431055069e-06,0.0
30.53846153846154,1,1,1,1.0,0,False,0,False,1.439562439918518,2.585357189178467,-1.1457947492599487,-1.5208948850631714,-2.5554614067077637,1.0345665216445923,-0.9743674993515015,-0.5736340880393982,-0.40073341131210327,2.7909507751464844,-0.12094474583864212,2.9118955209851265,0.0131920725107193,0.026653919368982315,1.3317912817001343e-05,0.0
30.615384615384617,1,1,1,1.0,0,False,0,False,1.439562439918518,2.585357189178467,-1.1457947492599487,-1.5208948850631714,-2.5554614067077637,1.0345665216445923,-0.9743674993515015,-0.5736334919929504,-0.400734007358551,2.7909507751464844,-0.12094809114933014,2.9118988662958145,0.01319211721420288,0.026653852313756943,7.022172212600708e-06,0.0
30.692307692307693,1,1,1,1.0,0,False,0,False,1.439562439918518,2.585357189178467,-1.1457947492599487,-1.5208948850631714,-2.5554614067077637,1.0345665216445923,-0.9743674993515015,-0.5736339092254639,-0.40073359012603765,2.7909507751464844,-0.12095072120428085,2.9119014963507652,0.013192206621170044,0.026653777807950974,8.293427526950836e-06,0.0
30.76923076923077,1,1,1,1.0,0,False,0,False,1.439562439918518,2.585357189178467,-1.1457947492599487,-1.5208948850631714,-2.5554614067077637,1.0345665216445923,-0.9743674993515015,-0.5736398100852966,-0.4007276892662049,2.7909507751464844,-0.12095286697149277,2.911903642117977,0.013192199170589447,0.026653703302145004,7.748603820800781e-06,0.0
30.846153846153847,1,1,1,1.0,0,False,0,False,1.439562439918518,2.585357189178467,-1.1457947492599487,-1.5208948850631714,-2.5554614067077637,1.0345665216445923,-0.9743674993515015,-0.5736443996429443,-0.40072309970855713,2.7909507751464844,-0.12095467746257782,2.911905452609062,0.013192109763622284,0.026653658598661423,9.32253897190094e-06,0.0
30.923076923076923,1,1,1,1.0,0,False,0,False,1.439562439918518,2.585357189178467,-1.1457947492599487,-1.5208948850631714,-2.5554614067077637,1.0345665216445923,-0.9743674993515015,-0.5736473202705383,-0.40072017908096313,2.7909507751464844,-0.12095628678798676,2.911907061934471,0.013192027807235718,0.026653621345758438,9.443610906600952e-06,0.0
31.0,1,1,1,1.0,0,False,0,False,1.439562439918518,2.585357189178467,-1.1457947492599487,-1.5208948850631714,-2.5554614067077637,1.0345665216445923,-0.9743674993515015,-0.5736510753631592,-0.4007164239883423,2.7909507751464844,-0.12095777690410614,2.9119085520505905,0.013192012906074524,0.026653621345758438,4.842877388000488e-06,0.0
31.07692307692308,1,1,1,1.0,0,False,0,False,1.439562439918518,2.585357189178467,-1.1457947492599487,-1.5208948850631714,-2.5554614067077637,1.0345665216445923,-0.9743674993515015,-0.5736531615257263,-0.40071433782577515,2.7909507751464844,-0.12095928937196732,2.9119100645184517,0.013192012906074524,0.026653621345758438,6.658956408500671e-06,0.0
31.153846153846157,1,1,1,1.0,0,False,0,False,1.439562439918518,2.585357189178467,-1.1457947492599487,-1.5208948850631714,-2.5554614067077637,1.0345665216445923,-0.9743674993515015,-0.5736531615257263,-0.40071433782577515,2.7909507751464844,-0.12096086144447327,2.9119116365909576,0.013192102313041687,0.026653680950403214,6.7194923758506775e-06,0.0
31.230769230769234,1,1,1,1.0,0,False,0,False,1.439562439918518,2.585357189178467,-1.1457947492599487,-1.5208948850631714,-2.555457353591919,1.0345624685287476,-0.9743674993515015,-0.5736520290374756,-0.4007154703140259,2.7909507751464844,-0.12096308916807175,2.911913864314556,0.013192109763622284,0.026653770357370377,1.0048970580101013e-05,0.0
31.30769230769231,1,1,1,1.0,0,False,0,False,1.439562439918518,2.585357189178467,-1.1457947492599487,-1.5208948850631714,-2.555448532104492,1.0345536470413208,-0.9743674993515015,-0.5736495852470398,-0.40071791410446167,2.7909507751464844,-0.12096609175205231,2.9119168668985367,0.01319209486246109,0.026653874665498734,1.2954697012901306e-05,0.0
31.384615384615387,1,1,1,1.0,0,False,0,False,1.439562439918518,2.585357189178467,-1.1457947492599487,-1.5208948850631714,-2.5554394721984863,1.034544587135315,-0.9743674993515015,-0.5736475586891174,-0.40071994066238403,2.7909507751464844,-0.12096931040287018,2.9119200855493546,0.013192161917686462,0.026654008775949478,1.6284175217151642e-05,0.0
31.461538461538463,1,1,1,1.0,0,False,0,False,1.439562439918518,2.585355520248413,-1.145793080329895,-1.5208948850631714,-2.555433750152588,1.0345388650894165,-0.9743674993515015,-0.5736446380615234,-0.400722861289978,2.7909507751464844,-0.12097299098968506,2.9119237661361694,0.013192258775234222,0.026654157787561417,1.9613653421401978e-05,0.0
31.53846153846154,1,1,1,1.0,0,False,0,False,1.439562439918518,2.5853543281555176,-1.1457918882369995,-1.5208948850631714,-2.5554327964782715,1.0345379114151,-0.9743674993515015,-0.573642373085022,-0.4007251262664795,2.7909507751464844,-0.12097641825675964,2.911927193403244,0.013192370533943176,0.026654262095689774,1.041218638420105e-05,0.0
31.615384615384617,1,1,1,1.0,0,False,0,False,1.439562439918518,2.5853543281555176,-1.1457918882369995,-1.5208948850631714,-2.5554327964782715,1.0345379114151,-0.9743674993515015,-0.5736407041549683,-0.4007267951965332,2.7909507751464844,-0.12097961455583572,2.91193038970232,0.013192526996135712,0.02665436640381813,4.9639493227005005e-06,0.0
31.692307692307693,1,1,1,1.0,0,False,0,False,1.439562439918518,2.5853543281555176,-1.1457918882369995,-1.5208948850631714,-2.5554327964782715,1.0345379114151,-0.9743674993515015,-0.5736387372016907,-0.4007287621498108,2.7909507751464844,-0.12098250538110733,2.9119332805275917,0.013192690908908844,0.026654448360204697,8.959323167800903e-06,0.0
31.76923076923077,1,1,1,1.0,0,False,0,False,1.439562439918518,2.5853543281555176,-1.1457918882369995,-1.5208948850631714,-2.5554327964782715,1.0345379114151,-0.9743674993515015,-0.5736376047134399,-0.4007298946380615,2.7909507751464844,-0.12098484486341476,2.911935620009899,0.013192757964134216,0.026654470711946487,7.748603820800781e-06,0.0
31.846153846153847,1,1,1,1.0,0,False,0,False,1.439562439918518,2.5853543281555176,-1.1457918882369995,-1.5208948850631714,-2.5554327964782715,1.0345379114151,-0.9743674993515015,-0.5736357569694519,-0.40073174238204956,2.7909507751464844,-0.12098654359579086,2.9119373187422752,0.013192780315876007,0.026654455810785294,1.864507794380188e-05,0.0
31.923076923076923,1,1,1,1.0,0,False,0,False,1.439562439918518,2.5853543281555176,-1.1457918882369995,-1.5208948850631714,-2.5554327964782715,1.0345379114151,-0.9743674993515015,-0.5736351609230042,-0.4007323384284973,2.7909507751464844,-0.12098753452301025,2.9119383096694946,0.013192698359489441,0.026654381304979324,1.2833625078201294e-05,0.0
32.0,1,1,1,1.0,0,False,0,False,1.439562439918518,2.5853543281555176,-1.1457918882369995,-1.5208948850631714,-2.5554327964782715,1.0345379114151,-0.9743674993515015,-0.5736336708068848,-0.4007338285446167,2.7909507751464844,-0.12098735570907593,2.9119381308555603,0.013192526996135712,0.026654299348592758,1.0896474123001099e-05,0.0
32.07692307692308,4,0,1,0.024038461968302727,0,False,0,False,1.439562439918518,2.5855655670166016,-1.1460031270980835,-1.5208948850631714,-2.5555355548858643,1.0346406698226929,-0.9743674993515015,-0.573635995388031,-0.40073150396347046,2.7909507751464844,-0.1203843429684639,2.9113351181149483,0.013187825679779053,0.02665456011891365,0.00035159289836883545,0.0
32.15384615384615,4,0,1,0.04326923191547394,0,False,0,False,1.439562439918518,2.5867507457733154,-1.1471883058547974,-1.5208948850631714,-2.5557332038879395,1.034838318824768,-0.9743674993515015,-0.5736454725265503,-0.40072202682495117,2.7909507751464844,-0.11856590211391449,2.909516677260399,0.013237632811069489,0.026714783161878586,0.0004302896559238434,0.0
32.23076923076923,4,0,1,0.0625,0,False,0,False,1.439562439918518,2.5887997150421143,-1.1492372751235962,-1.5208948850631714,-2.5559988021850586,1.0351039171218872,-0.9743674993515015,-0.573655903339386,-0.4007115960121155,2.7909507751464844,-0.11698213964700699,2.9079329147934914,0.013482928276062012,0.026912923902273178,0.00048658810555934906,0.0
32.30769230769231,4,0,1,0.08173078298568726,0,False,0,False,1.439562439918518,2.591313123703003,-1.1517506837844849,-1.5208948850631714,-2.5568177700042725,1.035922884941101,-0.9743674993515015,-0.5736614465713501,-0.40070605278015137,2.7909507751464844,-0.1165393739938736,2.907490149140358,0.013908997178077698,0.027140971273183823,0.0007471349090337753,0.0
32.38461538461539,4,0,1,0.10096156597137451,0,False,0,False,1.439562439918518,2.593842029571533,-1.1542795896530151,-1.5208948850631714,-2.557570219039917,1.0366753339767456,-0.9743674993515015,-0.5736652612686157,-0.40070223808288574,2.7909507751464844,-0.11731855571269989,2.9082693308591843,0.014481738209724426,0.027274709194898605,0.0010292930528521538,0.0
32.46153846153846,4,0,1,0.12019234895706177,0,False,0,False,1.439562439918518,2.5960607528686523,-1.1564983129501343,-1.5208948850631714,-2.5575568675994873,1.036661982536316,-0.9743674993515015,-0.573665976524353,-0.4007015228271485,2.7909507751464844,-0.11881779134273529,2.9097685664892197,0.01538357138633728,0.027246486395597458,0.005666650831699371,0.0
32.53846153846154,4,0,1,0.13942313194274902,0,False,0,False,1.439562439918518,2.598191976547241,-1.1586295366287231,-1.5208948850631714,-2.557177782058716,1.0362828969955444,-0.9743674993515015,-0.5736637711524963,-0.4007037281990051,2.7909507751464844,-0.12037425488233566,2.91132503002882,0.016774117946624756,0.027084384113550186,0.0033481232821941376,0.0
32.61538461538462,4,0,1,0.15865391492843628,0,False,0,False,1.439562439918518,2.5998215675354004,-1.1602591276168823,-1.5208948850631714,-2.5567562580108643,1.0358613729476929,-0.9743674993515015,-0.5736624598503113,-0.40070503950119013,2.7909507751464844,-0.12167272716760635,2.9126235023140907,0.01805393397808075,0.026994463056325912,0.0017991289496421814,0.0
32.69230769230769,4,0,1,0.17788469791412354,0,False,0,False,1.439562439918518,2.6005871295928955,-1.1610246896743774,-1.5208948850631714,-2.556387186050415,1.0354923009872437,-0.9743674993515015,-0.5736611485481262,-0.40070635080337524,2.7909507751464844,-0.12291170656681061,2.913862481713295,0.01893501728773117,0.027012918144464493,0.0020867958664894104,0.0
32.769230769230774,4,0,1,0.1971154808998108,0,False,0,False,1.439562439918518,2.600414991378784,-1.1608525514602661,-1.5208948850631714,-2.556123733520508,1.0352288484573364,-0.9743674993515015,-0.5736609697341919,-0.40070652961730957,2.7909507751464844,-0.1241680160164833,2.9151187911629677,0.01944088190793991,0.027114983648061752,0.0007060915231704712,0.0
32.84615384615385,4,0,1,0.21634626388549805,0,False,0,False,1.439562439918518,2.5995898246765137,-1.1600273847579956,-1.5208948850631714,-2.55598521232605,1.0350903272628784,-0.9743674993515015,-0.5736618041992188,-0.40070569515228277,2.7909507751464844,-0.12534312903881073,2.916293904185295,0.019770078361034393,0.027232792228460312,0.0008467771112918854,0.0
32.92307692307693,4,0,1,0.2355770468711853,0,False,0,False,1.439562439918518,2.5984764099121094,-1.1589139699935913,-1.5208948850631714,-2.555870771408081,1.0349758863449097,-0.9743674993515015,-0.5736644864082336,-0.4007030129432678,2.7909507751464844,-0.12630540132522583,2.91725617647171,0.020026080310344696,0.0273323692381382,0.0003184191882610321,0.0
33.0,4,0,1,0.25480780005455017,0,False,0,False,1.439562439918518,2.5974719524383545,-1.1579095125198364,-1.5208948850631714,-2.5556986331939697,1.0348037481307983,-0.9743674993515015,-0.5736692547798157,-0.4006982445716858,2.7909507751464844,-0.1271013766527176,2.918052151799202,0.020273275673389435,0.027415137737989426,8.257105946540833e-05,0.0
33.07692307692308,4,0,1,0.27403852343559265,0,False,0,False,1.439562439918518,2.5969021320343018,-1.1573396921157837,-1.5208948850631714,-2.555387258529663,1.0344923734664917,-0.9743674993515015,-0.5736730098724365,-0.40069448947906494,2.7909507751464844,-0.12772175669670105,2.9186725318431854,0.02061251550912857,0.027479488402605057,0.002808142453432083,0.0
33.15384615384615,4,0,1,0.29326924681663513,0,False,0,False,1.439562439918518,2.5970940589904785,-1.1575316190719604,-1.5208948850631714,-2.555159330368042,1.0342644453048706,-0.9743674993515015,-0.5736747980117798,-0.4006927013397216,2.7909507751464844,-0.1279977262020111,2.9189485013484955,0.021340958774089813,0.027477573603391647,0.0017511844635009766,0.0
33.23076923076923,4,0,1,0.3124999701976776,0,False,0,False,1.439562439918518,2.59774112701416,-1.158178687095642,-1.5208948850631714,-2.5550696849823,1.0341747999191284,-0.9743674993515015,-0.5736761093139648,-0.4006913900375366,2.7909507751464844,-0.12785875797271729,2.9188095331192017,0.022107355296611786,0.027495604008436203,0.010888241231441498,0.0
33.30769230769231,4,0,1,0.3317306935787201,0,False,0,False,1.439562439918518,2.5982632637023926,-1.1587008237838745,-1.5208948850631714,-2.555086612701416,1.0341917276382446,-0.9743674993515015,-0.573676347732544,-0.4006911516189575,2.7909507751464844,-0.12751324474811554,2.9184640198946,0.022743768990039825,0.027591954916715622,0.008358079940080643,0.0
33.38461538461539,4,0,1,0.3509614169597626,0,False,0,False,1.439562439918518,2.5982797145843506,-1.1587172746658325,-1.5208948850631714,-2.5552191734313965,1.034324288368225,-0.9743674993515015,-0.5736760497093201,-0.4006914496421814,2.7909507751464844,-0.12708768248558044,2.918038457632065,0.023147262632846832,0.027757961302995682,0.006602779030799866,0.0
33.46153846153846,4,0,1,0.37019214034080505,0,False,0,False,1.439562439918518,2.5977470874786377,-1.1581846475601196,-1.5208948850631714,-2.5554702281951904,1.034575343132019,-0.9743674993515015,-0.5736757516860962,-0.4006917476654053,2.7909507751464844,-0.12661957740783691,2.9175703525543213,0.023387230932712555,0.027954090386629105,0.0061044469475746155,0.0
33.53846153846154,4,0,1,0.38942286372184753,0,False,0,False,1.439562439918518,2.59686279296875,-1.157300353050232,-1.5208948850631714,-2.5557587146759033,1.034863829612732,-0.9743674993515015,-0.5736758708953857,-0.4006916284561157,2.7909507751464844,-0.12612156569957733,2.9170723408460617,0.02357213944196701,0.028140094131231308,0.006754845380783081,0.0
33.61538461538462,4,0,1,0.40865358710289,0,False,0,False,1.439562439918518,2.595951795578003,-1.1563893556594849,-1.5208948850631714,-2.5560224056243896,1.0351275205612183,-0.9743674993515015,-0.5736772418022156,-0.4006902575492859,2.7909507751464844,-0.12557248771190643,2.916523262858391,0.02379261702299118,0.02829732373356819,0.008051283657550812,0.0
33.69230769230769,4,0,1,0.4278843104839325,0,False,0,False,1.439562439918518,2.595350980758667,-1.155788540840149,-1.5208948850631714,-2.556147813796997,1.0352529287338257,-0.9743674993515015,-0.5736790299415588,-0.40068846940994257,2.7909507751464844,-0.12499500811100006,2.9159457832574844,0.02410464733839035,0.028433378785848618,0.009584538638591766,0.0
33.769230769230774,4,0,1,0.447115033864975,0,False,0,False,1.439562439918518,2.595125198364258,-1.1555627584457397,-1.5208948850631714,-2.5562045574188232,1.0353096723556519,-0.9743674993515015,-0.5736808180809021,-0.40068668127059937,2.7909507751464844,-0.12435318529605865,2.915303960442543,0.024505876004695892,0.02856173738837242,0.01022101379930973,0.0
33.84615384615385,4,0,1,0.46634575724601746,0,False,0,False,1.439562439918518,2.5951931476593018,-1.1556307077407837,-1.5208948850631714,-2.556164503097534,1.0352696180343628,-0.9743674993515015,-0.5736824870109558,-0.4006850123405457,2.7909507751464844,-0.12366718798875809,2.9146179631352425,0.02494651824235916,0.02870367094874382,0.010365089401602745,0.0
33.92307692307693,4,0,1,0.48557648062705994,0,False,0,False,1.439562439918518,2.595224380493164,-1.155661940574646,-1.5208948850631714,-2.5560882091522217,1.0351933240890503,-0.9743674993515015,-0.5736848711967468,-0.40068262815475464,2.7909507751464844,-0.12293273210525513,2.9138835072517395,0.025324411690235138,0.028889093548059464,0.011929096654057503,0.0
34.0,4,0,1,0.5048072338104248,0,False,0,False,1.439562439918518,2.5949530601501465,-1.1553906202316284,-1.5208948850631714,-2.556018829345703,1.0351239442825317,-0.9743674993515015,-0.5736852884292603,-0.40068221092224116,2.7909507751464844,-0.1221640557050705,2.913114830851555,0.025656186044216156,0.029109816998243332,0.013509327545762062,0.0
34.07692307692308,4,2,1,0.5240380764007568,0,False,0,False,1.439562439918518,2.594557285308838,-1.1549948453903198,-1.5208948850631714,-2.555962085723877,1.0350672006607056,-0.9743674993515015,-0.5735457539558411,-0.4008217453956604,2.7909507751464844,-0.12163688242435455,2.912587657570839,0.025967411696910858,0.029325272887945175,0.015542246401309967,0.0
34.15384615384615,4,2,1,0.5432689189910889,0,False,0,False,1.439562439918518,2.5948190689086914,-1.1552566289901733,-1.5208948850631714,-2.5559146404266357,1.0350197553634644,-0.9743674993515015,-0.5722759962081909,-0.40209150314331055,2.7909507751464844,-0.12347204983234406,2.9144228249788284,0.02618657797574997,0.029439982026815414,0.007872460409998894,0.0
34.23076923076923,4,2,1,0.5624997615814209,0,False,0,False,1.439562439918518,2.5941100120544434,-1.1545475721359253,-1.5208948850631714,-2.556558847427368,1.0356639623641968,-0.9743674993515015,-0.5717488527297974,-0.40261864662170405,2.7909507751464844,-0.12575030326843262,2.916701078414917,0.026363424956798553,0.0297006256878376,0.0005374383181333542,0.0
34.30769230769231,4,2,1,0.5817306041717529,0,False,0,False,1.439562439918518,2.592222213745117,-1.1526597738265991,-1.5208948850631714,-2.5578017234802246,1.0369068384170532,-0.9743674993515015,-0.5713196992874146,-0.4030478000640869,2.7909507751464844,-0.1284765750169754,2.9194273501634598,0.026421494781970978,0.030011478811502457,0.0007579103112220764,0.0
34.38461538461539,4,2,1,0.600961446762085,0,False,0,False,1.439562439918518,2.589597225189209,-1.150034785270691,-1.5208948850631714,-2.559478282928467,1.0385833978652954,-0.9743674993515015,-0.5701072216033936,-0.4042602777481079,2.7909507751464844,-0.1316242814064026,2.922575056552887,0.026453129947185516,0.03024188056588173,0.0009900052100419998,0.0
34.46153846153847,4,2,1,0.620192289352417,0,False,0,False,1.439562439918518,2.5866572856903076,-1.1470948457717896,-1.5208948850631714,-2.561384677886963,1.0404897928237915,-0.9743674993515015,-0.5681955814361572,-0.40617191791534424,2.7909507751464844,-0.13504119217395782,2.925991967320442,0.026488415896892548,0.030427206307649612,0.001161200925707817,0.0
34.53846153846154,4,2,1,0.639423131942749,0,False,0,False,1.439562439918518,2.5837395191192627,-1.1441770792007446,-1.5208948850631714,-2.563333749771118,1.0424388647079468,-0.9743674993515015,-0.5660037994384766,-0.4083636999130249,2.7909507751464844,-0.1384931355714798,2.929443910717964,0.026542402803897858,0.030594076961278915,0.0012432876974344254,0.0
34.61538461538462,4,2,1,0.658653974533081,0,False,0,False,1.439562439918518,2.581089735031128,-1.1415272951126099,-1.5208948850631714,-2.5652265548706055,1.044331669807434,-0.9743674993515015,-0.5639245510101318,-0.41044294834136963,2.7909507751464844,-0.1417853683233261,2.9327361434698105,0.02661541849374771,0.030708368867635727,0.0012837257236242294,0.0
34.69230769230769,4,2,1,0.6778848171234131,0,False,0,False,1.439562439918518,2.5788674354553223,-1.1393049955368042,-1.5208948850631714,-2.5670344829559326,1.0461395978927612,-0.9743674993515015,-0.5622149109840393,-0.41215258836746216,2.7909507751464844,-0.14482226967811584,2.9357730448246,0.026704318821430206,0.030292708426713943,0.0013011600822210312,0.0
34.769230769230774,4,2,1,0.6971156597137451,0,False,0,False,1.439562439918518,2.577164649963379,-1.1376022100448608,-1.5208948850631714,-2.568737030029297,1.0478421449661255,-0.9743674993515015,-0.561021625995636,-0.4133458733558655,2.7909507751464844,-0.14758673310279846,2.938537508249283,0.026808612048625946,0.029895436018705368,0.0013602431863546371,0.0
34.84615384615385,4,2,1,0.7163465023040771,0,False,0,False,1.439562439918518,2.576042890548706,-1.136480450630188,-1.5208948850631714,-2.5702946186065674,1.049399733543396,-0.9743674993515015,-0.5604373216629028,-0.41393017768859863,2.7909507751464844,-0.15011179447174072,2.941062569618225,0.026930473744869232,0.02951938286423683,0.00118977390229702,0.0
34.92307692307693,4,2,1,0.7355773448944092,0,False,0,False,1.439562439918518,2.575497627258301,-1.1359351873397827,-1.5208948850631714,-2.5716350078582764,1.050740122795105,-0.9743674993515015,-0.5605292320251465,-0.413838267326355,2.7909507751464844,-0.15235528349876404,2.9433060586452484,0.027064494788646698,0.029162321239709854,0.0010458799079060555,0.0
35.0,4,2,1,0.7548081874847412,0,False,0,False,1.439562439918518,2.575441598892212,-1.1358791589736938,-1.5208948850631714,-2.5727360248565674,1.051841139793396,-0.9743674993515015,-0.5612788796424866,-0.4130886197090149,2.7909507751464844,-0.1543106883764267,2.945261463522911,0.027208901941776276,0.028823163360357285,0.0009847991168498993,0.0
35.07692307692308,4,2,1,0.7740390300750732,0,False,0,False,1.439562439918518,2.5758001804351807,-1.1362377405166626,-1.5208948850631714,-2.5736093521118164,1.052714467048645,-0.9743674993515015,-0.5625863671302795,-0.4117811322212219,2.7909507751464844,-0.1560061275959015,2.946956902742386,0.02736135572195053,0.02850087359547615,0.0009181490167975426,0.0
35.15384615384615,4,2,1,0.7932698726654053,0,False,0,False,1.439562439918518,2.5764756202697754,-1.1369131803512573,-1.5208948850631714,-2.574270725250244,1.0533758401870728,-0.9743674993515015,-0.5643502473831177,-0.4100172519683838,2.7909507751464844,-0.15747025609016418,2.9484210312366486,0.02752099186182022,0.028200041502714157,0.0008591264486312866,0.0
35.23076923076923,4,2,1,0.8125007152557373,0,False,0,False,1.439562439918518,2.5772969722747803,-1.1377345323562622,-1.5208948850631714,-2.5747556686401367,1.0538607835769653,-0.9743674993515015,-0.5664745569229126,-0.40789294242858887,2.7909507751464844,-0.15879736840724945,2.949748143553734,0.027727924287319183,0.027950581163167953,0.0006635952740907669,0.0
35.30769230769231,4,2,1,0.8317315578460693,0,False,0,False,1.439562439918518,2.578256845474243,-1.138694405555725,-1.5208948850631714,-2.574978828430176,1.0540839433670044,-0.9743674993515015,-0.5687707662582397,-0.4055967330932617,2.7909507751464844,-0.15990981459617615,2.9508605897426605,0.027949385344982147,0.027720775455236435,0.0006268499419093132,0.0
35.38461538461539,4,2,1,0.8509624004364014,0,False,0,False,1.439562439918518,2.579286575317383,-1.1397241353988647,-1.5208948850631714,-2.57495379447937,1.0540589094161987,-0.9743674993515015,-0.5711502432823181,-0.4032172560691834,2.7909507751464844,-0.16079579293727875,2.951746568083763,0.028172172605991364,0.027508322149515152,0.0005364092066884041,0.0
35.46153846153847,4,2,1,0.8701932430267334,0,False,0,False,1.439562439918518,2.580329179763794,-1.1407667398452759,-1.5208948850631714,-2.57470440864563,1.0538095235824585,-0.9743674993515015,-0.5735120177268982,-0.40085548162460327,2.7909507751464844,-0.16146284341812134,2.9524136185646057,0.028390415012836456,0.027310747653245926,0.0004344666376709938,0.0
35.53846153846154,4,2,1,0.8894240856170654,0,False,0,False,1.439562439918518,2.581345558166504,-1.1417831182479858,-1.5208948850631714,-2.5742523670196533,1.053357481956482,-0.9743674993515015,-0.5757807493209839,-0.3985867500305176,2.7909507751464844,-0.16190992295742035,2.9528606981039047,0.028600163757801056,0.027128208428621292,0.000347113236784935,0.0
35.61538461538462,4,2,1,0.9086549282073975,0,False,0,False,1.439562439918518,2.582303762435913,-1.142741322517395,-1.5208948850631714,-2.5736236572265625,1.0527287721633911,-0.9743674993515015,-0.5779067277908325,-0.39646077156066895,2.7909507751464844,-0.16213057935237885,2.953081354498863,0.028799541294574738,0.026960384100675583,0.00025425106287002563,0.0
35.69230769230769,4,2,1,0.9278857707977295,0,False,0,False,1.439562439918518,2.5831828117370605,-1.1436203718185425,-1.5208948850631714,-2.5728588104248047,1.0519639253616333,-0.9743674993515015,-0.5798646807670593,-0.39450281858444214,2.7909507751464844,-0.16212712228298187,2.9530778974294662,0.028985805809497833,0.02680647000670433,0.0001856032758951187,0.0
35.769230769230774,4,2,1,0.9471166133880615,0,False,0,False,1.439562439918518,2.5839970111846924,-1.1444345712661743,-1.5208948850631714,-2.5719096660614014,1.05101478099823,-0.9743674993515015,-0.5816676616668701,-0.39269983768463135,2.7909507751464844,-0.16194196045398712,2.9528927356004715,0.029140867292881012,0.026668284088373184,0.00038428232073783875,0.0
35.84615384615385,4,2,1,0.9663474559783936,0,False,0,False,1.439562439918518,2.5846683979034424,-1.1451059579849243,-1.5208948850631714,-2.5708634853363037,1.0499686002731323,-0.9743674993515015,-0.5833255648612976,-0.39104193449020386,2.7909507751464844,-0.1616084724664688,2.952559247612953,0.029214374721050262,0.02653934434056282,0.0001843925565481186,0.0
35.92307692307693,4,2,1,0.9855782985687256,0,False,0,False,1.439562439918518,2.5852200984954834,-1.1456576585769653,-1.5208948850631714,-2.569826364517212,1.0489314794540405,-0.9743674993515015,-0.584798276424408,-0.3895692229270935,2.7909507751464844,-0.16114340722560883,2.952094182372093,0.029272980988025665,0.026416059583425522,0.00014758668839931488,0.0
36.0,4,2,1,1.0,0,False,0,False,1.439562439918518,2.585667848587036,-1.146105408668518,-1.5208948850631714,-2.5688023567199707,1.0479074716567993,-0.9743674993515015,-0.5860500335693359,-0.3883174657821655,2.7909507751464844,-0.16054721176624298,2.9514979869127274,0.029325224459171295,0.026307176798582077,0.0001607835292816162,0.0
36.07692307692308,1,2,2,0.012820513918995857,0,False,0,False,1.439562439918518,2.585991621017456,-1.146429181098938,-1.5208948850631714,-2.567783832550049,1.0468889474868774,-0.9743674993515015,-0.5871067643165588,-0.3872607350349426,2.7909507751464844,-0.15980251133441925,2.9507532864809036,0.029372714459896088,0.026215914636850357,0.00019371509552001953,0.0
36.15384615384615,1,2,2,0.03846153989434242,0,False,0,False,1.439562439918518,2.585958242416382,-1.1463958024978638,-1.5208948850631714,-2.566635847091675,1.0457409620285034,-0.9743674993515015,-0.5879916548728943,-0.3863758444786072,2.7909507751464844,-0.15769009292125702,2.9486408680677414,0.029410041868686676,0.026143010705709457,0.0008085183799266815,0.0
36.23076923076923,1,2,2,0.06410256773233414,0,False,0,False,1.439562439918518,2.585273504257202,-1.145711064338684,-1.5208948850631714,-2.5649256706237793,1.044030785560608,-0.9743674993515015,-0.5889995694160461,-0.3853679299354553,2.7909507751464844,-0.15321534872055054,2.944166123867035,0.029483772814273834,0.026155371218919754,0.0012814253568649292,0.0
36.30769230769231,1,2,2,0.08974359929561615,0,False,0,False,1.439562439918518,2.5838420391082764,-1.1442795991897583,-1.5208948850631714,-2.5622496604919434,1.041354775428772,-0.9743674993515015,-0.5898821353912354,-0.3844853639602661,2.7909507751464844,-0.14720623195171356,2.938157007098198,0.0297790989279747,0.026414554566144943,0.001298254355788231,0.0
36.38461538461539,1,2,2,0.11538463830947876,0,False,0,False,1.439562439918518,2.581583023071289,-1.142020583152771,-1.5208948850631714,-2.5584142208099365,1.0375193357467651,-0.9743674993515015,-0.5893546342849731,-0.3850128650665283,2.7909507751464844,-0.1405499130487442,2.9315006881952286,0.030355192720890045,0.026999343186616898,0.0007621478289365768,0.0
36.46153846153847,1,2,2,0.14102569222450256,0,False,0,False,1.439562439918518,2.5783491134643555,-1.1387866735458374,-1.5208948850631714,-2.5531184673309326,1.0322235822677612,-0.9743674993515015,-0.5872589945793152,-0.3871085047721863,2.7909507751464844,-0.13426972925662994,2.9252205044031143,0.031097792088985443,0.027735743671655655,0.0018032453954219818,0.0
36.53846153846154,1,2,2,0.16666673123836517,0,False,0,False,1.439562439918518,2.573991537094116,-1.1344290971755981,-1.5208948850631714,-2.546435594558716,1.0255407094955444,-0.9743674993515015,-0.5838119983673096,-0.3905555009841919,2.7909507751464844,-0.1291457861661911,2.9200965613126755,0.03195517510175705,0.028486426919698715,0.0015299255028367043,0.0
36.61538461538462,1,2,2,0.19230777025222778,0,False,0,False,1.439562439918518,2.5685198307037354,-1.1289573907852173,-1.5208948850631714,-2.53891921043396,1.0180243253707886,-0.9743674993515015,-0.5793523192405701,-0.3950151801109314,2.7909507751464844,-0.1256604939699173,2.9166112691164017,0.03288302570581436,0.029162544757127762,0.0013643596321344376,0.0
36.69230769230769,1,2,2,0.2179488241672516,0,False,0,False,1.439562439918518,2.562100887298584,-1.122538447380066,-1.5208948850631714,-2.5313327312469482,1.0104378461837769,-0.9743674993515015,-0.5742610096931458,-0.4001064896583557,2.7909507751464844,-0.12391619384288788,2.9148669689893723,0.03383734077215195,0.029728125780820847,0.001220102421939373,0.0
36.769230769230774,1,2,2,0.2435898631811142,0,False,0,False,1.439562439918518,2.55499005317688,-1.1154276132583618,-1.5208948850631714,-2.5244081020355225,1.003513216972351,-0.9743674993515015,-0.5689154863357544,-0.40545201301574707,2.7909507751464844,-0.12372095137834549,2.91467172652483,0.03477523475885391,0.030182290822267532,0.001120581291615963,0.0
36.84615384615385,1,2,2,0.2692309021949768,0,False,0,False,1.439562439918518,2.5474493503570557,-1.1078869104385376,-1.5208948850631714,-2.5186984539031982,0.9978035688400269,-0.9743674993515015,-0.5636454820632935,-0.410722017288208,2.7909507751464844,-0.12475816160440445,2.915708936750889,0.03565981239080429,0.030539553612470627,0.0011752452701330185,0.0
36.92307692307693,1,2,2,0.2948719561100006,0,False,0,False,1.439562439918518,2.539731502532959,-1.100169062614441,-1.5208948850631714,-2.514500617980957,0.9936057329177856,-0.9743674993515015,-0.5586986541748047,-0.4156688451766968,2.7909507751464844,-0.12674206495285034,2.9176928400993347,0.036469511687755585,0.030818019062280655,0.0010076817125082016,0.0
37.0,1,2,2,0.3205130100250244,0,False,0,False,1.439562439918518,2.532008409500122,-1.092445969581604,-1.5208948850631714,-2.511901617050171,0.9910067319869995,-0.9743674993515015,-0.5541852116584778,-0.4201822876930237,2.7909507751464844,-0.1294592320919037,2.920410007238388,0.037196747958660126,0.030851762741804123,0.0005808426067233086,0.0
37.07692307692308,1,2,2,0.34615397453308105,0,False,0,False,1.439562439918518,2.524514675140381,-1.0849522352218628,-1.5208948850631714,-2.5108084678649902,0.9899135828018188,-0.9743674993515015,-0.5500683188438416,-0.4242991805076599,2.7909507751464844,-0.13285891711711884,2.923809692263603,0.037845395505428314,0.0304560624063015,0.0004739966243505478,0.0
37.15384615384615,1,2,2,0.3717949390411377,0,False,0,False,1.439562439918518,2.5174336433410645,-1.0778712034225464,-1.5208948850631714,-2.5110857486724854,0.990190863609314,-0.9743674993515015,-0.5464335083961487,-0.4279339909553528,2.7909507751464844,-0.13686169683933258,2.927812471985817,0.03842446953058243,0.0300736241042614,0.0002113915979862213,0.0
37.23076923076923,1,2,2,0.39743590354919434,0,False,0,False,1.439562439918518,2.5107381343841553,-1.0711756944656372,-1.5208948850631714,-2.512681007385254,0.9917861223220825,-0.9743674993515015,-0.5434373617172241,-0.43093013763427734,2.7909507751464844,-0.1413429230451584,2.9322936981916428,0.03893906623125076,0.02971162274479866,0.00023155007511377335,0.0
37.30769230769231,1,2,2,0.423076868057251,0,False,0,False,1.439562439918518,2.5042972564697266,-1.0647348165512085,-1.5208948850631714,-2.5155577659606934,0.994662880897522,-0.9743674993515015,-0.5411981344223022,-0.4331693649291992,2.7909507751464844,-0.1462031602859497,2.937153935432434,0.03939235955476761,0.02937259152531624,0.0002997135743498802,0.0
37.38461538461539,1,2,2,0.4487178325653076,0,False,0,False,1.439562439918518,2.49798583984375,-1.058423399925232,-1.5208948850631714,-2.5196197032928467,0.9987248182296753,-0.9743674993515015,-0.5398179888725281,-0.4345495104789734,2.7909507751464844,-0.15134228765964508,2.9422930628061295,0.03979020565748215,0.02905576303601265,0.0008635758422315121,0.0
37.46153846153847,1,2,2,0.47435879707336426,0,False,0,False,1.439562439918518,2.4917972087860107,-1.0522347688674927,-1.5208948850631714,-2.524845600128174,1.0039507150650024,-0.9743674993515015,-0.5393775701522827,-0.43498992919921875,2.7909507751464844,-0.15649373829364777,2.947444513440132,0.040183715522289276,0.028752710670232773,0.0008196569979190826,0.0
37.53846153846154,1,2,2,0.4999997615814209,0,False,0,False,1.439562439918518,2.486004590988159,-1.0464421510696411,-1.5208948850631714,-2.5312540531158447,1.0103591680526733,-0.9743674993515015,-0.5396676659584045,-0.4346998333930969,2.7909507751464844,-0.16150301694869995,2.9524537920951843,0.04067928344011307,0.02845647558569908,0.0008082157000899315,0.0
37.61538461538462,1,2,2,0.5256407260894775,0,False,0,False,1.439562439918518,2.4809930324554443,-1.0414305925369263,-1.5208948850631714,-2.538637399673462,1.0177425146102905,-0.9743674993515015,-0.5404778718948364,-0.43388962745666504,2.7909507751464844,-0.16614726185798645,2.957098037004471,0.04127005487680435,0.02818136289715767,0.0004610419273376465,0.0
37.69230769230769,1,2,2,0.5512816905975342,0,False,0,False,1.439562439918518,2.4781041145324707,-1.0385416746139526,-1.5208948850631714,-2.546701431274414,1.0258065462112427,-0.9743674993515015,-0.541841447353363,-0.43252605199813837,2.7909507751464844,-0.16849453747272491,2.9594453126192093,0.04249276965856552,0.028013374656438828,0.0009252922609448433,0.0
37.769230769230774,1,2,2,0.5769226551055908,0,False,0,False,1.439562439918518,2.479564666748047,-1.0400022268295288,-1.5208948850631714,-2.5553181171417236,1.0344232320785522,-0.9743674993515015,-0.5441324710845947,-0.43023502826690674,2.7909507751464844,-0.16822798550128937,2.9591787606477737,0.043291620910167694,0.027934227138757706,0.002011489123106003,0.0
37.84615384615385,1,2,2,0.6025636196136475,0,False,0,False,1.439562439918518,2.481808662414551,-1.0422462224960327,-1.5208948850631714,-2.5652902126312256,1.0443953275680542,-0.9743674993515015,-0.5476217269897461,-0.42674577236175537,2.7909507751464844,-0.163146510720253,2.9540972858667374,0.04496174305677414,0.027863893657922745,0.0008560996502637863,0.0
37.92307692307693,1,2,2,0.6282045841217041,0,False,0,False,1.439562439918518,2.485651969909668,-1.04608952999115,-1.5208948850631714,-2.57588791847229,1.0549930334091187,-0.9743674993515015,-0.5515180230140686,-0.42284947633743286,2.7909507751464844,-0.1586364358663559,2.9495872110128403,0.04536890238523483,0.027791213244199753,0.0059549231082201,0.0
38.0,1,2,2,0.6538455486297607,0,False,0,False,1.439562439918518,2.4882724285125732,-1.0487099885940552,-1.5208948850631714,-2.585566520690918,1.0646716356277466,-0.9743674993515015,-0.5560997128486633,-0.4182677865028381,2.7909507751464844,-0.15462028980255127,2.9455710649490356,0.04472235590219498,0.027803678065538406,0.00327190849930048,0.0
38.07692307692308,1,2,2,0.6794866323471069,0,False,0,False,1.439562439918518,2.489039659500122,-1.049477219581604,-1.5208948850631714,-2.59421968460083,1.0733247995376587,-0.9743674993515015,-0.5614169239997864,-0.4129505753517151,2.7909507751464844,-0.15102878212928772,2.941979557275772,0.0438956543803215,0.02779809758067131,0.0004770234227180481,0.0
38.15384615384615,1,2,2,0.7051277160644531,0,False,0,False,1.439562439918518,2.49009370803833,-1.050531268119812,-1.5208948850631714,-2.6022539138793945,1.0813590288162231,-0.9743674993515015,-0.5674894452095032,-0.4068780541419983,2.7909507751464844,-0.1478264033794403,2.9387771785259247,0.04315922409296036,0.02776430919766426,0.0006858119741082191,0.0
38.23076923076923,1,2,2,0.7307688593864441,0,False,0,False,1.439562439918518,2.491847276687622,-1.052284836769104,-1.5208948850631714,-2.6095833778381348,1.0886884927749634,-0.9743674993515015,-0.5743836164474487,-0.39998388290405273,2.7909507751464844,-0.14496509730815887,2.9359158724546432,0.042434729635715485,0.027759667485952377,0.00038319267332553864,0.0
38.30769230769231,1,2,2,0.7564100027084351,0,False,0,False,1.439562439918518,2.494476556777954,-1.054914116859436,-1.5208948850631714,-2.616062879562378,1.0951679944992065,-0.9743674993515015,-0.5822578072547913,-0.3921096920967102,2.7909507751464844,-0.14240877330303192,2.9333595484495163,0.04166700690984726,0.02777610346674919,0.00047968700528144836,0.0
38.38461538461539,1,2,2,0.7820510864257812,0,False,0,False,1.439562439918518,2.4980344772338867,-1.0584720373153687,-1.5208948850631714,-2.6216390132904053,1.1007441282272339,-0.9743674993515015,-0.59125816822052,-0.38310933113098145,2.7909507751464844,-0.14012514054775238,2.9310759156942368,0.04087141901254654,0.02781311795115471,0.0006118975579738617,0.0
38.46153846153847,1,2,2,0.8076922297477722,0,False,0,False,1.439562439918518,2.5025951862335205,-1.0630327463150024,-1.5208948850631714,-2.6263933181762695,1.1054984331130981,-0.9743674993515015,-0.6013782620429993,-0.3729892373085022,2.7909507751464844,-0.13808512687683105,2.9290359020233154,0.04008857160806656,0.027865823358297348,0.0006862357258796692,0.0
38.53846153846154,1,2,2,0.8333333730697632,0,False,0,False,1.439562439918518,2.5081591606140137,-1.0685967206954956,-1.5208948850631714,-2.630469799041748,1.1095749139785767,-0.9743674993515015,-0.6124241948127747,-0.3619433045387268,2.7909507751464844,-0.13626277446746826,2.9272135496139526,0.03933567553758621,0.02792823687195778,0.0006815139204263687,0.0
38.61538461538462,1,2,2,0.8589744567871094,0,False,0,False,1.439562439918518,2.5145750045776367,-1.0750125646591187,-1.5208948850631714,-2.6339941024780273,1.113099217414856,-0.9743674993515015,-0.6240793466567993,-0.35028815269470215,2.7909507751464844,-0.13463500142097473,2.925585776567459,0.0386003777384758,0.0279945470392704,0.0006468873471021652,0.0
38.69230769230769,1,2,2,0.8846156001091003,0,False,0,False,1.439562439918518,2.521577835083008,-1.0820153951644897,-1.5208948850631714,-2.637033462524414,1.1161385774612427,-0.9743674993515015,-0.6359866261482239,-0.3383808732032776,2.7909507751464844,-0.1331811547279358,2.92413192987442,0.037865929305553436,0.0280604250729084,0.0006365962326526642,0.0
38.769230769230774,1,2,2,0.9102567434310913,0,False,0,False,1.439562439918518,2.528879165649414,-1.089316725730896,-1.5208948850631714,-2.6396052837371826,1.1187103986740112,-0.9743674993515015,-0.6477972269058228,-0.3265702724456787,2.7909507751464844,-0.13188284635543823,2.9228336215019226,0.037133730947971344,0.02812294289469719,0.0006255786865949631,0.0
38.84615384615385,1,2,2,0.9358978271484375,0,False,0,False,1.439562439918518,2.536221981048584,-1.096659541130066,-1.5208948850631714,-2.6417036056518555,1.120808720588684,-0.9743674993515015,-0.6591861844062805,-0.31518131494522095,2.7909507751464844,-0.13072344660758972,2.921674221754074,0.0364239439368248,0.028180252760648727,0.0006312690675258636,0.0
38.92307692307693,1,2,2,0.9615389704704285,0,False,0,False,1.439562439918518,2.543405055999756,-1.1038426160812378,-1.5208948850631714,-2.6433193683624268,1.1224244832992554,-0.9743674993515015,-0.6698571443557739,-0.30451035499572754,2.7909507751464844,-0.1296880841255188,2.920638859272003,0.03576294332742691,0.02823111042380333,0.0006175879389047623,0.0
39.0,1,2,2,0.9871801137924194,0,False,0,False,1.439562439918518,2.5502641201019287,-1.1107016801834106,-1.5208948850631714,-2.6444404125213623,1.123545527458191,-0.9743674993515015,-0.6795521378517151,-0.2948153614997864,2.7909507751464844,-0.12876370549201965,2.919714480638504,0.035171009600162506,0.02827475592494011,0.0005967635661363602,0.0
39.07692307692308,1,2,2,1.0,0,False,0,False,1.439562439918518,2.556674003601074,-1.1171115636825562,-1.5208948850631714,-2.6450629234313965,1.124168038368225,-0.9743674993515015,-0.6880763173103333,-0.28629118204116827,2.7909507751464844,-0.12793783843517303,2.9188886135816574,0.03465651720762253,0.028310950845479965,0.0005637109279632568,0.0
39.15384615384615,1,2,2,1.0,0,False,0,False,1.439562439918518,2.562649965286255,-1.1230875253677368,-1.5208948850631714,-2.645160675048828,1.1242657899856567,-0.9743674993515015,-0.6952997446060181,-0.27906775474548345,2.7909507751464844,-0.1272001564502716,2.918150931596756,0.03420684486627579,0.028344038873910904,0.0002431124448776245,0.0
39.23076923076923,1,2,2,1.0,0,False,0,False,1.439562439918518,2.568207263946533,-1.1286448240280151,-1.5208948850631714,-2.6447079181671143,1.1238130331039429,-0.9743674993515015,-0.7011274099349976,-0.2732400894165039,2.7909507751464844,-0.1265413910150528,2.917492166161537,0.03380196541547775,0.02838176116347313,0.00011065974831581116,0.0
39.30769230769231,1,2,2,1.0,0,False,0,False,1.439562439918518,2.5732970237731934,-1.1337345838546753,-1.5208948850631714,-2.643723964691162,1.1228290796279907,-0.9743674993515015,-0.7055405974388123,-0.26882690191268915,2.7909507751464844,-0.12595300376415253,2.916903778910637,0.03343353420495987,0.02842165157198906,6.64684921503067e-05,0.0
39.38461538461539,1,2,2,1.0,0,False,0,False,1.439562439918518,2.577862024307251,-1.138299584388733,-1.5208948850631714,-2.642242431640625,1.1213475465774536,-0.9743674993515015,-0.7085677981376648,-0.2657997012138366,2.7909507751464844,-0.12542739510536194,2.9163781702518463,0.033090464770793915,0.028461884707212448,6.985850632190704e-05,0.0
39.46153846153847,1,2,2,1.0,0,False,0,False,1.439562439918518,2.5818567276000977,-1.1422942876815796,-1.5208948850631714,-2.640308380126953,1.1194134950637817,-0.9743674993515015,-0.7102646827697754,-0.2641028165817261,2.7909507751464844,-0.12495763599872589,2.9159084111452103,0.032762132585048676,0.02850181981921196,7.712282240390778e-05,0.0
39.53846153846154,1,2,2,1.0,0,False,0,False,1.439562439918518,2.585259437561035,-1.145696997642517,-1.5208948850631714,-2.6379740238189697,1.1170791387557983,-0.9743674993515015,-0.7107117176055908,-0.26365578174591064,2.7909507751464844,-0.1245376318693161,2.9154884070158005,0.03243882209062576,0.028541486710309982,7.869675755500793e-05,0.0
39.61538461538462,1,2,2,1.0,0,False,0,False,1.439562439918518,2.588075637817383,-1.1485131978988647,-1.5208948850631714,-2.6352925300598145,1.114397644996643,-0.9743674993515015,-0.7100141048431396,-0.2643533945083618,2.7909507751464844,-0.12416201084852219,2.9151127859950066,0.03211214393377304,0.02858109399676323,9.72207635641098e-05,0.0
39.69230769230769,1,2,2,1.0,0,False,0,False,1.439562439918518,2.5903406143188477,-1.1507781744003296,-1.5208948850631714,-2.6323187351226807,1.1114238500595093,-0.9743674993515015,-0.7083038687705994,-0.2660636305809021,2.7909507751464844,-0.12382616847753525,2.9147769436240196,0.031776733696460724,0.028620902448892593,0.00010884366929531097,0.0
39.769230769230774,1,2,2,1.0,0,False,0,False,1.439562439918518,2.59211802482605,-1.1525555849075317,-1.5208948850631714,-2.629103899002075,1.1082090139389038,-0.9743674993515015,-0.7057314515113831,-0.2686360478401184,2.7909507751464844,-0.12352590262889862,2.914476677775383,0.031431905925273895,0.028660934418439865,0.0001220405101776123,0.0
39.84615384615385,1,2,2,1.0,0,False,0,False,1.439562439918518,2.5934934616088867,-1.1539310216903687,-1.5208948850631714,-2.6257026195526123,1.104807734489441,-0.9743674993515015,-0.702457845211029,-0.27190965414047236,2.7909507751464844,-0.12325738370418549,2.91420815885067,0.03108123689889908,0.02870095893740654,0.00011756084859371185,0.0
39.92307692307693,1,2,2,1.0,0,False,0,False,1.439562439918518,2.5945611000061035,-1.1549986600875854,-1.5208948850631714,-2.6221745014190674,1.101279616355896,-0.9743674993515015,-0.6986522078514099,-0.27571529150009155,2.7909507751464844,-0.1230173408985138,2.913968116044998,0.030731044709682465,0.0287405364215374,0.000129062682390213,0.0
40.0,1,2,2,1.0,0,False,0,False,1.439562439918518,2.5954158306121826,-1.1558533906936646,-1.5208948850631714,-2.618577718734741,1.0976828336715698,-0.9743674993515015,-0.6944761276245117,-0.27989137172698975,2.7909507751464844,-0.12280289083719254,2.913753665983677,0.03038898855447769,0.028779130429029465,0.00011695548892021179,0.0
40.07692307692308,1,2,2,1.0,0,False,0,False,1.439562439918518,2.596139907836914,-1.156577467918396,-1.5208948850631714,-2.6149702072143555,1.094075322151184,-0.9743674993515015,-0.6900753378868103,-0.28429216146469116,2.7909507751464844,-0.12261129915714264,2.913562074303627,0.03006254881620407,0.028816137462854385,0.00010387971997261047,0.0
40.15384615384615,1,2,2,1.0,0,False,0,False,1.439562439918518,2.5968029499053955,-1.1572405099868774,-1.5208948850631714,-2.6114039421081543,1.090509057044983,-0.9743674993515015,-0.6855758428573608,-0.2887916564941406,2.7909507751464844,-0.1224401518702507,2.913390927016735,0.02975771576166153,0.02885107323527336,0.0001012161374092102,0.0
40.23076923076923,1,2,2,1.0,0,False,0,False,1.439562439918518,2.597447156906128,-1.1578847169876099,-1.5208948850631714,-2.607926368713379,1.0870314836502075,-0.9743674993515015,-0.6810798645019531,-0.29328763484954834,2.7909507751464844,-0.12228726595640182,2.913238041102886,0.029478691518306732,0.028883550316095352,8.862465620040894e-05,0.0
40.30769230769231,1,2,2,1.0,0,False,0,False,1.439562439918518,2.59810209274292,-1.1585396528244019,-1.5208948850631714,-2.6045761108398438,1.0836812257766724,-0.9743674993515015,-0.6766654849052429,-0.29770201444625854,2.7909507751464844,-0.1221507340669632,2.9131015092134476,0.029227860271930695,0.028913285583257675,7.361173629760742e-05,0.0
40.38461538461539,1,2,2,1.0,0,False,0,False,1.439562439918518,2.59877872467041,-1.159216284751892,-1.5208948850631714,-2.6013810634613037,1.0804861783981323,-0.9743674993515015,-0.6723873615264893,-0.3019801378250122,2.7909507751464844,-0.12202882766723633,2.9129796028137207,0.02900620549917221,0.028940115123987198,6.271526217460632e-05,0.0
40.46153846153847,1,2,2,1.0,0,False,0,False,1.439562439918518,2.599475622177124,-1.159913182258606,-1.5208948850631714,-2.5983617305755615,1.0774668455123901,-0.9743674993515015,-0.6682812571525574,-0.3060862421989441,2.7909507751464844,-0.12191999703645706,2.9128707721829414,0.02881380170583725,0.028963956981897354,5.448237061500549e-05,0.0
40.53846153846154,1,2,2,1.0,0,False,0,False,1.439562439918518,2.6001832485198975,-1.1606208086013794,-1.5208948850631714,-2.5955286026000977,1.0746337175369263,-0.9743674993515015,-0.6643632650375366,-0.3100042343139649,2.7909507751464844,-0.12182281911373138,2.9127735942602158,0.028649963438510895,0.028984855860471725,3.7532299757003784e-05,0.0
40.61538461538462,1,2,2,1.0,0,False,0,False,1.439562439918518,2.6008877754211426,-1.1613253355026245,-1.5208948850631714,-2.592886447906494,1.0719915628433228,-0.9743674993515015,-0.6606396436691284,-0.31372785568237305,2.7909507751464844,-0.1217360869050026,2.912686862051487,0.028513707220554352,0.029002901166677475,2.5909394025802612e-05,0.0
40.69230769230769,1,2,2,1.0,0,False,0,False,1.439562439918518,2.601572275161743,-1.162009835243225,-1.5208948850631714,-2.5904312133789062,1.0695363283157349,-0.9743674993515015,-0.6571035385131836,-0.31726396083831787,2.7909507751464844,-0.12165865302085876,2.912609428167343,0.02840355783700943,0.029018264263868332,1.864507794380188e-05,0.0
40.769230769230774,1,2,2,1.0,0,False,0,False,1.439562439918518,2.6022205352783203,-1.1626580953598022,-1.5208948850631714,-2.588155746459961,1.0672608613967896,-0.9743674993515015,-0.6537454724311829,-0.3206220269203186,2.7909507751464844,-0.1215895339846611,2.9125403091311455,0.028317414224147797,0.029031146317720413,2.7846544981002808e-05,0.0
40.84615384615385,1,2,2,1.0,0,False,0,False,1.439562439918518,2.6028194427490234,-1.1632570028305054,-1.5208948850631714,-2.586050510406494,1.0651556253433228,-0.9743674993515015,-0.6505537629127502,-0.3238137364387512,2.7909507751464844,-0.1215277910232544,2.9124785661697388,0.028252772986888885,0.029041822999715805,2.1550804376602173e-05,0.0
40.92307692307693,1,2,2,1.0,0,False,0,False,1.439562439918518,2.6033570766448975,-1.1637946367263794,-1.5208948850631714,-2.5841031074523926,1.0632082223892212,-0.9743674993515015,-0.6475147604942322,-0.3268527388572693,2.7909507751464844,-0.12147264927625656,2.912423424422741,0.02820640057325363,0.029050540179014206,1.7192214727401733e-05,0.0
41.0,1,2,2,1.0,0,False,0,False,1.439562439918518,2.6038260459899902,-1.1642636060714722,-1.5208948850631714,-2.5823025703430176,1.0614076852798462,-0.9743674993515015,-0.6446166634559631,-0.32975083589553833,2.7909507751464844,-0.12142340838909149,2.912374183535576,0.028174854815006256,0.0290575809776783,1.2954697012901306e-05,0.0
41.07692307692308,1,2,2,1.0,0,False,0,False,1.439562439918518,2.6042215824127197,-1.1646591424942017,-1.5208948850631714,-2.5806362628936768,1.0597413778305054,-0.9743674993515015,-0.6418464779853821,-0.3325210213661194,2.7909507751464844,-0.12137938290834427,2.9123301580548286,0.028154321014881134,0.029063213616609573,2.2640451788902283e-05,0.0
41.15384615384615,1,2,2,1.0,0,False,0,False,1.439562439918518,2.6045420169830322,-1.1649795770645142,-1.5208948850631714,-2.5790927410125732,1.0581978559494019,-0.9743674993515015,-0.6391949653625488,-0.33517253398895264,2.7909507751464844,-0.12134002149105072,2.912290796637535,0.02814093977212906,0.029067639261484146,1.4044344425201416e-05,0.0
41.23076923076923,1,2,2,1.0,0,False,0,False,1.439562439918518,2.604788303375244,-1.165225863456726,-1.5208948850631714,-2.577662706375122,1.0567678213119507,-0.9743674993515015,-0.6366556882858276,-0.3377118110656739,2.7909507751464844,-0.12130483239889145,2.912255607545376,0.028131283819675446,0.029071073979139328,1.9008293747901917e-05,0.0
41.30769230769231,1,2,2,1.0,0,False,0,False,1.439562439918518,2.6049644947052,-1.1654020547866821,-1.5208948850631714,-2.5763356685638428,1.0554407835006714,-0.9743674993515015,-0.6342230439186096,-0.3401444554328919,2.7909507751464844,-0.12127336114645004,2.9122241362929344,0.028122566640377045,0.02907368913292885,1.4044344425201416e-05,0.0
41.38461538461539,1,2,2,1.0,0,False,0,False,1.439562439918518,2.605076551437378,-1.1655141115188599,-1.5208948850631714,-2.575103521347046,1.0542086362838745,-0.9743674993515015,-0.6318932771682739,-0.34247422218322754,2.7909507751464844,-0.12124523520469666,2.912196010351181,0.02811286598443985,0.029075603932142258,2.4819746613502502e-05,0.0
41.46153846153847,1,2,2,1.0,0,False,0,False,1.439562439918518,2.605131149291992,-1.1655687093734741,-1.5208948850631714,-2.5739591121673584,1.053064227104187,-0.9743674993515015,-0.6296632289886475,-0.34470427036285406,2.7909507751464844,-0.12122006714344025,2.9121708422899246,0.02810116857290268,0.029076900333166122,1.1683441698551178e-05,0.0
41.53846153846154,1,2,2,1.0,0,False,0,False,1.439562439918518,2.605135679244995,-1.165573239326477,-1.5208948850631714,-2.5728960037231445,1.0520011186599731,-0.9743674993515015,-0.6275309920310974,-0.34683650732040405,2.7909507751464844,-0.12119760364294052,2.912148378789425,0.028086967766284943,0.02907760813832283,2.1550804376602173e-05,0.0
41.61538461538462,1,2,2,1.0,0,False,0,False,1.439562439918518,2.605097770690918,-1.1655353307724,-1.5208948850631714,-2.571908950805664,1.0510140657424927,-0.9743674993515015,-0.6254963278770447,-0.3488711714744568,2.7909507751464844,-0.1211775466799736,2.912128321826458,0.028070800006389618,0.029077749699354172,2.8088688850402832e-05,0.0
41.69230769230769,1,2,2,1.0,0,False,0,False,1.439562439918518,2.605024576187134,-1.1654621362686157,-1.5208948850631714,-2.570990562438965,1.0500956773757935,-0.9743674993515015,-0.6235520839691162,-0.35081541538238525,2.7909507751464844,-0.12115956842899323,2.9121103435754776,0.028053663671016693,0.02907726541161537,2.5727786123752594e-05,0.0
41.769230769230774,1,2,2,1.0,0,False,0,False,1.439562439918518,2.60492205619812,-1.165359616279602,-1.5208948850631714,-2.570139169692993,1.0492442846298218,-0.9743674993515015,-0.6217024922370911,-0.3526650071144104,2.7909507751464844,-0.12114352732896805,2.9120943024754524,0.02803661674261093,0.029076267033815384,1.616310328245163e-05,0.0
41.84615384615385,1,2,2,1.0,0,False,0,False,1.439562439918518,2.6047956943511963,-1.1652332544326782,-1.5208948850631714,-2.569350481033325,1.0484555959701538,-0.9743674993515015,-0.6199449300765991,-0.35442256927490234,2.7909507751464844,-0.12112922966480255,2.912080004811287,0.028020985424518585,0.029074769467115402,1.6405247151851654e-05,0.0
41.92307692307693,1,2,2,1.0,0,False,0,False,1.439562439918518,2.604646682739258,-1.1650842428207397,-1.5208948850631714,-2.568617343902588,1.0477224588394165,-0.9743674993515015,-0.6182690262794495,-0.35609847307205206,2.7909507751464844,-0.12111645936965942,2.912067234516144,0.028007708489894867,0.029072757810354233,2.0158477127552032e-05,0.0
42.0,1,2,2,1.0,0,False,0,False,1.439562439918518,2.6044774055480957,-1.1649149656295776,-1.5208948850631714,-2.5679380893707275,1.0470432043075562,-0.9743674993515015,-0.6166732311248779,-0.35769426822662354,2.7909507751464844,-0.12110505998134613,2.9120558351278305,0.02799718827009201,0.029070306569337845,3.4868717193603516e-05,0.0
42.07692307692308,1,2,2,1.0,0,False,0,False,1.439562439918518,2.604287624359131,-1.1647251844406128,-1.5208948850631714,-2.5673065185546875,1.0464116334915161,-0.9743674993515015,-0.6151502728462219,-0.35921722650527954,2.7909507751464844,-0.12109488248825073,2.912045657634735,0.027989603579044342,0.029067490249872208,1.8524006009101868e-05,0.0
42.15384615384615,1,2,2,1.0,0,False,0,False,1.439562439918518,2.6040775775909424,-1.1645151376724243,-1.5208948850631714,-2.566718578338623,1.0458236932754517,-0.9743674993515015,-0.6136958599090576,-0.36067163944244385,2.7909507751464844,-0.12108580768108368,2.912036582827568,0.027984924614429474,0.02906438335776329,2.4940818548202515e-05,0.0
42.23076923076923,1,2,2,1.0,0,False,0,False,1.439562439918518,2.603848695755005,-1.1642862558364868,-1.5208948850631714,-2.5661697387695312,1.0452748537063599,-0.9743674993515015,-0.612307071685791,-0.36206042766571045,2.7909507751464844,-0.12107771635055542,2.91202849149704,0.027982883155345917,0.029061082750558853,2.5364570319652557e-05,0.0
42.30769230769231,1,2,2,1.0,0,False,0,False,1.439562439918518,2.6036031246185303,-1.1640406847000122,-1.5208948850631714,-2.5656566619873047,1.0447617769241333,-0.9743674993515015,-0.6109781265258789,-0.36338937282562256,2.7909507751464844,-0.12107046693563461,2.912021242082119,0.02798282355070114,0.029057655483484268,2.034008502960205e-05,0.0
42.38461538461539,1,2,2,1.0,0,False,0,False,1.439562439918518,2.603339433670044,-1.1637769937515259,-1.5208948850631714,-2.5651769638061523,1.044282078742981,-0.9743674993515015,-0.60970538854599,-0.3646621108055115,2.7909507751464844,-0.12106399238109589,2.9120147675275803,0.027984000742435455,0.02905416116118431,1.646578311920166e-05,0.0
42.46153846153847,1,2,2,1.0,0,False,0,False,1.439562439918518,2.603062868118286,-1.163500428199768,-1.5208948850631714,-2.5647270679473877,1.0438321828842163,-0.9743674993515015,-0.6084844470024109,-0.3658830523490906,2.7909507751464844,-0.12105816602706909,2.9120089411735535,0.02798572927713394,0.029050637036561966,2.5848858058452606e-05,0.0
42.53846153846154,1,2,2,1.0,0,False,0,False,1.439562439918518,2.602771520614624,-1.163209080696106,-1.5208948850631714,-2.564305067062378,1.0434101819992065,-0.9743674993515015,-0.6073115468025208,-0.3670559525489807,2.7909507751464844,-0.12105293571949005,2.9120037108659744,0.027986936271190643,0.02904709056019783,2.3487955331802368e-05,0.0
42.61538461538462,1,2,2,1.0,0,False,0,False,1.439562439918518,2.602468729019165,-1.162906289100647,-1.5208948850631714,-2.563908100128174,1.0430132150650024,-0.9743674993515015,-0.6061846017837524,-0.368182897567749,2.7909507751464844,-0.12104829400777817,2.9119990691542625,0.027986861765384674,0.029043596237897873,1.725275069475174e-05,0.0
42.69230769230769,1,2,2,1.0,0,False,0,False,1.439562439918518,2.602155923843384,-1.1625934839248657,-1.5208948850631714,-2.563534736633301,1.0426398515701294,-0.9743674993515015,-0.6051022410392761,-0.36926525831222534,2.7909507751464844,-0.12104412913322449,2.911994904279709,0.027984820306301117,0.029040146619081497,2.142973244190216e-05,0.0
42.769230769230774,1,2,2,1.0,0,False,0,False,1.439562439918518,2.6018357276916504,-1.1622732877731323,-1.5208948850631714,-2.563183069229126,1.0422881841659546,-0.9743674993515015,-0.6040629148483276,-0.3703045845031738,2.7909507751464844,-0.12104039639234543,2.91199117153883,0.02798115462064743,0.029036756604909897,1.78581103682518e-05,0.0
42.84615384615385,1,2,2,1.0,0,False,0,False,1.439562439918518,2.6015100479125977,-1.1619476079940796,-1.5208948850631714,-2.5628509521484375,1.0419560670852661,-0.9743674993515015,-0.6030628085136414,-0.3713046908378601,2.7909507751464844,-0.12103705108165741,2.911987826228142,0.027976147830486298,0.029033411294221878,1.4044344425201416e-05,0.0
42.92307692307693,1,2,2,1.0,0,False,0,False,1.439562439918518,2.6011810302734375,-1.1616185903549194,-1.5208948850631714,-2.5625369548797607,1.0416420698165894,-0.9743674993515015,-0.6021000146865845,-0.37226748466491694,2.7909507751464844,-0.12103406339883804,2.9119848385453224,0.027970246970653534,0.02903011068701744,1.725275069475174e-05,0.0
43.0,1,2,2,1.0,0,False,0,False,1.439562439918518,2.6008493900299072,-1.1612869501113892,-1.5208948850631714,-2.5622408390045166,1.0413459539413452,-0.9743674993515015,-0.6011742353439331,-0.37319326400756836,2.7909507751464844,-0.12103138118982315,2.9119821563363075,0.02796361595392227,0.029026832431554794,8.898787200450897e-06,0.0
43.07692307692308,1,2,2,1.0,0,False,0,False,1.439562439918518,2.600517511367798,-1.1609550714492798,-1.5208948850631714,-2.5619614124298096,1.0410665273666382,-0.9743674993515015,-0.6002837419509888,-0.3740837574005127,2.7909507751464844,-0.12102899700403214,2.9119797721505165,0.02795667201280594,0.029023591428995132,1.955311745405197e-05,0.0
43.15384615384615,1,2,2,1.0,0,False,0,False,1.439562439918518,2.6001856327056885,-1.1606231927871704,-1.5208948850631714,-2.5616977214813232,1.0408028364181519,-0.9743674993515015,-0.5994269251823425,-0.37494057416915894,2.7909507751464844,-0.1210269033908844,2.9119776785373688,0.027949683368206024,0.029020365327596664,2.2943131625652313e-05,0.0
43.23076923076923,1,2,2,1.0,0,False,0,False,1.439562439918518,2.599855661392212,-1.1602932214736938,-1.5208948850631714,-2.5614471435546875,1.0405522584915161,-0.9743674993515015,-0.5986024141311646,-0.3757650852203369,2.7909507751464844,-0.12102503329515457,2.911975808441639,0.027943097054958344,0.02901717647910118,1.846347004175186e-05,0.0
43.30769230769231,1,2,2,1.0,0,False,0,False,1.439562439918518,2.5995278358459473,-1.1599653959274292,-1.5208948850631714,-2.5612094402313232,1.0403145551681519,-0.9743674993515015,-0.5978084802627563,-0.3765590190887451,2.7909507751464844,-0.12102331966161728,2.9119740948081017,0.027937136590480804,0.029014017432928085,1.616310328245163e-05,0.0
43.38461538461539,1,2,2,1.0,0,False,0,False,1.439562439918518,2.599203109741211,-1.1596406698226929,-1.5208948850631714,-2.5609843730926514,1.04008948802948,-0.9743674993515015,-0.5970438122749329,-0.3773236870765686,2.7909507751464844,-0.1210218295454979,2.9119726046919823,0.027931995689868927,0.029010917991399765,2.312473952770233e-05,0.0
43.46153846153847,1,2,2,1.0,0,False,0,False,1.439562439918518,2.598878860473633,-1.1593164205551147,-1.5208948850631714,-2.56076979637146,1.0398749113082886,-0.9743674993515015,-0.5963061451911926,-0.37806135416030884,2.7909507751464844,-0.12102050334215164,2.911971278488636,0.02792762964963913,0.02900787815451622,1.150183379650116e-05,0.0
43.53846153846154,1,2,2,1.0,0,False,0,False,1.439562439918518,2.5985565185546875,-1.1589940786361694,-1.5208948850631714,-2.560565233230591,1.0396703481674194,-0.9743674993515015,-0.5955933332443237,-0.37877416610717773,2.7909507751464844,-0.12101931124925613,2.9119700863957405,0.027923814952373505,0.029004890471696854,2.3366883397102356e-05,0.0
43.61538461538462,1,2,2,1.0,0,False,0,False,1.439562439918518,2.598238229751587,-1.1586757898330688,-1.5208948850631714,-2.5603699684143066,1.0394750833511353,-0.9743674993515015,-0.5949034094810486,-0.3794640898704529,2.7909507751464844,-0.12101820111274719,2.9119689762592316,0.027920283377170563,0.029001977294683456,1.4407560229301453e-05,0.0
43.69230769230769,1,2,2,1.0,0,False,0,False,1.439562439918518,2.597921133041382,-1.1583586931228638,-1.5208948850631714,-2.56018328666687,1.0392884016036987,-0.9743674993515015,-0.5942349433898926,-0.3801325559616089,2.7909507751464844,-0.12101729959249496,2.9119680747389793,0.027916856110095978,0.028999153524637222,2.548564225435257e-05,0.0
43.769230769230774,1,2,2,1.0,0,False,0,False,1.439562439918518,2.597606658935547,-1.1580442190170288,-1.5208948850631714,-2.5600030422210693,1.039108157157898,-0.9743674993515015,-0.5935872793197632,-0.3807802200317383,2.7909507751464844,-0.12101640552282333,2.9119671806693077,0.027913562953472137,0.028996426612138748,2.08243727684021e-05,0.0
43.84615384615385,1,2,2,1.0,0,False,0,False,1.439562439918518,2.5972979068756104,-1.1577354669570923,-1.5208948850631714,-2.559831380844116,1.0389364957809448,-0.9743674993515015,-0.5929633378982544,-0.381404161453247,2.7909507751464844,-0.12101560086011887,2.9119663760066032,0.02791012078523636,0.028993796557188034,2.1550804376602173e-05,0.0
43.92307692307693,1,2,2,1.0,0,False,0,False,1.439562439918518,2.596991539001465,-1.1574290990829468,-1.5208948850631714,-2.5596656799316406,1.0387707948684692,-0.9743674993515015,-0.5923547744750977,-0.3820127248764038,2.7909507751464844,-0.12101495265960693,2.9119657278060913,0.027906514704227448,0.028991248458623886,2.08243727684021e-05,0.0
44.0,1,2,2,1.0,0,False,0,False,1.439562439918518,2.5966906547546387,-1.1571282148361206,-1.5208948850631714,-2.5595085620880127,1.0386136770248413,-0.9743674993515015,-0.5917691588401794,-0.382598340511322,2.7909507751464844,-0.12101435661315918,2.9119651317596436,0.027902700006961823,0.028988759964704514,1.5012919902801514e-05,0.0
44.07692307692308,1,2,2,1.0,0,False,0,False,1.439562439918518,2.5963966846466064,-1.1568342447280884,-1.5208948850631714,-2.5593578815460205,1.0384629964828491,-0.9743674993515015,-0.5912039279937744,-0.38316357135772705,2.7909507751464844,-0.12101399898529053,2.911964774131775,0.027898527681827545,0.028986338526010513,2.173241227865219e-05,0.0
44.15384615384615,1,2,2,1.0,0,False,0,False,1.439562439918518,2.596108913421631,-1.1565464735031128,-1.5208948850631714,-2.559216022491455,1.0383211374282837,-0.9743674993515015,-0.5906644463539124,-0.3837030529975891,2.7909507751464844,-0.12101341784000397,2.9119641929864883,0.02789425104856491,0.02898397669196129,1.8402934074401855e-05,0.0
44.23076923076923,1,2,2,1.0,0,False,0,False,1.439562439918518,2.595825672149658,-1.1562632322311401,-1.5208948850631714,-2.559079647064209,1.0381847620010376,-0.9743674993515015,-0.5901399850845337,-0.3842275142669678,2.7909507751464844,-0.12101296335458755,2.911963738501072,0.027889899909496307,0.028981704264879227,1.7373822629451752e-05,0.0
44.30769230769231,1,2,2,1.0,0,False,0,False,1.439562439918518,2.5955464839935303,-1.1559840440750122,-1.5208948850631714,-2.5589489936828613,1.03805410861969,-0.9743674993515015,-0.5896323919296265,-0.384735107421875,2.7909507751464844,-0.12101259082555771,2.911963365972042,0.027885593473911285,0.028979506343603134,1.7676502466201782e-05,0.0
44.38461538461539,1,2,2,1.0,0,False,0,False,1.439562439918518,2.5952725410461426,-1.1557101011276245,-1.5208948850631714,-2.558823585510254,1.0379287004470825,-0.9743674993515015,-0.5891400575637817,-0.3852274417877197,2.7909507751464844,-0.12101224809885025,2.9119630232453346,0.027881450951099396,0.028977375477552414,2.0703300833702087e-05,0.0
44.46153846153847,1,2,2,1.0,0,False,0,False,1.439562439918518,2.5950045585632324,-1.1554421186447144,-1.5208948850631714,-2.5587027072906494,1.037807822227478,-0.9743674993515015,-0.5886613726615906,-0.38570612668991083,2.7909507751464844,-0.12101197987794876,2.911962755024433,0.027877353131771088,0.02897528186440468,1.7192214727401733e-05,0.0
44.53846153846154,1,2,2,1.0,0,False,0,False,1.439562439918518,2.5947413444519043,-1.1551789045333862,-1.5208948850631714,-2.558587074279785,1.0376921892166138,-0.9743674993515015,-0.5882006883621216,-0.3861668109893799,2.7909507751464844,-0.12101169675588608,2.9119624719023705,0.027873121201992035,0.02897327020764351,2.0703300833702087e-05,0.0
44.61538461538462,1,2,2,1.0,0,False,0,False,1.439562439918518,2.594484567642212,-1.1549221277236938,-1.5208948850631714,-2.5584754943847656,1.0375806093215942,-0.9743674993515015,-0.5877534747123718,-0.38661402463912964,2.7909507751464844,-0.1210118904709816,2.911962665617466,0.02786938101053238,0.028971318155527115,1.4891847968101501e-05,0.0
44.69230769230769,1,2,2,1.0,0,False,0,False,1.439562439918518,2.594233751296997,-1.154671311378479,-1.5208948850631714,-2.5583689212799072,1.0374740362167358,-0.9743674993515015,-0.5873225331306458,-0.3870449662208557,2.7909507751464844,-0.121011883020401,2.9119626581668854,0.02786581963300705,0.028969425708055496,2.064276486635208e-05,0.0
44.769230769230774,1,2,2,1.0,0,False,0,False,1.439562439918518,2.593989610671997,-1.154427170753479,-1.5208948850631714,-2.558265447616577,1.0373705625534058,-0.9743674993515015,-0.586900532245636,-0.3874669671058655,2.7909507751464844,-0.12101197242736816,2.9119627475738525,0.02786269038915634,0.028967585414648056,1.7373822629451752e-05,0.0
44.84615384615385,1,2,2,1.0,0,False,0,False,1.439562439918518,2.5937507152557373,-1.1541882753372192,-1.5208948850631714,-2.558166980743408,1.0372720956802368,-0.9743674993515015,-0.5864940285682678,-0.38787347078323364,2.7909507751464844,-0.12101186066865921,2.9119626358151436,0.027859695255756378,0.0289657823741436,1.5133991837501526e-05,0.0
44.92307692307693,1,2,2,1.0,0,False,0,False,1.439562439918518,2.593517541885376,-1.153955101966858,-1.5208948850631714,-2.5580718517303467,1.0371769666671753,-0.9743674993515015,-0.5861025452613831,-0.3882649540901184,2.7909507751464844,-0.12101145088672638,2.9119622260332108,0.027856506407260895,0.02896403893828392,2.7059577405452728e-05,0.0
45.0,1,2,2,1.0,0,False,0,False,1.439562439918518,2.5932867527008057,-1.1537243127822876,-1.5208948850631714,-2.5579800605773926,1.0370851755142212,-0.9743674993515015,-0.5857177376747131,-0.3886497616767884,2.7909507751464844,-0.12101166695356369,2.911962442100048,0.027853481471538544,0.02896237000823021,2.1853484213352203e-05,0.0
45.07692307692308,1,2,2,1.0,0,False,0,False,1.439562439918518,2.5930612087249756,-1.1534987688064575,-1.5208948850631714,-2.557892322540283,1.0369974374771118,-0.9743674993515015,-0.5853455662727356,-0.3890219330787659,2.7909507751464844,-0.12101168185472488,2.9119624570012093,0.02785041183233261,0.028960760682821274,1.4044344425201416e-05,0.0
45.15384615384615,1,2,2,1.0,0,False,0,False,1.439562439918518,2.5928401947021484,-1.1532777547836304,-1.5208948850631714,-2.5578064918518066,1.0369116067886353,-0.9743674993515015,-0.5849846005439758,-0.38938289880752563,2.7909507751464844,-0.12101294100284576,2.91196371614933,0.027847297489643097,0.028959233313798904,1.58604234457016e-05,0.0
45.23076923076923,1,2,2,1.0,0,False,0,False,1.439562439918518,2.592625856399536,-1.153063416481018,-1.5208948850631714,-2.557722568511963,1.0368276834487915,-0.9743674993515015,-0.5846367478370667,-0.3897307515144348,2.7909507751464844,-0.1210150197148323,2.9119657948613167,0.027844347059726715,0.028957750648260117,2.827029675245285e-05,0.0
45.307692307692314,1,2,2,1.0,0,False,0,False,1.439562439918518,2.5924201011657715,-1.1528576612472534,-1.5208948850631714,-2.557645082473755,1.0367501974105835,-0.9743674993515015,-0.5843050479888916,-0.3900624513626098,2.7909507751464844,-0.12101580947637558,2.91196658462286,0.02784162014722824,0.02895631268620491,3.3779069781303406e-05,0.0
45.38461538461539,1,2,2,1.0,0,False,0,False,1.439562439918518,2.592217206954956,-1.152654767036438,-1.5208948850631714,-2.557567596435547,1.0366727113723755,-0.9743674993515015,-0.5839781165122986,-0.39038938283920294,2.7909507751464844,-0.12101438641548157,2.911965161561966,0.0278390571475029,0.028954941779375076,1.943204551935196e-05,0.0
45.46153846153847,1,2,2,1.0,0,False,0,False,1.439562439918518,2.5920209884643555,-1.1524585485458374,-1.5208948850631714,-2.5574934482574463,1.036598563194275,-0.9743674993515015,-0.5836607813835144,-0.39070671796798706,2.7909507751464844,-0.12101086229085922,2.9119616374373436,0.027836300432682037,0.02895357832312584,2.2640451788902283e-05,0.0
45.53846153846154,1,2,2,1.0,0,False,0,False,1.439562439918518,2.591830015182495,-1.152267575263977,-1.5208948850631714,-2.557425022125244,1.0365301370620728,-0.9743674993515015,-0.5833573341369629,-0.3910101652145386,2.7909507751464844,-0.12100955843925476,2.911960333585739,0.027833513915538788,0.028952259570360184,2.021901309490204e-05,0.0
45.61538461538462,1,2,2,1.0,0,False,0,False,1.439562439918518,2.5916435718536377,-1.1520811319351196,-1.5208948850631714,-2.5573580265045166,1.0364631414413452,-0.9743674993515015,-0.583063542842865,-0.3913039565086365,2.7909507751464844,-0.12100856006145477,2.911959335207939,0.027830831706523895,0.028950978070497513,1.912936568260193e-05,0.0
45.69230769230769,1,2,2,1.0,0,False,0,False,1.439562439918518,2.591461658477783,-1.1518992185592651,-1.5208948850631714,-2.5572919845581055,1.036397099494934,-0.9743674993515015,-0.5827787518501282,-0.3915887475013733,2.7909507751464844,-0.12100781500339508,2.9119585901498795,0.027828596532344818,0.028949733823537827,1.5255063772201538e-05,0.0
45.769230769230774,1,2,2,1.0,0,False,0,False,1.439562439918518,2.591285228729248,-1.15172278881073,-1.5208948850631714,-2.5572288036346436,1.0363339185714722,-0.9743674993515015,-0.5825023055076599,-0.39186519384384155,2.7909507751464844,-0.12100724130868912,2.9119580164551735,0.027826525270938873,0.028948534280061722,1.646578311920166e-05,0.0
45.84615384615385,1,2,2,1.0,0,False,0,False,1.439562439918518,2.591113567352295,-1.1515511274337769,-1.5208948850631714,-2.5571694374084473,1.0362745523452759,-0.9743674993515015,-0.5822338461875916,-0.3921336531639099,2.7909507751464844,-0.12100684642791748,2.911957621574402,0.027824483811855316,0.028947357088327408,1.6284175217151642e-05,0.0
45.92307692307693,1,2,2,1.0,0,False,0,False,1.439562439918518,2.5909461975097656,-1.1513837575912476,-1.5208948850631714,-2.557112216949463,1.0362173318862915,-0.9743674993515015,-0.5819728970527649,-0.3923946022987366,2.7909507751464844,-0.1210065484046936,2.911957323551178,0.027822278439998627,0.028946224600076675,8.23289155960083e-06,0.0
46.0,1,2,2,1.0,0,False,0,False,1.439562439918518,2.59078311920166,-1.151220679283142,-1.5208948850631714,-2.5570549964904785,1.0361601114273071,-0.9743674993515015,-0.5817203521728516,-0.3926471471786499,2.7909507751464844,-0.12100635468959808,2.9119571298360825,0.027820132672786713,0.028945136815309525,3.0328519642353058e-05,0.0
46.07692307692308,1,2,2,1.0,0,False,0,False,1.439562439918518,2.5906238555908203,-1.1510614156723022,-1.5208948850631714,-2.5569992065429688,1.0361043214797974,-0.9743674993515015,-0.5814756751060486,-0.3928918242454529,2.7909507751464844,-0.12100624293088913,2.9119570180773735,0.0278179869055748,0.02894410863518715,9.32253897190094e-06,0.0
46.15384615384615,1,2,2,1.0,0,False,0,False,1.439562439918518,2.5904698371887207,-1.1509073972702026,-1.5208948850631714,-2.556946277618408,1.0360513925552368,-0.9743674993515015,-0.5812370777130127,-0.39313042163848877,2.7909507751464844,-0.12100643664598465,2.911957211792469,0.027816124260425568,0.02894311025738716,2.596992999315262e-05,0.0
46.23076923076923,1,2,2,1.0,0,False,0,False,1.439562439918518,2.5903191566467285,-1.1507567167282104,-1.5208948850631714,-2.5568954944610596,1.0360006093978882,-0.9743674993515015,-0.5810046792030334,-0.39336282014846796,2.7909507751464844,-0.12100674957036972,2.911957524716854,0.027814246714115143,0.028942156583070755,1.864507794380188e-05,0.0
46.307692307692314,1,2,2,1.0,0,False,0,False,1.439562439918518,2.5901739597320557,-1.1506115198135376,-1.5208948850631714,-2.55684757232666,1.0359526872634888,-0.9743674993515015,-0.5807822942733765,-0.393585205078125,2.7909507751464844,-0.12100668996572495,2.9119574651122093,0.027812503278255463,0.028941195458173752,1.7434358596801758e-05,0.0
46.38461538461539,1,2,2,1.0,0,False,0,False,1.439562439918518,2.590031623840332,-1.150469183921814,-1.5208948850631714,-2.55679988861084,1.0359050035476685,-0.9743674993515015,-0.5805635452270508,-0.3938039541244507,2.7909507751464844,-0.121007539331913,2.9119583144783974,0.027811311185359955,0.02894027903676033,1.041218638420105e-05,0.0
46.46153846153847,1,2,2,1.0,0,False,0,False,1.439562439918518,2.589895248413086,-1.1503328084945679,-1.5208948850631714,-2.556753158569336,1.0358582735061646,-0.9743674993515015,-0.5803519487380981,-0.3940155506134033,2.7909507751464844,-0.12100856751203537,2.9119593426585197,0.027810104191303253,0.028939370065927505,2.1187588572502136e-05,0.0
46.53846153846154,1,2,2,1.0,0,False,0,False,1.439562439918518,2.58976411819458,-1.150201678276062,-1.5208948850631714,-2.5567092895507812,1.0358144044876099,-0.9743674993515015,-0.5801520943641663,-0.3942154049873352,2.7909507751464844,-0.1210123747587204,2.9119631499052048,0.027808882296085358,0.028938468545675278,1.2954697012901306e-05,0.0
46.61538461538462,1,2,2,1.0,0,False,0,False,1.439562439918518,2.5896379947662354,-1.1500755548477173,-1.5208948850631714,-2.556670665740967,1.0357757806777954,-0.9743674993515015,-0.5799608826637268,-0.39440661668777466,2.7909507751464844,-0.12101469933986664,2.911965474486351,0.0278078094124794,0.028937574476003647,1.567881554365158e-05,0.0
46.69230769230769,1,2,2,1.0,0,False,0,False,1.439562439918518,2.5895140171051025,-1.1499515771865845,-1.5208948850631714,-2.5566325187683105,1.0357376337051392,-0.9743674993515015,-0.5797723531723022,-0.3945951461791992,2.7909507751464844,-0.12101563811302185,2.9119664132595062,0.027806706726551056,0.028936710208654404,1.695007085800171e-05,0.0
46.769230769230774,1,2,2,1.0,0,False,0,False,1.439562439918518,2.5893900394439697,-1.1498275995254517,-1.5208948850631714,-2.5565943717956543,1.035699486732483,-0.9743674993515015,-0.5795857310295105,-0.3947817683219909,2.7909507751464844,-0.12101651728153229,2.9119672924280167,0.027805007994174957,0.028935875743627548,2.270098775625229e-05,0.0
46.84615384615385,1,2,2,1.0,0,False,0,False,1.439562439918518,2.589266300201416,-1.149703860282898,-1.5208948850631714,-2.556556463241577,1.0356615781784058,-0.9743674993515015,-0.5794017910957336,-0.3949657082557678,2.7909507751464844,-0.12101735174655914,2.9119681268930435,0.027802608907222748,0.028935085982084274,1.7434358596801758e-05,0.0
46.92307692307693,1,2,2,1.0,0,False,0,False,1.439562439918518,2.5891427993774414,-1.1495803594589233,-1.5208948850631714,-2.556518316268921,1.0356234312057495,-0.9743674993515015,-0.5792227387428284,-0.3951447606086731,2.7909507751464844,-0.12101821601390839,2.9119689911603928,0.027799881994724274,0.02893437072634697,1.1683441698551178e-05,0.0
47.0,1,2,2,1.0,0,False,0,False,1.439562439918518,2.589021921157837,-1.1494594812393188,-1.5208948850631714,-2.5564801692962646,1.0355852842330933,-0.9743674993515015,-0.5790480375289917,-0.3953194618225098,2.7909507751464844,-0.12101780623197556,2.91196858137846,0.02779734879732132,0.028933752328157425,2.130866050720215e-05,0.0
47.07692307692308,1,2,2,1.0,0,False,0,False,1.439562439918518,2.588907241821289,-1.149344801902771,-1.5208948850631714,-2.556442975997925,1.0355480909347534,-0.9743674993515015,-0.5788825154304504,-0.395484983921051,2.7909507751464844,-0.12101992964744568,2.91197070479393,0.027795396745204926,0.028933178633451462,2.2277235984802246e-05,0.0
47.15384615384615,1,2,2,1.0,0,False,0,False,1.439562439918518,2.5887997150421143,-1.1492372751235962,-1.5208948850631714,-2.556408643722534,1.0355137586593628,-0.9743674993515015,-0.5787255764007568,-0.39564192295074463,2.7909507751464844,-0.12102259695529938,2.9119733721017838,0.02779398113489151,0.028932619839906693,2.003740519285202e-05,0.0
47.23076923076923,1,2,2,1.0,0,False,0,False,1.439562439918518,2.5886969566345215,-1.1491345167160034,-1.5208948850631714,-2.556377410888672,1.0354825258255005,-0.9743674993515015,-0.5785746574401855,-0.3957928419113159,2.7909507751464844,-0.12102463096380234,2.9119754061102867,0.027792982757091522,0.028932031244039536,2.1248124539852142e-05,0.0
47.307692307692314,1,2,2,1.0,0,False,0,False,1.439562439918518,2.5885984897613525,-1.1490360498428345,-1.5208948850631714,-2.5563478469848633,1.035452961921692,-0.9743674993515015,-0.5784262418746948,-0.39594125747680664,2.7909507751464844,-0.12102509289979935,2.9119758680462837,0.02779211848974228,0.028931420296430588,1.180451363325119e-05,0.0
47.38461538461539,1,2,2,1.0,0,False,0,False,1.439562439918518,2.5885024070739746,-1.1489399671554565,-1.5208948850631714,-2.556318759918213,1.0354238748550415,-0.9743674993515015,-0.5782797336578369,-0.39608776569366455,2.7909507751464844,-0.1210232749581337,2.911974050104618,0.027791716158390045,0.028930794447660446,1.695007085800171e-05,0.0
47.46153846153847,1,2,2,1.0,0,False,0,False,1.439562439918518,2.588409900665283,-1.1488474607467651,-1.5208948850631714,-2.5562901496887207,1.0353952646255493,-0.9743674993515015,-0.5781426429748535,-0.39622485637664795,2.7909507751464844,-0.12102366238832474,2.911974437534809,0.02779185026884079,0.02893015369772911,1.259148120880127e-05,0.0
47.53846153846154,1,2,2,1.0,0,False,0,False,1.439562439918518,2.5883240699768066,-1.1487616300582886,-1.5208948850631714,-2.5562615394592285,1.0353666543960571,-0.9743674993515015,-0.5780119895935059,-0.3963555097579956,2.7909507751464844,-0.12102232873439789,2.9119731038808823,0.02779247611761093,0.02892952784895897,1.6526319086551666e-05,0.0
47.61538461538462,1,2,2,1.0,0,False,0,False,1.439562439918518,2.5882411003112793,-1.1486786603927612,-1.5208948850631714,-2.55623459815979,1.0353397130966187,-0.9743674993515015,-0.5778851509094238,-0.39648234844207764,2.7909507751464844,-0.12102078646421432,2.9119715616106987,0.027793340384960175,0.028928857296705246,1.1380761861801147e-05,0.0
47.69230769230769,1,2,2,1.0,0,False,0,False,1.439562439918518,2.5881617069244385,-1.1485992670059204,-1.5208948850631714,-2.5562121868133545,1.035317301750183,-0.9743674993515015,-0.5777613520622253,-0.3966061472892761,2.7909507751464844,-0.12101935595273972,2.911970131099224,0.02779390662908554,0.02892819419503212,2.142973244190216e-05,0.0
47.769230769230774,1,2,2,1.0,0,False,0,False,1.439562439918518,2.5880825519561768,-1.1485201120376587,-1.5208948850631714,-2.556192636489868,1.0352977514266968,-0.9743674993515015,-0.5776396989822388,-0.3967278003692627,2.7909507751464844,-0.12102000415325165,2.911970779299736,0.027793951332569122,0.028927553445100784,1.2167729437351227e-05,0.0
47.84615384615385,1,2,2,1.0,0,False,0,False,1.439562439918518,2.588001251220703,-1.148438811302185,-1.5208948850631714,-2.55617356300354,1.0352786779403687,-0.9743674993515015,-0.5775189399719238,-0.39684855937957764,2.7909507751464844,-0.12102466076612473,2.911975435912609,0.027793429791927338,0.02892693504691124,2.905726432800293e-05,0.0
47.92307692307693,1,2,2,1.0,0,False,0,False,1.439562439918518,2.5879225730895996,-1.1483601331710815,-1.5208948850631714,-2.556154251098633,1.0352593660354614,-0.9743674993515015,-0.577401340007782,-0.39696615934371954,2.7909507751464844,-0.12102833390235901,2.9119791090488434,0.02779223769903183,0.028926368802785873,2.857297658920288e-05,0.0
48.0,1,2,2,1.0,0,False,0,False,1.439562439918518,2.587846279144287,-1.148283839225769,-1.5208948850631714,-2.5561349391937256,1.0352400541305542,-0.9743674993515015,-0.5772877931594849,-0.3970797061920166,2.7909507751464844,-0.12103080749511719,2.9119815826416016,0.02779114991426468,0.028925832360982895,1.210719347000122e-05,0.0
48.07692307692308,1,2,2,1.0,0,False,0,False,1.439562439918518,2.5877699851989746,-1.1482075452804565,-1.5208948850631714,-2.5561158657073975,1.035220980644226,-0.9743674993515015,-0.5771803855895996,-0.39718711376190186,2.7909507751464844,-0.12103044241666794,2.9119812175631523,0.02778995782136917,0.028925325721502304,1.0896474123001099e-05,0.0
48.15384615384615,1,2,2,1.0,0,False,0,False,1.439562439918518,2.587693929672241,-1.1481314897537231,-1.5208948850631714,-2.5560967922210693,1.035201907157898,-0.9743674993515015,-0.5770758390426636,-0.3972916603088379,2.7909507751464844,-0.12103188782930374,2.911982662975788,0.027788452804088593,0.028924863785505295,2.173241227865219e-05,0.0
48.23076923076923,1,2,2,1.0,0,False,0,False,1.439562439918518,2.587617874145508,-1.1480554342269897,-1.5208948850631714,-2.556077718734741,1.0351828336715698,-0.9743674993515015,-0.5769704580307007,-0.3973970413208008,2.7909507751464844,-0.1210346668958664,2.9119854420423508,0.027786873281002045,0.028924431651830673,1.2530945241451263e-05,0.0
48.307692307692314,1,2,2,1.0,0,False,0,False,1.439562439918518,2.5875473022460938,-1.1479848623275757,-1.5208948850631714,-2.556058645248413,1.0351637601852417,-0.9743674993515015,-0.5768687725067139,-0.3974987268447876,2.7909507751464844,-0.1210344061255455,2.91198518127203,0.0277855321764946,0.028924036771059036,2.6454217731952667e-05,0.0
48.38461538461539,1,2,2,1.0,0,False,0,False,1.439562439918518,2.5874805450439453,-1.1479181051254272,-1.5208948850631714,-2.556039571762085,1.0351446866989136,-0.9743674993515015,-0.576771080493927,-0.39759641885757446,2.7909507751464844,-0.12103348225355148,2.911984257400036,0.02778422087430954,0.028923649340867996,2.0400620996952057e-05,0.0
48.46153846153847,1,2,2,1.0,0,False,0,False,1.439562439918518,2.587413787841797,-1.1478513479232788,-1.5208948850631714,-2.556020498275757,1.0351256132125854,-0.9743674993515015,-0.5766754746437073,-0.39769202470779413,2.7909507751464844,-0.12103260308504105,2.9119833782315254,0.027782849967479706,0.028923284262418747,1.7192214727401733e-05,0.0
48.53846153846154,1,2,2,1.0,0,False,0,False,1.439562439918518,2.5873470306396484,-1.1477845907211304,-1.5208948850631714,-2.5560014247894287,1.0351065397262573,-0.9743674993515015,-0.5765815377235413,-0.3977859616279602,2.7909507751464844,-0.12103043496608734,2.9119812101125717,0.027781479060649872,0.02892293408513069,2.4456530809402466e-05,0.0
48.61538461538462,1,2,2,1.0,0,False,0,False,1.439562439918518,2.587282419204712,-1.1477199792861938,-1.5208948850631714,-2.5559823513031006,1.0350874662399292,-0.9743674993515015,-0.5764931440353394,-0.3978743553161621,2.7909507751464844,-0.1210343986749649,2.9119851738214493,0.02778022736310959,0.028922613710165024,2.0703300833702087e-05,0.0
48.69230769230769,1,2,2,1.0,0,False,0,False,1.439562439918518,2.587221384048462,-1.1476589441299438,-1.5208948850631714,-2.5559632778167725,1.035068392753601,-0.9743674993515015,-0.5764074325561523,-0.3979600667953491,2.7909507751464844,-0.12103603035211563,2.9119868054986,0.027779288589954376,0.02892230823636055,2.1066516637802124e-05,0.0
48.769230769230774,1,2,2,1.0,0,False,0,False,1.439562439918518,2.5871639251708984,-1.1476014852523804,-1.5208948850631714,-2.5559442043304443,1.035049319267273,-0.9743674993515015,-0.5763238668441772,-0.3980436325073242,2.7909507751464844,-0.12103331834077835,2.9119840934872627,0.027778826653957367,0.028922002762556076,1.2046657502651215e-05,0.0
48.84615384615385,1,2,2,1.0,0,False,0,False,1.439562439918518,2.587109327316284,-1.1475468873977661,-1.5208948850631714,-2.555925130844116,1.0350302457809448,-0.9743674993515015,-0.5762462019920349,-0.39812129735946655,2.7909507751464844,-0.12103608250617981,2.911986857652664,0.027779199182987213,0.02892167493700981,1.5497207641601562e-05,0.0
48.92307692307693,1,2,2,1.0,0,False,0,False,1.439562439918518,2.587061643600464,-1.1474992036819458,-1.5208948850631714,-2.555906057357788,1.0350111722946167,-0.9743674993515015,-0.5761736035346985,-0.398193895816803,2.7909507751464844,-0.12103942036628723,2.9119901955127716,0.02778027206659317,0.028921302407979965,2.1671876311302185e-05,0.0
49.0,1,2,2,1.0,0,False,0,False,1.439562439918518,2.5870141983032227,-1.1474517583847046,-1.5208948850631714,-2.555893898010254,1.0349990129470825,-0.9743674993515015,-0.5761036276817322,-0.3982638716697693,2.7909507751464844,-0.12104202806949615,2.9119928032159805,0.027781523764133453,0.028920907527208328,2.2761523723602295e-05,0.0
49.07692307692308,1,2,2,1.0,0,False,0,False,1.439562439918518,2.586968421936035,-1.147405982017517,-1.5208948850631714,-2.55588436126709,1.0349894762039185,-0.9743674993515015,-0.57603520154953,-0.39833229780197144,2.7909507751464844,-0.12104107439517975,2.911991849541664,0.02778267115354538,0.028920460492372513,1.4528632164001465e-05,0.0
49.15384615384615,1,2,2,1.0,0,False,0,False,1.439562439918518,2.586920976638794,-1.1473585367202759,-1.5208948850631714,-2.555874824523926,1.0349799394607544,-0.9743674993515015,-0.5759665966033936,-0.3984009027481079,2.7909507751464844,-0.12103787064552307,2.9119886457920074,0.027783356606960297,0.028920020908117294,1.1622905731201172e-05,0.0
49.23076923076923,1,2,2,1.0,0,False,0,False,1.439562439918518,2.586873769760132,-1.1473113298416138,-1.5208948850631714,-2.5558652877807617,1.0349704027175903,-0.9743674993515015,-0.5759000778198242,-0.3984674215316773,2.7909507751464844,-0.12103967368602753,2.911990448832512,0.027783609926700592,0.02891961857676506,1.8221326172351837e-05,0.0
49.307692307692314,1,2,2,1.0,0,False,0,False,1.439562439918518,2.586827039718628,-1.1472645998001099,-1.5208948850631714,-2.5558557510375977,1.0349608659744263,-0.9743674993515015,-0.5758364200592041,-0.39853107929229736,2.7909507751464844,-0.1210358664393425,2.911986641585827,0.027783595025539398,0.028919246047735214,1.3560056686401367e-05,0.0
49.38461538461539,1,2,2,1.0,0,False,0,False,1.439562439918518,2.5867815017700195,-1.1472190618515015,-1.5208948850631714,-2.5558462142944336,1.0349513292312622,-0.9743674993515015,-0.5757738947868347,-0.39859360456466675,2.7909507751464844,-0.12103134393692017,2.9119821190834045,0.027783222496509552,0.02891889587044716,1.8584541976451874e-05,0.0
49.46153846153847,1,2,2,1.0,0,False,0,False,1.439562439918518,2.5867371559143066,-1.1471747159957886,-1.5208948850631714,-2.5558366775512695,1.0349417924880981,-0.9743674993515015,-0.5757115483283997,-0.3986559510231018,2.7909507751464844,-0.12102605402469635,2.9119768291711807,0.02778271585702896,0.028918582946062088,1.5497207641601562e-05,0.0
49.53846153846154,1,2,2,1.0,0,False,0,False,1.439562439918518,2.586693048477173,-1.1471306085586548,-1.5208948850631714,-2.5558271408081055,1.034932255744934,-0.9743674993515015,-0.5756491422653198,-0.39871835708618164,2.7909507751464844,-0.12102005630731583,2.9119708314538,0.027781881392002106,0.028918292373418808,1.834239810705185e-05,0.0
49.61538461538462,1,2,2,1.0,0,False,0,False,1.439562439918518,2.5866494178771973,-1.1470869779586792,-1.5208948850631714,-2.5558176040649414,1.03492271900177,-0.9743674993515015,-0.5755878686904907,-0.39877963066101074,2.7909507751464844,-0.12101589888334274,2.911966674029827,0.027780748903751373,0.028918031603097916,1.707114279270172e-05,0.0
49.69230769230769,1,2,2,1.0,0,False,0,False,1.439562439918518,2.586609363555908,-1.1470469236373901,-1.5208948850631714,-2.5558080673217773,1.034913182258606,-0.9743674993515015,-0.5755293965339661,-0.3988381028175354,2.7909507751464844,-0.12101547420024872,2.911966249346733,0.02777961641550064,0.02891777828335762,1.6102567315101624e-05,0.0
49.769230769230774,1,2,2,1.0,0,False,0,False,1.439562439918518,2.586571216583252,-1.1470087766647339,-1.5208948850631714,-2.5557985305786133,1.034903645515442,-0.9743674993515015,-0.5754728317260742,-0.3988946676254272,2.7909507751464844,-0.12101048976182938,2.9119612649083138,0.027778692543506622,0.028917554765939713,1.4710240066051483e-05,0.0
49.84615384615385,1,2,2,1.0,0,False,0,False,1.439562439918518,2.5865330696105957,-1.1469706296920776,-1.5208948850631714,-2.555788993835449,1.0348941087722778,-0.9743674993515015,-0.5754194855690002,-0.3989480137825012,2.7909507751464844,-0.1210053414106369,2.9119561165571213,0.027778156101703644,0.02891731634736061,2.1974556148052216e-05,0.0
49.92307692307693,1,2,2,1.0,0,False,0,False,1.439562439918518,2.5864949226379395,-1.1469324827194214,-1.5208948850631714,-2.555779457092285,1.0348845720291138,-0.9743674993515015,-0.5753679871559143,-0.39899951219558716,2.7909507751464844,-0.12100014090538025,2.9119509160518646,0.027777843177318573,0.028917070478200912,2.2337771952152252e-05,0.0
50.0,1,2,2,1.0,0,False,0,False,1.439562439918518,2.5864627361297607,-1.1469002962112427,-1.5208948850631714,-2.555769920349121,1.0348750352859497,-0.9743674993515015,-0.5753186941146851,-0.3990488052368164,2.7909507751464844,-0.12099776417016983,2.911948539316654,0.02777763456106186,0.028916802257299423,1.28941610455513e-05,0.0
50.07692307692308,1,2,2,1.0,0,False,0,False,1.439562439918518,2.586432933807373,-1.146870493888855,-1.5208948850631714,-2.555760383605957,1.0348654985427856,-0.9743674993515015,-0.575271487236023,-0.3990960121154785,2.7909507751464844,-0.12099705636501312,2.9119478315114975,0.02777770906686783,0.028916534036397934,1.3075768947601318e-05,0.0
50.15384615384615,1,2,2,1.0,0,False,0,False,1.439562439918518,2.5864012241363525,-1.1468387842178345,-1.5208948850631714,-2.555750846862793,1.0348559617996216,-0.9743674993515015,-0.5752243995666504,-0.3991430997848511,2.7909507751464844,-0.12099548429250717,2.9119462594389915,0.027777619659900665,0.028916288167238235,1.477077603340149e-05,0.0
50.23076923076923,1,2,2,1.0,0,False,0,False,1.439562439918518,2.58636736869812,-1.146804928779602,-1.5208948850631714,-2.555741310119629,1.0348464250564575,-0.9743674993515015,-0.5751769542694092,-0.3991905450820923,2.7909507751464844,-0.12099306285381317,2.9119438380002975,0.027777187526226044,0.02891605719923973,1.3620592653751373e-05,0.0
50.307692307692314,1,2,2,1.0,0,False,0,False,1.439562439918518,2.5863335132598877,-1.1467710733413696,-1.5208948850631714,-2.555731773376465,1.0348368883132935,-0.9743674993515015,-0.5751299858093262,-0.3992375135421753,2.7909507751464844,-0.12099141627550125,2.9119421914219856,0.027776546776294708,0.028915848582983017,9.685754776000977e-06,0.0
50.38461538461539,1,2,2,1.0,0,False,0,False,1.439562439918518,2.5863044261932373,-1.1467419862747192,-1.5208948850631714,-2.555722236633301,1.0348273515701294,-0.9743674993515015,-0.5750852823257446,-0.39928221702575684,2.7909507751464844,-0.12099288403987885,2.911943659186363,0.0277760848402977,0.0289156474173069,2.3245811462402344e-05,0.0
50.46153846153847,1,2,2,1.0,0,False,0,False,1.439562439918518,2.586275815963745,-1.146713376045227,-1.5208948850631714,-2.5557126998901367,1.0348178148269653,-0.9743674993515015,-0.5750434398651123,-0.39932405948638916,2.7909507751464844,-0.12100053578615189,2.9119513109326363,0.027775846421718597,0.028915468603372574,1.4891847968101501e-05,0.0
50.53846153846154,1,2,2,1.0,0,False,0,False,1.439562439918518,2.586247205734253,-1.1466847658157349,-1.5208948850631714,-2.5557031631469727,1.0348082780838013,-0.9743674993515015,-0.5750041604042053,-0.39936333894729614,2.7909507751464844,-0.12100475281476974,2.911955527961254,0.027775786817073822,0.028915289789438248,6.356276571750641e-06,0.0
50.61538461538462,1,2,2,1.0,0,False,0,False,1.439562439918518,2.5862185955047607,-1.1466561555862427,-1.5208948850631714,-2.5556936264038086,1.0347987413406372,-0.9743674993515015,-0.5749659538269043,-0.39940154552459717,2.7909507751464844,-0.12100585550069809,2.9119566306471825,0.027775801718235016,0.02891511097550392,1.755543053150177e-05,0.0
50.69230769230769,1,2,2,1.0,0,False,0,False,1.439562439918518,2.5861899852752686,-1.1466275453567505,-1.5208948850631714,-2.5556840896606445,1.0347892045974731,-0.9743674993515015,-0.5749270915985107,-0.3994404077529907,2.7909507751464844,-0.12100882828235626,2.9119596034288406,0.027775488793849945,0.028914924710989,1.3923272490501404e-05,0.0
50.769230769230774,1,2,2,1.0,0,False,0,False,1.439562439918518,2.5861613750457764,-1.1465989351272583,-1.5208948850631714,-2.5556745529174805,1.034779667854309,-0.9743674993515015,-0.5748872756958008,-0.3994802236557007,2.7909507751464844,-0.12101279199123383,2.911963567137718,0.02777484804391861,0.028914745897054672,1.0170042514801025e-05,0.0
50.84615384615385,1,2,2,1.0,0,False,0,False,1.439562439918518,2.586132764816284,-1.1465703248977661,-1.5208948850631714,-2.5556650161743164,1.034770131111145,-0.9743674993515015,-0.5748473405838013,-0.3995201587677002,2.7909507751464844,-0.1210164800286293,2.9119672551751137,0.02777395397424698,0.02891458198428154,1.6586855053901672e-05,0.0
50.92307692307693,1,2,2,1.0,0,False,0,False,1.439562439918518,2.586104154586792,-1.146541714668274,-1.5208948850631714,-2.5556554794311523,1.034760594367981,-0.9743674993515015,-0.5748085379600525,-0.399558961391449,2.7909507751464844,-0.12101659923791885,2.9119673743844032,0.027772821485996246,0.028914447873830795,2.469867467880249e-05,0.0
51.0,1,2,2,1.0,0,False,0,False,1.439562439918518,2.5860755443573,-1.1465131044387817,-1.5208948850631714,-2.5556459426879883,1.034751057624817,-0.9743674993515015,-0.5747710466384888,-0.3995964527130127,2.7909507751464844,-0.12101386487483978,2.911964640021324,0.02777167409658432,0.02891433611512184,1.5012919902801514e-05,0.0
51.07692307692308,1,2,2,1.0,0,False,0,False,1.439562439918518,2.5860469341278076,-1.1464844942092896,-1.5208948850631714,-2.555636405944824,1.0347415208816528,-0.9743674993515015,-0.5747357606887817,-0.3996317386627198,2.7909507751464844,-0.12101136893033981,2.911962144076824,0.027770929038524628,0.028914254158735275,1.6707926988601685e-05,0.0
51.15384615384615,1,2,2,1.0,0,False,0,False,1.439562439918518,2.5860254764556885,-1.1464630365371704,-1.5208948850631714,-2.55562686920166,1.0347319841384888,-0.9743674993515015,-0.5747027397155762,-0.39966475963592524,2.7909507751464844,-0.12100501358509064,2.911955788731575,0.027770675718784332,0.028914179652929306,1.1199153959751129e-05,0.0
51.23076923076923,1,2,2,1.0,0,False,0,False,1.439562439918518,2.5860064029693604,-1.1464439630508423,-1.5208948850631714,-2.555617332458496,1.0347224473953247,-0.9743674993515015,-0.5746719837188721,-0.3996955156326294,2.7909507751464844,-0.12099982798099518,2.9119506031274796,0.02777082473039627,0.028914082795381546,1.259148120880127e-05,0.0
51.307692307692314,1,2,2,1.0,0,False,0,False,1.439562439918518,2.5859873294830322,-1.1464248895645142,-1.5208948850631714,-2.5556087493896484,1.034713864326477,-0.9743674993515015,-0.5746428370475769,-0.39972466230392456,2.7909507751464844,-0.12099442631006241,2.911945201456547,0.0277712419629097,0.028913985937833786,2.300366759300232e-05,0.0
51.38461538461539,1,2,2,1.0,0,False,0,False,1.439562439918518,2.585968255996704,-1.146405816078186,-1.5208948850631714,-2.5556082725524902,1.0347133874893188,-0.9743674993515015,-0.5746148824691772,-0.3997526168823242,2.7909507751464844,-0.12099041044712067,2.911941185593605,0.0277717188000679,0.028913814574480057,9.443610906600952e-06,0.0
51.46153846153847,1,2,2,1.0,0,False,0,False,1.439562439918518,2.585949182510376,-1.146386742591858,-1.5208948850631714,-2.5556082725524902,1.0347133874893188,-0.9743674993515015,-0.5745882987976074,-0.399779200553894,2.7909507751464844,-0.12098949402570724,2.9119402691721916,0.027772240340709686,0.028913643211126328,1.7192214727401733e-05,0.0
51.53846153846154,1,2,2,1.0,0,False,0,False,1.439562439918518,2.585930109024048,-1.1463676691055298,-1.5208948850631714,-2.5556061267852783,1.034711241722107,-0.9743674993515015,-0.5745618343353271,-0.3998056650161743,2.7909507751464844,-0.12098807841539383,2.911938853561878,0.027772746980190277,0.0289134718477726,2.251937985420227e-05,0.0
51.61538461538462,1,2,2,1.0,0,False,0,False,1.439562439918518,2.5859110355377197,-1.1463485956192017,-1.5208948850631714,-2.555605173110962,1.0347102880477905,-0.9743674993515015,-0.574535608291626,-0.3998318910598755,2.7909507751464844,-0.12098616361618042,2.911936938762665,0.02777291089296341,0.02891330048441887,1.1925585567951202e-05,0.0
51.69230769230769,1,2,2,1.0,0,False,0,False,1.439562439918518,2.5858919620513916,-1.1463295221328735,-1.5208948850631714,-2.5555996894836426,1.0347048044204712,-0.9743674993515015,-0.5745102167129517,-0.3998572826385498,2.7909507751464844,-0.120987668633461,2.9119384437799454,0.027772806584835052,0.02891317382454872,1.5920959413051605e-05,0.0
51.769230769230774,1,2,2,1.0,0,False,0,False,1.439562439918518,2.5858728885650635,-1.1463104486465454,-1.5208948850631714,-2.5555925369262695,1.0346976518630981,-0.9743674993515015,-0.5744861364364624,-0.39988136291503906,2.7909507751464844,-0.12099302560091019,2.9119438007473946,0.027772732079029083,0.02891305461525917,1.9855797290802002e-05,0.0
51.84615384615385,1,2,2,1.0,0,False,0,False,1.439562439918518,2.5858538150787354,-1.1462913751602173,-1.5208948850631714,-2.5555896759033203,1.034694790840149,-0.9743674993515015,-0.5744642615318298,-0.39990323781967163,2.7909507751464844,-0.12100009620189667,2.911950871348381,0.027772806584835052,0.028912927955389023,2.0582228899002075e-05,0.0
51.92307692307693,1,2,2,1.0,0,False,0,False,1.439562439918518,2.585838556289673,-1.1462761163711548,-1.5208948850631714,-2.5555896759033203,1.034694790840149,-0.9743674993515015,-0.5744426846504211,-0.3999248147010803,2.7909507751464844,-0.12100161612033844,2.911952391266823,0.027772940695285797,0.028912823647260666,8.23289155960083e-06,0.0
52.0,1,2,2,1.0,0,False,0,False,1.439562439918518,2.5858211517333984,-1.1462587118148804,-1.5208948850631714,-2.5555896759033203,1.034694790840149,-0.9743674993515015,-0.5744197964668274,-0.3999477028846741,2.7909507751464844,-0.12100230157375336,2.9119530767202377,0.027772866189479828,0.02891271933913231,1.4468096196651459e-05,0.0
52.07692307692308,1,2,2,1.0,0,False,0,False,1.439562439918518,2.5858020782470703,-1.1462396383285522,-1.5208948850631714,-2.5555896759033203,1.034694790840149,-0.9743674993515015,-0.5743952393531799,-0.39997225999832153,2.7909507751464844,-0.12100126594305038,2.9119520410895348,0.02777213603258133,0.028912607580423355,1.664739102125168e-05,0.0
52.15384615384615,1,2,2,1.0,0,False,0,False,1.439562439918518,2.585783004760742,-1.1462205648422241,-1.5208948850631714,-2.555586099624634,1.0346912145614624,-0.9743674993515015,-0.574369490146637,-0.39999800920486456,2.7909507751464844,-0.12100201100111008,2.9119527861475945,0.027770884335041046,0.028912510722875595,1.4710240066051483e-05,0.0
52.23076923076923,1,2,2,1.0,0,False,0,False,1.439562439918518,2.585763931274414,-1.146201491355896,-1.5208948850631714,-2.5555765628814697,1.0346816778182983,-0.9743674993515015,-0.5743439197540283,-0.40002357959747314,2.7909507751464844,-0.12100464850664139,2.9119554236531258,0.027769453823566437,0.028912480920553207,1.912936568260193e-05,0.0
52.307692307692314,1,2,2,1.0,0,False,0,False,1.439562439918518,2.585744857788086,-1.1461824178695679,-1.5208948850631714,-2.5555670261383057,1.0346721410751343,-0.9743674993515015,-0.5743198394775391,-0.4000476598739624,2.7909507751464844,-0.12100809067487717,2.9119588658213615,0.027768336236476898,0.028912466019392014,1.1865049600601196e-05,0.0
52.38461538461539,1,2,2,1.0,0,False,0,False,1.439562439918518,2.585726499557495,-1.146164059638977,-1.5208948850631714,-2.5555574893951416,1.0346626043319702,-0.9743674993515015,-0.5742980241775513,-0.4000694751739502,2.7909507751464844,-0.12101255357265472,2.911963328719139,0.02776779979467392,0.028912443667650223,8.111819624900818e-06,0.0
52.46153846153847,1,2,2,1.0,0,False,0,False,1.439562439918518,2.585716962814331,-1.146154522895813,-1.5208948850631714,-2.5555505752563477,1.0346556901931763,-0.9743674993515015,-0.5742777585983276,-0.40008974075317383,2.7909507751464844,-0.12101726979017258,2.911968044936657,0.027767769992351532,0.028912421315908432,1.7918646335601807e-05,0.0
52.53846153846154,1,2,2,1.0,0,False,0,False,1.439562439918518,2.585707426071167,-1.146144986152649,-1.5208948850631714,-2.5555505752563477,1.0346556901931763,-0.9743674993515015,-0.5742584466934204,-0.40010905265808105,2.7909507751464844,-0.12102209776639938,2.9119728729128838,0.027767948806285858,0.028912384063005447,1.5739351511001587e-05,0.0
52.61538461538462,1,2,2,1.0,0,False,0,False,1.439562439918518,2.585697889328003,-1.1461354494094849,-1.5208948850631714,-2.5555505752563477,1.0346556901931763,-0.9743674993515015,-0.5742393732070923,-0.4001281261444092,2.7909507751464844,-0.12102411687374115,2.9119748920202255,0.027768082916736603,0.028912317007780075,1.3317912817001343e-05,0.0
52.69230769230769,1,2,2,1.0,0,False,0,False,1.439562439918518,2.585688352584839,-1.1461259126663208,-1.5208948850631714,-2.5555505752563477,1.0346556901931763,-0.9743674993515015,-0.5742204785346985,-0.400147020816803,2.7909507751464844,-0.12102444469928741,2.911975219845772,0.027768023312091827,0.028912242501974106,1.3075768947601318e-05,0.0
52.769230769230774,1,2,2,1.0,0,False,0,False,1.439562439918518,2.585678815841675,-1.1461163759231567,-1.5208948850631714,-2.5555472373962402,1.0346523523330688,-0.9743674993515015,-0.5742025971412659,-0.40016490221023554,2.7909507751464844,-0.12102571129798889,2.9119764864444733,0.027767755091190338,0.02891218289732933,1.1138617992401123e-05,0.0
52.84615384615385,1,2,2,1.0,0,False,0,False,1.439562439918518,2.5856692790985107,-1.1461068391799927,-1.5208948850631714,-2.5555408000946045,1.034645915031433,-0.9743674993515015,-0.5741866230964661,-0.4001808762550354,2.7909507751464844,-0.12102610617876053,2.911976881325245,0.027767635881900787,0.028912123292684555,1.3257376849651337e-05,0.0
52.92307692307693,1,2,2,1.0,0,False,0,False,1.439562439918518,2.5856597423553467,-1.1460973024368286,-1.5208948850631714,-2.5555360317230225,1.034641146659851,-0.9743674993515015,-0.5741726160049438,-0.4001948833465576,2.7909507751464844,-0.12102780491113663,2.911978580057621,0.027767769992351532,0.02891208603978157,1.0170042514801025e-05,0.0
53.0,1,2,2,1.0,0,False,0,False,1.439562439918518,2.5856502056121826,-1.1460877656936646,-1.5208948850631714,-2.5555355548858643,1.0346406698226929,-0.9743674993515015,-0.5741596817970276,-0.4002078175544739,2.7909507751464844,-0.12102997303009033,2.9119807481765747,0.02776823192834854,0.02891204133629799,1.4528632164001465e-05,0.0
53.07692307692308,1,2,2,1.0,0,False,0,False,1.439562439918518,2.5856406688690186,-1.1460782289505005,-1.5208948850631714,-2.5555355548858643,1.0346406698226929,-0.9743674993515015,-0.5741466283798218,-0.4002208709716797,2.7909507751464844,-0.12102865427732468,2.911979429423809,0.027768678963184357,0.028911974281072617,1.5497207641601562e-05,0.0
53.15384615384615,1,2,2,1.0,0,False,0,False,1.439562439918518,2.5856311321258545,-1.1460686922073364,-1.5208948850631714,-2.5555355548858643,1.0346406698226929,-0.9743674993515015,-0.5741328001022339,-0.4002346992492676,2.7909507751464844,-0.12102346122264862,2.911974236369133,0.02776896208524704,0.028911899775266647,1.9916333258152008e-05,0.0
53.23076923076923,1,2,2,1.0,0,False,0,False,1.439562439918518,2.5856215953826904,-1.1460591554641724,-1.5208948850631714,-2.5555355548858643,1.0346406698226929,-0.9743674993515015,-0.5741183161735535,-0.400249183177948,2.7909507751464844,-0.12101653218269348,2.911967307329178,0.027768723666667938,0.028911825269460678,1.5255063772201538e-05,0.0
53.307692307692314,1,2,2,1.0,0,False,0,False,1.439562439918518,2.5856120586395264,-1.1460496187210083,-1.5208948850631714,-2.5555355548858643,1.0346406698226929,-0.9743674993515015,-0.5741040110588074,-0.4002634882926941,2.7909507751464844,-0.12101516127586365,2.911965936422348,0.02776818722486496,0.028911758214235306,1.4528632164001465e-05,0.0
53.38461538461539,1,2,2,1.0,0,False,0,False,1.439562439918518,2.5856025218963623,-1.1460400819778442,-1.5208948850631714,-2.5555319786071777,1.0346370935440063,-0.9743674993515015,-0.5740914344787598,-0.40027606487274175,2.7909507751464844,-0.12101463973522186,2.9119654148817062,0.027767859399318695,0.028911713510751724,8.959323167800903e-06,0.0
53.46153846153847,1,2,2,1.0,0,False,0,False,1.439562439918518,2.5855929851531982,-1.1460305452346802,-1.5208948850631714,-2.5555267333984375,1.0346318483352661,-0.9743674993515015,-0.574081540107727,-0.4002859592437744,2.7909507751464844,-0.12101290374994278,2.911963678896427,0.027767933905124664,0.028911683708429337,8.596107363700867e-06,0.0
53.53846153846154,1,2,2,1.0,0,False,0,False,1.439562439918518,2.585583448410034,-1.1460210084915161,-1.5208948850631714,-2.5555264949798584,1.034631609916687,-0.9743674993515015,-0.574072003364563,-0.4002954959869385,2.7909507751464844,-0.12100984156131744,2.911960616707802,0.02776845544576645,0.028911646455526352,1.2773089110851288e-05,0.0
53.61538461538462,1,2,2,1.0,0,False,0,False,1.439562439918518,2.585576295852661,-1.146013855934143,-1.5208948850631714,-2.5555264949798584,1.034631609916687,-0.9743674993515015,-0.5740624666213989,-0.40030503273010254,2.7909507751464844,-0.12100542336702347,2.911956198513508,0.02776908129453659,0.028911586850881577,1.834239810705185e-05,0.0
53.69230769230769,1,2,2,1.0,0,False,0,False,1.439562439918518,2.585568428039551,-1.1460059881210327,-1.5208948850631714,-2.5555264949798584,1.034631609916687,-0.9743674993515015,-0.5740517377853394,-0.4003157615661621,2.7909507751464844,-0.12100119888782501,2.9119519740343094,0.0277695432305336,0.028911489993333817,1.7434358596801758e-05,0.0
53.769230769230774,1,2,2,1.0,0,False,0,False,1.439562439918518,2.5855588912963867,-1.1459964513778687,-1.5208948850631714,-2.5555264949798584,1.034631609916687,-0.9743674993515015,-0.5740405917167664,-0.4003269076347351,2.7909507751464844,-0.12099622189998627,2.9119469970464706,0.027769573032855988,0.028911400586366653,1.3075768947601318e-05,0.0
53.84615384615385,1,2,2,1.0,0,False,0,False,1.439562439918518,2.5855493545532227,-1.1459869146347046,-1.5208948850631714,-2.5555264949798584,1.034631609916687,-0.9743674993515015,-0.5740309953689575,-0.40033650398254395,2.7909507751464844,-0.12099295109510422,2.9119437262415886,0.02776946872472763,0.028911303728818893,1.4468096196651459e-05,0.0
53.92307692307693,1,2,2,1.0,0,False,0,False,1.439562439918518,2.5855398178100586,-1.1459773778915405,-1.5208948850631714,-2.5555264949798584,1.034631609916687,-0.9743674993515015,-0.5740232467651367,-0.4003442525863647,2.7909507751464844,-0.12099622189998627,2.9119469970464706,0.027769602835178375,0.02891121432185173,1.041218638420105e-05,0.0
54.0,1,2,2,1.0,0,False,0,False,1.439562439918518,2.5855371952056885,-1.1459747552871704,-1.5208948850631714,-2.5555264949798584,1.034631609916687,-0.9743674993515015,-0.5740160942077637,-0.4003514051437378,2.7909507751464844,-0.12099651247262955,2.911947287619114,0.027770034968852997,0.02891113981604576,7.688067853450775e-06,0.0
54.07692307692308,1,2,2,1.0,0,False,0,False,1.439562439918518,2.5855371952056885,-1.1459747552871704,-1.5208948850631714,-2.5555264949798584,1.034631609916687,-0.9743674993515015,-0.5740089416503906,-0.40035855770111084,2.7909507751464844,-0.12099792063236237,2.9119486957788467,0.02777058631181717,0.028911065310239792,1.1199153959751129e-05,0.0
54.15384615384616,1,2,2,1.0,0,False,0,False,1.439562439918518,2.5855371952056885,-1.1459747552871704,-1.5208948850631714,-2.5555264949798584,1.034631609916687,-0.9743674993515015,-0.5740017890930176,-0.4003657102584839,2.7909507751464844,-0.12099933624267578,2.91195011138916,0.02777109295129776,0.028910968452692032,7.748603820800781e-06,0.0
54.23076923076923,1,2,2,1.0,0,False,0,False,1.439562439918518,2.5855348110198975,-1.1459723711013794,-1.5208948850631714,-2.5555264949798584,1.034631609916687,-0.9743674993515015,-0.5739946365356445,-0.40037286281585693,2.7909507751464844,-0.12099803239107132,2.9119488075375557,0.02777140587568283,0.028910871595144272,1.3015232980251312e-05,0.0
54.307692307692314,1,2,2,1.0,0,False,0,False,1.439562439918518,2.5855252742767334,-1.1459628343582153,-1.5208948850631714,-2.5555264949798584,1.034631609916687,-0.9743674993515015,-0.5739855766296387,-0.4003819227218628,2.7909507751464844,-0.12099701166152954,2.911947786808014,0.02777128666639328,0.028910767287015915,1.5739351511001587e-05,0.0
54.38461538461539,1,2,2,1.0,0,False,0,False,1.439562439918518,2.5855157375335693,-1.1459532976150513,-1.5208948850631714,-2.5555264949798584,1.034631609916687,-0.9743674993515015,-0.5739760398864746,-0.40039145946502686,2.7909507751464844,-0.12099476158618927,2.9119455367326736,0.027770735323429108,0.02891068533062935,1.1865049600601196e-05,0.0
54.46153846153847,1,2,2,1.0,0,False,0,False,1.439562439918518,2.5855062007904053,-1.1459437608718872,-1.5208948850631714,-2.5555264949798584,1.034631609916687,-0.9743674993515015,-0.5739665031433105,-0.4004009962081909,2.7909507751464844,-0.12099211663007736,2.9119428917765617,0.02776969224214554,0.028910640627145767,1.2530945241451263e-05,0.0
54.53846153846154,1,2,2,1.0,0,False,0,False,1.439562439918518,2.585496664047241,-1.1459342241287231,-1.5208948850631714,-2.5555260181427,1.0346311330795288,-0.9743674993515015,-0.5739570260047913,-0.4004104733467102,2.7909507751464844,-0.12099301069974899,2.9119437858462334,0.027769170701503754,0.02891061082482338,1.1986121535301208e-05,0.0
54.61538461538462,1,2,2,1.0,0,False,0,False,1.439562439918518,2.585487127304077,-1.145924687385559,-1.5208948850631714,-2.555523633956909,1.0346287488937378,-0.9743674993515015,-0.5739492177963257,-0.4004182815551758,2.7909507751464844,-0.1209978237748146,2.911948598921299,0.02776896208524704,0.028910603374242783,1.2833625078201294e-05,0.0
54.69230769230769,1,2,2,1.0,0,False,0,False,1.439562439918518,2.585479736328125,-1.145917296409607,-1.5208948850631714,-2.555523157119751,1.0346282720565796,-0.9743674993515015,-0.5739420652389526,-0.40042543411254883,2.7909507751464844,-0.12100480496883392,2.9119555801153183,0.027768991887569427,0.028910573571920395,8.656643331050873e-06,0.0
54.769230769230774,1,2,2,1.0,0,False,0,False,1.439562439918518,2.585479736328125,-1.145917296409607,-1.5208948850631714,-2.555523157119751,1.0346282720565796,-0.9743674993515015,-0.5739349126815796,-0.4004325866699219,2.7909507751464844,-0.12101307511329651,2.911963850259781,0.02776911109685898,0.028910521417856216,8.717179298400879e-06,0.0
54.84615384615385,1,2,2,1.0,0,False,0,False,1.439562439918518,2.585479736328125,-1.145917296409607,-1.5208948850631714,-2.555523157119751,1.0346282720565796,-0.9743674993515015,-0.5739277601242065,-0.400439739227295,2.7909507751464844,-0.12101603299379349,2.911966808140278,0.02776927500963211,0.028910476714372635,8.111819624900818e-06,0.0
54.92307692307693,1,2,2,1.0,0,False,0,False,1.439562439918518,2.585477352142334,-1.145914912223816,-1.5208948850631714,-2.555523157119751,1.0346282720565796,-0.9743674993515015,-0.5739201903343201,-0.4004473090171814,2.7909507751464844,-0.12101596593856812,2.9119667410850525,0.027769319713115692,0.02891041710972786,1.4528632164001465e-05,0.0
55.0,1,2,2,1.0,0,False,0,False,1.439562439918518,2.58546781539917,-1.1459053754806519,-1.5208948850631714,-2.555523157119751,1.0346282720565796,-0.9743674993515015,-0.5739108920097351,-0.40045660734176636,2.7909507751464844,-0.12101789563894272,2.911968670785427,0.027768991887569427,0.028910379856824875,6.84056431055069e-06,0.0
55.07692307692308,1,2,2,1.0,0,False,0,False,1.439562439918518,2.585458278656006,-1.1458958387374878,-1.5208948850631714,-2.5555198192596436,1.0346249341964722,-0.9743674993515015,-0.5739012956619263,-0.4004662036895752,2.7909507751464844,-0.1210191547870636,2.911969929933548,0.027768366038799286,0.028910357505083084,1.0533258318901062e-05,0.0
55.15384615384616,1,2,2,1.0,0,False,0,False,1.439562439918518,2.585448741912842,-1.1458863019943237,-1.5208948850631714,-2.5555121898651123,1.034617304801941,-0.9743674993515015,-0.5738918781280518,-0.4004756212234497,2.7909507751464844,-0.12102159857749939,2.9119723737239838,0.027767784893512726,0.028910357505083084,1.4952383935451508e-05,0.0
55.23076923076923,1,2,2,1.0,0,False,0,False,1.439562439918518,2.5854392051696777,-1.1458767652511597,-1.5208948850631714,-2.555506944656372,1.0346120595932007,-0.9743674993515015,-0.5738832950592041,-0.40048420429229736,2.7909507751464844,-0.12102442979812622,2.9119752049446106,0.027767308056354523,0.028910379856824875,7.869675755500793e-06,0.0
55.307692307692314,1,2,2,1.0,0,False,0,False,1.439562439918518,2.585430145263672,-1.1458677053451538,-1.5208948850631714,-2.5555052757263184,1.034610390663147,-0.9743674993515015,-0.5738759636878967,-0.40049153566360474,2.7909507751464844,-0.12102831900119781,2.911979094147682,0.027766607701778412,0.02891039475798607,9.32253897190094e-06,0.0
55.38461538461539,1,2,2,1.0,0,False,0,False,1.439562439918518,2.5854299068450928,-1.1458674669265747,-1.5208948850631714,-2.5555052757263184,1.034610390663147,-0.9743674993515015,-0.5738687515258789,-0.40049874782562256,2.7909507751464844,-0.12103177607059479,2.911982551217079,0.027766086161136627,0.028910424560308456,1.1138617992401123e-05,0.0
55.46153846153847,1,2,2,1.0,0,False,0,False,1.439562439918518,2.5854270458221436,-1.1458646059036255,-1.5208948850631714,-2.5555052757263184,1.034610390663147,-0.9743674993515015,-0.5738615393638611,-0.4005059599876404,2.7909507751464844,-0.1210358738899231,2.9119866490364075,0.027765683829784393,0.02891043946146965,9.504146873950958e-06,0.0
55.53846153846154,1,2,2,1.0,0,False,0,False,1.439562439918518,2.585418462753296,-1.1458560228347778,-1.5208948850631714,-2.55550479888916,1.0346099138259888,-0.9743674993515015,-0.5738542079925537,-0.40051329135894775,2.7909507751464844,-0.12103811651468277,2.911988891661167,0.027765311300754547,0.028910454362630844,1.2167729437351227e-05,0.0
55.61538461538462,1,2,2,1.0,0,False,0,False,1.439562439918518,2.5854108333587646,-1.1458483934402466,-1.5208948850631714,-2.555501699447632,1.0346068143844604,-0.9743674993515015,-0.5738465189933777,-0.40052098035812383,2.7909507751464844,-0.1210356205701828,2.911986395716667,0.02776489406824112,0.028910469263792038,8.959323167800903e-06,0.0
55.69230769230769,1,2,2,1.0,0,False,0,False,1.439562439918518,2.585404396057129,-1.1458419561386108,-1.5208948850631714,-2.55549693107605,1.0346020460128784,-0.9743674993515015,-0.5738383531570435,-0.400529146194458,2.7909507751464844,-0.12103570252656937,2.9119864776730537,0.02776458114385605,0.02891049161553383,1.2652017176151276e-05,0.0
55.769230769230774,1,2,2,1.0,0,False,0,False,1.439562439918518,2.58540415763855,-1.1458417177200317,-1.5208948850631714,-2.5554943084716797,1.0345994234085083,-0.9743674993515015,-0.5738312005996704,-0.40053629875183105,2.7909507751464844,-0.12103679031133652,2.911987565457821,0.027764402329921722,0.028910521417856216,9.443610906600952e-06,0.0
55.84615384615385,1,2,2,1.0,0,False,0,False,1.439562439918518,2.58540415763855,-1.1458417177200317,-1.5208948850631714,-2.5554921627044678,1.0345972776412964,-0.9743674993515015,-0.5738259553909302,-0.4005415439605713,2.7909507751464844,-0.12103728950023651,2.911988064646721,0.027764491736888885,0.02891053631901741,8.838251233100891e-06,0.0
55.92307692307693,1,2,2,1.0,0,False,0,False,1.439562439918518,2.58540415763855,-1.1458417177200317,-1.5208948850631714,-2.5554919242858887,1.0345970392227173,-0.9743674993515015,-0.5738211870193481,-0.4005463123321533,2.7909507751464844,-0.12103472650051117,2.9119855016469955,0.02776474505662918,0.0289105586707592,9.988434612751007e-06,0.0
56.0,1,2,2,1.0,0,False,0,False,1.439562439918518,2.58540415763855,-1.1458417177200317,-1.5208948850631714,-2.5554919242858887,1.0345970392227173,-0.9743674993515015,-0.5738159418106079,-0.40055155754089355,2.7909507751464844,-0.12103650718927383,2.911987282335758,0.027764983475208282,0.028910551220178604,1.1743977665901184e-05,0.0
56.07692307692308,1,2,2,1.0,0,False,0,False,1.439562439918518,2.58540415763855,-1.1458417177200317,-1.5208948850631714,-2.5554919242858887,1.0345970392227173,-0.9743674993515015,-0.573810875415802,-0.40055662393569946,2.7909507751464844,-0.12103670090436935,2.9119874760508537,0.02776520699262619,0.028910551220178604,5.085021257400513e-06,0.0
56.15384615384616,1,2,2,1.0,0,False,0,False,1.439562439918518,2.58540415763855,-1.1458417177200317,-1.5208948850631714,-2.5554919242858887,1.0345970392227173,-0.9743674993515015,-0.5738059282302856,-0.4005615711212158,2.7909507751464844,-0.12103485316038132,2.9119856283068657,0.027765236794948578,0.028910551220178604,1.4407560229301453e-05,0.0
56.23076923076923,1,2,2,1.0,0,False,0,False,1.439562439918518,2.58540415763855,-1.1458417177200317,-1.5208948850631714,-2.5554919242858887,1.0345970392227173,-0.9743674993515015,-0.5738008618354797,-0.40056663751602173,2.7909507751464844,-0.12103637307882309,2.9119871482253075,0.027765102684497833,0.028910543769598007,1.398380845785141e-05,0.0
56.307692307692314,1,2,2,1.0,0,False,0,False,1.439562439918518,2.58540415763855,-1.1458417177200317,-1.5208948850631714,-2.5554909706115723,1.0345960855484009,-0.9743674993515015,-0.5737961530685425,-0.400571346282959,2.7909507751464844,-0.1210353672504425,2.911986142396927,0.027765028178691864,0.028910551220178604,1.1259689927101135e-05,0.0
56.38461538461539,1,2,2,1.0,0,False,0,False,1.439562439918518,2.58540415763855,-1.1458417177200317,-1.5208948850631714,-2.5554909706115723,1.0345960855484009,-0.9743674993515015,-0.5737924575805664,-0.40057504177093506,2.7909507751464844,-0.1210348829627037,2.911985658109188,0.02776505798101425,0.028910551220178604,5.387701094150543e-06,0.0
56.46153846153847,1,2,2,1.0,0,False,0,False,1.439562439918518,2.58540415763855,-1.1458417177200317,-1.5208948850631714,-2.5554909706115723,1.0345960855484009,-0.9743674993515015,-0.5737900733947754,-0.4005774259567261,2.7909507751464844,-0.12103632092475891,2.9119870960712433,0.02776505798101425,0.028910566121339798,4.903413355350494e-06,0.0
56.53846153846154,1,2,2,1.0,0,False,0,False,1.439562439918518,2.58540415763855,-1.1458417177200317,-1.5208948850631714,-2.5554909706115723,1.0345960855484009,-0.9743674993515015,-0.5737876892089844,-0.4005798101425171,2.7909507751464844,-0.12103943526744843,2.911990210413933,0.027765117585659027,0.0289105586707592,1.1865049600601196e-05,0.0
56.61538461538462,1,2,2,1.0,0,False,0,False,1.439562439918518,2.58540415763855,-1.1458417177200317,-1.5208948850631714,-2.5554909706115723,1.0345960855484009,-0.9743674993515015,-0.5737853050231934,-0.40058219432830805,2.7909507751464844,-0.12104244530200958,2.911993220448494,0.027765296399593353,0.028910543769598007,9.62521880865097e-06,0.0
56.69230769230769,1,2,2,1.0,0,False,0,False,1.439562439918518,2.58540415763855,-1.1458417177200317,-1.5208948850631714,-2.5554909706115723,1.0345960855484009,-0.9743674993515015,-0.5737829208374023,-0.4005845785140991,2.7909507751464844,-0.12104476243257523,2.9119955375790596,0.02776532620191574,0.02891053631901741,8.959323167800903e-06,0.0
56.769230769230774,1,2,2,1.0,0,False,0,False,1.439562439918518,2.58540415763855,-1.1458417177200317,-1.5208948850631714,-2.5554909706115723,1.0345960855484009,-0.9743674993515015,-0.5737805366516113,-0.40058696269989014,2.7909507751464844,-0.12104557454586029,2.9119963496923447,0.027765296399593353,0.028910521417856216,5.145557224750519e-06,0.0
56.84615384615385,1,2,2,1.0,0,False,0,False,1.439562439918518,2.5854034423828125,-1.1458410024642944,-1.5208948850631714,-2.5554909706115723,1.0345960855484009,-0.9743674993515015,-0.5737767219543457,-0.4005907773971557,2.7909507751464844,-0.12104235589504242,2.911993131041527,0.027765177190303802,0.028910506516695023,1.319684088230133e-05,0.0
56.92307692307693,1,2,2,1.0,0,False,0,False,1.439562439918518,2.5854005813598633,-1.1458381414413452,-1.5208948850631714,-2.5554909706115723,1.0345960855484009,-0.9743674993515015,-0.5737737417221069,-0.40059375762939453,2.7909507751464844,-0.1210414320230484,2.9119922071695328,0.027764983475208282,0.02891049161553383,8.838251233100891e-06,0.0
57.0,1,2,2,1.0,0,False,0,False,1.439562439918518,2.5854005813598633,-1.1458381414413452,-1.5208948850631714,-2.555490255355835,1.0345953702926636,-0.9743674993515015,-0.5737713575363159,-0.40059614181518555,2.7909507751464844,-0.12104229629039764,2.911993071436882,0.02776501327753067,0.02891049161553383,7.748603820800781e-06,0.0
57.07692307692308,1,2,2,1.0,0,False,0,False,1.439562439918518,2.5854005813598633,-1.1458381414413452,-1.5208948850631714,-2.555490255355835,1.0345953702926636,-0.9743674993515015,-0.5737689733505249,-0.4005985260009765,2.7909507751464844,-0.12104383856058121,2.9119946137070656,0.02776513248682022,0.02891049161553383,9.927898645401001e-06,0.0
57.15384615384616,1,2,2,1.0,0,False,0,False,1.439562439918518,2.5854005813598633,-1.1458381414413452,-1.5208948850631714,-2.555490255355835,1.0345953702926636,-0.9743674993515015,-0.5737665891647339,-0.4006009101867676,2.7909507751464844,-0.12104575335979462,2.911996528506279,0.02776535600423813,0.028910484164953232,1.664739102125168e-05,0.0
57.23076923076923,1,2,2,1.0,0,False,0,False,1.439562439918518,2.5854005813598633,-1.1458381414413452,-1.5208948850631714,-2.555490255355835,1.0345953702926636,-0.9743674993515015,-0.5737642049789429,-0.40060329437255854,2.7909507751464844,-0.12104400247335434,2.9119947776198387,0.02776554971933365,0.028910476714372635,9.383074939250946e-06,0.0
57.307692307692314,1,2,2,1.0,0,False,0,False,1.439562439918518,2.5854005813598633,-1.1458381414413452,-1.5208948850631714,-2.555490255355835,1.0345953702926636,-0.9743674993515015,-0.5737618207931519,-0.4006056785583496,2.7909507751464844,-0.12104205042123795,2.9119928255677223,0.027765505015850067,0.028910454362630844,4.116445779800415e-06,0.0
57.38461538461539,1,2,2,1.0,0,False,0,False,1.439562439918518,2.5854005813598633,-1.1458381414413452,-1.5208948850631714,-2.555490255355835,1.0345953702926636,-0.9743674993515015,-0.5737602114677429,-0.4006072878837585,2.7909507751464844,-0.12104207277297974,2.911992847919464,0.027765534818172455,0.028910446912050247,1.1683441698551178e-05,0.0
57.46153846153847,1,2,2,1.0,0,False,0,False,1.439562439918518,2.5854005813598633,-1.1458381414413452,-1.5208948850631714,-2.555490255355835,1.0345953702926636,-0.9743674993515015,-0.5737602114677429,-0.4006072878837585,2.7909507751464844,-0.12104269862174988,2.9119934737682343,0.027765624225139618,0.028910424560308456,1.1138617992401123e-05,0.0
57.53846153846154,1,2,2,1.0,0,False,0,False,1.439562439918518,2.5854005813598633,-1.1458381414413452,-1.5208948850631714,-2.555490255355835,1.0345953702926636,-0.9743674993515015,-0.5737602114677429,-0.4006072878837585,2.7909507751464844,-0.1210450753569603,2.9119958505034447,0.027765728533267975,0.028910409659147263,1.071486622095108e-05,0.0
57.61538461538462,1,2,2,1.0,0,False,0,False,1.439562439918518,2.5854005813598633,-1.1458381414413452,-1.5208948850631714,-2.555490255355835,1.0345953702926636,-0.9743674993515015,-0.573758065700531,-0.40060943365097046,2.7909507751464844,-0.12104588001966476,2.911996655166149,0.027765773236751556,0.028910379856824875,7.627531886100769e-06,0.0
57.69230769230769,1,2,2,1.0,0,False,0,False,1.439562439918518,2.5854005813598633,-1.1458381414413452,-1.5208948850631714,-2.555490255355835,1.0345953702926636,-0.9743674993515015,-0.57375568151474,-0.4006118178367615,2.7909507751464844,-0.12104427069425583,2.91199504584074,0.02776574343442917,0.028910372406244278,7.748603820800781e-06,0.0
57.769230769230774,1,2,2,1.0,0,False,0,False,1.439562439918518,2.585400104522705,-1.145837664604187,-1.5208948850631714,-2.555490255355835,1.0345953702926636,-0.9743674993515015,-0.573753297328949,-0.4006142020225525,2.7909507751464844,-0.12104485929012299,2.9119956344366074,0.02776574343442917,0.02891036495566368,9.201467037200928e-06,0.0
57.84615384615385,1,2,2,1.0,0,False,0,False,1.439562439918518,2.5853981971740723,-1.1458357572555542,-1.5208948850631714,-2.555490255355835,1.0345953702926636,-0.9743674993515015,-0.5737510919570923,-0.4006164073944092,2.7909507751464844,-0.12104614824056625,2.9119969233870506,0.027765683829784393,0.028910357505083084,9.564682841300964e-06,0.0
57.92307692307693,1,2,2,1.0,0,False,0,False,1.439562439918518,2.5853981971740723,-1.1458357572555542,-1.5208948850631714,-2.555490255355835,1.0345953702926636,-0.9743674993515015,-0.5737501978874207,-0.4006173014640808,2.7909507751464844,-0.12104786932468414,2.9119986444711685,0.0277656689286232,0.028910350054502487,1.894775778055191e-05,0.0
58.0,1,2,2,1.0,0,False,0,False,1.439562439918518,2.5853981971740723,-1.1458357572555542,-1.5208948850631714,-2.555490255355835,1.0345953702926636,-0.9743674993515015,-0.5737492442131042,-0.4006182551383972,2.7909507751464844,-0.12104668468236923,2.9119974598288536,0.027765654027462006,0.028910350054502487,6.537884473800659e-06,0.0
58.07692307692308,1,2,2,1.0,0,False,0,False,1.439562439918518,2.5853981971740723,-1.1458357572555542,-1.5208948850631714,-2.555490255355835,1.0345953702926636,-0.9743674993515015,-0.5737480521202087,-0.4006194472312927,2.7909507751464844,-0.12104479968547821,2.9119955748319626,0.027765534818172455,0.028910350054502487,6.901100277900696e-06,0.0
58.15384615384616,1,2,2,1.0,0,False,0,False,1.439562439918518,2.5853981971740723,-1.1458357572555542,-1.5208948850631714,-2.555490255355835,1.0345953702926636,-0.9743674993515015,-0.5737479329109192,-0.4006195664405823,2.7909507751464844,-0.12104403972625732,2.9119948148727417,0.027765564620494843,0.02891034260392189,1.2652017176151276e-05,0.0
58.23076923076923,1,2,2,1.0,0,False,0,False,1.439562439918518,2.5853981971740723,-1.1458357572555542,-1.5208948850631714,-2.555490255355835,1.0345953702926636,-0.9743674993515015,-0.5737479329109192,-0.4006195664405823,2.7909507751464844,-0.1210445761680603,2.9119953513145447,0.027765639126300812,0.028910335153341293,8.23289155960083e-06,0.0
58.307692307692314,1,2,2,1.0,0,False,0,False,1.439562439918518,2.5853981971740723,-1.1458357572555542,-1.5208948850631714,-2.555490255355835,1.0345953702926636,-0.9743674993515015,-0.5737479329109192,-0.4006195664405823,2.7909507751464844,-0.12104629725217819,2.9119970723986626,0.02776574343442917,0.028910312801599503,8.717179298400879e-06,0.0
58.38461538461539,1,2,2,1.0,0,False,0,False,1.439562439918518,2.5853981971740723,-1.1458357572555542,-1.5208948850631714,-2.555490255355835,1.0345953702926636,-0.9743674993515015,-0.5737478733062744,-0.40061962604522705,2.7909507751464844,-0.12104743719100952,2.911998212337494,0.027765892446041107,0.028910305351018906,4.298053681850433e-06,0.0
58.46153846153847,1,2,2,1.0,0,False,0,False,1.439562439918518,2.5853958129882812,-1.1458333730697632,-1.5208948850631714,-2.555490255355835,1.0345953702926636,-0.9743674993515015,-0.573746383190155,-0.40062111616134644,2.7909507751464844,-0.12104393541812897,2.9119947105646133,0.0277656689286232,0.028910290449857712,3.874301910400391e-06,0.0
58.53846153846154,1,2,2,1.0,0,False,0,False,1.439562439918518,2.585390329360962,-1.1458278894424438,-1.5208948850631714,-2.555490255355835,1.0345953702926636,-0.9743674993515015,-0.573743999004364,-0.40062350034713745,2.7909507751464844,-0.12104310095310211,2.9119938760995865,0.027765460312366486,0.028910275548696518,1.3075768947601318e-05,0.0
58.61538461538462,1,2,2,1.0,0,False,0,False,1.439562439918518,2.5853872299194336,-1.1458247900009155,-1.5208948850631714,-2.555490255355835,1.0345953702926636,-0.9743674993515015,-0.5737418532371521,-0.40062564611434937,2.7909507751464844,-0.12104339897632599,2.9119941741228104,0.02776525169610977,0.02891026809811592,1.1138617992401123e-05,0.0
58.69230769230769,1,2,2,1.0,0,False,0,False,1.439562439918518,2.5853872299194336,-1.1458247900009155,-1.5208948850631714,-2.5554895401000977,1.0345946550369263,-0.9743674993515015,-0.5737416744232178,-0.4006258249282837,2.7909507751464844,-0.12104436010122299,2.9119951352477074,0.027765177190303802,0.02891024574637413,1.1986121535301208e-05,0.0
58.769230769230774,1,2,2,1.0,0,False,0,False,1.439562439918518,2.5853872299194336,-1.1458247900009155,-1.5208948850631714,-2.5554895401000977,1.0345946550369263,-0.9743674993515015,-0.5737416744232178,-0.4006258249282837,2.7909507751464844,-0.12104637920856476,2.911997154355049,0.02776525169610977,0.02891024574637413,1.4468096196651459e-05,0.0
58.84615384615385,1,2,2,1.0,0,False,0,False,1.439562439918518,2.5853872299194336,-1.1458247900009155,-1.5208948850631714,-2.5554895401000977,1.0345946550369263,-0.9743674993515015,-0.57374107837677,-0.40062642097473145,2.7909507751464844,-0.1210457980632782,2.9119965732097626,0.02776528149843216,0.02891024574637413,5.75091689825058e-06,0.0
58.92307692307693,1,2,2,1.0,0,False,0,False,1.439562439918518,2.5853872299194336,-1.1458247900009155,-1.5208948850631714,-2.5554895401000977,1.0345946550369263,-0.9743674993515015,-0.5737387537956238,-0.4006287455558777,2.7909507751464844,-0.12104303389787674,2.911993809044361,0.027765236794948578,0.028910253196954727,7.869675755500793e-07,0.0
59.0,1,2,2,1.0,0,False,0,False,1.439562439918518,2.5853872299194336,-1.1458247900009155,-1.5208948850631714,-2.5554895401000977,1.0345946550369263,-0.9743674993515015,-0.5737363696098328,-0.4006311297416687,2.7909507751464844,-0.12104247510433197,2.9119932502508163,0.027765221893787384,0.02891024574637413,8.353963494300842e-06,0.0
59.07692307692308,1,2,2,1.0,0,False,0,False,1.439562439918518,2.5853872299194336,-1.1458247900009155,-1.5208948850631714,-2.5554888248443604,1.034593939781189,-0.9743674993515015,-0.5737342238426208,-0.4006332755088806,2.7909507751464844,-0.12104318290948868,2.911993958055973,0.027765117585659027,0.02891022339463234,3.874301910400391e-06,0.0
59.15384615384616,1,2,2,1.0,0,False,0,False,1.439562439918518,2.5853872299194336,-1.1458247900009155,-1.5208948850631714,-2.5554871559143066,1.0345922708511353,-0.9743674993515015,-0.5737338662147522,-0.40063363313674927,2.7909507751464844,-0.1210450828075409,2.9119958579540253,0.02776513248682022,0.02891022339463234,3.450550138950348e-06,0.0
59.23076923076923,1,2,2,1.0,0,False,0,False,1.439562439918518,2.5853872299194336,-1.1458247900009155,-1.5208948850631714,-2.5554871559143066,1.0345922708511353,-0.9743674993515015,-0.5737338662147522,-0.40063363313674927,2.7909507751464844,-0.12104634940624237,2.9119971245527267,0.02776516228914261,0.02891022339463234,1.2652017176151276e-05,0.0
59.307692307692314,1,2,2,1.0,0,False,0,False,1.439562439918518,2.5853872299194336,-1.1458247900009155,-1.5208948850631714,-2.5554871559143066,1.0345922708511353,-0.9743674993515015,-0.5737338662147522,-0.40063363313674927,2.7909507751464844,-0.12104298174381256,2.911993756890297,0.027765102684497833,0.02891022339463234,7.748603820800781e-06,0.0
59.38461538461539,1,2,2,1.0,0,False,0,False,1.439562439918518,2.5853872299194336,-1.1458247900009155,-1.5208948850631714,-2.5554871559143066,1.0345922708511353,-0.9743674993515015,-0.5737338662147522,-0.40063363313674927,2.7909507751464844,-0.12104228883981705,2.9119930639863014,0.02776505798101425,0.02891022339463234,8.959323167800903e-06,0.0
59.46153846153847,1,2,2,1.0,0,False,0,False,1.439562439918518,2.5853872299194336,-1.1458247900009155,-1.5208948850631714,-2.5554871559143066,1.0345922708511353,-0.9743674993515015,-0.5737338662147522,-0.40063363313674927,2.7909507751464844,-0.12104268372058868,2.911993458867073,0.027765072882175446,0.02891022339463234,7.748603820800781e-06,0.0
59.53846153846154,1,2,2,1.0,0,False,0,False,1.439562439918518,2.5853872299194336,-1.1458247900009155,-1.5208948850631714,-2.5554871559143066,1.0345922708511353,-0.9743674993515015,-0.5737338662147522,-0.40063363313674927,2.7909507751464844,-0.12104374915361404,2.9119945243000984,0.02776513248682022,0.02891022339463234,1.1320225894451141e-05,0.0
59.61538461538462,1,2,2,1.0,0,False,0,False,1.439562439918518,2.5853872299194336,-1.1458247900009155,-1.5208948850631714,-2.5554871559143066,1.0345922708511353,-0.9743674993515015,-0.5737338662147522,-0.40063363313674927,2.7909507751464844,-0.12104583531618118,2.9119966104626656,0.027765341103076935,0.028910215944051743,1.2470409274101257e-05,0.0
59.69230769230769,1,2,2,1.0,0,False,0,False,1.439562439918518,2.5853872299194336,-1.1458247900009155,-1.5208948850631714,-2.5554871559143066,1.0345922708511353,-0.9743674993515015,-0.573732852935791,-0.40063464641571045,2.7909507751464844,-0.12104535847902298,2.9119961336255074,0.02776535600423813,0.02891020104289055,7.748603820800781e-06,0.0
59.769230769230774,1,2,2,1.0,0,False,0,False,1.439562439918518,2.5853872299194336,-1.1458247900009155,-1.5208948850631714,-2.5554871559143066,1.0345922708511353,-0.9743674993515015,-0.57373046875,-0.40063703060150146,2.7909507751464844,-0.12104469537734985,2.9119954705238342,0.02776528149843216,0.028910208493471146,7.203780114650726e-06,0.0
59.84615384615385,1,2,2,1.0,0,False,0,False,1.439562439918518,2.5853822231292725,-1.1458197832107544,-1.5208948850631714,-2.5554871559143066,1.0345922708511353,-0.9743674993515015,-0.573728084564209,-0.4006394147872925,2.7909507751464844,-0.12104517221450806,2.9119959473609924,0.027765072882175446,0.028910186141729355,1.598149538040161e-05,0.0
59.92307692307693,1,2,2,1.0,0,False,0,False,1.439562439918518,2.5853822231292725,-1.1458197832107544,-1.5208948850631714,-2.5554845333099365,1.0345896482467651,-0.9743674993515015,-0.5737267136573792,-0.4006407856941223,2.7909507751464844,-0.12104687094688416,2.9119976460933685,0.027764953672885895,0.028910178691148758,1.210719347000122e-05,0.0
60.0,1,2,2,1.0,0,False,0,False,1.439562439918518,2.5853822231292725,-1.1458197832107544,-1.5208948850631714,-2.5554845333099365,1.0345896482467651,-0.9743674993515015,-0.5737259984016418,-0.4006415009498596,2.7909507751464844,-0.1210479810833931,2.9119987562298775,0.027764953672885895,0.028910178691148758,3.8137659430503845e-06,0.0
60.07692307692308,1,2,2,1.0,0,False,0,False,1.439562439918518,2.5853822231292725,-1.1458197832107544,-1.5208948850631714,-2.5554845333099365,1.0345896482467651,-0.9743674993515015,-0.5737241506576538,-0.40064334869384766,2.7909507751464844,-0.12104444205760956,2.911995217204094,0.027764879167079926,0.028910186141729355,7.022172212600708e-06,0.0
60.15384615384616,1,2,2,1.0,0,False,0,False,1.439562439918518,2.5853805541992188,-1.1458181142807007,-1.5208948850631714,-2.5554845333099365,1.0345896482467651,-0.9743674993515015,-0.573722243309021,-0.40064525604248047,2.7909507751464844,-0.12104357779026031,2.9119943529367447,0.02776474505662918,0.02891020104289055,9.080395102500916e-06,0.0
60.23076923076923,1,2,2,1.0,0,False,0,False,1.439562439918518,2.5853805541992188,-1.1458181142807007,-1.5208948850631714,-2.555483818054199,1.0345889329910278,-0.9743674993515015,-0.5737221240997314,-0.40064537525177,2.7909507751464844,-0.12104383856058121,2.9119946137070656,0.027764730155467987,0.028910193592309952,4.116445779800415e-06,0.0
60.307692307692314,1,2,2,1.0,0,False,0,False,1.439562439918518,2.5853805541992188,-1.1458181142807007,-1.5208948850631714,-2.555483818054199,1.0345889329910278,-0.9743674993515015,-0.5737221240997314,-0.40064537525177,2.7909507751464844,-0.12104477733373642,2.911995552480221,0.027764804661273956,0.028910193592309952,8.293427526950836e-06,0.0
60.38461538461539,1,2,2,1.0,0,False,0,False,1.439562439918518,2.5853805541992188,-1.1458181142807007,-1.5208948850631714,-2.555483818054199,1.0345889329910278,-0.9743674993515015,-0.5737221240997314,-0.40064537525177,2.7909507751464844,-0.1210467740893364,2.9119975492358208,0.027764908969402313,0.02891020104289055,1.1986121535301208e-05,0.0
60.46153846153847,1,2,2,1.0,0,False,0,False,1.439562439918518,2.5853805541992188,-1.1458181142807007,-1.5208948850631714,-2.555483818054199,1.0345889329910278,-0.9743674993515015,-0.5737221240997314,-0.40064537525177,2.7909507751464844,-0.12104617804288864,2.911996953189373,0.02776513248682022,0.02891020104289055,8.959323167800903e-06,0.0
60.53846153846154,1,2,2,1.0,0,False,0,False,1.439562439918518,2.5853805541992188,-1.1458181142807007,-1.5208948850631714,-2.555483818054199,1.0345889329910278,-0.9743674993515015,-0.5737212300300598,-0.40064626932144165,2.7909507751464844,-0.12104539573192596,2.9119961708784103,0.02776508778333664,0.028910208493471146,5.145557224750519e-06,0.0
60.61538461538462,1,2,2,1.0,0,False,0,False,1.439562439918518,2.5853805541992188,-1.1458181142807007,-1.5208948850631714,-2.555483818054199,1.0345889329910278,-0.9743674993515015,-0.5737207531929016,-0.40064674615859985,2.7909507751464844,-0.12104576826095581,2.91199654340744,0.02776508778333664,0.028910186141729355,3.874301910400391e-06,0.0
60.69230769230769,1,2,2,1.0,0,False,0,False,1.439562439918518,2.5853805541992188,-1.1458181142807007,-1.5208948850631714,-2.555483818054199,1.0345889329910278,-0.9743674993515015,-0.5737207531929016,-0.40064674615859985,2.7909507751464844,-0.12104734778404236,2.9119981229305267,0.027765043079853058,0.028910193592309952,2.7846544981002808e-06,0.0
60.769230769230774,1,2,2,1.0,0,False,0,False,1.439562439918518,2.5853805541992188,-1.1458181142807007,-1.5208948850631714,-2.555483818054199,1.0345889329910278,-0.9743674993515015,-0.5737207531929016,-0.40064674615859985,2.7909507751464844,-0.12104953825473785,2.9120003134012222,0.027764998376369476,0.028910178691148758,5.387701094150543e-06,0.0
60.84615384615385,1,2,2,1.0,0,False,0,False,1.439562439918518,2.5853805541992188,-1.1458181142807007,-1.5208948850631714,-2.555483818054199,1.0345889329910278,-0.9743674993515015,-0.5737197399139404,-0.400647759437561,2.7909507751464844,-0.12105116248130798,2.9120019376277924,0.02776496857404709,0.028910178691148758,1.2349337339401245e-05,0.0
60.92307692307693,1,2,2,1.0,0,False,0,False,1.439562439918518,2.585378408432007,-1.1458159685134888,-1.5208948850631714,-2.555483818054199,1.0345889329910278,-0.9743674993515015,-0.5737183690071106,-0.40064913034439087,2.7909507751464844,-0.12105131149291992,2.9120020866394043,0.027764715254306793,0.028910163789987564,9.262003004550934e-06,0.0
61.0,1,2,2,1.0,0,False,0,False,1.439562439918518,2.5853779315948486,-1.1458154916763306,-1.5208948850631714,-2.5554823875427246,1.0345875024795532,-0.9743674993515015,-0.5737177133560181,-0.40064978599548334,2.7909507751464844,-0.12104583531618118,2.9119966104626656,0.027764536440372467,0.028910186141729355,4.600733518600464e-06,0.0
61.07692307692308,1,2,2,1.0,0,False,0,False,1.439562439918518,2.5853772163391113,-1.1458147764205933,-1.5208948850631714,-2.5554816722869873,1.034586787223816,-0.9743674993515015,-0.5737169981002808,-0.4006505012512207,2.7909507751464844,-0.12104251235723495,2.9119932875037193,0.027764372527599335,0.028910193592309952,6.780028343200684e-06,0.0
61.15384615384616,1,2,2,1.0,0,False,0,False,1.439562439918518,2.5853772163391113,-1.1458147764205933,-1.5208948850631714,-2.555481433868408,1.0345865488052368,-0.9743674993515015,-0.5737169981002808,-0.4006505012512207,2.7909507751464844,-0.12104185670614243,2.911992631852627,0.02776431292295456,0.028910208493471146,4.600733518600464e-06,0.0
61.23076923076923,1,2,2,1.0,0,False,0,False,1.439562439918518,2.5853772163391113,-1.1458147764205933,-1.5208948850631714,-2.555481433868408,1.0345865488052368,-0.9743674993515015,-0.5737169981002808,-0.4006505012512207,2.7909507751464844,-0.12104227393865585,2.9119930490851402,0.02776435762643814,0.028910230845212936,3.995373845100403e-06,0.0
61.307692307692314,1,2,2,1.0,0,False,0,False,1.439562439918518,2.5853772163391113,-1.1458147764205933,-1.5208948850631714,-2.555481433868408,1.0345865488052368,-0.9743674993515015,-0.5737169981002808,-0.4006505012512207,2.7909507751464844,-0.1210433691740036,2.911994144320488,0.027764461934566498,0.028910230845212936,9.262003004550934e-06,0.0
61.38461538461539,1,2,2,1.0,0,False,0,False,1.439562439918518,2.5853772163391113,-1.1458147764205933,-1.5208948850631714,-2.555481433868408,1.0345865488052368,-0.9743674993515015,-0.5737169981002808,-0.4006505012512207,2.7909507751464844,-0.12104545533657074,2.911996230483055,0.02776474505662918,0.028910230845212936,7.627531886100769e-06,0.0
61.46153846153847,1,2,2,1.0,0,False,0,False,1.439562439918518,2.5853772163391113,-1.1458147764205933,-1.5208948850631714,-2.555481433868408,1.0345865488052368,-0.9743674993515015,-0.5737169981002808,-0.4006505012512207,2.7909507751464844,-0.12104500830173492,2.9119957834482193,0.027764998376369476,0.028910230845212936,7.748603820800781e-06,0.0
61.53846153846154,1,2,2,1.0,0,False,0,False,1.439562439918518,2.5853772163391113,-1.1458147764205933,-1.5208948850631714,-2.555481433868408,1.0345865488052368,-0.9743674993515015,-0.5737164616584778,-0.4006510376930237,2.7909507751464844,-0.12104436010122299,2.9119951352477074,0.027765043079853058,0.02891022339463234,1.2167729437351227e-05,0.0
61.61538461538462,1,2,2,1.0,0,False,0,False,1.439562439918518,2.5853772163391113,-1.1458147764205933,-1.5208948850631714,-2.555481433868408,1.0345865488052368,-0.9743674993515015,-0.5737164616584778,-0.4006510376930237,2.7909507751464844,-0.12104488909244537,2.9119956642389297,0.027765043079853058,0.02891022339463234,1.2167729437351227e-05,0.0
61.69230769230769,1,2,2,1.0,0,False,0,False,1.439562439918518,2.5853772163391113,-1.1458147764205933,-1.5208948850631714,-2.555481433868408,1.0345865488052368,-0.9743674993515015,-0.5737164616584778,-0.4006510376930237,2.7909507751464844,-0.12104659527540207,2.9119973704218864,0.02776496857404709,0.028910208493471146,1.071486622095108e-05,0.0
61.769230769230774,1,2,2,1.0,0,False,0,False,1.439562439918518,2.5853772163391113,-1.1458147764205933,-1.5208948850631714,-2.555481433868408,1.0345865488052368,-0.9743674993515015,-0.5737164616584778,-0.4006510376930237,2.7909507751464844,-0.12104889750480652,2.911999672651291,0.02776496857404709,0.028910208493471146,3.632158041000366e-06,0.0
61.84615384615385,1,2,2,1.0,0,False,0,False,1.439562439918518,2.5853772163391113,-1.1458147764205933,-1.5208948850631714,-2.555481433868408,1.0345865488052368,-0.9743674993515015,-0.5737164616584778,-0.4006510376930237,2.7909507751464844,-0.12105060368776321,2.9120013788342476,0.0277649387717247,0.028910208493471146,0.0,0.0
61.92307692307693,1,2,2,1.0,0,False,0,False,1.439562439918518,2.5853772163391113,-1.1458147764205933,-1.5208948850631714,-2.555481433868408,1.0345865488052368,-0.9743674993515015,-0.5737164616584778,-0.4006510376930237,2.7909507751464844,-0.12105081975460052,2.912001594901085,0.027764834463596344,0.02891022339463234,8.656643331050873e-06,0.0
62.0,1,2,2,1.0,0,False,0,False,1.439562439918518,2.5853772163391113,-1.1458147764205933,-1.5208948850631714,-2.555481433868408,1.0345865488052368,-0.9743674993515015,-0.5737155675888062,-0.4006519317626953,2.7909507751464844,-0.12104704231023788,2.9119978174567223,0.02776474505662918,0.028910230845212936,1.1622905731201172e-05,0.0
62.07692307692308,1,2,2,1.0,0,False,0,False,1.439562439918518,2.5853772163391113,-1.1458147764205933,-1.5208948850631714,-2.555481195449829,1.0345863103866577,-0.9743674993515015,-0.5737155675888062,-0.4006519317626953,2.7909507751464844,-0.12104560434818268,2.911996379494667,0.027764596045017242,0.028910238295793533,3.874301910400391e-06,0.0
62.15384615384616,1,2,2,1.0,0,False,0,False,1.439562439918518,2.5853772163391113,-1.1458147764205933,-1.5208948850631714,-2.555481195449829,1.0345863103866577,-0.9743674993515015,-0.5737155675888062,-0.4006519317626953,2.7909507751464844,-0.12104601413011551,2.9119967892766,0.02776462584733963,0.028910238295793533,1.0957010090351105e-05,0.0
62.23076923076923,1,2,2,1.0,0,False,0,False,1.439562439918518,2.5853772163391113,-1.1458147764205933,-1.5208948850631714,-2.555481195449829,1.0345863103866577,-0.9743674993515015,-0.5737155675888062,-0.4006519317626953,2.7909507751464844,-0.12104399502277374,2.911994770169258,0.027764730155467987,0.028910238295793533,7.990747690200806e-06,0.0
62.307692307692314,1,2,2,1.0,0,False,0,False,1.439562439918518,2.5853772163391113,-1.1458147764205933,-1.5208948850631714,-2.555481195449829,1.0345863103866577,-0.9743674993515015,-0.5737155675888062,-0.4006519317626953,2.7909507751464844,-0.12104260176420212,2.9119933769106865,0.0277649387717247,0.02891024574637413,7.3248520493507385e-06,0.0
62.38461538461539,1,2,2,1.0,0,False,0,False,1.439562439918518,2.5853772163391113,-1.1458147764205933,-1.5208948850631714,-2.555481195449829,1.0345863103866577,-0.9743674993515015,-0.5737155675888062,-0.4006519317626953,2.7909507751464844,-0.12104316800832748,2.911993943154812,0.027765072882175446,0.02891024574637413,3.874301910400391e-06,0.0
62.46153846153847,1,2,2,1.0,0,False,0,False,1.439562439918518,2.5853772163391113,-1.1458147764205933,-1.5208948850631714,-2.555481195449829,1.0345863103866577,-0.9743674993515015,-0.5737155675888062,-0.4006519317626953,2.7909507751464844,-0.12104550749063492,2.9119962826371193,0.02776505798101425,0.02891024574637413,1.28941610455513e-05,0.0
62.53846153846154,1,2,2,1.0,0,False,0,False,1.439562439918518,2.5853772163391113,-1.1458147764205933,-1.5208948850631714,-2.555481195449829,1.0345863103866577,-0.9743674993515015,-0.5737153887748718,-0.40065211057662964,2.7909507751464844,-0.12104780226945877,2.911998577415943,0.02776505798101425,0.028910238295793533,1.259148120880127e-05,0.0
62.61538461538462,1,2,2,1.0,0,False,0,False,1.439562439918518,2.5853772163391113,-1.1458147764205933,-1.5208948850631714,-2.555481195449829,1.0345863103866577,-0.9743674993515015,-0.5737136006355286,-0.4006538987159729,2.7909507751464844,-0.12104950845241547,2.9120002835989,0.02776501327753067,0.028910230845212936,8.898787200450897e-06,0.0
62.69230769230769,1,2,2,1.0,0,False,0,False,1.439562439918518,2.5853731632232666,-1.1458107233047485,-1.5208948850631714,-2.555481195449829,1.0345863103866577,-0.9743674993515015,-0.573712170124054,-0.40065532922744757,2.7909507751464844,-0.12105149030685425,2.9120022654533386,0.027764715254306793,0.028910215944051743,1.5255063772201538e-05,0.0
62.769230769230774,1,2,2,1.0,0,False,0,False,1.439562439918518,2.5853703022003174,-1.1458078622817993,-1.5208948850631714,-2.55548095703125,1.0345860719680786,-0.9743674993515015,-0.5737109780311584,-0.40065652132034296,2.7909507751464844,-0.12105268239974976,2.912003457546234,0.02776450663805008,0.028910215944051743,1.0957010090351105e-05,0.0
62.84615384615385,1,2,2,1.0,0,False,0,False,1.439562439918518,2.5853703022003174,-1.1458078622817993,-1.5208948850631714,-2.555480480194092,1.0345855951309204,-0.9743674993515015,-0.5737109780311584,-0.40065652132034296,2.7909507751464844,-0.12105443328619003,2.9120052084326744,0.027764372527599335,0.028910230845212936,7.748603820800781e-06,0.0
62.92307692307693,1,2,2,1.0,0,False,0,False,1.439562439918518,2.5853703022003174,-1.1458078622817993,-1.5208948850631714,-2.555480480194092,1.0345855951309204,-0.9743674993515015,-0.5737109780311584,-0.40065652132034296,2.7909507751464844,-0.12105514109134674,2.912005916237831,0.027764298021793365,0.028910260647535324,8.656643331050873e-06,0.0
63.0,1,2,2,1.0,0,False,0,False,1.439562439918518,2.5853703022003174,-1.1458078622817993,-1.5208948850631714,-2.555480480194092,1.0345855951309204,-0.9743674993515015,-0.5737109780311584,-0.40065652132034296,2.7909507751464844,-0.1210567057132721,2.9120074808597565,0.02776423841714859,0.028910275548696518,6.295740604400635e-06,0.0
63.07692307692308,1,2,2,1.0,0,False,0,False,1.439562439918518,2.5853703022003174,-1.1458078622817993,-1.5208948850631714,-2.555480480194092,1.0345855951309204,-0.9743674993515015,-0.5737109780311584,-0.40065652132034296,2.7909507751464844,-0.12105780839920044,2.912008583545685,0.02776419371366501,0.028910290449857712,6.537884473800659e-06,0.0
63.15384615384616,1,2,2,1.0,0,False,0,False,1.439562439918518,2.5853703022003174,-1.1458078622817993,-1.5208948850631714,-2.555480480194092,1.0345855951309204,-0.9743674993515015,-0.5737109780311584,-0.40065652132034296,2.7909507751464844,-0.12105845659971237,2.9120092317461967,0.027764149010181427,0.028910290449857712,8.777715265750885e-06,0.0
63.23076923076923,1,2,2,1.0,0,False,0,False,1.439562439918518,2.5853703022003174,-1.1458078622817993,-1.5208948850631714,-2.555480480194092,1.0345855951309204,-0.9743674993515015,-0.5737107992172241,-0.4006567001342774,2.7909507751464844,-0.12105662375688553,2.91200739890337,0.02776411920785904,0.028910290449857712,6.84056431055069e-06,0.0
63.307692307692314,1,2,2,1.0,0,False,0,False,1.439562439918518,2.5853703022003174,-1.1458078622817993,-1.5208948850631714,-2.555480480194092,1.0345855951309204,-0.9743674993515015,-0.5737099647521973,-0.4006575345993042,2.7909507751464844,-0.1210547611117363,2.9120055362582207,0.02776408940553665,0.02891029790043831,9.685754776000977e-07,0.0
63.38461538461539,1,2,2,1.0,0,False,0,False,1.439562439918518,2.5853703022003174,-1.1458078622817993,-1.5208948850631714,-2.555480480194092,1.0345855951309204,-0.9743674993515015,-0.5737099647521973,-0.4006575345993042,2.7909507751464844,-0.12105412781238556,2.91200490295887,0.027764134109020233,0.02891029790043831,4.116445779800415e-06,0.0
63.46153846153847,1,2,2,1.0,0,False,0,False,1.439562439918518,2.5853703022003174,-1.1458078622817993,-1.5208948850631714,-2.555480480194092,1.0345855951309204,-0.9743674993515015,-0.5737099647521973,-0.4006575345993042,2.7909507751464844,-0.12105026096105576,2.91200103610754,0.02776423841714859,0.02891029790043831,7.264316082000732e-06,0.0
63.53846153846154,1,2,2,1.0,0,False,0,False,1.439562439918518,2.5853703022003174,-1.1458078622817993,-1.5208948850631714,-2.555480480194092,1.0345855951309204,-0.9743674993515015,-0.5737099647521973,-0.4006575345993042,2.7909507751464844,-0.12104923278093338,2.9120000079274178,0.02776438742876053,0.02891029790043831,1.1622905731201172e-05,0.0
63.61538461538462,1,2,2,1.0,0,False,0,False,1.439562439918518,2.5853703022003174,-1.1458078622817993,-1.5208948850631714,-2.555480480194092,1.0345855951309204,-0.9743674993515015,-0.5737099647521973,-0.4006575345993042,2.7909507751464844,-0.12104954570531845,2.912000320851803,0.027764640748500824,0.028910312801599503,6.961636245250702e-06,0.0
63.69230769230769,1,2,2,1.0,0,False,0,False,1.439562439918518,2.5853703022003174,-1.1458078622817993,-1.5208948850631714,-2.555480480194092,1.0345855951309204,-0.9743674993515015,-0.5737099647521973,-0.4006575345993042,2.7909507751464844,-0.12105095386505127,2.9120017290115356,0.027764730155467987,0.028910290449857712,8.777715265750885e-06,0.0
63.769230769230774,1,2,2,1.0,0,False,0,False,1.439562439918518,2.5853703022003174,-1.1458078622817993,-1.5208948850631714,-2.555480480194092,1.0345855951309204,-0.9743674993515015,-0.5737099647521973,-0.4006575345993042,2.7909507751464844,-0.12105295807123184,2.912003733217716,0.02776474505662918,0.028910290449857712,3.1478703022003174e-06,0.0
63.84615384615385,1,2,2,1.0,0,False,0,False,1.439562439918518,2.5853703022003174,-1.1458078622817993,-1.5208948850631714,-2.555480480194092,1.0345855951309204,-0.9743674993515015,-0.5737099647521973,-0.4006575345993042,2.7909507751464844,-0.12105388939380646,2.912004664540291,0.027764730155467987,0.028910290449857712,1.319684088230133e-05,0.0
63.92307692307693,1,2,2,1.0,0,False,0,False,1.439562439918518,2.5853703022003174,-1.1458078622817993,-1.5208948850631714,-2.555480480194092,1.0345855951309204,-0.9743674993515015,-0.5737093687057495,-0.400658130645752,2.7909507751464844,-0.12105566263198853,2.912006437778473,0.02776467055082321,0.028910290449857712,8.353963494300842e-06,0.0
64.0,1,2,2,1.0,0,False,0,False,1.439562439918518,2.5853703022003174,-1.1458078622817993,-1.5208948850631714,-2.555480480194092,1.0345855951309204,-0.9743674993515015,-0.5737074017524719,-0.4006600975990295,2.7909507751464844,-0.12105692923069,2.9120077043771744,0.027764596045017242,0.028910290449857712,3.874301910400391e-06,0.0
64.07692307692308,4,0,2,0.024038461968302727,0,False,0,False,1.439562439918518,2.586409091949463,-1.1468466520309448,-1.5208948850631714,-2.554799795150757,1.0339049100875854,-0.9743674993515015,-0.5741168856620789,-0.4002506136894226,2.7909507751464844,-0.12103487551212311,2.9119856506586075,0.02768220752477646,0.028882097452878952,0.00011090189218521118,0.0
64.15384615384616,4,0,2,0.04326923191547394,0,False,0,False,1.439562439918518,2.591859817504883,-1.1522973775863647,-1.5208948850631714,-2.551741361618042,1.0308464765548706,-0.9743674993515015,-0.5758730173110962,-0.3984944820404053,2.7909507751464844,-0.12101534754037857,2.911966122686863,0.027581311762332916,0.028742801398038864,5.048699676990509e-05,0.0
64.23076923076924,4,0,2,0.0625,0,False,0,False,1.439562439918518,2.601473093032837,-1.1619106531143188,-1.5208948850631714,-2.5469303131103516,1.0260354280471802,-0.9743674993515015,-0.579024076461792,-0.3953434228897095,2.7909507751464844,-0.12101150304079056,2.911962278187275,0.027859143912792206,0.02850235626101494,7.869675755500793e-05,0.0
64.3076923076923,4,0,2,0.08173078298568726,0,False,0,False,1.439562439918518,2.6129283905029297,-1.1733659505844116,-1.5208948850631714,-2.5416226387023926,1.0207277536392212,-0.9743674993515015,-0.5830140113830566,-0.3913534879684448,2.7909507751464844,-0.12101476639509201,2.9119655415415764,0.028683848679065704,0.02820444479584694,0.00011840835213661194,0.0
64.38461538461539,4,0,2,0.10096156597137451,0,False,0,False,1.439562439918518,2.6241180896759033,-1.1845556497573853,-1.5208948850631714,-2.5365805625915527,1.0156856775283813,-0.9743674993515015,-0.5870127081871033,-0.3873547911643982,2.7909507751464844,-0.12102053314447403,2.9119713082909584,0.029832608997821808,0.027893323451280594,0.00014449935406446457,0.0
64.46153846153847,4,0,2,0.12019234895706177,0,False,0,False,1.439562439918518,2.6337568759918213,-1.1941944360733032,-1.5208948850631714,-2.5321688652038574,1.011273980140686,-0.9743674993515015,-0.5904119610786438,-0.38395553827285767,2.7909507751464844,-0.12102672457695007,2.9119774997234344,0.029755480587482452,0.027599956840276718,0.00014891847968101501,0.0
64.53846153846155,4,0,2,0.13942313194274902,0,False,0,False,1.439562439918518,2.6412830352783203,-1.2017205953598022,-1.5208948850631714,-2.5285141468048096,1.0076192617416382,-0.9743674993515015,-0.5929173827171326,-0.38145011663436884,2.7909507751464844,-0.12103203684091568,2.9119828119874,0.029279135167598724,0.02734222635626793,0.00012428034096956253,0.0
64.61538461538461,4,0,2,0.15865391492843628,0,False,0,False,1.439562439918518,2.646629571914673,-1.2070671319961548,-1.5208948850631714,-2.5255677700042725,1.004672884941101,-0.9743674993515015,-0.59446781873703,-0.37989968061447144,2.7909507751464844,-0.12103578448295593,2.9119865596294403,0.02892444282770157,0.027130361646413803,7.978640496730804e-05,0.0
64.6923076923077,4,0,2,0.17788469791412354,0,False,0,False,1.439562439918518,2.650019407272339,-1.2104569673538208,-1.5208948850631714,-2.523181915283203,1.0022870302200317,-0.9743674993515015,-0.5951645970344543,-0.3792029023170471,2.7909507751464844,-0.12103775888681412,2.9119885340332985,0.028689540922641754,0.026968758553266525,5.248468369245529e-05,0.0
64.76923076923077,4,0,2,0.1971154808998108,0,False,0,False,1.439562439918518,2.6518232822418213,-1.2122608423233032,-1.5208948850631714,-2.5212182998657227,1.0003234148025513,-0.9743674993515015,-0.5952054858207703,-0.3791620135307312,2.7909507751464844,-0.1210380494594574,2.9119888246059418,0.028557859361171722,0.02685621753334999,5.048699676990509e-05,0.0
64.84615384615385,4,0,2,0.21634626388549805,0,False,0,False,1.439562439918518,2.6524672508239746,-1.2129048109054565,-1.5208948850631714,-2.519585371017456,0.9986904859542847,-0.9743674993515015,-0.5948061943054199,-0.37956130504608154,2.7909507751464844,-0.12103693187236786,2.9119877070188522,0.028505884110927582,0.026787344366312027,3.341585397720337e-05,0.0
64.92307692307692,4,0,2,0.2355770468711853,0,False,0,False,1.439562439918518,2.6523618698120117,-1.2127994298934937,-1.5208948850631714,-2.5182456970214844,0.997350811958313,-0.9743674993515015,-0.5941510200500488,-0.38021647930145264,2.7909507751464844,-0.12103480845689774,2.911985583603382,0.028504960238933563,0.026754189282655716,2.7846544981002808e-05,0.0
65.0,4,0,2,0.25480780005455017,0,False,0,False,1.439562439918518,2.651850938796997,-1.212288498878479,-1.5208948850631714,-2.5171964168548584,0.996301531791687,-0.9743674993515015,-0.5933646559715271,-0.38100284337997437,2.7909507751464844,-0.12103219330310822,2.9119829684495926,0.028537176549434662,0.026747267693281174,3.632158041000366e-05,0.0
65.07692307692308,4,0,2,0.27403852343559265,0,False,0,False,1.439562439918518,2.6511921882629395,-1.2116297483444214,-1.5208948850631714,-2.5164501667022705,0.995555281639099,-0.9743674993515015,-0.5925147533416748,-0.38185274600982666,2.7909507751464844,-0.12102963030338287,2.9119804054498672,0.02859317511320114,0.026755187660455704,8.487142622470856e-05,0.0
65.15384615384616,4,0,2,0.29326924681663513,0,False,0,False,1.439562439918518,2.650538206100464,-1.2109757661819458,-1.5208948850631714,-2.5160017013549805,0.9951068162918091,-0.9743674993515015,-0.5916079878807068,-0.3827595114707947,2.7909507751464844,-0.12102735042572021,2.9119781255722046,0.02866636961698532,0.026775170117616653,0.00011659227311611176,0.0
65.23076923076924,4,0,2,0.3124999701976776,0,False,0,False,1.439562439918518,2.6499483585357666,-1.2103859186172485,-1.5208948850631714,-2.515815496444702,0.9949206113815308,-0.9743674993515015,-0.5906131863594055,-0.38375431299209595,2.7909507751464844,-0.1210254430770874,2.9119762182235718,0.028757773339748383,0.026801753789186478,0.000129062682390213,0.0
65.3076923076923,4,0,2,0.3317306935787201,0,False,0,False,1.439562439918518,2.649425983428955,-1.209863543510437,-1.5208948850631714,-2.515825033187866,0.9949301481246948,-0.9743674993515015,-0.5894776582717896,-0.3848898410797119,2.7909507751464844,-0.12102388590574265,2.911974661052227,0.02887360006570816,0.026831451803445816,0.0001328159123659134,0.0
65.38461538461539,4,0,2,0.3509614169597626,0,False,0,False,1.439562439918518,2.6489481925964355,-1.2093857526779175,-1.5208948850631714,-2.515950918197632,0.9950560331344604,-0.9743674993515015,-0.5881432294845581,-0.3862242698669434,2.7909507751464844,-0.12102262675762177,2.911973401904106,0.029022030532360077,0.02686220034956932,0.000138748437166214,0.0
65.46153846153847,4,0,2,0.37019214034080505,0,False,0,False,1.439562439918518,2.648491382598877,-1.2089289426803589,-1.5208948850631714,-2.5161170959472656,0.9952222108840942,-0.9743674993515015,-0.586552083492279,-0.3878154158592224,2.7909507751464844,-0.1210215613245964,2.911972336471081,0.029211126267910004,0.026892539113759995,0.000148797407746315,0.0
65.53846153846155,4,0,2,0.38942286372184753,0,False,0,False,1.439562439918518,2.6480445861816406,-1.2084821462631226,-1.5208948850631714,-2.516261577606201,0.9953666925430298,-0.9743674993515015,-0.5846630930900574,-0.3897044062614441,2.7909507751464844,-0.12102066725492477,2.911971442401409,0.02944742888212204,0.026921194046735764,0.00015606172382831573,0.0
65.61538461538461,4,0,2,0.40865358710289,0,False,0,False,1.439562439918518,2.6476080417633057,-1.2080456018447876,-1.5208948850631714,-2.5163381099700928,0.9954432249069214,-0.9743674993515015,-0.582457423210144,-0.3919100761413574,2.7909507751464844,-0.12101979553699493,2.9119705706834793,0.02973506599664688,0.026946771889925003,0.00016284175217151642,0.0
65.6923076923077,4,0,2,0.4278843104839325,0,False,0,False,1.439562439918518,2.6471660137176514,-1.2076035737991333,-1.5208948850631714,-2.5163142681121826,0.9954193830490112,-0.9743674993515015,-0.5799407958984375,-0.39442670345306396,2.7909507751464844,-0.12101893126964569,2.91196970641613,0.03007582575082779,0.026967938989400864,0.00016780570149421692,0.0
65.76923076923077,4,0,2,0.447115033864975,0,False,0,False,1.439562439918518,2.6464765071868896,-1.2069140672683716,-1.5208948850631714,-2.516183614730835,0.9952887296676635,-0.9743674993515015,-0.5771692395210266,-0.39719825983047485,2.7909507751464844,-0.12101785093545914,2.9119686260819435,0.030480138957500458,0.02697443589568138,0.0001794286072254181,0.0
65.84615384615385,4,0,2,0.46634575724601746,0,False,0,False,1.439562439918518,2.6454508304595947,-1.2058883905410767,-1.5208948850631714,-2.5160062313079834,0.995111346244812,-0.9743674993515015,-0.5741473436355591,-0.4002201557159424,2.7909507751464844,-0.12101706862449646,2.911967843770981,0.03095700591802597,0.026950765401124954,0.0001925043761730194,0.0
65.92307692307692,4,0,2,0.48557648062705994,0,False,0,False,1.439562439918518,2.644091844558716,-1.2045294046401978,-1.5208948850631714,-2.5158660411834717,0.9949711561203003,-0.9743674993515015,-0.5708951950073242,-0.40347230434417725,2.7909507751464844,-0.12101654708385468,2.911967322230339,0.03150125592947006,0.026901472359895706,0.00021447893232107162,0.0
66.0,4,0,2,0.5048072338104248,0,False,0,False,1.439562439918518,2.6423983573913574,-1.2028359174728394,-1.5208948850631714,-2.515808343887329,0.9949134588241577,-0.9743674993515015,-0.5674706101417542,-0.4068968892097473,2.7909507751464844,-0.1210162490606308,2.911967024207115,0.032106585800647736,0.026829134672880173,0.0002370588481426239,0.0
66.07692307692308,4,3,2,0.5240380764007568,0,False,0,False,1.439562439918518,2.6403634548187256,-1.2008010149002075,-1.5208948850631714,-2.515822172164917,0.9949272871017456,-0.9743674993515015,-0.5639470219612122,-0.4104204773902893,2.7909507751464844,-0.1210159882903099,2.9119667634367943,0.032768167555332184,0.026738744229078293,0.00021944288164377213,0.0
66.15384615384616,4,3,2,0.5432689189910889,0,False,0,False,1.439562439918518,2.6379806995391846,-1.1984182596206665,-1.5208948850631714,-2.515850782394409,0.9949558973312378,-0.9743674993515015,-0.5604227781295776,-0.41394472122192383,2.7909507751464844,-0.12101532518863678,2.911966100335121,0.03348308056592941,0.02663605287671089,0.00019304919987916946,0.0
66.23076923076924,4,3,2,0.5624997615814209,0,False,0,False,1.439562439918518,2.6350932121276855,-1.1955307722091675,-1.5208948850631714,-2.5158851146698,0.9949902296066284,-0.9743674993515015,-0.5571686029434204,-0.41719889640808105,2.7909507751464844,-0.12101534008979797,2.9119661152362823,0.03439333289861679,0.02648547664284706,0.004689842462539673,0.0
66.3076923076923,4,3,2,0.5817306041717529,0,False,0,False,1.439562439918518,2.6319432258605957,-1.1923807859420776,-1.5208948850631714,-2.516178607940674,0.9952837228775024,-0.9743674993515015,-0.5543438196182251,-0.4200236797332763,2.7909507751464844,-0.12101482599973679,2.911965601146221,0.03560329228639603,0.0262293703854084,0.011266954243183136,0.0
66.38461538461539,4,3,2,0.600961446762085,0,False,0,False,1.439562439918518,2.6285266876220703,-1.1889642477035522,-1.5208948850631714,-2.5166807174682617,0.9957858324050903,-0.9743674993515015,-0.5519094467163086,-0.42245805263519287,2.7909507751464844,-0.12101735174655914,2.9119681268930435,0.0368683859705925,0.025961820036172867,0.010688230395317078,0.0
66.46153846153847,4,3,2,0.620192289352417,0,False,0,False,1.439562439918518,2.6253175735473633,-1.1857551336288452,-1.5208948850631714,-2.5171446800231934,0.996249794960022,-0.9743674993515015,-0.5499653220176697,-0.4244021773338318,2.7909507751464844,-0.1210150197148323,2.9119657948613167,0.038149334490299225,0.025756482034921646,0.010550692677497864,0.0
66.53846153846155,4,3,2,0.639423131942749,0,False,0,False,1.439562439918518,2.622138738632202,-1.182576298713684,-1.5208948850631714,-2.517369270324707,0.9964743852615356,-0.9743674993515015,-0.5483213067054749,-0.4260461926460266,2.7909507751464844,-0.12101614475250244,2.911966919898987,0.03937559574842453,0.0256258063018322,0.010827463120222092,0.0
66.61538461538461,4,3,2,0.658653974533081,0,False,0,False,1.439562439918518,2.61938214302063,-1.1798197031021118,-1.5208948850631714,-2.517202854156494,0.9963079690933228,-0.9743674993515015,-0.5470790266990662,-0.4272884726524353,2.7909507751464844,-0.12101420760154724,2.9119649827480316,0.04048425704240799,0.025564033538103104,0.0109177827835083,0.0
66.6923076923077,4,3,2,0.6778848171234131,0,False,0,False,1.439562439918518,2.616893768310547,-1.1773313283920288,-1.5208948850631714,-2.516847848892212,0.9959529638290405,-0.9743674993515015,-0.5461617708206177,-0.4282057285308838,2.7909507751464844,-0.12101366370916367,2.911964438855648,0.04143912345170975,0.025542709976434708,0.01001313328742981,0.0
66.76923076923077,4,3,2,0.6971156597137451,0,False,0,False,1.439562439918518,2.614408493041992,-1.1748460531234741,-1.5208948850631714,-2.5164949893951416,0.9956001043319702,-0.9743674993515015,-0.5454714298248291,-0.42889606952667236,2.7909507751464844,-0.1210138276219368,2.911964602768421,0.04223554581403732,0.025543633848428726,0.010237358510494232,0.0
66.84615384615385,4,3,2,0.7163465023040771,0,False,0,False,1.439562439918518,2.6120047569274902,-1.1724423170089722,-1.5208948850631714,-2.5164077281951904,0.995512843132019,-0.9743674993515015,-0.5449333786964417,-0.4294341206550598,2.7909507751464844,-0.12101314216852188,2.9119639173150063,0.042916275560855865,0.02553805336356163,0.010868022218346596,0.0
66.92307692307692,4,3,2,0.7355773448944092,0,False,0,False,1.439562439918518,2.6096489429473877,-1.1700865030288696,-1.5208948850631714,-2.516712188720703,0.9958173036575317,-0.9743674993515015,-0.5446392893791199,-0.42972820997238165,2.7909507751464844,-0.12101373821496964,2.911964513361454,0.043556101620197296,0.025522205978631973,0.009835762903094292,0.0
67.0,4,3,2,0.7548081874847412,0,False,0,False,1.439562439918518,2.6074612140655518,-1.1678987741470337,-1.5208948850631714,-2.517404317855835,0.9965094327926635,-0.9743674993515015,-0.5445347428321838,-0.4298327565193176,2.7909507751464844,-0.12101335823535919,2.9119641333818436,0.04414380341768265,0.02549903467297554,0.009178766049444675,0.0
67.07692307692308,4,3,2,0.7740390300750732,0,False,0,False,1.439562439918518,2.6054253578186035,-1.1658629179000854,-1.5208948850631714,-2.5182249546051025,0.9973300695419312,-0.9743674993515015,-0.5446094870567322,-0.4297580122947693,2.7909507751464844,-0.12101411074399948,2.911964885890484,0.04465464502573013,0.025492113083600998,0.00873540062457323,0.0
67.15384615384616,4,3,2,0.7932698726654053,0,False,0,False,1.439562439918518,2.6035711765289307,-1.1640087366104126,-1.5208948850631714,-2.519047260284424,0.9981523752212526,-0.9743674993515015,-0.5448421239852905,-0.42952537536621094,2.7909507751464844,-0.12101471424102783,2.911965489387512,0.04511526972055435,0.02550945058465004,0.007773060351610184,0.0
67.23076923076924,4,3,2,0.8125007152557373,0,False,0,False,1.439562439918518,2.601935386657715,-1.1623729467391968,-1.5208948850631714,-2.5197713375091553,0.9988764524459839,-0.9743674993515015,-0.5451627373695374,-0.4292047619819641,2.7909507751464844,-0.12101399153470993,2.9119647666811943,0.04553031176328659,0.025545325130224228,0.007198876701295376,0.0
67.3076923076923,4,3,2,0.8317315578460693,0,False,0,False,1.439562439918518,2.6013612747192383,-1.1617988348007202,-1.5208948850631714,-2.520599842071533,0.9997049570083618,-0.9743674993515015,-0.5444989204406738,-0.4298685789108277,2.7909507751464844,-0.12132807821035385,2.9122788533568382,0.04590179771184921,0.025621067732572556,0.001121701207011938,0.0
67.38461538461539,4,3,2,0.8509624004364014,0,False,0,False,1.439562439918518,2.6011784076690674,-1.1616159677505493,-1.5208948850631714,-2.5204672813415527,0.9995723962783813,-0.9743674993515015,-0.5434935688972473,-0.43087393045425415,2.7909507751464844,-0.12116022408008575,2.91211099922657,0.04628472775220871,0.025801774114370346,0.0016843830235302448,0.0
67.46153846153847,4,3,2,0.8701932430267334,0,False,0,False,1.439562439918518,2.601172924041748,-1.16161048412323,-1.5208948850631714,-2.5197482109069824,0.998853325843811,-0.9743674993515015,-0.542381763458252,-0.4319857358932495,2.7909507751464844,-0.12066497653722763,2.911615751683712,0.04664585739374161,0.02596224471926689,0.0016728206537663937,0.0
67.53846153846155,4,3,2,0.8894240856170654,0,False,0,False,1.439562439918518,2.601489305496216,-1.1619268655776978,-1.5208948850631714,-2.5188791751861572,0.9979842901229858,-0.9743674993515015,-0.5410476326942444,-0.4333198666572571,2.7909507751464844,-0.11995235085487366,2.910903126001358,0.04698795825242996,0.02608080580830574,0.0014901533722877502,0.0
67.61538461538461,4,3,2,0.9086549282073975,0,False,0,False,1.439562439918518,2.6020617485046387,-1.1624993085861206,-1.5208948850631714,-2.518079996109009,0.9971851110458374,-0.9743674993515015,-0.5395475029945374,-0.4348199963569641,2.7909507751464844,-0.1190834492444992,2.9100342243909836,0.04730343073606491,0.02616792544722557,0.0011787563562393188,0.0
67.6923076923077,4,3,2,0.9278857707977295,0,False,0,False,1.439562439918518,2.602735996246338,-1.1631735563278198,-1.5208948850631714,-2.517453193664551,0.9965583086013794,-0.9743674993515015,-0.5380157828330994,-0.4363517165184021,2.7909507751464844,-0.11809269338846207,2.9090434685349464,0.04759395867586136,0.026226144284009933,0.0011592032387852669,0.0
67.76923076923077,4,3,2,0.9471166133880615,0,False,0,False,1.439562439918518,2.603405714035034,-1.1638432741165161,-1.5208948850631714,-2.517082691192627,0.9961878061294556,-0.9743674993515015,-0.5365462899208069,-0.4378212094306945,2.7909507751464844,-0.11698976159095764,2.907940536737442,0.0478576198220253,0.026260685175657272,0.0009712087921798229,0.0
67.84615384615385,4,3,2,0.9663474559783936,0,False,0,False,1.439562439918518,2.6040143966674805,-1.1644519567489624,-1.5208948850631714,-2.5171010494232178,0.9962061643600464,-0.9743674993515015,-0.5352714657783508,-0.43909603357315063,2.7909507751464844,-0.11567898839712143,2.906629763543606,0.04804538935422897,0.02627309039235115,0.001110078301280737,0.0
67.92307692307692,4,3,2,0.9855782985687256,0,False,0,False,1.439562439918518,2.6045620441436768,-1.1649996042251587,-1.5208948850631714,-2.5175068378448486,0.9966119527816772,-0.9743674993515015,-0.5341197848320007,-0.44024771451950073,2.7909507751464844,-0.11423497647047043,2.905185751616955,0.04820672422647476,0.026289578527212143,0.0009256857447326183,0.0
68.0,4,3,2,1.0,0,False,0,False,1.439562439918518,2.6049387454986572,-1.1653763055801392,-1.5208948850631714,-2.5181827545166016,0.9972878694534302,-0.9743674993515015,-0.5331460237503052,-0.4412214756011963,2.7909507751464844,-0.11264824122190475,2.903599016368389,0.04836156219244003,0.02631090208888054,0.0007472559809684753,0.0
68.07692307692308,4,3,2,1.0,0,False,0,False,1.439562439918518,2.605112314224243,-1.165549874305725,-1.5208948850631714,-2.5190622806549072,0.9981673955917358,-0.9743674993515015,-0.5323769450187683,-0.44199055433273315,2.7909507751464844,-0.11097973585128784,2.901930510997772,0.04836650937795639,0.0263252891600132,0.0006225518882274628,0.0
68.15384615384616,1,3,3,0.025641027837991714,0,False,0,False,1.439562439918518,2.604686975479126,-1.165124535560608,-1.5208948850631714,-2.520366668701172,0.9994717836380005,-0.9743674993515015,-0.5315819382667542,-0.44278556108474737,2.7909507751464844,-0.10915497690439224,2.9001057520508766,0.047998227179050446,0.026309926062822342,0.0004195142537355423,0.0
68.23076923076924,1,3,3,0.05128205567598343,0,False,0,False,1.439562439918518,2.6009953022003174,-1.1614328622817993,-1.5208948850631714,-2.523357391357422,1.0024625062942505,-0.9743674993515015,-0.5288845896720886,-0.4454829096794129,2.7909507751464844,-0.10593930631875992,2.8968900814652443,0.047405727207660675,0.026169609278440475,0.000218232162296772,0.0
68.3076923076923,1,3,3,0.07692307978868484,0,False,0,False,1.439562439918518,2.5929698944091797,-1.1534074544906616,-1.5208948850631714,-2.5278635025024414,1.00696861743927,-0.9743674993515015,-0.5230908393859863,-0.4512766599655151,2.7909507751464844,-0.1008242666721344,2.8917750418186188,0.04661562293767929,0.025941114872694016,0.000516190193593502,0.0
68.38461538461539,1,3,3,0.10256411880254745,0,False,0,False,1.439562439918518,2.5820369720458984,-1.1424745321273804,-1.5208948850631714,-2.5328562259674072,1.0119613409042358,-0.9743674993515015,-0.5146896243095398,-0.45967787504196167,2.7909507751464844,-0.09472060203552246,2.885671377182007,0.04577913135290146,0.025680992752313614,0.0006139557808637619,0.0
68.46153846153847,1,3,3,0.12820516526699066,0,False,0,False,1.439562439918518,2.5702733993530273,-1.1307109594345093,-1.5208948850631714,-2.537482976913452,1.0165880918502808,-0.9743674993515015,-0.5047216415405273,-0.4696458578109741,2.7909507751464844,-0.08856426179409027,2.8795150369405746,0.04499853402376175,0.025422733277082443,0.0005865935236215591,0.0
68.53846153846155,1,3,3,0.15384620428085327,0,False,0,False,1.439562439918518,2.558986186981201,-1.119423747062683,-1.5208948850631714,-2.5413155555725098,1.0204206705093384,-0.9743674993515015,-0.49434152245521545,-0.480025976896286,2.7909507751464844,-0.08269782364368439,2.8736485987901688,0.04429896920919418,0.025206487625837326,0.0004233885556459427,0.0
68.61538461538461,1,3,3,0.17948725819587708,0,False,0,False,1.439562439918518,2.5485713481903076,-1.1090089082717896,-1.5208948850631714,-2.5443079471588135,1.023413062095642,-0.9743674993515015,-0.48452702164649963,-0.48984047770500183,2.7909507751464844,-0.07719679176807404,2.8681475669145584,0.04367896169424057,0.025059182196855545,0.00025128480046987534,0.0
68.6923076923077,1,3,3,0.20512829720973969,0,False,0,False,1.439562439918518,2.5389554500579834,-1.0993930101394653,-1.5208948850631714,-2.5466442108154297,1.0257493257522583,-0.9743674993515015,-0.47591736912727356,-0.4984501302242279,2.7909507751464844,-0.07223311066627502,2.8631838858127594,0.0431421622633934,0.02496958151459694,0.00015539582818746567,0.0
68.76923076923077,1,3,3,0.2307693362236023,0,False,0,False,1.439562439918518,2.529942512512207,-1.090380072593689,-1.5208948850631714,-2.548661231994629,1.0277663469314575,-0.9743674993515015,-0.46874991059303284,-0.5056175887584686,2.7909507751464844,-0.06809329241514206,2.8590440675616264,0.04269032925367355,0.024942275136709213,0.00020564068108797073,0.0
68.84615384615385,1,3,3,0.2564103901386261,0,False,0,False,1.439562439918518,2.5213184356689453,-1.0817559957504272,-1.5208948850631714,-2.5506131649017334,1.029718279838562,-0.9743674993515015,-0.4631826877593994,-0.511184811592102,2.7909507751464844,-0.06507033109664917,2.8560211062431335,0.04233444482088089,0.024961117655038834,0.00044966116547584534,0.0
68.92307692307693,1,3,3,0.2820514440536499,0,False,0,False,1.439562439918518,2.512899875640869,-1.073337435722351,-1.5208948850631714,-2.5526366233825684,1.031741738319397,-0.9743674993515015,-0.4593949317932129,-0.5149725675582886,2.7909507751464844,-0.06339044868946075,2.854341223835945,0.042095847427845,0.025027085095643997,0.0006906245835125446,0.0
69.0,1,3,3,0.3076924681663513,0,False,0,False,1.439562439918518,2.5045366287231445,-1.0649741888046265,-1.5208948850631714,-2.5548629760742188,1.0339680910110474,-0.9743674993515015,-0.45761778950691223,-0.5167497098445892,2.7909507751464844,-0.06319883465766907,2.8541496098041534,0.0420064851641655,0.0251314677298069,0.0006102328188717365,0.0
69.07692307692308,1,3,3,0.33333349227905273,0,False,0,False,1.439562439918518,2.496253252029419,-1.0566908121109009,-1.5208948850631714,-2.5572502613067627,1.0363553762435913,-0.9743674993515015,-0.45804426074028015,-0.5163232386112213,2.7909507751464844,-0.06459038704633713,2.8555411621928215,0.04206647723913193,0.025274161249399185,0.0005183089524507523,0.0
69.15384615384616,1,3,3,0.3589744567871094,0,False,0,False,1.439562439918518,2.488389015197754,-1.0488265752792358,-1.5208948850631714,-2.55930757522583,1.0384126901626587,-0.9743674993515015,-0.46100470423698425,-0.5133627951145172,2.7909507751464844,-0.06739110499620438,2.8583418801426888,0.042327187955379486,0.025471407920122147,0.000852921511977911,0.0
69.23076923076924,1,3,3,0.384615421295166,0,False,0,False,1.439562439918518,2.4816505908966064,-1.0420881509780884,-1.5208948850631714,-2.5604546070098877,1.0395597219467163,-0.9743674993515015,-0.46671661734580994,-0.5076508820056915,2.7909507751464844,-0.0712808221578598,2.862231597304344,0.04277931898832321,0.025712598115205765,0.0017920159734785557,0.0
69.3076923076923,1,3,3,0.41025638580322266,0,False,0,False,1.439562439918518,2.476687431335449,-1.0371249914169312,-1.5208948850631714,-2.56044864654541,1.0395537614822388,-0.9743674993515015,-0.47501200437545776,-0.4993554949760437,2.7909507751464844,-0.07595144212245941,2.866902217268944,0.04337575286626816,0.025958489626646042,0.0018604518845677376,0.0
69.38461538461539,1,3,3,0.4358973503112793,0,False,0,False,1.439562439918518,2.4736220836639404,-1.0340596437454224,-1.5208948850631714,-2.5595147609710693,1.038619875907898,-0.9743674993515015,-0.4852580726146698,-0.48910942673683167,2.7909507751464844,-0.08108972012996674,2.872040495276451,0.04405432194471359,0.026161324232816696,0.0018570013344287872,0.0
69.46153846153847,1,3,3,0.46153831481933594,0,False,0,False,1.439562439918518,2.472001075744629,-1.0324386358261108,-1.5208948850631714,-2.558122396469116,1.0372275114059448,-0.9743674993515015,-0.49648019671440125,-0.4778873026371002,2.7909507751464844,-0.08637378364801407,2.8773245587944984,0.044755496084690094,0.026285085827112198,0.001795073039829731,0.0
69.53846153846155,1,3,3,0.4871792793273926,0,False,0,False,1.439562439918518,2.471109390258789,-1.031546950340271,-1.5208948850631714,-2.5567140579223633,1.035819172859192,-0.9743674993515015,-0.5075969696044922,-0.4667705297470093,2.7909507751464844,-0.09157197922468185,2.8825227543711662,0.04544273763895035,0.02631036564707756,0.00119122676551342,0.0
69.61538461538461,1,3,3,0.5128202438354492,0,False,0,False,1.439562439918518,2.4703421592712402,-1.0307797193527222,-1.5208948850631714,-2.5554585456848145,1.034563660621643,-0.9743674993515015,-0.5176990032196045,-0.456668496131897,2.7909507751464844,-0.09651386737823486,2.8874646425247192,0.046101368963718414,0.0262448750436306,0.0008592475205659866,0.0
69.6923076923077,1,3,3,0.5384612083435059,0,False,0,False,1.439562439918518,2.4693429470062256,-1.0297805070877075,-1.5208948850631714,-2.5543508529663086,1.0334559679031372,-0.9743674993515015,-0.5262805819511414,-0.4480869174003601,2.7909507751464844,-0.10109231621026993,2.8920430913567543,0.04671909660100937,0.02613186463713646,0.000733574852347374,0.0
69.76923076923077,1,3,3,0.5641021728515625,0,False,0,False,1.439562439918518,2.4679417610168457,-1.0283793210983276,-1.5208948850631714,-2.553354024887085,1.0324591398239136,-0.9743674993515015,-0.5331137180328369,-0.44125378131866455,2.7909507751464844,-0.10534953325986862,2.896300308406353,0.047300346195697784,0.02599364146590233,0.000684056431055069,0.0
69.84615384615385,1,3,3,0.5897431373596191,0,False,0,False,1.439562439918518,2.466118574142456,-1.026556134223938,-1.5208948850631714,-2.552429437637329,1.0315345525741577,-0.9743674993515015,-0.5382468104362488,-0.4361206889152527,2.7909507751464844,-0.10936935991048813,2.9003201350569725,0.047850243747234344,0.025844212621450424,0.0007171090692281723,0.0
69.92307692307693,1,3,3,0.6153841018676758,0,False,0,False,1.439562439918518,2.46394944190979,-1.024387001991272,-1.5208948850631714,-2.551551580429077,1.0306566953659058,-0.9743674993515015,-0.5418283343315125,-0.432539165019989,2.7909507751464844,-0.11325445026159286,2.9042052254080772,0.04837384074926376,0.025693532079458237,0.0007413234561681747,0.0
70.0,1,3,3,0.6410250663757324,0,False,0,False,1.439562439918518,2.4616971015930176,-1.0221346616744995,-1.5208948850631714,-2.5506856441497803,1.0297907590866089,-0.9743674993515015,-0.544008195400238,-0.43035930395126337,2.7909507751464844,-0.1172834113240242,2.9082341864705086,0.04888101667165756,0.02556735649704933,0.0003937259316444397,0.0
70.07692307692308,1,3,3,0.6666660308837891,0,False,0,False,1.439562439918518,2.459190607070923,-1.0196281671524048,-1.5208948850631714,-2.5504651069641113,1.02957022190094,-0.9743674993515015,-0.5468583703041077,-0.4275091290473938,2.7909507751464844,-0.1223442405462265,2.913295015692711,0.049447230994701385,0.025482621043920517,0.0020766258239746094,0.0
70.15384615384616,1,3,3,0.69230717420578,0,False,0,False,1.439562439918518,2.4590089321136475,-1.0194464921951294,-1.5208948850631714,-2.551459789276123,1.0305649042129517,-0.9743674993515015,-0.5497234463691711,-0.4246440529823303,2.7909507751464844,-0.12846755981445312,2.9194183349609375,0.04994463175535202,0.02544441446661949,0.0009169382974505424,0.0
70.23076923076924,1,3,3,0.717948317527771,0,False,0,False,1.439562439918518,2.4609272480010986,-1.0213648080825806,-1.5208948850631714,-2.552462577819824,1.0315676927566528,-0.9743674993515015,-0.5522781610488892,-0.4220893383026123,2.7909507751464844,-0.13401389122009277,2.924964666366577,0.05028737336397171,0.0254344679415226,0.0005758181214332581,0.0
70.3076923076923,1,3,3,0.7435894012451172,0,False,0,False,1.439562439918518,2.4639008045196533,-1.0243383646011353,-1.5208948850631714,-2.5530169010162354,1.032122015953064,-0.9743674993515015,-0.5545620918273926,-0.41980540752410894,2.7909507751464844,-0.13879846036434174,2.929749235510826,0.05060072988271713,0.025450218468904495,0.0003580097109079361,0.0
70.38461538461539,1,3,3,0.7692305445671082,0,False,0,False,1.439562439918518,2.467256784439087,-1.0276943445205688,-1.5208948850631714,-2.553030252456665,1.0321353673934937,-0.9743674993515015,-0.5566039085388184,-0.41776359081268305,2.7909507751464844,-0.14286085963249207,2.9338116347789764,0.05091419070959091,0.025499451905488968,0.0006485823541879654,0.0
70.46153846153847,1,3,3,0.7948716878890991,0,False,0,False,1.439562439918518,2.470698356628418,-1.0311359167099,-1.5208948850631714,-2.5526139736175537,1.0317190885543823,-0.9743674993515015,-0.5584275126457214,-0.41593998670578003,2.7909507751464844,-0.14627307653427124,2.9372238516807556,0.05122161656618118,0.025565918534994125,0.00048440881073474884,0.0
70.53846153846155,1,3,3,0.8205127716064453,0,False,0,False,1.439562439918518,2.474175214767456,-1.034612774848938,-1.5208948850631714,-2.5519943237304688,1.0310994386672974,-0.9743674993515015,-0.5600547194480896,-0.41431277990341187,2.7909507751464844,-0.14918680489063263,2.940137580037117,0.05151968449354172,0.02563779428601265,0.0003143027424812317,0.0
70.61538461538461,1,3,3,0.8461539149284363,0,False,0,False,1.439562439918518,2.477694034576416,-1.038131594657898,-1.5208948850631714,-2.5513672828674316,1.0304723978042603,-0.9743674993515015,-0.5615068078041077,-0.4128606915473938,2.7909507751464844,-0.15170502662658691,2.9426558017730713,0.05180384963750839,0.025718290358781815,0.00019898172467947006,0.0
70.6923076923077,1,3,3,0.8717950582504272,0,False,0,False,1.439562439918518,2.481203079223633,-1.0416406393051147,-1.5208948850631714,-2.5508370399475098,1.0299421548843384,-0.9743674993515015,-0.5628030896186829,-0.41156440973281855,2.7909507751464844,-0.15385431051254272,2.944805085659027,0.05206950753927231,0.025809485465288162,0.00020751729607582092,0.0
70.76923076923077,1,3,3,0.8974361419677734,0,False,0,False,1.439562439918518,2.484632730484009,-1.0450702905654907,-1.5208948850631714,-2.5504395961761475,1.029544711112976,-0.9743674993515015,-0.5639610886573792,-0.4104064106941223,2.7909507751464844,-0.15564028918743134,2.9465910643339157,0.05231475085020065,0.025910940021276474,0.00021466054022312164,0.0
70.84615384615385,1,3,3,0.9230772852897644,0,False,0,False,1.439562439918518,2.4879374504089355,-1.0483750104904175,-1.5208948850631714,-2.55017352104187,1.0292786359786987,-0.9743674993515015,-0.5649957656860352,-0.40937173366546636,2.7909507751464844,-0.15707501769065857,2.948025792837143,0.052540309727191925,0.026019882410764694,0.00021768733859062195,0.0
70.92307692307693,1,3,3,0.9487184286117554,0,False,0,False,1.439562439918518,2.4911046028137207,-1.0515421628952026,-1.5208948850631714,-2.5500142574310303,1.0291193723678589,-0.9743674993515015,-0.5659201741218567,-0.4084473252296448,2.7909507751464844,-0.15817812085151672,2.949128895998001,0.05274846404790878,0.026132065802812576,0.00023941975086927414,0.0
71.0,1,3,3,0.9743595123291016,0,False,0,False,1.439562439918518,2.4941420555114746,-1.0545796155929565,-1.5208948850631714,-2.5499229431152344,1.029028058052063,-0.9743674993515015,-0.5667464733123779,-0.40762102603912354,2.7909507751464844,-0.15897205471992493,2.9499228298664093,0.052942194044589996,0.026242870837450027,0.00024262815713882446,0.0
71.07692307692308,1,3,3,1.0,0,False,0,False,1.439562439918518,2.49707293510437,-1.057510495185852,-1.5208948850631714,-2.549856185913086,1.0289613008499146,-0.9743674993515015,-0.5674848556518555,-0.40688264369964594,2.7909507751464844,-0.15947817265987396,2.9504289478063583,0.053124524652957916,0.026347998529672623,0.00025540124624967575,0.0
71.15384615384616,1,3,3,1.0,0,False,0,False,1.439562439918518,2.499922037124634,-1.0603595972061157,-1.5208948850631714,-2.54978084564209,1.0288859605789185,-0.9743674993515015,-0.5681447386741638,-0.40622276067733765,2.7909507751464844,-0.1597176343202591,2.9506684094667435,0.05329781025648117,0.02644413337111473,0.00025546178221702576,0.0
71.23076923076924,1,3,3,1.0,0,False,0,False,1.439562439918518,2.5027170181274414,-1.0631545782089233,-1.5208948850631714,-2.5496714115142822,1.0287765264511108,-0.9743674993515015,-0.5687346458435059,-0.4056328535079956,2.7909507751464844,-0.1597251147031784,2.950675889849663,0.05346398800611496,0.02652832493185997,0.0002519506961107254,0.0
71.3076923076923,1,3,3,1.0,0,False,0,False,1.439562439918518,2.505478620529175,-1.0659161806106567,-1.5208948850631714,-2.549513339996338,1.0286184549331665,-0.9743674993515015,-0.5692616701126099,-0.4051058292388916,2.7909507751464844,-0.15953510999679565,2.95048588514328,0.05362459272146225,0.02659836784005165,0.0002501346170902252,0.0
71.38461538461539,1,3,3,1.0,0,False,0,False,1.439562439918518,2.508211851119995,-1.068649411201477,-1.5208948850631714,-2.5493032932281494,1.028408408164978,-0.9743674993515015,-0.5697324872016907,-0.4046350121498108,2.7909507751464844,-0.15917089581489563,2.95012167096138,0.05377954989671707,0.02665434405207634,0.0002390565350651741,0.0
71.46153846153847,1,3,3,1.0,0,False,0,False,1.439562439918518,2.5109171867370605,-1.0713547468185425,-1.5208948850631714,-2.549051523208618,1.0281566381454468,-0.9743674993515015,-0.5701530575752258,-0.40421444177627563,2.7909507751464844,-0.15865352749824524,2.9496043026447296,0.053927965462207794,0.026697281748056412,0.0002410542219877243,0.0
71.53846153846155,1,3,3,1.0,0,False,0,False,1.439562439918518,2.51359224319458,-1.074029803276062,-1.5208948850631714,-2.5487778186798096,1.0278829336166382,-0.9743674993515015,-0.5705288648605347,-0.4038386344909668,2.7909507751464844,-0.15800359845161438,2.9489543735980988,0.05406857281923294,0.02672858163714409,0.00022652558982372284,0.0
71.61538461538461,1,3,3,1.0,0,False,0,False,1.439562439918518,2.5162341594696045,-1.0766717195510864,-1.5208948850631714,-2.5485033988952637,1.0276085138320923,-0.9743674993515015,-0.5708646178245544,-0.403502881526947,2.7909507751464844,-0.1572341024875641,2.9481848776340485,0.05420009046792984,0.026748787611722946,0.00021962448954582214,0.0
71.6923076923077,1,3,3,1.0,0,False,0,False,1.439562439918518,2.51884388923645,-1.0792814493179321,-1.5208948850631714,-2.5482492446899414,1.02735435962677,-0.9743674993515015,-0.5711647272109985,-0.40320277214050293,2.7909507751464844,-0.15636450052261353,2.947315275669098,0.054322250187397,0.026757795363664627,0.00022628344595432281,0.0
71.76923076923077,1,3,3,1.0,0,False,0,False,1.439562439918518,2.521439790725708,-1.08187735080719,-1.5208948850631714,-2.54803204536438,1.0271371603012085,-0.9743674993515015,-0.5714326500892639,-0.40293484926223755,2.7909507751464844,-0.15541276335716248,2.946363538503647,0.05443457514047623,0.02675754949450493,0.00018372666090726852,0.0
71.84615384615385,1,3,3,1.0,0,False,0,False,1.439562439918518,2.524036169052124,-1.084473729133606,-1.5208948850631714,-2.5478553771972656,1.0269604921340942,-0.9743674993515015,-0.5716722011566162,-0.40269529819488525,2.7909507751464844,-0.1543850302696228,2.945335805416107,0.054536230862140656,0.026750843971967697,0.00017119571566581726,0.0
71.92307692307693,1,3,3,1.0,0,False,0,False,1.439562439918518,2.526627779006958,-1.08706533908844,-1.5208948850631714,-2.547713279724121,1.0268183946609497,-0.9743674993515015,-0.5718863606452942,-0.4024811387062073,2.7909507751464844,-0.15328967571258545,2.94424045085907,0.05462806671857834,0.026741113513708115,0.00011659227311611176,0.0
72.0,1,3,3,1.0,0,False,0,False,1.439562439918518,2.529250383377075,-1.0896879434585571,-1.5208948850631714,-2.547603130340576,1.0267082452774048,-0.9743674993515015,-0.5720776915550232,-0.4022898077964782,2.7909507751464844,-0.15212413668632507,2.9430749118328094,0.05470956116914749,0.02672676369547844,0.00011852942407131195,0.0
72.07692307692308,1,3,3,1.0,0,False,0,False,1.439562439918518,2.5318267345428467,-1.0922642946243286,-1.5208948850631714,-2.5475094318389893,1.0266145467758179,-0.9743674993515015,-0.5722486972808838,-0.4021188020706177,2.7909507751464844,-0.15091681480407715,2.9418675899505615,0.054783932864665985,0.026712734252214432,3.9832666516304016e-05,0.0
72.15384615384616,1,3,3,1.0,0,False,0,False,1.439562439918518,2.5343358516693115,-1.0947734117507935,-1.5208948850631714,-2.5474348068237305,1.026539921760559,-0.9743674993515015,-0.5724013447761536,-0.4019661545753479,2.7909507751464844,-0.1496952772140503,2.9406460523605347,0.05485204607248306,0.026697177439928055,5.823560059070587e-05,0.0
72.23076923076924,1,3,3,1.0,0,False,0,False,1.439562439918518,2.53678297996521,-1.097220540046692,-1.5208948850631714,-2.547393560409546,1.0264986753463745,-0.9743674993515015,-0.5725377798080444,-0.40182971954345703,2.7909507751464844,-0.14847837388515472,2.939429149031639,0.05491337925195694,0.026679616421461105,4.7460198402404785e-05,0.0
72.3076923076923,1,3,3,1.0,0,False,0,False,1.439562439918518,2.5391621589660645,-1.0995997190475464,-1.5208948850631714,-2.547391176223755,1.0264962911605835,-0.9743674993515015,-0.5726595520973206,-0.4017079472541809,2.7909507751464844,-0.14727328717708588,2.9382240623235703,0.05496764928102493,0.026660848408937454,4.0801241993904114e-05,0.0
72.38461538461539,1,3,3,1.0,0,False,0,False,1.439562439918518,2.54146409034729,-1.101901650428772,-1.5208948850631714,-2.5474298000335693,1.026534914970398,-0.9743674993515015,-0.5727683901786804,-0.40159910917282104,2.7909507751464844,-0.14608275890350342,2.937033534049988,0.055014871060848236,0.026641611009836197,4.225410521030426e-05,0.0
72.46153846153847,1,3,3,1.0,0,False,0,False,1.439562439918518,2.5436837673187256,-1.1041213274002075,-1.5208948850631714,-2.5475118160247803,1.0266169309616089,-0.9743674993515015,-0.57286536693573,-0.4015021324157715,2.7909507751464844,-0.14490735530853271,2.935858130455017,0.05505511909723282,0.026622463017702103,3.801658749580383e-05,0.0
72.53846153846155,1,3,3,1.0,0,False,0,False,1.439562439918518,2.545815944671631,-1.1062535047531128,-1.5208948850631714,-2.5476338863372803,1.0267390012741089,-0.9743674993515015,-0.5729525089263916,-0.40141499042510986,2.7909507751464844,-0.14374932646751404,2.9347001016139984,0.055088721215724945,0.026603754609823227,4.16487455368042e-05,0.0
72.61538461538461,1,3,3,1.0,0,False,0,False,1.439562439918518,2.5478568077087402,-1.1082943677902222,-1.5208948850631714,-2.5477941036224365,1.0268992185592651,-0.9743674993515015,-0.5730301737785339,-0.40133732557296753,2.7909507751464844,-0.1426113247871399,2.9335620999336243,0.05511600524187088,0.02658575400710106,4.407018423080444e-05,0.0
72.6923076923077,1,3,3,1.0,0,False,0,False,1.439562439918518,2.5498063564300537,-1.1102439165115356,-1.5208948850631714,-2.5479896068573,1.0270947217941284,-0.9743674993515015,-0.5730994343757629,-0.4012680649757385,2.7909507751464844,-0.14149652421474457,2.932447299361229,0.055137597024440765,0.026568565517663956,4.3101608753204346e-05,0.0
72.76923076923077,1,3,3,1.0,0,False,0,False,1.439562439918518,2.551666498184204,-1.112104058265686,-1.5208948850631714,-2.5482141971588135,1.027319312095642,-0.9743674993515015,-0.5731614232063293,-0.4012060761451721,2.7909507751464844,-0.14040721952915192,2.9313579946756363,0.055153988301754,0.026552248746156693,3.281049430370331e-05,0.0
72.84615384615385,1,3,3,1.0,0,False,0,False,1.439562439918518,2.5534398555755615,-1.1138774156570435,-1.5208948850631714,-2.548464298248291,1.0275694131851196,-0.9743674993515015,-0.5732167959213257,-0.4011507034301758,2.7909507751464844,-0.1393447369337082,2.9302955120801926,0.05516577512025833,0.02653678134083748,3.789551556110382e-05,0.0
72.92307692307693,1,3,3,1.0,0,False,0,False,1.439562439918518,2.555128574371338,-1.1155661344528198,-1.5208948850631714,-2.5487334728240967,1.0278385877609253,-0.9743674993515015,-0.5732664465904236,-0.40110105276107794,2.7909507751464844,-0.13831233978271484,2.929263114929199,0.055173493921756744,0.026522111147642136,3.450550138950348e-05,0.0
73.0,1,3,3,1.0,0,False,0,False,1.439562439918518,2.556736946105957,-1.117174506187439,-1.5208948850631714,-2.5490174293518066,1.0281225442886353,-0.9743674993515015,-0.5733106732368469,-0.40105682611465454,2.7909507751464844,-0.13731107115745544,2.92826184630394,0.0551777258515358,0.0265081487596035,3.4747645258903503e-05,0.0
73.07692307692308,1,3,3,1.0,0,False,0,False,1.439562439918518,2.5582685470581055,-1.1187061071395874,-1.5208948850631714,-2.5493128299713135,1.028417944908142,-0.9743674993515015,-0.573350191116333,-0.40101730823516846,2.7909507751464844,-0.1363406628370285,2.927291437983513,0.05517878383398056,0.026494819670915604,0.000654757022857666,0.0
73.15384615384616,1,3,3,1.0,0,False,0,False,1.439562439918518,2.559725522994995,-1.120163083076477,-1.5208948850631714,-2.549614667892456,1.0287197828292847,-0.9743674993515015,-0.5733851194381714,-0.40098237991333,2.7909507751464844,-0.13540391623973846,2.926354691386223,0.05517669767141342,0.02648206427693367,0.0006315112113952637,0.0
73.23076923076924,1,3,3,1.0,0,False,0,False,1.439562439918518,2.561109781265259,-1.1215473413467407,-1.5208948850631714,-2.5499215126037598,1.0290266275405884,-0.9743674993515015,-0.5734169483184814,-0.40095055103302,2.7909507751464844,-0.13450022041797638,2.9254509955644608,0.05517231673002243,0.02646978572010994,0.0006242468953132629,0.0
73.3076923076923,1,3,3,1.0,0,False,0,False,1.439562439918518,2.5624260902404785,-1.1228636503219604,-1.5208948850631714,-2.550230026245117,1.0293351411819458,-0.9743674993515015,-0.5734449625015259,-0.4009225368499756,2.7909507751464844,-0.1336294263601303,2.9245802015066147,0.05516581982374191,0.02645796164870262,0.0006010010838508606,0.0
73.38461538461539,1,3,3,1.0,0,False,0,False,1.439562439918518,2.563676357269287,-1.124113917350769,-1.5208948850631714,-2.550539255142212,1.0296443700790405,-0.9743674993515015,-0.5734700560569763,-0.40089744329452515,2.7909507751464844,-0.13279174268245697,2.9237425178289413,0.05515743046998978,0.02644653245806694,0.0005794502794742584,0.0
73.46153846153847,1,3,3,1.0,0,False,0,False,1.439562439918518,2.5648632049560547,-1.1253007650375366,-1.5208948850631714,-2.5508487224578857,1.0299538373947144,-0.9743674993515015,-0.5734927654266357,-0.4008747339248657,2.7909507751464844,-0.13198596239089966,2.922936737537384,0.055147282779216766,0.02643546834588051,0.0005678273737430573,0.0
73.53846153846155,1,3,3,1.0,0,False,0,False,1.439562439918518,2.5659899711608887,-1.1264275312423706,-1.5208948850631714,-2.5511579513549805,1.030263066291809,-0.9743674993515015,-0.5735129714012146,-0.40085452795028687,2.7909507751464844,-0.1312112957239151,2.9221620708703995,0.05513545125722885,0.02642473205924034,0.0005467608571052551,0.0
73.61538461538461,1,3,3,1.0,0,False,0,False,1.439562439918518,2.5670583248138428,-1.1274958848953247,-1.5208948850631714,-2.551466703414917,1.0305718183517456,-0.9743674993515015,-0.573530912399292,-0.4008365869522095,2.7909507751464844,-0.13046704232692719,2.9214178174734116,0.05512208491563797,0.02641431614756584,0.000536106526851654,0.0
73.6923076923077,1,3,3,1.0,0,False,0,False,1.439562439918518,2.5680720806121826,-1.1285096406936646,-1.5208948850631714,-2.551774501800537,1.0308796167373657,-0.9743674993515015,-0.5735471844673157,-0.4008203148841858,2.7909507751464844,-0.12975208461284637,2.9207028597593307,0.0551072433590889,0.026404183357954025,0.0005193985998630524,0.0
73.76923076923077,1,3,3,1.0,0,False,0,False,1.439562439918518,2.56903338432312,-1.129470944404602,-1.5208948850631714,-2.552081823348999,1.0311869382858276,-0.9743674993515015,-0.5735614895820618,-0.4008060097694397,2.7909507751464844,-0.12906551361083984,2.920016288757324,0.0550910159945488,0.026394326239824295,0.0005085021257400513,0.0
73.84615384615385,1,3,3,1.0,0,False,0,False,1.439562439918518,2.569944381713867,-1.1303819417953491,-1.5208948850631714,-2.552387237548828,1.0314923524856567,-0.9743674993515015,-0.5735740065574646,-0.40079349279403687,2.7909507751464844,-0.12840726971626282,2.919358044862747,0.055073581635951996,0.026384707540273666,0.0005068071186542511,0.0
73.92307692307693,1,3,3,1.0,0,False,0,False,1.439562439918518,2.5708065032958984,-1.1312440633773804,-1.5208948850631714,-2.5526883602142334,1.031793475151062,-0.9743674993515015,-0.5735859274864197,-0.4007815718650818,2.7909507751464844,-0.12777632474899292,2.9187270998954773,0.05505489557981491,0.026375334709882736,0.000485982745885849,0.0
74.0,1,3,3,1.0,0,False,0,False,1.439562439918518,2.5716259479522705,-1.1320635080337524,-1.5208948850631714,-2.5529870986938477,1.0320922136306763,-0.9743674993515015,-0.5735955238342285,-0.40077197551727295,2.7909507751464844,-0.127170130610466,2.9181209057569504,0.0550350621342659,0.02636614814400673,0.00046975910663604736,0.0
74.07692307692308,1,3,3,1.0,0,False,0,False,1.439562439918518,2.57240629196167,-1.1328438520431519,-1.5208948850631714,-2.5532829761505127,1.0323880910873413,-0.9743674993515015,-0.5736050605773926,-0.4007624387741089,2.7909507751464844,-0.12658578157424927,2.9175365567207336,0.05501361936330795,0.02635706588625908,0.0004828348755836487,0.0
74.15384615384616,1,3,3,1.0,0,False,0,False,1.439562439918518,2.573146104812622,-1.133583664894104,-1.5208948850631714,-2.553558111190796,1.0326632261276245,-0.9743674993515015,-0.5736129879951477,-0.40075451135635376,2.7909507751464844,-0.1260233372449875,2.916974112391472,0.05498658865690231,0.026346828788518906,0.0006259419023990631,0.0
74.23076923076924,1,3,3,1.0,0,False,0,False,1.439562439918518,2.5738627910614014,-1.1343003511428833,-1.5208948850631714,-2.553805351257324,1.0329104661941528,-0.9743674993515015,-0.5736202001571655,-0.40074729919433594,2.7909507751464844,-0.12551015615463257,2.916460931301117,0.05495276302099228,0.02633257582783699,0.0006261840462684631,0.0
74.3076923076923,1,3,3,1.0,0,False,0,False,1.439562439918518,2.5745954513549805,-1.1350330114364624,-1.5208948850631714,-2.5540270805358887,1.0331321954727173,-0.9743674993515015,-0.5736271739006042,-0.4007403254508972,2.7909507751464844,-0.12506984174251556,2.916020616889,0.054916031658649445,0.026314731687307358,0.0006307847797870636,0.0
74.38461538461539,1,3,3,1.0,0,False,0,False,1.439562439918518,2.57534122467041,-1.135778784751892,-1.5208948850631714,-2.554212808609009,1.0333179235458374,-0.9743674993515015,-0.573632538318634,-0.40073496103286743,2.7909507751464844,-0.12469375133514404,2.9156445264816284,0.054879896342754364,0.026297975331544876,0.0006128661334514618,0.0
74.46153846153847,1,3,3,1.0,0,False,0,False,1.439562439918518,2.5760879516601562,-1.1365255117416382,-1.5208948850631714,-2.55436110496521,1.0334662199020386,-0.9743674993515015,-0.5736376643180847,-0.4007298350334168,2.7909507751464844,-0.1243753656744957,2.91532614082098,0.05484700947999954,0.026282209903001785,0.0005426444113254547,0.0
74.53846153846155,1,3,3,1.0,0,False,0,False,1.439562439918518,2.5768234729766846,-1.1372610330581665,-1.5208948850631714,-2.55448317527771,1.0335882902145386,-0.9743674993515015,-0.5736425518989563,-0.40072494745254517,2.7909507751464844,-0.12410084158182144,2.915051616728306,0.05481710284948349,0.026267167180776596,0.0005404651165008545,0.0
74.61538461538461,1,3,3,1.0,0,False,0,False,1.439562439918518,2.5775370597839355,-1.1379746198654175,-1.5208948850631714,-2.554588556289673,1.0336936712265015,-0.9743674993515015,-0.5736467838287354,-0.4007207155227661,2.7909507751464844,-0.12385471910238266,2.914805494248867,0.054787956178188324,0.026253592222929,0.0005985796451568604,0.0
74.6923076923077,1,3,3,1.0,0,False,0,False,1.439562439918518,2.5782158374786377,-1.1386533975601196,-1.5208948850631714,-2.554685592651367,1.0337907075881958,-0.9743674993515015,-0.573650598526001,-0.4007169008255005,2.7909507751464844,-0.1236235648393631,2.9145743399858475,0.05475524812936783,0.026240568608045578,0.0004702433943748474,0.0
74.76923076923077,1,3,3,1.0,0,False,0,False,1.439562439918518,2.578862190246582,-1.139299750328064,-1.5208948850631714,-2.5547707080841064,1.033875823020935,-0.9743674993515015,-0.5736535787582397,-0.4007139205932617,2.7909507751464844,-0.12340904027223587,2.9143598154187202,0.054713375866413116,0.02622896060347557,0.0004789605736732483,0.0
74.84615384615385,1,3,3,1.0,0,False,0,False,1.439562439918518,2.579453229904175,-1.1398907899856567,-1.5208948850631714,-2.5548408031463623,1.033945918083191,-0.9743674993515015,-0.5736566185951233,-0.40071088075637823,2.7909507751464844,-0.12318117171525955,2.914131946861744,0.05467145889997482,0.026224356144666672,0.0012342073023319244,0.0
74.92307692307693,1,3,3,1.0,0,False,0,False,1.439562439918518,2.579937696456909,-1.1403752565383911,-1.5208948850631714,-2.554903268814087,1.0340083837509155,-0.9743674993515015,-0.5736590027809143,-0.40070849657058716,2.7909507751464844,-0.12288545072078705,2.9138362258672714,0.05463395267724991,0.026222508400678635,0.00237882137298584,0.0
75.0,1,3,3,1.0,0,False,0,False,1.439562439918518,2.5803112983703613,-1.1407488584518433,-1.5208948850631714,-2.5549590587615967,1.0340641736984253,-0.9743674993515015,-0.5736613869667053,-0.40070611238479614,2.7909507751464844,-0.12250123172998428,2.9134520068764687,0.054593734443187714,0.02622053399682045,0.004189088940620422,0.0
75.07692307692308,1,3,3,1.0,0,False,0,False,1.439562439918518,2.5805728435516357,-1.1410104036331177,-1.5208948850631714,-2.5550081729888916,1.0341132879257202,-0.9743674993515015,-0.5736637711524963,-0.4007037281990051,2.7909507751464844,-0.12198685854673386,2.9129376336932182,0.05455397814512253,0.026217985898256302,0.007259473204612732,0.0
75.15384615384616,1,3,3,1.0,0,False,0,False,1.439562439918518,2.5806968212127686,-1.1411343812942505,-1.5208948850631714,-2.5550498962402344,1.034155011177063,-0.9743674993515015,-0.5736661553382874,-0.4007013440132141,2.7909507751464844,-0.12125581502914429,2.9122065901756287,0.05452560633420944,0.02621503546833992,0.012552496045827866,0.0
75.23076923076924,1,3,3,1.0,0,False,0,False,1.439562439918518,2.580631732940674,-1.1410692930221558,-1.5208948850631714,-2.5550856590270996,1.0341907739639282,-0.9743674993515015,-0.5736685395240784,-0.4006989598274231,2.7909507751464844,-0.12015412747859955,2.911104902625084,0.05451963096857071,0.026212740689516068,0.021447651088237762,0.0
75.3076923076923,1,3,3,1.0,0,False,0,False,1.439562439918518,2.580322265625,-1.140759825706482,-1.5208948850631714,-2.555112838745117,1.0342179536819458,-0.9743674993515015,-0.5736709237098694,-0.4006965756416321,2.7909507751464844,-0.11841566860675812,2.9093664437532425,0.05454663187265396,0.02621367946267128,0.03629906103014946,0.0
75.38461538461539,1,3,3,1.0,0,False,0,False,1.439562439918518,2.5815250873565674,-1.1419626474380493,-1.5208948850631714,-2.5551679134368896,1.0342730283737183,-0.9743674993515015,-0.5737406611442566,-0.4006268382072449,2.7909507751464844,-0.11676362156867981,2.907714396715164,0.054529376327991486,0.02622610703110695,0.018176529556512833,0.0
75.46153846153847,1,3,3,1.0,0,False,0,False,1.439562439918518,2.583343982696533,-1.1437815427780151,-1.5208948850631714,-2.5551960468292236,1.0343011617660522,-0.9743674993515015,-0.5734697580337524,-0.400897741317749,2.7909507751464844,-0.11514631658792496,2.9060970917344093,0.05438045412302017,0.02624623104929924,0.002060886472463608,0.0
75.53846153846155,1,3,3,1.0,0,False,0,False,1.439562439918518,2.5835652351379395,-1.1440027952194214,-1.5208948850631714,-2.555224657058716,1.0343297719955444,-0.9743674993515015,-0.5732756853103638,-0.4010918140411377,2.7909507751464844,-0.11312538385391235,2.9040761590003967,0.05434689670801163,0.026279959827661514,0.00018790364265441895,0.0
75.61538461538461,1,3,3,1.0,0,False,0,False,1.439562439918518,2.583199977874756,-1.1436375379562378,-1.5208948850631714,-2.555250644683838,1.0343557596206665,-0.9743674993515015,-0.5723161101341248,-0.4020513892173767,2.7909507751464844,-0.111911840736866,2.9028626158833504,0.05412285774946213,0.026281926780939102,5.085021257400513e-06,0.0
75.6923076923077,1,3,3,1.0,0,False,0,False,1.439562439918518,2.5826005935668945,-1.1430381536483765,-1.5208948850631714,-2.555269718170166,1.0343748331069946,-0.9743674993515015,-0.5709217190742493,-0.40344578027725214,2.7909507751464844,-0.11156214773654938,2.9025129228830338,0.05386040359735489,0.026272181421518326,2.8694048523902893e-05,0.0
75.76923076923077,1,3,3,1.0,0,False,0,False,1.439562439918518,2.581873893737793,-1.142311453819275,-1.5208948850631714,-2.555288791656494,1.0343939065933228,-0.9743674993515015,-0.5695244073867798,-0.4048430919647217,2.7909507751464844,-0.11165335774421692,2.9026041328907013,0.05368322879076004,0.026259999722242355,3.9227306842803955e-05,0.0
75.84615384615385,1,3,3,1.0,0,False,0,False,1.439562439918518,2.5811026096343994,-1.1415401697158813,-1.5208948850631714,-2.555307388305664,1.0344125032424927,-0.9743674993515015,-0.5683315992355347,-0.4060359001159668,2.7909507751464844,-0.11190950125455856,2.902860276401043,0.05357634276151657,0.026247072964906693,3.680586814880371e-05,0.0
75.92307692307693,1,3,3,1.0,0,False,0,False,1.439562439918518,2.58038592338562,-1.140823483467102,-1.5208948850631714,-2.555320978164673,1.0344260931015015,-0.9743674993515015,-0.5674043297767639,-0.40696316957473755,2.7909507751464844,-0.11222988367080688,2.9031806588172913,0.05349691957235336,0.02623457834124565,4.0922313928604126e-05,0.0
76.0,1,3,3,1.0,0,False,0,False,1.439562439918518,2.5797739028930664,-1.1402114629745483,-1.5208948850631714,-2.555333137512207,1.0344382524490356,-0.9743674993515015,-0.5667321681976318,-0.40763533115386963,2.7909507751464844,-0.11258193105459213,2.9035327062010765,0.05342548340559006,0.026223134249448776,5.1334500312805176e-05,0.0
76.07692307692308,1,3,3,1.0,0,False,0,False,1.439562439918518,2.5792784690856934,-1.1397160291671753,-1.5208948850631714,-2.5553436279296875,1.0344487428665161,-0.9743674993515015,-0.5662834644317627,-0.40808403491973877,2.7909507751464844,-0.11294042319059372,2.903891198337078,0.05335787683725357,0.026212912052869797,0.0001556985080242157,0.0
76.15384615384616,1,3,3,1.0,0,False,0,False,1.439562439918518,2.578890085220337,-1.1393276453018188,-1.5208948850631714,-2.555351734161377,1.0344568490982056,-0.9743674993515015,-0.5660161375999451,-0.4083513617515564,2.7909507751464844,-0.11328388005495071,2.904234655201435,0.053292177617549896,0.026203926652669907,0.00022737309336662292,0.0
76.23076923076924,1,3,3,1.0,0,False,0,False,1.439562439918518,2.5785882472991943,-1.1390258073806763,-1.5208948850631714,-2.5553622245788574,1.034467339515686,-0.9743674993515015,-0.5658844709396362,-0.40848302841186523,2.7909507751464844,-0.11360663175582886,2.9045574069023132,0.05322600156068802,0.02619604393839836,0.00030703842639923096,0.0
76.3076923076923,1,3,3,1.0,0,False,0,False,1.439562439918518,2.578352212905884,-1.1387897729873657,-1.5208948850631714,-2.555367946624756,1.0344730615615845,-0.9743674993515015,-0.5658504366874695,-0.408517062664032,2.7909507751464844,-0.11390425264835358,2.904855027794838,0.053158096969127655,0.026189174503087997,0.00034190714359283447,0.0
76.38461538461539,1,3,3,1.0,0,False,0,False,1.439562439918518,2.5781593322753906,-1.1385968923568726,-1.5208948850631714,-2.5553762912750244,1.034481406211853,-0.9743674993515015,-0.5658786296844482,-0.4084888696670532,2.7909507751464844,-0.11418001353740692,2.9051307886838913,0.05308771878480911,0.026183228939771652,0.00036636367440223694,0.0
76.46153846153847,1,3,3,1.0,0,False,0,False,1.439562439918518,2.5779953002929688,-1.1384328603744507,-1.5208948850631714,-2.5553836822509766,1.0344887971878052,-0.9743674993515015,-0.5659400820732117,-0.4084274172782898,2.7909507751464844,-0.1144246757030487,2.905375450849533,0.0530141219496727,0.026178080588579178,0.00038718804717063904,0.0
76.53846153846155,1,3,3,1.0,0,False,0,False,1.439562439918518,2.5778491497039795,-1.1382867097854614,-1.5208948850631714,-2.555391311645508,1.0344964265823364,-0.9743674993515015,-0.5660132169723511,-0.4083542823791504,2.7909507751464844,-0.11463642865419388,2.9055872038006783,0.052937351167201996,0.02617364004254341,0.00037048012018203735,0.0
76.61538461538461,1,3,3,1.0,0,False,0,False,1.439562439918518,2.5777134895324707,-1.1381510496139526,-1.5208948850631714,-2.55539608001709,1.0345011949539185,-0.9743674993515015,-0.5660817623138428,-0.40828573703765864,2.7909507751464844,-0.11480928957462311,2.9057600647211075,0.05285746604204178,0.026169825345277786,0.0003612786531448364,0.0
76.6923076923077,1,3,3,1.0,0,False,0,False,1.439562439918518,2.5775811672210693,-1.1380187273025513,-1.5208948850631714,-2.555400848388672,1.0345059633255005,-0.9743674993515015,-0.5661370754241943,-0.40823042392730713,2.7909507751464844,-0.11494520306587219,2.9058959782123566,0.052774928510189056,0.02616656944155693,0.0003353692591190338,0.0
76.76923076923077,1,3,3,1.0,0,False,0,False,1.439562439918518,2.5774528980255127,-1.1378904581069946,-1.5208948850631714,-2.5554070472717285,1.0345121622085571,-0.9743674993515015,-0.5661742687225342,-0.40819323062896734,2.7909507751464844,-0.11504323035478592,2.9059940055012703,0.05269012600183487,0.026163820177316666,0.00030606985092163086,0.0
76.84615384615385,1,3,3,1.0,0,False,0,False,1.439562439918518,2.577331066131592,-1.1377686262130737,-1.5208948850631714,-2.55541729927063,1.0345224142074585,-0.9743674993515015,-0.566192626953125,-0.4081748723983765,2.7909507751464844,-0.11510492116212845,2.906055696308613,0.052603624761104584,0.02616153284907341,0.00028790906071662903,0.0
76.92307692307693,1,3,3,1.0,0,False,0,False,1.439562439918518,2.5772087574005127,-1.1376463174819946,-1.5208948850631714,-2.555428981781006,1.0345340967178345,-0.9743674993515015,-0.5661928653717041,-0.40817463397979736,2.7909507751464844,-0.11513069272041321,2.9060814678668976,0.0525159016251564,0.02615967020392418,0.0002607889473438263,0.0
77.0,1,3,3,1.0,0,False,0,False,1.439562439918518,2.5770933628082275,-1.1375309228897095,-1.5208948850631714,-2.555434226989746,1.0345393419265747,-0.9743674993515015,-0.5661780834197998,-0.40818941593170166,2.7909507751464844,-0.11512193083763123,2.9060727059841156,0.05242731422185898,0.026158194988965988,0.00021792948246002197,0.0
77.07692307692308,1,3,3,1.0,0,False,0,False,1.439562439918518,2.57698917388916,-1.137426733970642,-1.5208948850631714,-2.555438280105591,1.0345433950424194,-0.9743674993515015,-0.5661523938179016,-0.40821510553359985,2.7909507751464844,-0.11508222669363022,2.9060330018401146,0.05233778804540634,0.026157010346651077,0.00018887221813201904,0.0
77.15384615384616,1,3,3,1.0,0,False,0,False,1.439562439918518,2.5768980979919434,-1.1373356580734253,-1.5208948850631714,-2.55544376373291,1.0345488786697388,-0.9743674993515015,-0.5661196708679199,-0.40824782848358154,2.7909507751464844,-0.11501532047986984,2.905966095626354,0.052247725427150726,0.026156123727560043,0.00016320496797561646,0.0
77.23076923076924,1,3,3,1.0,0,False,0,False,1.439562439918518,2.5768237113952637,-1.1372612714767456,-1.5208948850631714,-2.5554487705230713,1.0345538854599,-0.9743674993515015,-0.5660842657089233,-0.4082832336425781,2.7909507751464844,-0.11492601782083511,2.9058767929673195,0.052157334983348846,0.026155460625886917,0.0001547299325466156,0.0
77.3076923076923,1,3,3,1.0,0,False,0,False,1.439562439918518,2.5767674446105957,-1.1372050046920776,-1.5208948850631714,-2.5554492473602295,1.034554362297058,-0.9743674993515015,-0.5660504698753357,-0.40831702947616577,2.7909507751464844,-0.11482067406177521,2.9057714492082596,0.052066780626773834,0.02615496888756752,0.0001220405101776123,0.0
77.38461538461539,1,3,3,1.0,0,False,0,False,1.439562439918518,2.5767300128936768,-1.1371675729751587,-1.5208948850631714,-2.555448055267334,1.0345531702041626,-0.9743674993515015,-0.5660215020179749,-0.40834599733352656,2.7909507751464844,-0.11470293253660202,2.9056537076830864,0.05197618156671524,0.026154611259698868,0.00010751187801361084,0.0
77.46153846153847,1,3,3,1.0,0,False,0,False,1.439562439918518,2.576711416244507,-1.1371489763259888,-1.5208948850631714,-2.555450439453125,1.0345555543899536,-0.9743674993515015,-0.5659999847412109,-0.4083675146102905,2.7909507751464844,-0.11457385867834091,2.9055246338248253,0.051885657012462616,0.026154357939958572,9.855255484580994e-05,0.0
77.53846153846155,1,3,3,1.0,0,False,0,False,1.439562439918518,2.576714038848877,-1.1371515989303589,-1.5208948850631714,-2.5554556846618652,1.0345607995986938,-0.9743674993515015,-0.565987765789032,-0.4083797335624695,2.7909507751464844,-0.11443812400102615,2.9053888991475105,0.05179551988840103,0.02615419402718544,8.13603401184082e-05,0.0
77.61538461538461,1,3,3,1.0,0,False,0,False,1.439562439918518,2.576735258102417,-1.137172818183899,-1.5208948850631714,-2.5554614067077637,1.0345665216445923,-0.9743674993515015,-0.5659859776496887,-0.40838152170181274,2.7909507751464844,-0.11430053412914276,2.905251309275627,0.05170581489801407,0.026154089719057083,7.554888725280762e-05,0.0
77.6923076923077,1,3,3,1.0,0,False,0,False,1.439562439918518,2.5767722129821777,-1.1372097730636597,-1.5208948850631714,-2.555464506149292,1.0345696210861206,-0.9743674993515015,-0.5659947991371155,-0.408372700214386,2.7909507751464844,-0.1141669750213623,2.9051177501678467,0.0516163632273674,0.026154030114412308,6.319954991340637e-05,0.0
77.76923076923077,1,3,3,1.0,0,False,0,False,1.439562439918518,2.576824903488159,-1.1372624635696411,-1.5208948850631714,-2.5554680824279785,1.0345731973648071,-0.9743674993515015,-0.5660147070884705,-0.408352792263031,2.7909507751464844,-0.11403973400592804,2.9049905091524124,0.051527224481105804,0.02615395560860634,6.513670086860657e-05,0.0
77.84615384615385,1,3,3,1.0,0,False,0,False,1.439562439918518,2.5768942832946777,-1.1373318433761597,-1.5208948850631714,-2.555473566055298,1.0345786809921265,-0.9743674993515015,-0.5660462975502014,-0.40832120180130005,2.7909507751464844,-0.11391548812389374,2.904866263270378,0.05143848806619644,0.026153896003961563,6.319954991340637e-05,0.0
77.92307692307693,1,3,3,1.0,0,False,0,False,1.439562439918518,2.5769734382629395,-1.1374109983444214,-1.5208948850631714,-2.555473804473877,1.0345789194107056,-0.9743674993515015,-0.566087007522583,-0.40828049182891846,2.7909507751464844,-0.11380159854888916,2.9047523736953735,0.051350437104701996,0.02615382894873619,5.545094609260559e-05,0.0
78.0,1,3,3,1.0,0,False,0,False,1.439562439918518,2.5770633220672607,-1.1375008821487427,-1.5208948850631714,-2.555476665496826,1.0345817804336548,-0.9743674993515015,-0.5661379098892212,-0.4082295894622803,2.7909507751464844,-0.11369726806879044,2.904648043215275,0.05126287788152695,0.02615375444293022,5.593523383140564e-05,0.0
78.07692307692308,1,3,3,1.0,0,False,0,False,1.439562439918518,2.577165365219116,-1.1376029253005981,-1.5208948850631714,-2.555480718612671,1.0345858335494995,-0.9743674993515015,-0.5661981701850891,-0.40816932916641235,2.7909507751464844,-0.11360081285238266,2.904551587998867,0.05117587000131607,0.02615366503596306,5.424022674560547e-05,0.0
78.15384615384616,1,3,3,1.0,0,False,0,False,1.439562439918518,2.5772719383239746,-1.1377094984054565,-1.5208948850631714,-2.5554802417755127,1.0345853567123413,-0.9743674993515015,-0.5662645697593689,-0.40810292959213257,2.7909507751464844,-0.11351659893989563,2.90446737408638,0.05108965188264847,0.0261535681784153,4.5765191316604614e-05,0.0
78.23076923076924,1,3,3,1.0,0,False,0,False,1.439562439918518,2.5773842334747314,-1.1378217935562134,-1.5208948850631714,-2.5554826259613037,1.0345877408981323,-0.9743674993515015,-0.5663378834724426,-0.40802961587905884,2.7909507751464844,-0.1134437695145607,2.904394544661045,0.05100395530462265,0.026153448969125748,5.7872384786605835e-05,0.0
78.3076923076923,1,3,3,1.0,0,False,0,False,1.439562439918518,2.5775041580200195,-1.1379417181015015,-1.5208948850631714,-2.555485486984253,1.0345906019210815,-0.9743674993515015,-0.5664183497428894,-0.40794914960861206,2.7909507751464844,-0.11338099092245102,2.9043317660689354,0.05091898888349533,0.026153314858675003,6.271526217460632e-05,0.0
78.38461538461539,1,3,3,1.0,0,False,0,False,1.439562439918518,2.5776267051696777,-1.1380642652511597,-1.5208948850631714,-2.5554862022399902,1.0345913171768188,-0.9743674993515015,-0.5665022730827332,-0.4078652262687683,2.7909507751464844,-0.1133294329047203,2.9042802080512047,0.05083494633436203,0.026153188198804855,6.465241312980652e-05,0.0
78.46153846153847,1,3,3,1.0,0,False,0,False,1.439562439918518,2.577749252319336,-1.1381868124008179,-1.5208948850631714,-2.5554850101470947,1.0345901250839233,-0.9743674993515015,-0.5665897727012634,-0.407777726650238,2.7909507751464844,-0.11328888684511185,2.904239661991596,0.05075151473283768,0.026153046637773514,4.721805453300476e-05,0.0
78.53846153846155,1,3,3,1.0,0,False,0,False,1.439562439918518,2.5778751373291016,-1.1383126974105835,-1.5208948850631714,-2.5554821491241455,1.0345872640609741,-0.9743674993515015,-0.5666812658309937,-0.4076862335205078,2.7909507751464844,-0.1132587343454361,2.9042095094919205,0.05066872388124466,0.026152897626161575,5.036592483520508e-05,0.0
78.61538461538461,1,3,3,1.0,0,False,0,False,1.439562439918518,2.578002452850342,-1.1384400129318237,-1.5208948850631714,-2.5554795265197754,1.034584641456604,-0.9743674993515015,-0.5667756199836731,-0.40759187936782837,2.7909507751464844,-0.11323854327201843,2.904189318418503,0.05058688670396805,0.026152748614549637,5.2303075790405273e-05,0.0
78.6923076923077,1,3,3,1.0,0,False,0,False,1.439562439918518,2.578127145767212,-1.1385647058486938,-1.5208948850631714,-2.5554845333099365,1.0345896482467651,-0.9743674993515015,-0.566870927810669,-0.4074965715408325,2.7909507751464844,-0.11322753876447678,2.904178313910961,0.05050595849752426,0.026152584701776505,5.3998082876205444e-05,0.0
78.76923076923077,1,3,3,1.0,0,False,0,False,1.439562439918518,2.5782532691955566,-1.1386908292770386,-1.5208948850631714,-2.555485963821411,1.0345910787582397,-0.9743674993515015,-0.5669687986373901,-0.40739870071411133,2.7909507751464844,-0.11322468519210815,2.9041754603385925,0.050426043570041656,0.026152435690164566,5.980953574180603e-05,0.0
78.84615384615385,1,3,3,1.0,0,False,0,False,1.439562439918518,2.578382730484009,-1.1388202905654907,-1.5208948850631714,-2.55548095703125,1.0345860719680786,-0.9743674993515015,-0.5670691728591919,-0.40729832649230957,2.7909507751464844,-0.1132298931479454,2.90418066829443,0.0503472164273262,0.026152323931455612,4.503875970840454e-05,0.0
78.92307692307693,1,3,3,1.0,0,False,0,False,1.439562439918518,2.578510284423828,-1.13894784450531,-1.5208948850631714,-2.5554773807525635,1.034582495689392,-0.9743674993515015,-0.5671696662902832,-0.4071978330612182,2.7909507751464844,-0.11324189603328705,2.9041926711797714,0.05026949197053909,0.026152249425649643,4.6975910663604736e-05,0.0
79.0,1,3,3,1.0,0,False,0,False,1.439562439918518,2.5786397457122803,-1.1390773057937622,-1.5208948850631714,-2.5554676055908203,1.034572720527649,-0.9743674993515015,-0.5672718286514282,-0.40709567070007324,2.7909507751464844,-0.11326088011264801,2.9042116552591324,0.05019264668226242,0.026152174919843674,4.7944486141204834e-05,0.0
79.07692307692308,1,3,3,1.0,0,False,0,False,1.439562439918518,2.578767776489258,-1.1392053365707397,-1.5208948850631714,-2.555457353591919,1.0345624685287476,-0.9743674993515015,-0.5673742294311523,-0.4069932699203491,2.7909507751464844,-0.11328647285699844,2.904237248003483,0.050116561353206635,0.026152100414037704,5.06080687046051e-05,0.0
79.15384615384616,1,3,3,1.0,0,False,0,False,1.439562439918518,2.578895330429077,-1.139332890510559,-1.5208948850631714,-2.555448055267334,1.0345531702041626,-0.9743674993515015,-0.5674766898155212,-0.4068908095359802,2.7909507751464844,-0.11331848055124283,2.904269255697727,0.05004145950078964,0.02615204080939293,6.34416937828064e-05,0.0
79.23076923076924,1,3,3,1.0,0,False,0,False,1.439562439918518,2.579019546508789,-1.139457106590271,-1.5208948850631714,-2.5554440021514893,1.0345491170883179,-0.9743674993515015,-0.5675786137580872,-0.4067888855934143,2.7909507751464844,-0.11335554718971252,2.904306322336197,0.04996743053197861,0.026151981204748154,3.6563724279403687e-05,0.0
79.3076923076923,1,3,3,1.0,0,False,0,False,1.439562439918518,2.579139471054077,-1.139577031135559,-1.5208948850631714,-2.5554392337799072,1.0345443487167358,-0.9743674993515015,-0.5676794052124023,-0.4066880941390991,2.7909507751464844,-0.11339620500802994,2.9043469801545143,0.04989456385374069,0.026151951402425766,3.511086106300354e-05,0.0
79.38461538461539,1,3,3,1.0,0,False,0,False,1.439562439918518,2.5792627334594727,-1.1397002935409546,-1.5208948850631714,-2.5554306507110596,1.0345357656478882,-0.9743674993515015,-0.5677829384803772,-0.4065845608711242,2.7909507751464844,-0.11344257742166519,2.9043933525681496,0.04982282966375351,0.026151929050683975,3.850087523460388e-05,0.0
79.46153846153847,1,3,3,1.0,0,False,0,False,1.439562439918518,2.5793848037719727,-1.1398223638534546,-1.5208948850631714,-2.555424451828003,1.0345295667648315,-0.9743674993515015,-0.5678870677947998,-0.4064804315567016,2.7909507751464844,-0.11349471658468246,2.904445491731167,0.04975191503763199,0.026151906698942184,3.1478703022003174e-05,0.0
79.53846153846155,1,3,3,1.0,0,False,0,False,1.439562439918518,2.579505681991577,-1.139943242073059,-1.5208948850631714,-2.555420160293579,1.0345252752304077,-0.9743674993515015,-0.5679907202720642,-0.40637677907943726,2.7909507751464844,-0.11355113238096237,2.9045019075274467,0.049682192504405975,0.0261518694460392,4.818663001060486e-05,0.0
79.61538461538461,1,3,3,1.0,0,False,0,False,1.439562439918518,2.5796244144439697,-1.1400619745254517,-1.5208948850631714,-2.555420160293579,1.0345252752304077,-0.9743674993515015,-0.5680941343307495,-0.40627336502075195,2.7909507751464844,-0.11361148953437805,2.9045622646808624,0.0496135875582695,0.026151839643716812,3.946945071220398e-05,0.0
79.6923076923077,1,3,3,1.0,0,False,0,False,1.439562439918518,2.579742431640625,-1.140179991722107,-1.5208948850631714,-2.5554206371307373,1.034525752067566,-0.9743674993515015,-0.5681977868080139,-0.40616971254348755,2.7909507751464844,-0.11367598921060562,2.90462676435709,0.04954596608877182,0.026151787489652634,4.891306161880493e-05,0.0
79.76923076923077,1,3,3,1.0,0,False,0,False,1.439562439918518,2.5798587799072266,-1.1402963399887085,-1.5208948850631714,-2.5554234981536865,1.0345286130905151,-0.9743674993515015,-0.5683007836341858,-0.4060667157173157,2.7909507751464844,-0.1137438416481018,2.904694616794586,0.0494794026017189,0.02615175023674965,3.850087523460388e-05,0.0
79.84615384615385,1,3,3,1.0,0,False,0,False,1.439562439918518,2.579975128173828,-1.14041268825531,-1.5208948850631714,-2.5554258823394775,1.0345309972763062,-0.9743674993515015,-0.5684040188789368,-0.4059634804725647,2.7909507751464844,-0.11381561309099197,2.9047663882374763,0.04941422492265701,0.02615172043442726,3.9227306842803955e-05,0.0
79.92307692307693,1,3,3,1.0,0,False,0,False,1.439562439918518,2.580092191696167,-1.140529751777649,-1.5208948850631714,-2.555424451828003,1.0345295667648315,-0.9743674993515015,-0.5685082077980042,-0.4058592915534973,2.7909507751464844,-0.11389193683862686,2.9048427119851112,0.04935028403997421,0.026151705533266068,3.946945071220398e-05,0.0
80.0,1,3,3,1.0,0,False,0,False,1.439562439918518,2.5802080631256104,-1.1406456232070923,-1.5208948850631714,-2.5554215908050537,1.0345267057418823,-0.9743674993515015,-0.5686123967170715,-0.40575510263442993,2.7909507751464844,-0.1139712780714035,2.904922053217888,0.0492873415350914,0.026151690632104874,3.3657997846603394e-05,0.0
80.07692307692308,1,3,3,1.0,0,False,0,False,1.439562439918518,2.5803215503692627,-1.1407591104507446,-1.5208948850631714,-2.555418014526367,1.0345231294631958,-0.9743674993515015,-0.5687144994735718,-0.4056529998779297,2.7909507751464844,-0.11405152082443237,2.9050022959709167,0.04922536760568619,0.026151690632104874,4.1890889406204224e-05,0.0
80.15384615384616,1,3,3,1.0,0,False,0,False,1.439562439918518,2.5804343223571777,-1.1408718824386597,-1.5208948850631714,-2.5554158687591553,1.0345209836959839,-0.9743674993515015,-0.5688173770904541,-0.40555012226104736,2.7909507751464844,-0.11413480341434479,2.905085578560829,0.04916466027498245,0.026151683181524277,3.607943654060364e-05,0.0
80.23076923076924,1,3,3,1.0,0,False,0,False,1.439562439918518,2.580545663833618,-1.1409832239151,-1.5208948850631714,-2.5554139614105225,1.034519076347351,-0.9743674993515015,-0.5689197182655334,-0.405447781085968,2.7909507751464844,-0.11422043293714523,2.9051712080836296,0.04910508543252945,0.026145998388528824,4.213303327560425e-05,0.0
80.3076923076923,1,3,3,1.0,0,False,0,False,1.439562439918518,2.580656051635742,-1.1410936117172241,-1.5208948850631714,-2.5554115772247314,1.03451669216156,-0.9743674993515015,-0.5690213441848755,-0.405346155166626,2.7909507751464844,-0.11430815607309341,2.905258931219578,0.049046628177165985,0.02612830325961113,3.244727849960327e-05,0.0
80.38461538461539,1,3,3,1.0,0,False,0,False,1.439562439918518,2.580760955810547,-1.1411985158920288,-1.5208948850631714,-2.5554099082946777,1.0345150232315063,-0.9743674993515015,-0.569119930267334,-0.40524756908416754,2.7909507751464844,-0.11439456045627594,2.9053453356027603,0.04898921400308609,0.026111040264368057,3.632158041000366e-05,0.0
80.46153846153847,1,3,3,1.0,0,False,0,False,1.439562439918518,2.5808663368225098,-1.1413038969039917,-1.5208948850631714,-2.5554087162017822,1.0345138311386108,-0.9743674993515015,-0.5692194104194641,-0.4051480889320373,2.7909507751464844,-0.11448421329259872,2.905434988439083,0.0489329919219017,0.02609424665570259,2.954155206680298e-05,0.0
80.53846153846155,1,3,3,1.0,0,False,0,False,1.439562439918518,2.580972194671631,-1.1414097547531128,-1.5208948850631714,-2.5554070472717285,1.0345121622085571,-0.9743674993515015,-0.5693178772926331,-0.4050496220588684,2.7909507751464844,-0.11457570642232895,2.9055264815688133,0.04887779802083969,0.02607790008187294,3.898516297340393e-05,0.0
80.61538461538461,1,3,3,1.0,0,False,0,False,1.439562439918518,2.5810766220092773,-1.1415141820907593,-1.5208948850631714,-2.555406093597412,1.0345112085342407,-0.9743674993515015,-0.5694146156311035,-0.40495288372039795,2.7909507751464844,-0.11466797441244125,2.9056187495589256,0.04882361739873886,0.026061993092298508,3.123655915260315e-05,0.0
80.6923076923077,1,3,3,1.0,0,False,0,False,1.439562439918518,2.581176280975342,-1.1416138410568237,-1.5208948850631714,-2.5554075241088867,1.0345126390457153,-0.9743674993515015,-0.5695085525512695,-0.40485894680023193,2.7909507751464844,-0.11475870013237,2.9057094752788544,0.04877064377069473,0.026046495884656906,4.503875970840454e-05,0.0
80.76923076923077,1,3,3,1.0,0,False,0,False,1.439562439918518,2.58127498626709,-1.1417125463485718,-1.5208948850631714,-2.5554094314575195,1.0345145463943481,-0.9743674993515015,-0.5696020722389221,-0.40476542711257935,2.7909507751464844,-0.11485005170106888,2.9058008268475533,0.04871874302625656,0.02603140100836754,3.801658749580383e-05,0.0
80.84615384615385,1,3,3,1.0,0,False,0,False,1.439562439918518,2.581371784210205,-1.141809344291687,-1.5208948850631714,-2.5554099082946777,1.0345150232315063,-0.9743674993515015,-0.5696942210197449,-0.4046732783317566,2.7909507751464844,-0.11494138091802597,2.9058921560645103,0.04866776615381241,0.026016656309366226,3.293156623840332e-05,0.0
80.92307692307693,1,3,3,1.0,0,False,0,False,1.439562439918518,2.581465005874634,-1.1419025659561157,-1.5208948850631714,-2.5554068088531494,1.034511923789978,-0.9743674993515015,-0.5697842836380005,-0.404583215713501,2.7909507751464844,-0.11503124237060547,2.90598201751709,0.04861786216497421,0.02600228413939476,3.9227306842803955e-05,0.0
81.0,1,3,3,1.0,0,False,0,False,1.439562439918518,2.5815587043762207,-1.1419962644577026,-1.5208948850631714,-2.5554070472717285,1.0345121622085571,-0.9743674993515015,-0.5698742866516113,-0.40449321269989014,2.7909507751464844,-0.11512358486652374,2.906074360013008,0.048569031059741974,0.02598830685019493,3.220513463020325e-05,0.0
81.07692307692308,1,3,3,1.0,0,False,0,False,1.439562439918518,2.5816524028778076,-1.1420899629592896,-1.5208948850631714,-2.5554096698760986,1.0345147848129272,-0.9743674993515015,-0.5699641108512878,-0.4044033885002136,2.7909507751464844,-0.11521869897842407,2.9061694741249084,0.048521243035793304,0.025974739342927933,3.4868717193603516e-05,0.0
81.15384615384616,1,3,3,1.0,0,False,0,False,1.439562439918518,2.5817461013793945,-1.1421836614608765,-1.5208948850631714,-2.5554120540618896,1.0345171689987183,-0.9743674993515015,-0.5700522661209106,-0.4043152332305908,2.7909507751464844,-0.11531490832567215,2.9062656834721565,0.04847446829080582,0.025961589068174362,2.9299408197402954e-05,0.0
81.23076923076924,1,3,3,1.0,0,False,0,False,1.439562439918518,2.5818378925323486,-1.1422754526138306,-1.5208948850631714,-2.5554141998291016,1.0345193147659302,-0.9743674993515015,-0.570139467716217,-0.4042280316352844,2.7909507751464844,-0.11541210114955902,2.9063628762960434,0.048428602516651154,0.02594875916838646,4.3101608753204346e-05,0.0
81.3076923076923,1,3,3,1.0,0,False,0,False,1.439562439918518,2.581927537918091,-1.1423650979995728,-1.5208948850631714,-2.5554165840148926,1.0345216989517212,-0.9743674993515015,-0.5702256560325623,-0.40414184331893915,2.7909507751464844,-0.11550967395305634,2.9064604490995407,0.048383764922618866,0.025936264544725418,4.1406601667404175e-05,0.0
81.38461538461539,1,3,3,1.0,0,False,0,False,1.439562439918518,2.5820152759552,-1.1424528360366821,-1.5208948850631714,-2.555421829223633,1.0345269441604614,-0.9743674993515015,-0.5703098773956299,-0.4040576219558716,2.7909507751464844,-0.11560554057359695,2.9065563157200813,0.04834004491567612,0.02592410519719124,2.9783695936203003e-05,0.0
81.46153846153847,1,3,3,1.0,0,False,0,False,1.439562439918518,2.582101345062256,-1.1425389051437378,-1.5208948850631714,-2.5554254055023193,1.034530520439148,-0.9743674993515015,-0.5703926682472229,-0.40397483110427856,2.7909507751464844,-0.1157011091709137,2.906651884317398,0.04829742759466171,0.025912318378686905,2.9783695936203003e-05,0.0
81.53846153846155,1,3,3,1.0,0,False,0,False,1.439562439918518,2.5821869373321533,-1.1426244974136353,-1.5208948850631714,-2.5554258823394775,1.0345309972763062,-0.9743674993515015,-0.5704741477966309,-0.4038933515548706,2.7909507751464844,-0.11579753458499908,2.9067483097314835,0.04825586825609207,0.02590091899037361,3.559514880180359e-05,0.0
81.61538461538461,1,3,3,1.0,0,False,0,False,1.439562439918518,2.5822699069976807,-1.1427074670791626,-1.5208948850631714,-2.5554261207580566,1.0345312356948853,-0.9743674993515015,-0.5705536007881165,-0.403813898563385,2.7909507751464844,-0.11589206755161285,2.9068428426980972,0.04821524769067764,0.025889847427606583,2.8088688850402832e-05,0.0
81.6923076923077,1,3,3,1.0,0,False,0,False,1.439562439918518,2.582348346710205,-1.142785906791687,-1.5208948850631714,-2.55542254447937,1.0345276594161987,-0.9743674993515015,-0.5706300735473633,-0.4037374258041382,2.7909507751464844,-0.1159832552075386,2.906934030354023,0.0481753870844841,0.025879044085741043,2.736225724220276e-05,0.0
81.76923076923077,1,3,3,1.0,0,False,0,False,1.439562439918518,2.5824272632598877,-1.1428648233413696,-1.5208948850631714,-2.555424690246582,1.0345298051834106,-0.9743674993515015,-0.570706844329834,-0.4036606550216675,2.7909507751464844,-0.11607722193002701,2.9070279970765114,0.048136405646800995,0.025868508964776993,2.203509211540222e-05,0.0
81.84615384615385,1,3,3,1.0,0,False,0,False,1.439562439918518,2.5825042724609375,-1.1429418325424194,-1.5208948850631714,-2.5554280281066895,1.034533143043518,-0.9743674993515015,-0.5707824230194092,-0.4035850763320923,2.7909507751464844,-0.11617117375135422,2.9071219488978386,0.04809842258691788,0.02585827186703682,2.8815120458602905e-05,0.0
81.92307692307693,1,3,3,1.0,0,False,0,False,1.439562439918518,2.58258056640625,-1.143018126487732,-1.5208948850631714,-2.555432081222534,1.0345371961593628,-0.9743674993515015,-0.5708566904067993,-0.40351080894470215,2.7909507751464844,-0.11626486480236053,2.907215639948845,0.04806128889322281,0.02584831789135933,3.0510127544403076e-05,0.0
82.0,1,3,3,1.0,0,False,0,False,1.439562439918518,2.582656145095825,-1.1430937051773071,-1.5208948850631714,-2.555436611175537,1.0345417261123657,-0.9743674993515015,-0.5709294676780701,-0.4034380316734314,2.7909507751464844,-0.1163581907749176,2.907308965921402,0.04802509397268295,0.02583867684006691,3.293156623840332e-05,0.0
82.07692307692308,1,3,3,1.0,0,False,0,False,1.439562439918518,2.582728624343872,-1.143166184425354,-1.5208948850631714,-2.5554378032684326,1.0345429182052612,-0.9743674993515015,-0.5710000395774841,-0.40336745977401733,2.7909507751464844,-0.11644984781742096,2.9074006229639053,0.047989703714847565,0.02582932636141777,1.7676502466201782e-05,0.0
82.15384615384616,1,3,3,1.0,0,False,0,False,1.439562439918518,2.582799196243286,-1.143236756324768,-1.5208948850631714,-2.5554380416870117,1.0345431566238403,-0.9743674993515015,-0.5710687637329102,-0.4032987356185913,2.7909507751464844,-0.11654072999954224,2.9074915051460266,0.04795513302087784,0.025820229202508926,2.6151537895202637e-05,0.0
82.23076923076924,1,3,3,1.0,0,False,0,False,1.439562439918518,2.582869052886963,-1.1433066129684448,-1.5208948850631714,-2.555440902709961,1.0345460176467896,-0.9743674993515015,-0.5711367130279541,-0.40323078632354736,2.7909507751464844,-0.11663287878036499,2.9075836539268494,0.047921471297740936,0.025811444967985153,2.8088688850402832e-05,0.0
82.3076923076923,1,3,3,1.0,0,False,0,False,1.439562439918518,2.5829365253448486,-1.1433740854263306,-1.5208948850631714,-2.555441379547119,1.0345464944839478,-0.9743674993515015,-0.5712026357650757,-0.4031648635864258,2.7909507751464844,-0.1167229488492012,2.9076737239956856,0.047888703644275665,0.025802891701459885,2.08243727684021e-05,0.0
82.38461538461539,1,3,3,1.0,0,False,0,False,1.439562439918518,2.5830020904541016,-1.1434396505355835,-1.5208948850631714,-2.5554401874542236,1.0345453023910522,-0.9743674993515015,-0.5712673664093018,-0.4031001329421997,2.7909507751464844,-0.11681158095598221,2.9077623561024666,0.04785669595003128,0.025794554501771927,2.1792948246002197e-05,0.0
82.46153846153847,1,3,3,1.0,0,False,0,False,1.439562439918518,2.5830676555633545,-1.1435052156448364,-1.5208948850631714,-2.5554420948028564,1.034547209739685,-0.9743674993515015,-0.5713309049606323,-0.40303659439086914,2.7909507751464844,-0.11690059304237366,2.907851368188858,0.04782556742429733,0.025786470621824265,2.1066516637802124e-05,0.0
82.53846153846155,1,3,3,1.0,0,False,0,False,1.439562439918518,2.583131790161133,-1.1435693502426147,-1.5208948850631714,-2.555443525314331,1.0345486402511597,-0.9743674993515015,-0.5713935494422913,-0.40297394990921015,2.7909507751464844,-0.1169881671667099,2.9079389423131943,0.04779525846242905,0.025778595358133316,2.954155206680298e-05,0.0
82.61538461538461,1,3,3,1.0,0,False,0,False,1.439562439918518,2.583193063735962,-1.1436306238174438,-1.5208948850631714,-2.5554425716400146,1.0345476865768433,-0.9743674993515015,-0.571454644203186,-0.40291285514831543,2.7909507751464844,-0.11707354336977005,2.9080243185162544,0.04776576906442642,0.025770921260118484,3.607943654060364e-05,0.0
82.6923076923077,1,3,3,1.0,0,False,0,False,1.439562439918518,2.5832505226135254,-1.1436880826950073,-1.5208948850631714,-2.55544376373291,1.0345488786697388,-0.9743674993515015,-0.5715141892433167,-0.4028533101081848,2.7909507751464844,-0.11715765297412872,2.908108428120613,0.04773702472448349,0.025763463228940964,2.3972243070602417e-05,0.0
82.76923076923077,1,3,3,1.0,0,False,0,False,1.439562439918518,2.5833077430725098,-1.1437453031539917,-1.5208948850631714,-2.5554468631744385,1.034551978111267,-0.9743674993515015,-0.5715728998184204,-0.40279459953308105,2.7909507751464844,-0.1172400489449501,2.9081908240914345,0.04770887643098831,0.025756236165761948,2.4456530809402466e-05,0.0
82.84615384615385,1,3,3,1.0,0,False,0,False,1.439562439918518,2.583364963531494,-1.143802523612976,-1.5208948850631714,-2.5554513931274414,1.03455650806427,-0.9743674993515015,-0.5716314315795898,-0.4027360677719116,2.7909507751464844,-0.11732417345046997,2.9082749485969543,0.047681502997875214,0.025749173015356064,2.3730099201202393e-05,0.0
82.92307692307693,1,3,3,1.0,0,False,0,False,1.439562439918518,2.5834221839904785,-1.1438597440719604,-1.5208948850631714,-2.555453300476074,1.0345584154129028,-0.9743674993515015,-0.5716881155967712,-0.4026793837547302,2.7909507751464844,-0.11740673333406448,2.908357508480549,0.04765491932630539,0.02574235573410988,2.5909394025802612e-05,0.0
83.0,1,3,3,1.0,0,False,0,False,1.439562439918518,2.5834789276123047,-1.1439164876937866,-1.5208948850631714,-2.555453300476074,1.0345584154129028,-0.9743674993515015,-0.5717429518699646,-0.4026245474815368,2.7909507751464844,-0.11748658865690231,2.9084373638033867,0.04762905091047287,0.02573573961853981,2.3487955331802368e-05,0.0
83.07692307692308,1,3,3,1.0,0,False,0,False,1.439562439918518,2.5835351943969727,-1.1439727544784546,-1.5208948850631714,-2.555457353591919,1.0345624685287476,-0.9743674993515015,-0.5717973113059998,-0.4025701880455017,2.7909507751464844,-0.11756621301174164,2.908516988158226,0.047603704035282135,0.025729287415742874,2.518296241760254e-05,0.0
83.15384615384616,1,3,3,1.0,0,False,0,False,1.439562439918518,2.583590269088745,-1.144027829170227,-1.5208948850631714,-2.555459976196289,1.0345650911331177,-0.9743674993515015,-0.5718507766723633,-0.4025167226791382,2.7909507751464844,-0.1176464855670929,2.9085972607135773,0.047579146921634674,0.02572305127978325,2.251937985420227e-05,0.0
83.23076923076924,1,3,3,1.0,0,False,0,False,1.439562439918518,2.58363938331604,-1.144076943397522,-1.5208948850631714,-2.555461883544922,1.0345669984817505,-0.9743674993515015,-0.5719020366668701,-0.40246546268463135,2.7909507751464844,-0.11772415041923523,2.9086749255657196,0.04755536466836929,0.025717031210660934,3.680586814880371e-05,0.0
83.3076923076923,1,3,3,1.0,0,False,0,False,1.439562439918518,2.5836870670318604,-1.1441246271133423,-1.5208948850631714,-2.555464506149292,1.0345696210861206,-0.9743674993515015,-0.5719519257545471,-0.40241557359695435,2.7909507751464844,-0.11779958754777908,2.9087503626942635,0.0475320890545845,0.025711167603731155,2.3972243070602417e-05,0.0
83.38461538461539,1,3,3,1.0,0,False,0,False,1.439562439918518,2.5837347507476807,-1.1441723108291626,-1.5208948850631714,-2.5554661750793457,1.0345712900161743,-0.9743674993515015,-0.5720010995864868,-0.40236639976501465,2.7909507751464844,-0.11787586659193039,2.9088266417384148,0.047509439289569855,0.025705505162477493,2.1066516637802124e-05,0.0
83.46153846153847,1,3,3,1.0,0,False,0,False,1.439562439918518,2.583782434463501,-1.144219994544983,-1.5208948850631714,-2.5554654598236084,1.034570574760437,-0.9743674993515015,-0.5720484256744385,-0.402319073677063,2.7909507751464844,-0.1179499626159668,2.908900737762451,0.04748743027448654,0.025700028985738754,1.9613653421401978e-05,0.0
83.53846153846155,1,3,3,1.0,0,False,0,False,1.439562439918518,2.583829641342163,-1.144267201423645,-1.5208948850631714,-2.555462598800659,1.0345677137374878,-0.9743674993515015,-0.5720940828323364,-0.40227341651916504,2.7909507751464844,-0.1180223897099495,2.908973164856434,0.04746607691049576,0.02569473162293434,2.6514753699302673e-05,0.0
83.61538461538461,1,3,3,1.0,0,False,0,False,1.439562439918518,2.583876132965088,-1.1443136930465698,-1.5208948850631714,-2.5554633140563965,1.034568428993225,-0.9743674993515015,-0.5721385478973389,-0.4022289514541626,2.7909507751464844,-0.11809420585632324,2.9090449810028076,0.047445304691791534,0.025689590722322464,1.6223639249801636e-05,0.0
83.6923076923077,1,3,3,1.0,0,False,0,False,1.439562439918518,2.5839197635650635,-1.1443573236465454,-1.5208948850631714,-2.555464744567871,1.0345698595046997,-0.9743674993515015,-0.5721819400787354,-0.40218555927276606,2.7909507751464844,-0.11816447973251343,2.909115254878998,0.047425173223018646,0.025684628635644913,1.5255063772201538e-05,0.0
83.76923076923077,1,3,3,1.0,0,False,0,False,1.439562439918518,2.5839595794677734,-1.1443971395492554,-1.5208948850631714,-2.555466413497925,1.0345715284347534,-0.9743674993515015,-0.5722241401672363,-0.40214335918426514,2.7909507751464844,-0.11823359876871109,2.9091843739151955,0.047405533492565155,0.02567979320883751,2.4456530809402466e-05,0.0
83.84615384615385,1,3,3,1.0,0,False,0,False,1.439562439918518,2.583998203277588,-1.1444357633590698,-1.5208948850631714,-2.555466651916504,1.0345717668533325,-0.9743674993515015,-0.5722647309303284,-0.40210276842117315,2.7909507751464844,-0.11830075085163116,2.9092515259981155,0.04738637059926987,0.02567511424422264,1.864507794380188e-05,0.0
83.92307692307693,1,3,3,1.0,0,False,0,False,1.439562439918518,2.584036350250244,-1.144473910331726,-1.5208948850631714,-2.555464267730713,1.0345693826675415,-0.9743674993515015,-0.5723041296005249,-0.40206336975097656,2.7909507751464844,-0.11836648732423782,2.909317262470722,0.04736780375242233,0.02567056193947792,1.7918646335601807e-05,0.0
84.0,1,3,3,1.0,0,False,0,False,1.439562439918518,2.5840744972229004,-1.1445120573043823,-1.5208948850631714,-2.5554635524749756,1.0345686674118042,-0.9743674993515015,-0.5723427534103394,-0.4020247459411621,2.7909507751464844,-0.1184312254190445,2.909382000565529,0.04734975844621658,0.025666173547506332,1.2349337339401245e-05,0.0
84.07692307692308,1,3,3,1.0,0,False,0,False,1.439562439918518,2.5841126441955566,-1.1445502042770386,-1.5208948850631714,-2.555462598800659,1.0345677137374878,-0.9743674993515015,-0.5723806619644165,-0.40198683738708496,2.7909507751464844,-0.11849451810121536,2.9094452932476997,0.047332338988780975,0.025661882013082504,2.1792948246002197e-05,0.0
84.15384615384616,1,3,3,1.0,0,False,0,False,1.439562439918518,2.584150791168213,-1.1445883512496948,-1.5208948850631714,-2.5554628372192383,1.034567952156067,-0.9743674993515015,-0.5724178552627563,-0.4019496440887451,2.7909507751464844,-0.11855657398700714,2.9095073491334915,0.04731539636850357,0.02565772458910942,1.9008293747901917e-05,0.0
84.23076923076924,1,3,3,1.0,0,False,0,False,1.439562439918518,2.584188938140869,-1.144626498222351,-1.5208948850631714,-2.5554637908935547,1.0345689058303833,-0.9743674993515015,-0.572454035282135,-0.4019134640693664,2.7909507751464844,-0.11861775815486908,2.9095685333013535,0.047298990190029144,0.02565370872616768,2.251937985420227e-05,0.0
84.3076923076923,1,3,3,1.0,0,False,0,False,1.439562439918518,2.584226369857788,-1.14466392993927,-1.5208948850631714,-2.5554654598236084,1.034570574760437,-0.9743674993515015,-0.5724895000457764,-0.4018779993057251,2.7909507751464844,-0.11867816001176834,2.9096289351582527,0.04728291183710098,0.02564982697367668,1.9855797290802002e-05,0.0
84.38461538461539,1,3,3,1.0,0,False,0,False,1.439562439918518,2.584261894226074,-1.1446994543075562,-1.5208948850631714,-2.555467128753662,1.0345722436904907,-0.9743674993515015,-0.5725240707397461,-0.40184342861175537,2.7909507751464844,-0.1187378540635109,2.9096886292099953,0.04726734012365341,0.025646042078733444,3.0267983675003052e-05,0.0
84.46153846153847,1,3,3,1.0,0,False,0,False,1.439562439918518,2.584292411804199,-1.1447299718856812,-1.5208948850631714,-2.5554659366607666,1.0345710515975952,-0.9743674993515015,-0.5725575089454651,-0.4018099904060364,2.7909507751464844,-0.11879570037126541,2.90974647551775,0.04725220054388046,0.025642376393079758,2.130866050720215e-05,0.0
84.53846153846155,1,3,3,1.0,0,False,0,False,1.439562439918518,2.584321975708008,-1.1447595357894897,-1.5208948850631714,-2.5554611682891846,1.0345662832260132,-0.9743674993515015,-0.5725900530815125,-0.401777446269989,2.7909507751464844,-0.1188521683216095,2.909802943468094,0.04723753780126572,0.025638822466135025,1.912936568260193e-05,0.0
84.61538461538461,1,3,3,1.0,0,False,0,False,1.439562439918518,2.5843505859375,-1.144788146018982,-1.5208948850631714,-2.5554611682891846,1.0345662832260132,-0.9743674993515015,-0.5726217031478882,-0.4017457962036133,2.7909507751464844,-0.11890778690576553,2.90985856205225,0.04722326248884201,0.025635410100221634,2.6635825634002686e-05,0.0
84.6923076923077,1,3,3,1.0,0,False,0,False,1.439562439918518,2.584379196166992,-1.1448167562484741,-1.5208948850631714,-2.5554633140563965,1.034568428993225,-0.9743674993515015,-0.5726527571678162,-0.4017147421836853,2.7909507751464844,-0.11896248161792755,2.909913256764412,0.04720935970544815,0.025632057338953018,2.3487955331802368e-05,0.0
84.76923076923077,1,3,3,1.0,0,False,0,False,1.439562439918518,2.5844078063964844,-1.1448453664779663,-1.5208948850631714,-2.5554654598236084,1.034570574760437,-0.9743674993515015,-0.5726837515830994,-0.4016837477684021,2.7909507751464844,-0.11901798844337463,2.909968763589859,0.047195933759212494,0.025628793984651566,1.5618279576301575e-05,0.0
84.84615384615385,1,3,3,1.0,0,False,0,False,1.439562439918518,2.5844364166259766,-1.1448739767074585,-1.5208948850631714,-2.555468797683716,1.0345739126205444,-0.9743674993515015,-0.5727145671844482,-0.4016529321670532,2.7909507751464844,-0.11907252669334412,2.9100233018398285,0.047183044254779816,0.025625649839639664,2.08243727684021e-05,0.0
84.92307692307693,1,3,3,1.0,0,False,0,False,1.439562439918518,2.5844650268554688,-1.1449025869369507,-1.5208948850631714,-2.5554699897766113,1.03457510471344,-0.9743674993515015,-0.5727443099021912,-0.4016231894493103,2.7909507751464844,-0.11912580579519272,2.910076580941677,0.04717051237821579,0.025622617453336716,1.428648829460144e-05,0.0
85.0,1,3,3,1.0,0,False,0,False,1.439562439918518,2.584493637084961,-1.1449311971664429,-1.5208948850631714,-2.5554683208465576,1.0345734357833862,-0.9743674993515015,-0.5727728605270386,-0.4015946388244629,2.7909507751464844,-0.1191771999001503,2.9101279750466347,0.04715830832719803,0.025619711726903915,2.518296241760254e-05,0.0
85.07692307692308,1,3,3,1.0,0,False,0,False,1.439562439918518,2.584522247314453,-1.144959807395935,-1.5208948850631714,-2.5554652214050293,1.034570336341858,-0.9743674993515015,-0.5728002786636353,-0.4015672206878662,2.7909507751464844,-0.1192270815372467,2.910177856683731,0.04714646190404892,0.02561688795685768,1.4528632164001465e-05,0.0
85.15384615384616,1,3,3,1.0,0,False,0,False,1.439562439918518,2.584550619125366,-1.1449881792068481,-1.5208948850631714,-2.5554628372192383,1.034567952156067,-0.9743674993515015,-0.572826623916626,-0.4015408754348755,2.7909507751464844,-0.11927632242441177,2.910227097570896,0.04713495820760727,0.02561415359377861,2.1187588572502136e-05,0.0
85.23076923076924,1,3,3,1.0,0,False,0,False,1.439562439918518,2.584578275680542,-1.145015835762024,-1.5208948850631714,-2.5554633140563965,1.034568428993225,-0.9743674993515015,-0.5728527903556824,-0.4015147089958191,2.7909507751464844,-0.11932455003261566,2.9102753251791,0.04712384194135666,0.02561153843998909,1.646578311920166e-05,0.0
85.3076923076923,1,3,3,1.0,0,False,0,False,1.439562439918518,2.5846047401428223,-1.1450423002243042,-1.5208948850631714,-2.555464267730713,1.0345693826675415,-0.9743674993515015,-0.5728780031204224,-0.4014894962310791,2.7909507751464844,-0.11937136203050613,2.9103221371769905,0.047113142907619476,0.025608982890844345,1.8402934074401855e-05,0.0
85.38461538461539,1,3,3,1.0,0,False,0,False,1.439562439918518,2.584627151489258,-1.1450647115707397,-1.5208948850631714,-2.5554628372192383,1.034567952156067,-0.9743674993515015,-0.5729019045829773,-0.4014655947685242,2.7909507751464844,-0.11941613256931305,2.9103669077157974,0.04710278660058975,0.02560654655098915,1.3560056686401367e-05,0.0
85.46153846153847,1,3,3,1.0,0,False,0,False,1.439562439918518,2.584646701812744,-1.145084261894226,-1.5208948850631714,-2.5554633140563965,1.034568428993225,-0.9743674993515015,-0.5729255080223083,-0.4014419913291931,2.7909507751464844,-0.11946054548025131,2.9104113206267357,0.04709266871213913,0.02560422196984291,2.639368176460266e-05,0.0
85.53846153846155,1,3,3,1.0,0,False,0,False,1.439562439918518,2.5846657752990723,-1.1451033353805542,-1.5208948850631714,-2.555464744567871,1.0345698595046997,-0.9743674993515015,-0.5729474425315857,-0.40142005681991577,2.7909507751464844,-0.11950421333312988,2.9104549884796143,0.04708283394575119,0.025601942092180252,1.4044344425201416e-05,0.0
85.61538461538461,1,3,3,1.0,0,False,0,False,1.439562439918518,2.5846848487854004,-1.1451224088668823,-1.5208948850631714,-2.555466651916504,1.0345717668533325,-0.9743674993515015,-0.5729689002037048,-0.40139859914779663,2.7909507751464844,-0.11954689025878906,2.9104976654052734,0.047073282301425934,0.025599736720323563,1.4044344425201416e-05,0.0
85.6923076923077,1,3,3,1.0,0,False,0,False,1.439562439918518,2.5847039222717285,-1.1451414823532104,-1.5208948850631714,-2.5554697513580322,1.0345748662948608,-0.9743674993515015,-0.572990357875824,-0.40137714147567743,2.7909507751464844,-0.11958835273981094,2.9105391278862953,0.047064147889614105,0.025597605854272842,1.5739351511001587e-05,0.0
85.76923076923077,1,3,3,1.0,0,False,0,False,1.439562439918518,2.5847229957580566,-1.1451605558395386,-1.5208948850631714,-2.5554709434509277,1.0345760583877563,-0.9743674993515015,-0.5730115175247192,-0.4013559818267822,2.7909507751464844,-0.1196291372179985,2.910579912364483,0.047055162489414215,0.025595534592866898,1.0170042514801025e-05,0.0
85.84615384615385,1,3,3,1.0,0,False,0,False,1.439562439918518,2.5847420692443848,-1.1451796293258667,-1.5208948850631714,-2.5554733276367188,1.0345784425735474,-0.9743674993515015,-0.5730308890342712,-0.40133661031723017,2.7909507751464844,-0.11966916173696518,2.9106199368834496,0.04704643040895462,0.02559351548552513,1.9613653421401978e-05,0.0
85.92307692307693,1,3,3,1.0,0,False,0,False,1.439562439918518,2.584761142730713,-1.1451987028121948,-1.5208948850631714,-2.5554749965667725,1.034580111503601,-0.9743674993515015,-0.5730499625205994,-0.40131753683090216,2.7909507751464844,-0.11970854550600052,2.910659320652485,0.04703810065984726,0.02559155598282814,1.8402934074401855e-05,0.0
86.0,1,3,3,1.0,0,False,0,False,1.439562439918518,2.584780216217041,-1.145217776298523,-1.5208948850631714,-2.555476188659668,1.0345813035964966,-0.9743674993515015,-0.5730690360069275,-0.401298463344574,2.7909507751464844,-0.11974629014730453,2.910697065293789,0.047030068933963776,0.025589685887098312,1.4528632164001465e-05,0.0
86.07692307692308,1,3,3,1.0,0,False,0,False,1.439562439918518,2.584799289703369,-1.145236849784851,-1.5208948850631714,-2.5554757118225098,1.0345808267593384,-0.9743674993515015,-0.5730881094932556,-0.40127938985824585,2.7909507751464844,-0.11978310346603394,2.9107338786125183,0.04702229052782059,0.025587860494852066,1.7918646335601807e-05,0.0
86.15384615384616,1,3,3,1.0,0,False,0,False,1.439562439918518,2.5848183631896973,-1.1452559232711792,-1.5208948850631714,-2.5554752349853516,1.0345803499221802,-0.9743674993515015,-0.5731067657470703,-0.40126073360443115,2.7909507751464844,-0.11981922388076782,2.910769999027252,0.047014690935611725,0.025586087256669998,1.3317912817001343e-05,0.0
86.23076923076924,1,3,3,1.0,0,False,0,False,1.439562439918518,2.5848374366760254,-1.1452749967575073,-1.5208948850631714,-2.5554752349853516,1.0345803499221802,-0.9743674993515015,-0.5731244683265686,-0.4012430310249328,2.7909507751464844,-0.11985421180725098,2.9108049869537354,0.04700746387243271,0.025584395974874496,1.4528632164001465e-05,0.0
86.3076923076923,1,3,3,1.0,0,False,0,False,1.439562439918518,2.5848565101623535,-1.1452940702438354,-1.5208948850631714,-2.555476427078247,1.0345815420150757,-0.9743674993515015,-0.5731414556503296,-0.40122604370117193,2.7909507751464844,-0.11988808959722519,2.9108388647437096,0.04700050503015518,0.02558278664946556,1.8281862139701843e-05,0.0
86.38461538461539,1,3,3,1.0,0,False,0,False,1.439562439918518,2.5848755836486816,-1.1453131437301636,-1.5208948850631714,-2.5554778575897217,1.0345829725265503,-0.9743674993515015,-0.5731581449508667,-0.40120935440063477,2.7909507751464844,-0.11992112547159195,2.9108719006180763,0.0469936802983284,0.025581199675798416,1.3923272490501404e-05,0.0
86.46153846153847,1,3,3,1.0,0,False,0,False,1.439562439918518,2.5848946571350098,-1.1453322172164917,-1.5208948850631714,-2.555479049682617,1.0345841646194458,-0.9743674993515015,-0.5731748342514038,-0.40119266510009766,2.7909507751464844,-0.11995316296815872,2.910903938114643,0.04698701947927475,0.025579649955034256,1.973472535610199e-05,0.0
86.53846153846155,1,3,3,1.0,0,False,0,False,1.439562439918518,2.5849132537841797,-1.1453508138656616,-1.5208948850631714,-2.555480718612671,1.0345858335494995,-0.9743674993515015,-0.5731911659240723,-0.4011763334274292,2.7909507751464844,-0.11998509615659714,2.9109358713030815,0.04698052257299423,0.02557813748717308,2.130866050720215e-05,0.0
86.61538461538461,1,3,3,1.0,0,False,0,False,1.439562439918518,2.584930419921875,-1.145367980003357,-1.5208948850631714,-2.555481433868408,1.0345865488052368,-0.9743674993515015,-0.5732065439224243,-0.40116095542907715,2.7909507751464844,-0.12001630663871765,2.910967081785202,0.04697436839342117,0.025576669722795486,2.0461156964302063e-05,0.0
86.6923076923077,1,3,3,1.0,0,False,0,False,1.439562439918518,2.5849416255950928,-1.1453791856765747,-1.5208948850631714,-2.5554797649383545,1.034584879875183,-0.9743674993515015,-0.5732209086418152,-0.4011465907096862,2.7909507751464844,-0.12004652619361877,2.910997301340103,0.046968333423137665,0.025575261563062668,2.3972243070602417e-05,0.0
86.76923076923077,1,3,3,1.0,0,False,0,False,1.439562439918518,2.584951400756836,-1.1453889608383179,-1.5208948850631714,-2.5554795265197754,1.034584641456604,-0.9743674993515015,-0.5732352137565613,-0.4011322855949402,2.7909507751464844,-0.12007630616426468,2.911027081310749,0.04696247726678848,0.02557392790913582,2.251937985420227e-05,0.0
86.84615384615385,1,3,3,1.0,0,False,0,False,1.439562439918518,2.5849618911743164,-1.1453994512557983,-1.5208948850631714,-2.555478811264038,1.0345839262008667,-0.9743674993515015,-0.5732495188713074,-0.4011179804801941,2.7909507751464844,-0.12010499835014343,2.911055773496628,0.04695691913366318,0.025572653859853745,1.150183379650116e-05,0.0
86.92307692307693,1,3,3,1.0,0,False,0,False,1.439562439918518,2.5849719047546387,-1.1454094648361206,-1.5208948850631714,-2.5554747581481934,1.034579873085022,-0.9743674993515015,-0.5732637643814087,-0.4011037349700928,2.7909507751464844,-0.12013223767280579,2.91108301281929,0.046951569616794586,0.025571387261152267,1.428648829460144e-05,0.0
87.0,1,3,3,1.0,0,False,0,False,1.439562439918518,2.58498215675354,-1.145419716835022,-1.5208948850631714,-2.5554654598236084,1.034570574760437,-0.9743674993515015,-0.5732773542404175,-0.401090145111084,2.7909507751464844,-0.12015873938798904,2.9111095145344734,0.04694630950689316,0.02557021751999855,2.0582228899002075e-05,0.0
87.07692307692308,1,3,3,1.0,0,False,0,False,1.439562439918518,2.584993362426758,-1.1454309225082397,-1.5208948850631714,-2.5554590225219727,1.0345641374588013,-0.9743674993515015,-0.5732892751693726,-0.4010782241821289,2.7909507751464844,-0.12018495798110962,2.911135733127594,0.04694119840860367,0.025569062680006027,1.8887221813201904e-05,0.0
87.15384615384616,1,3,3,1.0,0,False,0,False,1.439562439918518,2.585003614425659,-1.1454411745071411,-1.5208948850631714,-2.5554556846618652,1.0345607995986938,-0.9743674993515015,-0.5733011960983276,-0.40106630325317383,2.7909507751464844,-0.12021051347255707,2.9111612886190414,0.046936340630054474,0.02556796744465828,2.4335458874702454e-05,0.0
87.23076923076924,1,3,3,1.0,0,False,0,False,1.439562439918518,2.5850133895874023,-1.1454509496688843,-1.5208948850631714,-2.5554518699645996,1.0345569849014282,-0.9743674993515015,-0.5733131170272827,-0.40105438232421875,2.7909507751464844,-0.12023507803678513,2.9111858531832695,0.04693175107240677,0.025566909462213516,1.4407560229301453e-05,0.0
87.3076923076923,1,3,3,1.0,0,False,0,False,1.439562439918518,2.5850229263305664,-1.1454604864120483,-1.5208948850631714,-2.555445671081543,1.0345507860183716,-0.9743674993515015,-0.5733250379562378,-0.40104246139526367,2.7909507751464844,-0.12025871127843857,2.911209486424923,0.04692723602056503,0.025565873831510544,2.130866050720215e-05,0.0
87.38461538461539,1,3,3,1.0,0,False,0,False,1.439562439918518,2.5850324630737305,-1.1454700231552124,-1.5208948850631714,-2.5554404258728027,1.0345455408096313,-0.9743674993515015,-0.5733369588851929,-0.4010305404663086,2.7909507751464844,-0.12028147280216217,2.9112322479486465,0.0469229593873024,0.025564897805452347,1.2833625078201294e-05,0.0
87.46153846153847,1,3,3,1.0,0,False,0,False,1.439562439918518,2.5850419998168945,-1.1454795598983765,-1.5208948850631714,-2.555434226989746,1.0345393419265747,-0.9743674993515015,-0.5733476281166077,-0.40101987123489385,2.7909507751464844,-0.12030356377363205,2.9112543389201164,0.04691869765520096,0.025563988834619522,1.1380761861801147e-05,0.0
87.53846153846155,1,3,3,1.0,0,False,0,False,1.439562439918518,2.5850515365600586,-1.1454890966415405,-1.5208948850631714,-2.555428981781006,1.0345340967178345,-0.9743674993515015,-0.5733571648597717,-0.4010103344917297,2.7909507751464844,-0.12032506614923477,2.911275841295719,0.046914614737033844,0.025563102215528488,1.5012919902801514e-05,0.0
87.61538461538461,1,3,3,1.0,0,False,0,False,1.439562439918518,2.5850610733032227,-1.1454986333847046,-1.5208948850631714,-2.5554280281066895,1.034533143043518,-0.9743674993515015,-0.573366641998291,-0.40100085735321045,2.7909507751464844,-0.12034563720226288,2.9112964123487473,0.0469106063246727,0.02556222304701805,1.8887221813201904e-05,0.0
87.6923076923077,1,3,3,1.0,0,False,0,False,1.439562439918518,2.5850706100463867,-1.1455081701278687,-1.5208948850631714,-2.5554306507110596,1.0345357656478882,-0.9743674993515015,-0.5733746886253357,-0.40099281072616577,2.7909507751464844,-0.12036547064781189,2.9113162457942963,0.04690670222043991,0.0255613811314106,1.7797574400901794e-05,0.0
87.76923076923077,1,3,3,1.0,0,False,0,False,1.439562439918518,2.585080146789551,-1.1455177068710327,-1.5208948850631714,-2.5554301738739014,1.03453528881073,-0.9743674993515015,-0.5733818411827087,-0.40098565816879267,2.7909507751464844,-0.12038455158472061,2.911335326731205,0.04690302163362503,0.02556057646870613,2.3487955331802368e-05,0.0
87.84615384615385,1,3,3,1.0,0,False,0,False,1.439562439918518,2.585089683532715,-1.1455272436141968,-1.5208948850631714,-2.555424928665161,1.0345300436019897,-0.9743674993515015,-0.573390007019043,-0.4009774923324585,2.7909507751464844,-0.12040259689092636,2.9113533720374107,0.04689960926771164,0.02555977925658226,1.6586855053901672e-05,0.0
87.92307692307693,1,3,3,1.0,0,False,0,False,1.439562439918518,2.585099220275879,-1.1455367803573608,-1.5208948850631714,-2.5554215908050537,1.0345267057418823,-0.9743674993515015,-0.5733984112739563,-0.40096908807754517,2.7909507751464844,-0.1204204335808754,2.9113712087273598,0.0468963161110878,0.025559019297361374,2.2398307919502258e-05,0.0
88.0,1,3,3,1.0,0,False,0,False,1.439562439918518,2.585108757019043,-1.145546317100525,-1.5208948850631714,-2.55541729927063,1.0345224142074585,-0.9743674993515015,-0.5734058022499084,-0.4009616971015931,2.7909507751464844,-0.12043813616037369,2.911388911306858,0.04689306765794754,0.025558296591043472,1.6102567315101624e-05,0.0
88.07692307692308,1,3,3,1.0,0,False,0,False,1.439562439918518,2.585118293762207,-1.145555853843689,-1.5208948850631714,-2.555415153503418,1.0345202684402466,-0.9743674993515015,-0.5734132528305054,-0.4009542465209961,2.7909507751464844,-0.12045563757419586,2.9114064127206802,0.04688989371061325,0.025557611137628555,2.191402018070221e-05,0.0
88.15384615384616,1,3,3,1.0,0,False,0,False,1.439562439918518,2.585127830505371,-1.145565390586853,-1.5208948850631714,-2.5554182529449463,1.034523367881775,-0.9743674993515015,-0.5734204053878784,-0.40094709396362305,2.7909507751464844,-0.1204727292060852,2.9114235043525696,0.046886809170246124,0.025556903332471848,1.9371509552001953e-05,0.0
88.23076923076924,1,3,3,1.0,0,False,0,False,1.439562439918518,2.585137367248535,-1.145574927330017,-1.5208948850631714,-2.555419921875,1.0345250368118286,-0.9743674993515015,-0.5734276175498962,-0.4009398818016052,2.7909507751464844,-0.1204896792769432,2.9114404544234276,0.046883948147296906,0.025556262582540512,2.203509211540222e-05,0.0
88.3076923076923,1,3,3,1.0,0,False,0,False,1.439562439918518,2.585146903991699,-1.1455844640731812,-1.5208948850631714,-2.5554208755493164,1.034525990486145,-0.9743674993515015,-0.5734348297119141,-0.4009326696395874,2.7909507751464844,-0.12050645053386688,2.9114572256803513,0.0468810573220253,0.025555629283189774,2.130866050720215e-05,0.0
88.38461538461539,1,3,3,1.0,0,False,0,False,1.439562439918518,2.5851564407348633,-1.1455940008163452,-1.5208948850631714,-2.555419921875,1.0345250368118286,-0.9743674993515015,-0.5734421014785767,-0.4009253978729248,2.7909507751464844,-0.12052343785762787,2.9114742130041122,0.04687822610139847,0.025554973632097244,1.210719347000122e-05,0.0
88.46153846153847,1,3,3,1.0,0,False,0,False,1.439562439918518,2.5851659774780273,-1.1456035375595093,-1.5208948850631714,-2.5554187297821045,1.034523844718933,-0.9743674993515015,-0.5734492540359497,-0.40091824531555176,2.7909507751464844,-0.12054048478603363,2.911491259932518,0.04687563329935074,0.025554362684488297,1.5497207641601562e-05,0.0
88.53846153846155,1,3,3,1.0,0,False,0,False,1.439562439918518,2.585175037384033,-1.1456125974655151,-1.5208948850631714,-2.555420398712158,1.0345255136489868,-0.9743674993515015,-0.5734564065933228,-0.4009110927581787,2.7909507751464844,-0.12055711448192596,2.9115078896284103,0.04687318950891495,0.02555375173687935,1.9855797290802002e-05,0.0
88.61538461538461,1,3,3,1.0,0,False,0,False,1.439562439918518,2.5851833820343018,-1.1456209421157837,-1.5208948850631714,-2.555429458618164,1.0345345735549927,-0.9743674993515015,-0.5734635591506958,-0.4009039402008057,2.7909507751464844,-0.12057328969240189,2.9115240648388863,0.04687080532312393,0.02555317059159279,1.2833625078201294e-05,0.0
88.6923076923077,1,3,3,1.0,0,False,0,False,1.439562439918518,2.5851891040802,-1.1456266641616821,-1.5208948850631714,-2.555433511734009,1.0345386266708374,-0.9743674993515015,-0.5734707117080688,-0.4008967876434326,2.7909507751464844,-0.12058906257152557,2.91153983771801,0.04686855524778366,0.025552619248628616,1.695007085800171e-05,0.0
88.76923076923077,1,3,3,1.0,0,False,0,False,1.439562439918518,2.585190534591675,-1.1456280946731567,-1.5208948850631714,-2.555440902709961,1.0345460176467896,-0.9743674993515015,-0.5734778642654419,-0.40088963508605957,2.7909507751464844,-0.12060409784317017,2.9115548729896545,0.04686618596315384,0.02555207535624504,1.8766149878501892e-05,0.0
88.84615384615385,1,3,3,1.0,0,False,0,False,1.439562439918518,2.5851950645446777,-1.1456326246261597,-1.5208948850631714,-2.5554440021514893,1.0345491170883179,-0.9743674993515015,-0.5734850168228149,-0.4008824825286865,2.7909507751464844,-0.12061894685029984,2.911569721996784,0.04686402529478073,0.025551553815603256,1.8402934074401855e-05,0.0
88.92307692307693,1,3,3,1.0,0,False,0,False,1.439562439918518,2.5852017402648926,-1.1456393003463745,-1.5208948850631714,-2.555443286895752,1.0345484018325806,-0.9743674993515015,-0.573492169380188,-0.4008753299713135,2.7909507751464844,-0.12063351273536682,2.911584287881851,0.0468619242310524,0.02555103227496147,1.3438984751701355e-05,0.0
89.0,1,3,3,1.0,0,False,0,False,1.439562439918518,2.585209608078003,-1.1456471681594849,-1.5208948850631714,-2.555445671081543,1.0345507860183716,-0.9743674993515015,-0.573499321937561,-0.40086817741394043,2.7909507751464844,-0.12064831703901291,2.9115990921854973,0.04685976356267929,0.025550540536642075,9.080395102500916e-06,0.0
89.07692307692308,1,3,3,1.0,0,False,0,False,1.439562439918518,2.5852181911468506,-1.1456557512283325,-1.5208948850631714,-2.555447578430176,1.0345526933670044,-0.9743674993515015,-0.5735064744949341,-0.4008610248565674,2.7909507751464844,-0.12066271901130676,2.911613494157791,0.04685793071985245,0.025550048798322678,2.5667250156402588e-05,0.0
89.15384615384616,1,3,3,1.0,0,False,0,False,1.439562439918518,2.5852267742156982,-1.1456643342971802,-1.5208948850631714,-2.5554487705230713,1.0345538854599,-0.9743674993515015,-0.5735136270523071,-0.40085387229919434,2.7909507751464844,-0.12067622691392899,2.9116270020604134,0.0468561127781868,0.02554958686232567,2.5909394025802612e-05,0.0
89.23076923076924,1,3,3,1.0,0,False,0,False,1.439562439918518,2.585233688354492,-1.1456712484359741,-1.5208948850631714,-2.555448532104492,1.0345536470413208,-0.9743674993515015,-0.5735207796096802,-0.4008467197418213,2.7909507751464844,-0.12068935483694077,2.911640129983425,0.046854354441165924,0.025549110025167465,2.1066516637802124e-05,0.0
89.3076923076923,1,3,3,1.0,0,False,0,False,1.439562439918518,2.585240602493286,-1.145678162574768,-1.5208948850631714,-2.555440902709961,1.0345460176467896,-0.9743674993515015,-0.5735276937484741,-0.40083980560302734,2.7909507751464844,-0.12070249766111374,2.911653272807598,0.04685262590646744,0.02554868534207344,2.0582228899002075e-05,0.0
89.38461538461539,1,3,3,1.0,0,False,0,False,1.439562439918518,2.585247755050659,-1.1456853151321411,-1.5208948850631714,-2.555436849594116,1.0345419645309448,-0.9743674993515015,-0.5735337138175964,-0.40083378553390503,2.7909507751464844,-0.12071529030799866,2.911666065454483,0.046850986778736115,0.02554827556014061,1.6102567315101624e-05,0.0
89.46153846153847,1,3,3,1.0,0,False,0,False,1.439562439918518,2.585251569747925,-1.1456891298294067,-1.5208948850631714,-2.555434226989746,1.0345393419265747,-0.9743674993515015,-0.5735395550727844,-0.40082794427871704,2.7909507751464844,-0.12072710692882538,2.9116778820753098,0.04684952646493912,0.025547947734594345,1.0291114449501038e-05,0.0
89.53846153846155,1,3,3,1.0,0,False,0,False,1.439562439918518,2.585252285003662,-1.145689845085144,-1.5208948850631714,-2.555432081222534,1.0345371961593628,-0.9743674993515015,-0.5735443830490112,-0.40082311630249023,2.7909507751464844,-0.12073809653520584,2.91168887168169,0.04684806615114212,0.025547649711370468,1.9855797290802002e-05,0.0
89.61538461538463,1,3,3,1.0,0,False,0,False,1.439562439918518,2.585254192352295,-1.1456917524337769,-1.5208948850631714,-2.555431604385376,1.0345367193222046,-0.9743674993515015,-0.5735491514205933,-0.4008183479309082,2.7909507751464844,-0.12074825912714005,2.9116990342736244,0.04684654623270035,0.025547359138727188,1.4044344425201416e-05,0.0
89.6923076923077,1,3,3,1.0,0,False,0,False,1.439562439918518,2.585254430770874,-1.145691990852356,-1.5208948850631714,-2.5554354190826416,1.0345405340194702,-0.9743674993515015,-0.573553740978241,-0.4008137583732605,2.7909507751464844,-0.12075763940811157,2.911708414554596,0.04684504121541977,0.025547098368406296,1.6102567315101624e-05,0.0
89.76923076923077,1,3,3,1.0,0,False,0,False,1.439562439918518,2.585254430770874,-1.145691990852356,-1.5208948850631714,-2.5554416179656982,1.0345467329025269,-0.9743674993515015,-0.5735567808151245,-0.400810718536377,2.7909507751464844,-0.12076613306999207,2.9117169082164764,0.04684368520975113,0.025546837598085403,1.9613653421401978e-05,0.0
89.84615384615385,1,3,3,1.0,0,False,0,False,1.439562439918518,2.585254430770874,-1.145691990852356,-1.5208948850631714,-2.555443525314331,1.0345486402511597,-0.9743674993515015,-0.5735592842102051,-0.4008082151412964,2.7909507751464844,-0.12077408283948898,2.9117248579859734,0.04684235900640488,0.025546599179506302,1.1743977665901184e-05,0.0
89.92307692307693,1,3,3,1.0,0,False,0,False,1.439562439918518,2.585254430770874,-1.145691990852356,-1.5208948850631714,-2.555445671081543,1.0345507860183716,-0.9743674993515015,-0.5735616683959961,-0.40080583095550537,2.7909507751464844,-0.12078210711479187,2.9117328822612762,0.046841032803058624,0.025546368211507797,9.927898645401001e-06,0.0
90.0,1,3,3,1.0,0,False,0,False,1.439562439918518,2.5852551460266113,-1.1456927061080933,-1.5208948850631714,-2.555447578430176,1.0345526933670044,-0.9743674993515015,-0.5735640525817871,-0.4008034467697144,2.7909507751464844,-0.1207902580499649,2.9117410331964493,0.046839721500873566,0.0255461223423481,1.150183379650116e-05,0.0
90.07692307692308,1,3,3,1.0,0,False,0,False,1.439562439918518,2.585256338119507,-1.1456938982009888,-1.5208948850631714,-2.555447578430176,1.0345526933670044,-0.9743674993515015,-0.5735664367675781,-0.40080106258392334,2.7909507751464844,-0.12079820036888123,2.9117489755153656,0.04683841019868851,0.02554589882493019,1.5133991837501526e-05,0.0
90.15384615384616,1,3,3,1.0,0,False,0,False,1.439562439918518,2.5852601528167725,-1.1456977128982544,-1.5208948850631714,-2.5554404258728027,1.0345455408096313,-0.9743674993515015,-0.5735695958137512,-0.40079790353775024,2.7909507751464844,-0.12080620229244232,2.9117569774389267,0.046837128698825836,0.025545675307512283,1.1380761861801147e-05,0.0
90.23076923076924,1,3,3,1.0,0,False,0,False,1.439562439918518,2.585263729095459,-1.145701289176941,-1.5208948850631714,-2.5554370880126953,1.034542202949524,-0.9743674993515015,-0.5735724568367004,-0.400795042514801,2.7909507751464844,-0.12081456929445267,2.911765344440937,0.04683590680360794,0.025545436888933182,1.428648829460144e-05,0.0
90.3076923076923,1,3,3,1.0,0,False,0,False,1.439562439918518,2.58526873588562,-1.145706295967102,-1.5208948850631714,-2.5554356575012207,1.0345407724380493,-0.9743674993515015,-0.5735763311386108,-0.4007911682128906,2.7909507751464844,-0.12082265317440033,2.9117734283208847,0.04683492332696915,0.025545191019773483,1.041218638420105e-05,0.0
90.38461538461539,1,3,3,1.0,0,False,0,False,1.439562439918518,2.585270643234253,-1.1457082033157349,-1.5208948850631714,-2.5554332733154297,1.0345383882522583,-0.9743674993515015,-0.5735803842544556,-0.4007871150970459,2.7909507751464844,-0.12082996964454651,2.911780744791031,0.04683401435613632,0.02554496005177498,1.2349337339401245e-05,0.0
90.46153846153847,1,3,3,1.0,0,False,0,False,1.439562439918518,2.5852720737457275,-1.1457096338272095,-1.5208948850631714,-2.5554301738739014,1.03453528881073,-0.9743674993515015,-0.5735828876495361,-0.4007846117019654,2.7909507751464844,-0.12083687633275986,2.9117876514792442,0.0468331053853035,0.025544721633195877,1.8524006009101868e-05,0.0
90.53846153846155,1,3,3,1.0,0,False,0,False,1.439562439918518,2.585273265838623,-1.145710825920105,-1.5208948850631714,-2.5554256439208984,1.034530758857727,-0.9743674993515015,-0.5735853314399719,-0.40078216791152954,2.7909507751464844,-0.12084329128265381,2.911794066429138,0.04683218151330948,0.025544505566358566,1.5739351511001587e-05,0.0
90.61538461538463,1,3,3,1.0,0,False,0,False,1.439562439918518,2.5852761268615723,-1.1457136869430542,-1.5208948850631714,-2.5554234981536865,1.0345286130905151,-0.9743674993515015,-0.5735878348350525,-0.400779664516449,2.7909507751464844,-0.12084881216287613,2.9117995873093605,0.046831510961055756,0.025544364005327225,1.259148120880127e-05,0.0
90.6923076923077,1,3,3,1.0,0,False,0,False,1.439562439918518,2.585277795791626,-1.145715355873108,-1.5208948850631714,-2.5554230213165283,1.034528136253357,-0.9743674993515015,-0.5735902190208435,-0.40077728033065796,2.7909507751464844,-0.12085380405187607,2.9118045791983604,0.046830661594867706,0.0255441777408123,1.7434358596801758e-05,0.0
90.76923076923077,1,3,3,1.0,0,False,0,False,1.439562439918518,2.5852787494659424,-1.1457163095474243,-1.5208948850631714,-2.5554213523864746,1.0345264673233032,-0.9743674993515015,-0.5735926032066345,-0.40077489614486694,2.7909507751464844,-0.12085891515016556,2.91180969029665,0.04682975262403488,0.02554398402571678,1.428648829460144e-05,0.0
90.84615384615385,1,3,3,1.0,0,False,0,False,1.439562439918518,2.585282564163208,-1.14572012424469,-1.5208948850631714,-2.555421829223633,1.0345269441604614,-0.9743674993515015,-0.5735949873924255,-0.4007725119590759,2.7909507751464844,-0.1208639144897461,2.9118146896362305,0.046828873455524445,0.02554379776120186,1.3075768947601318e-05,0.0
90.92307692307693,1,3,3,1.0,0,False,0,False,1.439562439918518,2.5852837562561035,-1.1457213163375854,-1.5208948850631714,-2.5554208755493164,1.034525990486145,-0.9743674993515015,-0.5735973715782166,-0.4007701277732849,2.7909507751464844,-0.12086857110261917,2.9118193462491035,0.046828217804431915,0.025543678551912308,1.6586855053901672e-05,0.0
91.0,1,3,3,1.0,0,False,0,False,1.439562439918518,2.5852839946746826,-1.1457215547561646,-1.5208948850631714,-2.555419445037842,1.0345245599746704,-0.9743674993515015,-0.5735997557640076,-0.40076774358749384,2.7909507751464844,-0.12087306380271912,2.9118238389492035,0.04682742804288864,0.02554352954030037,1.0170042514801025e-05,0.0
91.07692307692308,1,3,3,1.0,0,False,0,False,1.439562439918518,2.585287570953369,-1.145725131034851,-1.5208948850631714,-2.5554206371307373,1.034525752067566,-0.9743674993515015,-0.5736021399497986,-0.4007653594017029,2.7909507751464844,-0.12087774276733398,2.9118285179138184,0.046826623380184174,0.025543373078107834,1.2349337339401245e-05,0.0
91.15384615384616,1,3,3,1.0,0,False,0,False,1.439562439918518,2.585287570953369,-1.145725131034851,-1.5208948850631714,-2.5554189682006836,1.0345240831375122,-0.9743674993515015,-0.5736045241355896,-0.40076297521591187,2.7909507751464844,-0.12088232487440109,2.9118331000208855,0.04682605713605881,0.02554326131939888,1.1622905731201172e-05,0.0
91.23076923076924,1,3,3,1.0,0,False,0,False,1.439562439918518,2.5852882862091064,-1.1457258462905884,-1.5208948850631714,-2.5554184913635254,1.034523606300354,-0.9743674993515015,-0.5736069083213806,-0.40076059103012085,2.7909507751464844,-0.12088668346405029,2.9118374586105347,0.046825431287288666,0.025543157011270523,1.319684088230133e-05,0.0
91.3076923076923,1,3,3,1.0,0,False,0,False,1.439562439918518,2.5852904319763184,-1.1457279920578003,-1.5208948850631714,-2.555419683456421,1.0345247983932495,-0.9743674993515015,-0.5736092925071716,-0.40075820684432983,2.7909507751464844,-0.12089094519615173,2.911841720342636,0.04682476073503494,0.025543052703142166,1.7918646335601807e-05,0.0
91.38461538461539,1,3,3,1.0,0,False,0,False,1.439562439918518,2.585292339324951,-1.145729899406433,-1.5208948850631714,-2.555417776107788,1.0345228910446167,-0.9743674993515015,-0.5736116766929626,-0.4007558226585388,2.7909507751464844,-0.12089533358812332,2.9118461087346077,0.04682411998510361,0.025542955845594406,1.5133991837501526e-05,0.0
91.46153846153847,1,3,3,1.0,0,False,0,False,1.439562439918518,2.585293769836426,-1.1457313299179077,-1.5208948850631714,-2.555417776107788,1.0345228910446167,-0.9743674993515015,-0.5736140608787537,-0.4007534384727478,2.7909507751464844,-0.1208999752998352,2.9118507504463196,0.04682347923517227,0.02554279938340187,1.5739351511001587e-05,0.0
91.53846153846155,1,3,3,1.0,0,False,0,False,1.439562439918518,2.585294485092163,-1.145732045173645,-1.5208948850631714,-2.5554182529449463,1.034523367881775,-0.9743674993515015,-0.5736164450645447,-0.4007510542869568,2.7909507751464844,-0.12090462446212769,2.911855399608612,0.04682301729917526,0.02554270252585411,9.32253897190094e-06,0.0
91.61538461538463,1,3,3,1.0,0,False,0,False,1.439562439918518,2.585294485092163,-1.145732045173645,-1.5208948850631714,-2.5554168224334717,1.0345219373703003,-0.9743674993515015,-0.5736188292503357,-0.40074867010116577,2.7909507751464844,-0.12090916186571121,2.9118599370121956,0.046822644770145416,0.025542613118886948,1.3075768947601318e-05,0.0
91.6923076923077,1,3,3,1.0,0,False,0,False,1.439562439918518,2.5852982997894287,-1.1457358598709106,-1.5208948850631714,-2.555417537689209,1.0345226526260376,-0.9743674993515015,-0.5736212134361267,-0.40074628591537476,2.7909507751464844,-0.120913565158844,2.9118643403053284,0.046822212636470795,0.02554253861308098,1.707114279270172e-05,0.0
91.76923076923077,1,3,3,1.0,0,False,0,False,1.439562439918518,2.5852999687194824,-1.1457375288009644,-1.5208948850631714,-2.55541729927063,1.0345224142074585,-0.9743674993515015,-0.5736235976219177,-0.40074390172958374,2.7909507751464844,-0.12091793864965439,2.9118687137961388,0.04682188481092453,0.025542471557855606,2.191402018070221e-05,0.0
91.84615384615385,1,3,3,1.0,0,False,0,False,1.439562439918518,2.5852999687194824,-1.1457375288009644,-1.5208948850631714,-2.5554161071777344,1.034521222114563,-0.9743674993515015,-0.5736259818077087,-0.4007415175437928,2.7909507751464844,-0.12092215567827225,2.9118729308247566,0.04682145267724991,0.025542374700307846,9.443610906600952e-06,0.0
91.92307692307693,1,3,3,1.0,0,False,0,False,1.439562439918518,2.5852999687194824,-1.1457375288009644,-1.5208948850631714,-2.5554139614105225,1.034519076347351,-0.9743674993515015,-0.573628306388855,-0.4007391929626465,2.7909507751464844,-0.12092652171850204,2.9118772968649864,0.04682096093893051,0.02554231509566307,1.0291114449501038e-05,0.0
92.0,1,3,3,1.0,0,False,0,False,1.439562439918518,2.5852999687194824,-1.1457375288009644,-1.5208948850631714,-2.5554115772247314,1.03451669216156,-0.9743674993515015,-0.5736302733421326,-0.4007372260093689,2.7909507751464844,-0.12093054503202438,2.9118813201785088,0.0468207523226738,0.025542255491018295,1.1743977665901184e-05,0.0
92.07692307692308,1,3,3,1.0,0,False,0,False,1.439562439918518,2.5852999687194824,-1.1457375288009644,-1.5208948850631714,-2.5554091930389404,1.034514307975769,-0.9743674993515015,-0.5736314654350281,-0.4007360339164734,2.7909507751464844,-0.12093430012464523,2.9118850752711296,0.046820469200611115,0.025542210787534714,8.959323167800903e-06,0.0
92.15384615384616,1,3,3,1.0,0,False,0,False,1.439562439918518,2.5852999687194824,-1.1457375288009644,-1.5208948850631714,-2.5554068088531494,1.034511923789978,-0.9743674993515015,-0.5736318826675415,-0.40073561668395996,2.7909507751464844,-0.12093790620565414,2.9118886813521385,0.04682011157274246,0.025542158633470535,1.150183379650116e-05,0.0
92.23076923076924,1,3,3,1.0,0,False,0,False,1.439562439918518,2.5853002071380615,-1.1457377672195435,-1.5208948850631714,-2.555405855178833,1.0345109701156616,-0.9743674993515015,-0.5736331343650818,-0.4007343649864196,2.7909507751464844,-0.12094125151634216,2.9118920266628265,0.046819768846035004,0.025542128831148148,1.7918646335601807e-05,0.0
92.3076923076923,1,3,3,1.0,0,False,0,False,1.439562439918518,2.585301160812378,-1.1457387208938599,-1.5208948850631714,-2.5554065704345703,1.034511685371399,-0.9743674993515015,-0.5736334919929504,-0.400734007358551,2.7909507751464844,-0.12094448506832123,2.9118952602148056,0.04681941121816635,0.025542084127664566,1.6707926988601685e-05,0.0
92.38461538461539,1,3,3,1.0,0,False,0,False,1.439562439918518,2.585301160812378,-1.1457387208938599,-1.5208948850631714,-2.5554068088531494,1.034511923789978,-0.9743674993515015,-0.5736339688301086,-0.4007335305213928,2.7909507751464844,-0.12094763666391373,2.911898411810398,0.04681906849145889,0.02554204687476158,8.596107363700867e-06,0.0
92.46153846153847,1,3,3,1.0,0,False,0,False,1.439562439918518,2.585301160812378,-1.1457387208938599,-1.5208948850631714,-2.5554068088531494,1.034511923789978,-0.9743674993515015,-0.5736339688301086,-0.4007335305213928,2.7909507751464844,-0.12095125764608383,2.911902032792568,0.04681868106126785,0.025541994720697403,1.4165416359901428e-05,0.0
92.53846153846155,1,3,3,1.0,0,False,0,False,1.439562439918518,2.585301160812378,-1.1457387208938599,-1.5208948850631714,-2.5554051399230957,1.0345102548599243,-0.9743674993515015,-0.573634147644043,-0.4007333517074585,2.7909507751464844,-0.1209549754858017,2.911905750632286,0.04681844264268875,0.02554195001721382,6.295740604400635e-06,0.0
92.61538461538463,1,3,3,1.0,0,False,0,False,1.439562439918518,2.585301399230957,-1.145738959312439,-1.5208948850631714,-2.555402994155884,1.0345081090927124,-0.9743674993515015,-0.5736343860626221,-0.4007331132888794,2.7909507751464844,-0.12095846980810165,2.911909244954586,0.046818338334560394,0.025541935116052628,8.717179298400879e-06,0.0
92.6923076923077,1,3,3,1.0,0,False,0,False,1.439562439918518,2.585301399230957,-1.145738959312439,-1.5208948850631714,-2.5554020404815674,1.034507155418396,-0.9743674993515015,-0.5736352801322937,-0.40073221921920776,2.7909507751464844,-0.12096142023801804,2.9119121953845024,0.04681815952062607,0.025541920214891434,1.2833625078201294e-05,0.0
92.76923076923077,1,3,3,1.0,0,False,0,False,1.439562439918518,2.585301399230957,-1.145738959312439,-1.5208948850631714,-2.5553998947143555,1.034505009651184,-0.9743674993515015,-0.5736362338066101,-0.40073126554489136,2.7909507751464844,-0.12096390128135681,2.911914676427841,0.046817995607852936,0.025541897863149643,1.319684088230133e-05,0.0
92.84615384615385,1,3,3,1.0,0,False,0,False,1.439562439918518,2.585301399230957,-1.145738959312439,-1.5208948850631714,-2.5553994178771973,1.0345045328140259,-0.9743674993515015,-0.5736362934112549,-0.4007312059402466,2.7909507751464844,-0.12096623331308365,2.911917008459568,0.046817846596241,0.025541868060827255,1.2349337339401245e-05,0.0
92.92307692307693,1,3,3,1.0,0,False,0,False,1.439562439918518,2.585301399230957,-1.145738959312439,-1.5208948850631714,-2.5553977489471436,1.0345028638839722,-0.9743674993515015,-0.5736363530158997,-0.4007311463356018,2.7909507751464844,-0.12096855789422989,2.9119193330407143,0.046817682683467865,0.02554185315966606,9.685754776000977e-06,0.0
93.0,1,3,3,1.0,0,False,0,False,1.439562439918518,2.585301399230957,-1.145738959312439,-1.5208948850631714,-2.555396795272827,1.0345019102096558,-0.9743674993515015,-0.573636531829834,-0.4007309675216675,2.7909507751464844,-0.12097090482711792,2.9119216799736023,0.046817488968372345,0.025541815906763077,1.5255063772201538e-05,0.0
93.07692307692308,1,3,3,1.0,0,False,0,False,1.439562439918518,2.585301399230957,-1.145738959312439,-1.5208948850631714,-2.5553958415985107,1.0345009565353394,-0.9743674993515015,-0.5736372470855713,-0.40073025226593023,2.7909507751464844,-0.12097325176000595,2.9119240269064903,0.0468173548579216,0.025541778653860092,7.022172212600708e-06,0.0
93.15384615384616,1,3,3,1.0,0,False,0,False,1.439562439918518,2.585301399230957,-1.145738959312439,-1.5208948850631714,-2.5553951263427734,1.034500241279602,-0.9743674993515015,-0.5736379027366638,-0.40072959661483765,2.7909507751464844,-0.12097559869289398,2.9119263738393784,0.04681725054979324,0.025541748851537704,7.385388016700745e-06,0.0
93.23076923076924,1,3,3,1.0,0,False,0,False,1.439562439918518,2.5853018760681152,-1.1457394361495972,-1.5208948850631714,-2.555394411087036,1.0344995260238647,-0.9743674993515015,-0.5736386179924011,-0.40072888135910034,2.7909507751464844,-0.1209777444601059,2.9119285196065903,0.046817220747470856,0.02554173395037651,9.080395102500916e-06,0.0
93.3076923076923,1,3,3,1.0,0,False,0,False,1.439562439918518,2.5853018760681152,-1.1457394361495972,-1.5208948850631714,-2.555396318435669,1.0345014333724976,-0.9743674993515015,-0.5736388564109802,-0.40072864294052124,2.7909507751464844,-0.12097983807325363,2.911930613219738,0.04681713134050369,0.025541719049215317,1.2228265404701233e-05,0.0
93.38461538461539,1,3,3,1.0,0,False,0,False,1.439562439918518,2.5853018760681152,-1.1457394361495972,-1.5208948850631714,-2.555398464202881,1.0345035791397095,-0.9743674993515015,-0.573639452457428,-0.40072804689407343,2.7909507751464844,-0.12098180502653122,2.9119325801730156,0.0468171164393425,0.025541696697473526,4.842877388000488e-06,0.0
93.46153846153847,1,3,3,1.0,0,False,0,False,1.439562439918518,2.5853044986724854,-1.1457420587539673,-1.5208948850631714,-2.5554003715515137,1.0345054864883423,-0.9743674993515015,-0.5736405849456787,-0.40072691440582275,2.7909507751464844,-0.12098389863967896,2.9119346737861633,0.046816907823085785,0.025541696697473526,1.5255063772201538e-05,0.0
93.53846153846155,1,3,3,1.0,0,False,0,False,1.439562439918518,2.5853066444396973,-1.1457442045211792,-1.5208948850631714,-2.5554022789001465,1.034507393836975,-0.9743674993515015,-0.5736420154571533,-0.40072548389434814,2.7909507751464844,-0.12098623067140579,2.91193700581789,0.04681669920682907,0.02554168924689293,2.1792948246002197e-05,0.0
93.61538461538463,1,3,3,1.0,0,False,0,False,1.439562439918518,2.585308790206909,-1.1457463502883911,-1.5208948850631714,-2.555403232574463,1.0345083475112915,-0.9743674993515015,-0.5736430287361145,-0.40072447061538696,2.7909507751464844,-0.12098867446184158,2.911939449608326,0.04681653529405594,0.025541681796312332,9.080395102500916e-06,0.0
93.6923076923077,1,3,3,1.0,0,False,0,False,1.439562439918518,2.585308790206909,-1.1457463502883911,-1.5208948850631714,-2.555403232574463,1.0345083475112915,-0.9743674993515015,-0.5736436247825623,-0.4007238745689392,2.7909507751464844,-0.12099123001098633,2.9119420051574707,0.046816401183605194,0.025541696697473526,7.748603820800781e-06,0.0
93.76923076923077,1,3,3,1.0,0,False,0,False,1.439562439918518,2.585308790206909,-1.1457463502883911,-1.5208948850631714,-2.5554022789001465,1.034507393836975,-0.9743674993515015,-0.5736439824104309,-0.40072351694107056,2.7909507751464844,-0.12099359929561615,2.9119443744421005,0.04681634157896042,0.02554171159863472,4.842877388000488e-06,0.0
93.84615384615385,1,3,3,1.0,0,False,0,False,1.439562439918518,2.585308790206909,-1.1457463502883911,-1.5208948850631714,-2.55540132522583,1.0345064401626587,-0.9743674993515015,-0.57364422082901,-0.40072327852249146,2.7909507751464844,-0.12099567800760269,2.911946453154087,0.04681634157896042,0.025541726499795914,4.600733518600464e-06,0.0
93.92307692307693,1,3,3,1.0,0,False,0,False,1.439562439918518,2.585308790206909,-1.1457463502883911,-1.5208948850631714,-2.5553994178771973,1.0345045328140259,-0.9743674993515015,-0.57364422082901,-0.40072327852249146,2.7909507751464844,-0.12099751085042953,2.911948285996914,0.04681634157896042,0.025541726499795914,8.23289155960083e-06,0.0
94.0,1,3,3,1.0,0,False,0,False,1.439562439918518,2.585308790206909,-1.1457463502883911,-1.5208948850631714,-2.5553982257843018,1.0345033407211304,-0.9743674993515015,-0.57364422082901,-0.40072327852249146,2.7909507751464844,-0.1209990456700325,2.911949820816517,0.04681634157896042,0.025541719049215317,4.9639493227005005e-06,0.0
94.07692307692308,1,3,3,1.0,0,False,0,False,1.439562439918518,2.585308790206909,-1.1457463502883911,-1.5208948850631714,-2.5553970336914062,1.0345021486282349,-0.9743674993515015,-0.57364422082901,-0.40072327852249146,2.7909507751464844,-0.12100032716989517,2.9119511023163795,0.04681634157896042,0.025541704148054123,2.1792948246002197e-05,0.0
94.15384615384616,1,3,3,1.0,0,False,0,False,1.439562439918518,2.585308790206909,-1.1457463502883911,-1.5208948850631714,-2.55539608001709,1.0345011949539185,-0.9743674993515015,-0.57364422082901,-0.40072327852249146,2.7909507751464844,-0.12100150436162949,2.911952279508114,0.04681634157896042,0.02554168924689293,9.201467037200928e-06,0.0
94.23076923076924,1,3,3,1.0,0,False,0,False,1.439562439918518,2.585308790206909,-1.1457463502883911,-1.5208948850631714,-2.5553953647613525,1.0345004796981812,-0.9743674993515015,-0.57364422082901,-0.40072327852249146,2.7909507751464844,-0.12100252509117126,2.9119533002376556,0.04681634157896042,0.02554168924689293,1.0170042514801025e-05,0.0
94.3076923076923,1,3,3,1.0,0,False,0,False,1.439562439918518,2.585308790206909,-1.1457463502883911,-1.5208948850631714,-2.555394172668457,1.0344992876052856,-0.9743674993515015,-0.57364422082901,-0.40072327852249146,2.7909507751464844,-0.1210034191608429,2.9119541943073273,0.046816326677799225,0.02554168924689293,1.259148120880127e-05,0.0
94.38461538461539,1,3,3,1.0,0,False,0,False,1.439562439918518,2.585308790206909,-1.1457463502883911,-1.5208948850631714,-2.555394411087036,1.0344995260238647,-0.9743674993515015,-0.57364422082901,-0.40072327852249146,2.7909507751464844,-0.12100430577993393,2.9119550809264183,0.04681629687547684,0.025541681796312332,1.210719347000122e-05,0.0
94.46153846153847,1,3,3,1.0,0,False,0,False,1.439562439918518,2.585308790206909,-1.1457463502883911,-1.5208948850631714,-2.555396318435669,1.0345014333724976,-0.9743674993515015,-0.57364422082901,-0.40072327852249146,2.7909507751464844,-0.12100502103567123,2.9119557961821556,0.046816326677799225,0.025541681796312332,5.811452865600586e-06,0.0
94.53846153846155,1,3,3,1.0,0,False,0,False,1.439562439918518,2.585308790206909,-1.1457463502883911,-1.5208948850631714,-2.5553982257843018,1.0345033407211304,-0.9743674993515015,-0.57364422082901,-0.40072327852249146,2.7909507751464844,-0.12100561708211899,2.9119563922286034,0.04681631177663803,0.025541681796312332,5.448237061500549e-06,0.0
94.61538461538463,1,3,3,1.0,0,False,0,False,1.439562439918518,2.585308790206909,-1.1457463502883911,-1.5208948850631714,-2.5554001331329346,1.0345052480697632,-0.9743674993515015,-0.57364422082901,-0.40072327852249146,2.7909507751464844,-0.12100640684366226,2.9119571819901466,0.04681631177663803,0.025541696697473526,7.748603820800781e-06,0.0
94.6923076923077,1,3,3,1.0,0,False,0,False,1.439562439918518,2.585308790206909,-1.1457463502883911,-1.5208948850631714,-2.5554020404815674,1.034507155418396,-0.9743674993515015,-0.57364422082901,-0.40072327852249146,2.7909507751464844,-0.12100767344236374,2.911958448588848,0.04681631177663803,0.025541696697473526,5.327165126800537e-06,0.0
94.76923076923077,1,3,3,1.0,0,False,0,False,1.439562439918518,2.585308790206909,-1.1457463502883911,-1.5208948850631714,-2.5554027557373047,1.0345078706741333,-0.9743674993515015,-0.5736444592475891,-0.40072304010391235,2.7909507751464844,-0.12100893259048462,2.911959707736969,0.04681631177663803,0.02554171159863472,8.23289155960083e-06,0.0
94.84615384615385,1,3,3,1.0,0,False,0,False,1.439562439918518,2.585308790206909,-1.1457463502883911,-1.5208948850631714,-2.5554027557373047,1.0345078706741333,-0.9743674993515015,-0.5736455917358398,-0.4007219076156616,2.7909507751464844,-0.12101007997989655,2.911960855126381,0.04681631177663803,0.02554173395037651,7.748603820800781e-06,0.0
94.92307692307693,1,3,3,1.0,0,False,0,False,1.439562439918518,2.585308790206909,-1.1457463502883911,-1.5208948850631714,-2.55540132522583,1.0345064401626587,-0.9743674993515015,-0.5736467838287354,-0.4007207155227661,2.7909507751464844,-0.12101112306118011,2.9119618982076645,0.04681631177663803,0.025541748851537704,8.475035429000854e-06,0.0
95.0,1,3,3,1.0,0,False,0,False,1.439562439918518,2.585308790206909,-1.1457463502883911,-1.5208948850631714,-2.5553998947143555,1.034505009651184,-0.9743674993515015,-0.573647141456604,-0.40072035789489746,2.7909507751464844,-0.12101200968027115,2.9119627848267555,0.04681634157896042,0.025541748851537704,6.295740604400635e-06,0.0
95.07692307692308,1,3,3,1.0,0,False,0,False,1.439562439918518,2.585308790206909,-1.1457463502883911,-1.5208948850631714,-2.55539870262146,1.0345038175582886,-0.9743674993515015,-0.573647141456604,-0.40072035789489746,2.7909507751464844,-0.12101275473833084,2.911963529884815,0.04681635648012161,0.025541748851537704,5.085021257400513e-06,0.0
95.15384615384616,1,3,3,1.0,0,False,0,False,1.439562439918518,2.585308790206909,-1.1457463502883911,-1.5208948850631714,-2.5553972721099854,1.034502387046814,-0.9743674993515015,-0.573647141456604,-0.40072035789489746,2.7909507751464844,-0.1210133507847786,2.911964125931263,0.046816386282444,0.025541741400957108,1.537613570690155e-05,0.0
95.23076923076924,1,3,3,1.0,0,False,0,False,1.439562439918518,2.585308790206909,-1.1457463502883911,-1.5208948850631714,-2.555396556854248,1.0345016717910767,-0.9743674993515015,-0.573647141456604,-0.40072035789489746,2.7909507751464844,-0.12101390212774277,2.911964677274227,0.046816386282444,0.02554171159863472,1.3317912817001343e-05,0.0
95.3076923076923,1,3,3,1.0,0,False,0,False,1.439562439918518,2.585308790206909,-1.1457463502883911,-1.5208948850631714,-2.5553951263427734,1.034500241279602,-0.9743674993515015,-0.573647141456604,-0.40072035789489746,2.7909507751464844,-0.12101433426141739,2.9119651094079018,0.046816386282444,0.025541696697473526,1.0775402188301086e-05,0.0
95.38461538461539,1,3,3,1.0,0,False,0,False,1.439562439918518,2.585308790206909,-1.1457463502883911,-1.5208948850631714,-2.5553948879241943,1.034500002861023,-0.9743674993515015,-0.573647141456604,-0.40072035789489746,2.7909507751464844,-0.121014803647995,2.9119655787944794,0.046816386282444,0.025541681796312332,7.748603820800781e-06,0.0
95.46153846153847,1,3,3,1.0,0,False,0,False,1.439562439918518,2.585308790206909,-1.1457463502883911,-1.5208948850631714,-2.555393695831299,1.0344988107681274,-0.9743674993515015,-0.573647141456604,-0.40072035789489746,2.7909507751464844,-0.12101524323225021,2.9119660183787346,0.046816386282444,0.025541681796312332,9.32253897190094e-06,0.0
95.53846153846155,1,3,3,1.0,0,False,0,False,1.439562439918518,2.585308790206909,-1.1457463502883911,-1.5208948850631714,-2.555394172668457,1.0344992876052856,-0.9743674993515015,-0.573647141456604,-0.40072035789489746,2.7909507751464844,-0.12101566791534424,2.9119664430618286,0.04681635648012161,0.025541681796312332,7.264316082000732e-06,0.0
95.61538461538463,1,3,3,1.0,0,False,0,False,1.439562439918518,2.585308790206909,-1.1457463502883911,-1.5208948850631714,-2.555396318435669,1.0345014333724976,-0.9743674993515015,-0.573647141456604,-0.40072035789489746,2.7909507751464844,-0.1210159882903099,2.9119667634367943,0.04681634157896042,0.025541681796312332,7.748603820800781e-06,0.0
95.6923076923077,1,3,3,1.0,0,False,0,False,1.439562439918518,2.585308790206909,-1.1457463502883911,-1.5208948850631714,-2.555396318435669,1.0345014333724976,-0.9743674993515015,-0.573647141456604,-0.40072035789489746,2.7909507751464844,-0.12101627141237259,2.911967046558857,0.04681634157896042,0.025541681796312332,5.327165126800537e-06,0.0
95.76923076923077,1,3,3,1.0,0,False,0,False,1.439562439918518,2.585308790206909,-1.1457463502883911,-1.5208948850631714,-2.5553958415985107,1.0345009565353394,-0.9743674993515015,-0.573647141456604,-0.40072035789489746,2.7909507751464844,-0.12101659923791885,2.9119673743844032,0.04681634157896042,0.025541704148054123,1.3560056686401367e-05,0.0
95.84615384615385,1,3,3,1.0,0,False,0,False,1.439562439918518,2.585308790206909,-1.1457463502883911,-1.5208948850631714,-2.55539608001709,1.0345011949539185,-0.9743674993515015,-0.573647141456604,-0.40072035789489746,2.7909507751464844,-0.12101690471172333,2.9119676798582077,0.04681634157896042,0.025541726499795914,3.874301910400391e-06,0.0
95.92307692307693,1,3,3,1.0,0,False,0,False,1.439562439918518,2.585308790206909,-1.1457463502883911,-1.5208948850631714,-2.5554006099700928,1.0345057249069214,-0.9743674993515015,-0.573647141456604,-0.40072035789489746,2.7909507751464844,-0.1210172027349472,2.9119679778814316,0.04681634157896042,0.025541741400957108,4.600733518600464e-06,0.0
96.0,1,3,3,1.0,0,False,0,False,1.439562439918518,2.585308790206909,-1.1457463502883911,-1.5208948850631714,-2.555401563644409,1.0345066785812378,-0.9743674993515015,-0.573647141456604,-0.40072035789489746,2.7909507751464844,-0.12101750075817108,2.9119682759046555,0.04681634157896042,0.025541741400957108,4.116445779800415e-06,0.0
96.07692307692308,4,0,3,0.024038461968302727,0,False,0,False,1.439562439918518,2.5847959518432617,-1.1452335119247437,-1.5208948850631714,-2.5553953647613525,1.0345004796981812,-0.9743674993515015,-0.5737612247467041,-0.40060627460479736,2.7909507751464844,-0.12030340731143951,2.911254182457924,0.04687001556158066,0.0254889614880085,0.002032797783613205,0.0
96.15384615384616,4,0,3,0.04326923191547394,0,False,0,False,1.439562439918518,2.5832436084747314,-1.1436811685562134,-1.5208948850631714,-2.5553829669952393,1.0344880819320679,-0.9743674993515015,-0.5742338299751282,-0.40013366937637324,2.7909507751464844,-0.11696764826774597,2.9079184234142303,0.0474548265337944,0.025241773575544357,0.0038161873817443848,0.0
96.23076923076924,4,0,3,0.0625,0,False,0,False,1.439562439918518,2.581899642944336,-1.1423372030258179,-1.5208948850631714,-2.5553812980651855,1.0344864130020142,-0.9743674993515015,-0.5750570893287659,-0.3993104100227356,2.7909507751464844,-0.11121359467506409,2.9021643698215485,0.048484332859516144,0.02490990236401558,0.005532018840312958,0.0
96.3076923076923,4,0,3,0.08173078298568726,0,False,0,False,1.439562439918518,2.581368923187256,-1.1418064832687378,-1.5208948850631714,-2.5553863048553467,1.0344914197921753,-0.9743674993515015,-0.5757990479469299,-0.39856845140457153,2.7909507751464844,-0.10481905192136765,2.895769827067852,0.04949324578046799,0.024610091000795364,0.003925636410713196,0.0
96.38461538461539,4,0,3,0.10096156597137451,0,False,0,False,1.439562439918518,2.582512378692627,-1.1429499387741089,-1.5208948850631714,-2.555393695831299,1.0344988107681274,-0.9743674993515015,-0.5769356489181519,-0.3974318504333496,2.7909507751464844,-0.09852547198534012,2.8894762471318245,0.050268061459064484,0.024353470653295517,0.0012774299830198288,0.0
96.46153846153847,4,0,3,0.12019234895706177,0,False,0,False,1.439562439918518,2.584291696548462,-1.1447292566299438,-1.5208948850631714,-2.5554046630859375,1.0345097780227661,-0.9743674993515015,-0.5786742568016052,-0.39569324254989624,2.7909507751464844,-0.09235358238220215,2.8833043575286865,0.050936274230480194,0.024197708815336227,0.00025352463126182556,0.0
96.53846153846155,4,0,3,0.13942313194274902,0,False,0,False,1.439562439918518,2.5858407020568848,-1.1462782621383667,-1.5208948850631714,-2.5554141998291016,1.0345193147659302,-0.9743674993515015,-0.5804951190948486,-0.39387238025665283,2.7909507751464844,-0.08646222203969955,2.877412997186184,0.05145516246557236,0.024094868451356888,0.0023141689598560333,0.0
96.61538461538463,4,0,3,0.15865391492843628,0,False,0,False,1.439562439918518,2.5867719650268555,-1.1472095251083374,-1.5208948850631714,-2.5554237365722656,1.0345288515090942,-0.9743674993515015,-0.5819123983383179,-0.3924551010131836,2.7909507751464844,-0.08137410879135132,2.8723248839378357,0.05175574868917465,0.024014923721551895,0.0015584379434585571,0.0
96.6923076923077,4,0,3,0.17788469791412354,0,False,0,False,1.439562439918518,2.5868213176727295,-1.1472588777542114,-1.5208948850631714,-2.5554332733154297,1.0345383882522583,-0.9743674993515015,-0.5825361609458923,-0.39183133840560913,2.7909507751464844,-0.07753583788871765,2.868486613035202,0.05181489139795303,0.023943383246660233,0.0009496882557868958,0.0
96.76923076923077,4,0,3,0.1971154808998108,0,False,0,False,1.439562439918518,2.585963010787964,-1.1464005708694458,-1.5208948850631714,-2.5554356575012207,1.0345407724380493,-0.9743674993515015,-0.5821152329444885,-0.392252266407013,2.7909507751464844,-0.07519201189279556,2.86614278703928,0.05167952924966812,0.023865018039941788,0.00039130449295043945,0.0
96.84615384615385,4,0,3,0.21634626388549805,0,False,0,False,1.439562439918518,2.584350109100342,-1.1447876691818237,-1.5208948850631714,-2.5554356575012207,1.0345407724380493,-0.9743674993515015,-0.5806798934936523,-0.3936876058578491,2.7909507751464844,-0.07438760250806808,2.8653383776545525,0.051448144018650055,0.023771818727254868,0.0006927736103534698,0.0
96.92307692307693,4,0,3,0.2355770468711853,0,False,0,False,1.439562439918518,2.582277774810791,-1.142715334892273,-1.5208948850631714,-2.5554356575012207,1.0345407724380493,-0.9743674993515015,-0.5784047245979309,-0.39596277475357056,2.7909507751464844,-0.07499819993972778,2.865948975086212,0.05116642266511917,0.023659776896238327,0.0010850466787815094,0.0
97.0,4,0,3,0.25480780005455017,0,False,0,False,1.439562439918518,2.5800862312316895,-1.1405237913131714,-1.5208948850631714,-2.5554356575012207,1.0345407724380493,-0.9743674993515015,-0.5755069255828857,-0.3988605737686157,2.7909507751464844,-0.07683947682380676,2.867790251970291,0.05085574835538864,0.023529548197984695,0.0015308335423469543,0.0
97.07692307692308,4,0,3,0.27403852343559265,0,False,0,False,1.439562439918518,2.578108310699463,-1.1385458707809448,-1.5208948850631714,-2.5554356575012207,1.0345407724380493,-0.9743674993515015,-0.5721885561943054,-0.4021789431571961,2.7909507751464844,-0.07971622794866562,2.87066700309515,0.05051717907190323,0.023382272571325302,0.00208219513297081,0.0
97.15384615384616,4,0,3,0.29326924681663513,0,False,0,False,1.439562439918518,2.576641798019409,-1.1370793581008911,-1.5208948850631714,-2.5554356575012207,1.0345407724380493,-0.9743674993515015,-0.5686295032501221,-0.4057379961013794,2.7909507751464844,-0.08343274891376495,2.8743835240602493,0.050141118466854095,0.02321937307715416,0.002797488123178482,0.0
97.23076923076924,4,0,3,0.3124999701976776,0,False,0,False,1.439562439918518,2.575924873352051,-1.1363624334335327,-1.5208948850631714,-2.5554356575012207,1.0345407724380493,-0.9743674993515015,-0.5649828910827637,-0.4093846082687378,2.7909507751464844,-0.08781082928180695,2.8787616044282913,0.049714528024196625,0.02304333820939064,0.0036138761788606644,0.0
97.3076923076923,4,0,3,0.3317306935787201,0,False,0,False,1.439562439918518,2.5761289596557617,-1.1365665197372437,-1.5208948850631714,-2.5554356575012207,1.0345407724380493,-0.9743674993515015,-0.5613811612129211,-0.4129863381385803,2.7909507751464844,-0.0926867127418518,2.883637487888336,0.04922487586736679,0.02285781130194664,0.004519252106547356,0.0
97.38461538461539,4,0,3,0.3509614169597626,0,False,0,False,1.439562439918518,2.577349901199341,-1.1377874612808228,-1.5208948850631714,-2.5554356575012207,1.0345407724380493,-0.9743674993515015,-0.557937741279602,-0.4164297580718994,2.7909507751464844,-0.09791970998048782,2.888870485126972,0.0486610010266304,0.022667158395051956,0.005487706512212753,0.0
97.46153846153847,4,0,3,0.37019214034080505,0,False,0,False,1.439562439918518,2.5796172618865967,-1.1400548219680786,-1.5208948850631714,-2.5554356575012207,1.0345407724380493,-0.9743674993515015,-0.5547609925270081,-0.4196065068244934,2.7909507751464844,-0.10339628159999847,2.894347056746483,0.04801443964242935,0.02247529849410057,0.006507858633995056,0.0
97.53846153846155,4,0,3,0.38942286372184753,0,False,0,False,1.439562439918518,2.5829484462738037,-1.1433860063552856,-1.5208948850631714,-2.5554356575012207,1.0345407724380493,-0.9743674993515015,-0.5521419644355774,-0.4222255349159241,2.7909507751464844,-0.10890288650989532,2.8998536616563797,0.04727468639612198,0.02228100225329399,0.007908418774604797,0.0
97.61538461538463,4,0,3,0.40865358710289,0,False,0,False,1.439562439918518,2.5872130393981934,-1.1476505994796753,-1.5208948850631714,-2.5554356575012207,1.0345407724380493,-0.9743674993515015,-0.5502411723136902,-0.4241263270378113,2.7909507751464844,-0.11417942494153976,2.905130200088024,0.046441592276096344,0.022090811282396317,0.00903287436813116,0.0
97.6923076923077,4,0,3,0.4278843104839325,0,False,0,False,1.439562439918518,2.592284917831421,-1.1527224779129028,-1.5208948850631714,-2.5554356575012207,1.0345407724380493,-0.9743674993515015,-0.549062967300415,-0.4253045320510864,2.7909507751464844,-0.11918613314628601,2.9101369082927704,0.045512132346630096,0.021907705813646317,0.010730302892625332,0.0
97.76923076923077,4,0,3,0.447115033864975,0,False,0,False,1.439562439918518,2.5981626510620117,-1.1586002111434937,-1.5208948850631714,-2.555694580078125,1.0347996950149536,-0.9743674993515015,-0.5483524799346924,-0.4260150194168091,2.7909507751464844,-0.1237064078450203,2.9146571829915047,0.04479812830686569,0.02179759368300438,0.0022149505093693733,0.0
97.84615384615385,4,0,3,0.46634575724601746,0,False,0,False,1.439562439918518,2.6043922901153564,-1.1648298501968384,-1.5208948850631714,-2.556386709213257,1.0354918241500854,-0.9743674993515015,-0.547958493232727,-0.4264090061187744,2.7909507751464844,-0.12766654789447784,2.918617323040962,0.044473789632320404,0.02170610800385475,0.001893807202577591,0.0
97.92307692307693,4,0,3,0.48557648062705994,0,False,0,False,1.439562439918518,2.6108663082122803,-1.1713038682937622,-1.5208948850631714,-2.5573880672454834,1.036493182182312,-0.9743674993515015,-0.5479736328125,-0.42639386653900146,2.7909507751464844,-0.1312922090291977,2.922242984175682,0.04412548989057541,0.021633271127939224,0.0017132284119725227,0.0
98.0,4,0,3,0.5048072338104248,0,False,0,False,1.439562439918518,2.617494583129883,-1.1779321432113647,-1.5208948850631714,-2.558641195297241,1.0377463102340698,-0.9743674993515015,-0.5483742952346802,-0.4259932041168213,2.7909507751464844,-0.13470838963985443,2.925659164786339,0.04375653713941574,0.02157970890402794,0.0018310314044356346,0.0
98.07692307692308,4,4,3,0.5240380764007568,0,False,0,False,1.439562439918518,2.6241397857666016,-1.1845773458480835,-1.5208948850631714,-2.5600879192352295,1.039193034172058,-0.9743674993515015,-0.5491418242454529,-0.4252256751060486,2.7909507751464844,-0.13798166811466217,2.9289324432611465,0.043367899954319,0.021541092544794083,0.0018273992463946342,0.0
98.15384615384616,4,4,3,0.5432689189910889,0,False,0,False,1.439562439918518,2.63067626953125,-1.191113829612732,-1.5208948850631714,-2.5616872310638428,1.0407923460006714,-0.9743674993515015,-0.5502775311470032,-0.4240899682044983,2.7909507751464844,-0.14115354418754578,2.93210431933403,0.042962633073329926,0.021517936140298843,0.0017833290621638298,0.0
98.23076923076924,4,4,3,0.5624997615814209,0,False,0,False,1.439562439918518,2.63700008392334,-1.1974376440048218,-1.5208948850631714,-2.5634143352508545,1.042519450187683,-0.9743674993515015,-0.5517873167991638,-0.42258018255233765,2.7909507751464844,-0.14424969255924225,2.9352004677057266,0.04254459589719772,0.021510746330022812,0.0016805389896035194,0.0
98.3076923076923,4,4,3,0.5817306041717529,0,False,0,False,1.439562439918518,2.6430256366729736,-1.2034631967544556,-1.5208948850631714,-2.5652518272399902,1.0443569421768188,-0.9743674993515015,-0.5536835193634033,-0.42068397998809814,2.7909507751464844,-0.1472754329442978,2.938226208090782,0.04211773723363876,0.02151651307940483,0.0015696976333856583,0.0
98.38461538461539,4,4,3,0.600961446762085,0,False,0,False,1.439562439918518,2.648681879043579,-1.209119439125061,-1.5208948850631714,-2.5671887397766113,1.04629385471344,-0.9743674993515015,-0.5559877753257751,-0.4183797240257263,2.7909507751464844,-0.15021826326847076,2.941169038414955,0.04168590158224106,0.021538611501455307,0.001458432525396347,0.0
98.46153846153847,4,4,3,0.620192289352417,0,False,0,False,1.439562439918518,2.6538965702056885,-1.2143341302871704,-1.5208948850631714,-2.5692672729492188,1.0483723878860474,-0.9743674993515015,-0.558784544467926,-0.41558295488357544,2.7909507751464844,-0.15299122035503387,2.9439419955015182,0.041240669786930084,0.021576929837465286,0.0012561818584799767,0.0
98.53846153846155,4,4,3,0.639423131942749,0,False,0,False,1.439562439918518,2.6585469245910645,-1.2189844846725464,-1.5208948850631714,-2.571666955947876,1.0507720708847046,-0.9743674993515015,-0.5623749494552612,-0.41199254989624023,2.7909507751464844,-0.15543533861637115,2.9463861137628555,0.04075264185667038,0.021624471992254257,0.0010153092443943024,0.0
98.61538461538463,4,4,3,0.658653974533081,0,False,0,False,1.439562439918518,2.6626133918762207,-1.2230509519577026,-1.5208948850631714,-2.5744435787200928,1.0535486936569214,-0.9743674993515015,-0.5668405890464783,-0.4075269103050232,2.7909507751464844,-0.15754151344299316,2.9484922885894775,0.040226422250270844,0.021683480590581894,0.0008898181840777397,0.0
98.6923076923077,4,4,3,0.6778848171234131,0,False,0,False,1.439562439918518,2.666105270385742,-1.2265428304672241,-1.5208948850631714,-2.5776021480560303,1.0567072629928589,-0.9743674993515015,-0.5721616744995117,-0.40220582485198975,2.7909507751464844,-0.15924859046936035,2.9501993656158447,0.03966338187456131,0.021750669926404953,0.0008063996210694313,0.0
98.76923076923077,4,4,3,0.6971156597137451,0,False,0,False,1.439562439918518,2.6690263748168945,-1.2294639348983765,-1.5208948850631714,-2.581134557723999,1.0602396726608276,-0.9743674993515015,-0.5782524943351746,-0.3961150050163269,2.7909507751464844,-0.16051961481571198,2.9514703899621964,0.03907031565904617,0.02182186022400856,0.0007133558392524719,0.0
98.84615384615385,4,4,3,0.7163465023040771,0,False,0,False,1.439562439918518,2.671422243118286,-1.231859803199768,-1.5208948850631714,-2.5849857330322266,1.0640908479690552,-0.9743674993515015,-0.5850106477737427,-0.3893568515777588,2.7909507751464844,-0.1613699197769165,2.952320694923401,0.03845798224210739,0.021896589547395706,0.0006284238770604134,0.0
98.92307692307693,4,4,3,0.7355773448944092,0,False,0,False,1.439562439918518,2.6733479499816895,-1.2337855100631714,-1.5208948850631714,-2.5890657901763916,1.0681709051132202,-0.9743674993515015,-0.5923423767089844,-0.3820251226425171,2.7909507751464844,-0.16184495389461517,2.9527957290410995,0.037841372191905975,0.021977100521326065,0.0006056018173694611,0.0
99.0,4,4,3,0.7548081874847412,0,False,0,False,1.439562439918518,2.6748507022857666,-1.2352882623672485,-1.5208948850631714,-2.593273401260376,1.0723785161972046,-0.9743674993515015,-0.60015869140625,-0.37420880794525146,2.7909507751464844,-0.16200187802314758,2.952952653169632,0.037237368524074554,0.02206578478217125,0.0005604419857263565,0.0
99.07692307692308,4,4,3,0.7740390300750732,0,False,0,False,1.439562439918518,2.6758553981781006,-1.2362929582595825,-1.5208948850631714,-2.5977208614349365,1.0768259763717651,-0.9743674993515015,-0.6083745360374451,-0.3659929633140564,2.7909507751464844,-0.1616571992635727,2.952607974410057,0.03670508414506912,0.022164393216371536,0.0003429967910051346,0.0
99.15384615384616,4,4,3,0.7932698726654053,0,False,0,False,1.439562439918518,2.676462411880493,-1.236899971961975,-1.5208948850631714,-2.6024258136749268,1.0815309286117554,-0.9743674993515015,-0.6170216202735901,-0.3573458790779114,2.7909507751464844,-0.16071577370166779,2.951666548848152,0.03630649298429489,0.022270377725362778,0.0037276686634868383,0.0
99.23076923076924,4,4,3,0.8125007152557373,0,False,0,False,1.439562439918518,2.676518440246582,-1.236956000328064,-1.5208948850631714,-2.6076793670654297,1.0867844820022583,-0.9743674993515015,-0.6256541013717651,-0.34871339797973633,2.7909507751464844,-0.15916450321674347,2.950115278363228,0.03609088808298111,0.022386308759450912,0.0004352536052465439,0.0
99.3076923076923,4,4,3,0.8317315578460693,0,False,0,False,1.439562439918518,2.6762912273406982,-1.2367287874221802,-1.5208948850631714,-2.612997531890869,1.0921026468276978,-0.9743674993515015,-0.6339633464813232,-0.3404041528701782,2.7909507751464844,-0.1572837084531784,2.948234483599663,0.03585372120141983,0.022094395011663437,0.00020666979253292084,0.0
99.38461538461539,4,4,3,0.8509624004364014,0,False,0,False,1.439562439918518,2.6757867336273193,-1.2362242937088013,-1.5208948850631714,-2.6179280281066895,1.097033143043518,-0.9743674993515015,-0.6418702006340027,-0.3324972987174988,2.7909507751464844,-0.1552635282278061,2.9462143033742905,0.03556922823190689,0.021777089685201645,0.00016792677342891693,0.0
99.46153846153847,4,4,3,0.8701932430267334,0,False,0,False,1.439562439918518,2.6751086711883545,-1.2355462312698364,-1.5208948850631714,-2.622176170349121,1.1012812852859497,-0.9743674993515015,-0.6493976712226868,-0.32496982812881464,2.7909507751464844,-0.15329787135124207,2.9442486464977264,0.03531505912542343,0.02149735763669014,0.00018826685845851898,0.0
99.53846153846155,4,4,3,0.8894240856170654,0,False,0,False,1.439562439918518,2.6743743419647217,-1.2348119020462036,-1.5208948850631714,-2.6257059574127197,1.1048110723495483,-0.9743674993515015,-0.6564341187477112,-0.3179333806037903,2.7909507751464844,-0.15151791274547577,2.94246868789196,0.035100989043712616,0.02125382050871849,0.00019904226064682007,0.0
99.61538461538463,4,4,3,0.9086549282073975,0,False,0,False,1.439562439918518,2.6736080646514893,-1.2340456247329712,-1.5208948850631714,-2.6284730434417725,1.107578158378601,-0.9743674993515015,-0.6629067659378052,-0.3114607334136963,2.7909507751464844,-0.1499849557876587,2.940935730934143,0.03492283076047897,0.02105141058564186,0.00021060463041067123,0.0
99.6923076923077,4,4,3,0.9278857707977295,0,False,0,False,1.439562439918518,2.6727962493896484,-1.2332338094711304,-1.5208948850631714,-2.6304433345794678,1.1095484495162964,-0.9743674993515015,-0.6687634587287903,-0.3056040406227112,2.7909507751464844,-0.14873485267162323,2.9396856278181076,0.03478006273508072,0.02089148387312889,0.00024353619664907455,0.0
99.76923076923077,4,4,3,0.9471166133880615,0,False,0,False,1.439562439918518,2.6719279289245605,-1.2323654890060425,-1.5208948850631714,-2.6316120624542236,1.1107171773910522,-0.9743674993515015,-0.6739557981491089,-0.3004117012023926,2.7909507751464844,-0.14779378473758698,2.9387445598840714,0.03467515856027603,0.020771805197000504,0.00026908237487077713,0.0
99.84615384615385,4,4,3,0.9663474559783936,0,False,0,False,1.439562439918518,2.6713809967041016,-1.2318185567855835,-1.5208948850631714,-2.6317059993743896,1.1108111143112183,-0.9743674993515015,-0.6783779263496399,-0.2959895730018615,2.7909507751464844,-0.1470445841550827,2.937995359301567,0.03459890931844711,0.020676571875810623,0.0010996055789291859,0.0
99.92307692307693,4,4,3,0.9855782985687256,0,False,0,False,1.439562439918518,2.671201467514038,-1.23163902759552,-1.5208948850631714,-2.630451202392578,1.1095563173294067,-0.9743674993515015,-0.6819320917129517,-0.2924354076385498,2.7909507751464844,-0.14635708928108215,2.9373078644275665,0.03455490618944168,0.020638827234506607,0.0005608354695141315,0.0
100.0,4,4,3,1.0,0,False,0,False,1.439562439918518,2.671083927154541,-1.231521487236023,-1.5208948850631714,-2.6283631324768066,1.1074682474136353,-0.9743674993515015,-0.684908926486969,-0.28945857286453247,2.7909507751464844,-0.14621961116790771,2.937170386314392,0.03456868976354599,0.020635496824979782,0.00017095357179641724,0.0
100.07692307692308,4,4,3,1.0,0,False,0,False,1.439562439918518,2.6710593700408936,-1.2314969301223755,-1.5208948850631714,-2.625699996948242,1.1048051118850708,-0.9743674993515015,-0.6873456835746765,-0.28702181577682495,2.7909507751464844,-0.14662253856658936,2.9375733137130737,0.03464750200510025,0.02066049352288246,0.00013432931154966354,0.0
100.15384615384616,1,4,4,0.006410256959497929,0,False,0,False,1.439562439918518,2.6710205078125,-1.231458067893982,-1.5208948850631714,-2.6226696968078613,1.10177481174469,-0.9743674993515015,-0.6893094182014465,-0.28505808115005493,2.7909507751464844,-0.14739274978637695,2.9383435249328613,0.03478925675153732,0.02072123810648918,8.002854883670807e-05,0.0
100.23076923076924,1,4,4,0.03205128386616707,0,False,0,False,1.439562439918518,2.6702160835266113,-1.2306536436080933,-1.5208948850631714,-2.619976758956909,1.0990818738937378,-0.9743674993515015,-0.6901569366455078,-0.28421056270599365,2.7909507751464844,-0.14791901409626007,2.9388697892427444,0.03495066612958908,0.02077871933579445,0.00025055836886167526,0.0
100.3076923076923,1,4,4,0.05769231170415878,0,False,0,False,1.439562439918518,2.6666653156280518,-1.2271028757095337,-1.5208948850631714,-2.6190671920776367,1.0981723070144653,-0.9743674993515015,-0.6878024339675903,-0.28656506538391113,2.7909507751464844,-0.14624741673469543,2.93719819188118,0.03491232544183731,0.020751867443323135,0.0011944957077503204,0.0
100.38461538461539,1,4,4,0.0833333358168602,0,False,0,False,1.439562439918518,2.660991668701172,-1.2214292287826538,-1.5208948850631714,-2.617868661880493,1.0969737768173218,-0.9743674993515015,-0.6809658408164978,-0.29340165853500366,2.7909507751464844,-0.1435403823852539,2.9344911575317383,0.03423575311899185,0.020979072898626328,0.0017030583694577217,0.0
100.46153846153847,1,4,4,0.1089743822813034,0,False,0,False,1.439562439918518,2.653862953186035,-1.214300513267517,-1.5208948850631714,-2.614297866821289,1.0934029817581177,-0.9743674993515015,-0.6707240343093872,-0.30364346504211426,2.7909507751464844,-0.14113931357860565,2.93209008872509,0.033056505024433136,0.021141845732927322,0.00048555899411439896,0.0
100.53846153846155,1,4,4,0.13461542129516602,0,False,0,False,1.439562439918518,2.646493434906006,-1.2069309949874878,-1.5208948850631714,-2.6081230640411377,1.0872281789779663,-0.9743674993515015,-0.6588023900985718,-0.3155651092529297,2.7909507751464844,-0.13899777829647064,2.929948553442955,0.0321507528424263,0.021352294832468033,0.0002461392432451248,0.0
100.61538461538463,1,4,4,0.16025647521018982,0,False,0,False,1.439562439918518,2.6397948265075684,-1.2002323865890503,-1.5208948850631714,-2.6008193492889404,1.079924464225769,-0.9743674993515015,-0.6464622616767883,-0.32790523767471313,2.7909507751464844,-0.13708430528640747,2.928035080432892,0.03166966885328293,0.021626722067594528,0.00014304649084806442,0.0
100.6923076923077,1,4,4,0.18589751422405243,0,False,0,False,1.439562439918518,2.6339550018310547,-1.1943925619125366,-1.5208948850631714,-2.593505859375,1.0726109743118286,-0.9743674993515015,-0.6348232626914978,-0.33954423666000366,2.7909507751464844,-0.13537265360355377,2.926323428750038,0.03133203834295273,0.021960217505693436,0.00014225952327251434,0.0
100.76923076923077,1,4,4,0.21153855323791504,0,False,0,False,1.439562439918518,2.628887414932251,-1.189324975013733,-1.5208948850631714,-2.5865836143493652,1.0656887292861938,-0.9743674993515015,-0.6245005130767822,-0.34986698627471924,2.7909507751464844,-0.133842334151268,2.9247931092977524,0.030969910323619843,0.022353623062372208,0.00032180920243263245,0.0
100.84615384615385,1,4,4,0.23717960715293884,0,False,0,False,1.439562439918518,2.6244418621063232,-1.1848794221878052,-1.5208948850631714,-2.580284595489502,1.0593897104263306,-0.9743674993515015,-0.6157875657081604,-0.35857993364334106,2.7909507751464844,-0.13247516751289368,2.923425942659378,0.030648477375507355,0.02280699834227562,0.0031202053651213646,0.0
100.92307692307693,1,4,4,0.26282066106796265,0,False,0,False,1.439562439918518,2.620515823364258,-1.1809533834457397,-1.5208948850631714,-2.574881076812744,1.0539861917495728,-0.9743674993515015,-0.6086208820343018,-0.3657466173171997,2.7909507751464844,-0.1312548667192459,2.9222056418657303,0.030490241944789886,0.023321155458688736,0.00327342189848423,0.0
101.0,1,4,4,0.28846168518066406,0,False,0,False,1.439562439918518,2.616971731185913,-1.177409291267395,-1.5208948850631714,-2.570589065551758,1.0496941804885864,-0.9743674993515015,-0.6027162075042725,-0.371651291847229,2.7909507751464844,-0.13016532361507416,2.9211160987615585,0.03052491694688797,0.02389949932694435,0.0031895795837044716,0.0
101.07692307692308,1,4,4,0.31410273909568787,0,False,0,False,1.439562439918518,2.613612413406372,-1.174049973487854,-1.5208948850631714,-2.567474365234375,1.0465794801712036,-0.9743674993515015,-0.5977471470832825,-0.376620352268219,2.7909507751464844,-0.12919281423091888,2.9201435893774033,0.03079140931367874,0.02454974874854088,0.0029896292835474014,0.0
101.15384615384616,1,4,4,0.3397437334060669,0,False,0,False,1.439562439918518,2.6102609634399414,-1.1706985235214233,-1.5208948850631714,-2.565451145172119,1.0445562601089478,-0.9743674993515015,-0.5934438109397888,-0.38092368841171265,2.7909507751464844,-0.1283252239227295,2.919275999069214,0.03132513910531998,0.02528347447514534,0.002798940986394882,0.0
101.23076923076924,1,4,4,0.36538469791412354,0,False,0,False,1.439562439918518,2.6068456172943115,-1.1672831773757935,-1.5208948850631714,-2.5643105506896973,1.0434156656265259,-0.9743674993515015,-0.5896769165992737,-0.3846905827522278,2.7909507751464844,-0.127549946308136,2.9185007214546204,0.032152675092220306,0.026107486337423325,0.0024668104015290737,0.0
101.3076923076923,1,4,4,0.3910256624221802,0,False,0,False,1.439562439918518,2.6034605503082275,-1.1638981103897095,-1.5208948850631714,-2.5637805461883545,1.042885661125183,-0.9743674993515015,-0.5865127444267273,-0.3878547549247741,2.7909507751464844,-0.1268552988767624,2.9178060740232468,0.033257730305194855,0.026168223470449448,0.0016735168173909187,0.0
101.38461538461539,1,4,4,0.4166666269302368,0,False,0,False,1.439562439918518,2.6004011631011963,-1.1608387231826782,-1.5208948850631714,-2.563613176345825,1.0427182912826538,-0.9743674993515015,-0.5841467380523682,-0.3902207612991333,2.7909507751464844,-0.12623247504234314,2.9171832501888275,0.034588076174259186,0.026212509721517563,0.00037326477468013763,0.0
101.46153846153847,1,4,4,0.44230759143829346,0,False,0,False,1.439562439918518,2.5980536937713623,-1.1584912538528442,-1.5208948850631714,-2.5636329650878906,1.0427380800247192,-0.9743674993515015,-0.5827972888946533,-0.39157021045684814,2.7909507751464844,-0.12567414343357086,2.9166249185800552,0.03608878701925278,0.026260245591402054,0.00013856682926416397,0.0
101.53846153846155,1,4,4,0.4679485559463501,0,False,0,False,1.439562439918518,2.5967440605163574,-1.1571816205978394,-1.5208948850631714,-2.56374192237854,1.0428470373153687,-0.9743674993515015,-0.5826250314712524,-0.391742467880249,2.7909507751464844,-0.12517331540584564,2.91612409055233,0.03771055489778519,0.026311147958040237,0.00010279007256031036,0.0
101.61538461538463,1,4,4,0.49358952045440674,0,False,0,False,1.439562439918518,2.5966389179229736,-1.1570764780044556,-1.5208948850631714,-2.563903570175171,1.0430086851119995,-0.9743674993515015,-0.5836809277534485,-0.390686571598053,2.7909507751464844,-0.12472471594810486,2.9156754910945892,0.0394122377038002,0.026362430304288864,6.483402103185654e-05,0.0
101.6923076923077,1,4,4,0.5192304849624634,0,False,0,False,1.439562439918518,2.5977416038513184,-1.1581791639328003,-1.5208948850631714,-2.5641212463378906,1.0432263612747192,-0.9743674993515015,-0.5859225988388062,-0.3884449005126953,2.7909507751464844,-0.12432359158992767,2.915274366736412,0.041165463626384735,0.02641066536307335,3.220513463020325e-05,0.0
101.76923076923077,1,4,4,0.54487144947052,0,False,0,False,1.439562439918518,2.599961042404175,-1.1603986024856567,-1.5208948850631714,-2.564420223236084,1.0435253381729126,-0.9743674993515015,-0.589260458946228,-0.38510704040527344,2.7909507751464844,-0.12396536022424698,2.9149161353707314,0.04295425862073898,0.026454176753759384,3.2084062695503235e-05,0.0
101.84615384615385,1,4,4,0.5705124139785767,0,False,0,False,1.439562439918518,2.6031758785247803,-1.1636134386062622,-1.5208948850631714,-2.5648367404937744,1.043941855430603,-0.9743674993515015,-0.5935971736907959,-0.38077032566070557,2.7909507751464844,-0.12364552915096283,2.914596304297447,0.04476899653673172,0.026493210345506668,3.498978912830353e-05,0.0
101.92307692307693,1,4,4,0.5961533784866333,0,False,0,False,1.439562439918518,2.6072726249694824,-1.1677101850509644,-1.5208948850631714,-2.565416097640991,1.0445212125778198,-0.9743674993515015,-0.598834216594696,-0.3755332827568054,2.7909507751464844,-0.12336013466119766,2.914310909807682,0.04660110920667648,0.026528548449277878,4.709698259830475e-05,0.0
102.0,1,4,4,0.6217943429946899,0,False,0,False,1.439562439918518,2.6121349334716797,-1.1725724935531616,-1.5208948850631714,-2.566199541091919,1.0453046560287476,-0.9743674993515015,-0.6048516631126404,-0.3695158362388611,2.7909507751464844,-0.12310564517974854,2.914056420326233,0.04843837767839432,0.02656019851565361,6.102025508880615e-05,0.0
102.07692307692308,1,4,4,0.6474353075027466,0,False,0,False,1.439562439918518,2.6176247596740723,-1.1780623197555542,-1.5208948850631714,-2.5672216415405273,1.046326756477356,-0.9743674993515015,-0.6115067005157471,-0.36286079883575445,2.7909507751464844,-0.12287880480289459,2.913829579949379,0.05026491731405258,0.02658647671341896,7.712282240390778e-05,0.0
102.15384615384616,1,4,4,0.673076331615448,0,False,0,False,1.439562439918518,2.6235671043395996,-1.1840046644210815,-1.5208948850631714,-2.5685038566589355,1.0476089715957642,-0.9743674993515015,-0.6186279058456421,-0.3557395935058594,2.7909507751464844,-0.12267694622278214,2.9136277213692665,0.05206521600484848,0.026604559272527695,9.673647582530975e-05,0.0
102.23076923076924,1,4,4,0.698717474937439,0,False,0,False,1.439562439918518,2.6296937465667725,-1.1901313066482544,-1.5208948850631714,-2.5700571537017822,1.0491622686386108,-0.9743674993515015,-0.6260448694229126,-0.34832262992858887,2.7909507751464844,-0.12249746918678284,2.913448244333267,0.05382964760065079,0.026613015681505203,8.72928649187088e-05,0.0
102.3076923076923,1,4,4,0.7243585586547852,0,False,0,False,1.439562439918518,2.6358299255371094,-1.1962674856185913,-1.5208948850631714,-2.5719563961029053,1.0510615110397339,-0.9743674993515015,-0.6335068941116333,-0.34086060523986816,2.7909507751464844,-0.12233852595090866,2.913289301097393,0.05556223541498184,0.02661743387579918,0.00010739080607891083,0.0
102.38461538461539,1,4,4,0.7499997019767761,0,False,0,False,1.439562439918518,2.6418535709381104,-1.2022911310195923,-1.5208948850631714,-2.5742833614349365,1.0533884763717651,-0.9743674993515015,-0.6407778263092041,-0.3335896730422974,2.7909507751464844,-0.12219776958227158,2.913148544728756,0.05726928263902664,0.0266275592148304,0.0001230090856552124,0.0
102.46153846153847,1,4,4,0.7756408452987671,0,False,0,False,1.439562439918518,2.6476097106933594,-1.2080472707748413,-1.5208948850631714,-2.5770514011383057,1.0561565160751343,-0.9743674993515015,-0.6476777791976929,-0.3266897201538086,2.7909507751464844,-0.12207282334566116,2.9130235984921455,0.058936528861522675,0.026647988706827164,0.00013233162462711334,0.0
102.53846153846155,1,4,4,0.8012819290161133,0,False,0,False,1.439562439918518,2.6525659561157227,-1.2130035161972046,-1.5208948850631714,-2.5799925327301025,1.0590976476669312,-0.9743674993515015,-0.6541403532028198,-0.32022714614868164,2.7909507751464844,-0.12196027487516403,2.9129110500216484,0.0605052188038826,0.02669796720147133,4.346482455730438e-05,0.0
102.61538461538463,1,4,4,0.8269230723381042,0,False,0,False,1.439562439918518,2.65519642829895,-1.2156339883804321,-1.5208948850631714,-2.5830328464508057,1.0621379613876343,-0.9743674993515015,-0.6589999198913574,-0.31536757946014404,2.7909507751464844,-0.12186085432767868,2.912811629474163,0.06192115694284439,0.026825588196516037,0.0042402418330311775,0.0
102.6923076923077,1,4,4,0.8525642156600952,0,False,0,False,1.439562439918518,2.6566028594970703,-1.2170404195785522,-1.5208948850631714,-2.5863773822784424,1.065482497215271,-0.9743674993515015,-0.6621088981628418,-0.31225860118865967,2.7909507751464844,-0.12177299708127975,2.912723772227764,0.06333101540803909,0.027000050991773605,0.00594917219132185,0.0
102.76923076923077,1,4,4,0.8782052993774414,0,False,0,False,1.439562439918518,2.6565146446228027,-1.2169522047042847,-1.5208948850631714,-2.590031862258911,1.0691369771957397,-0.9743674993515015,-0.6635385155677795,-0.3108289837837219,2.7909507751464844,-0.12169438600540161,2.912645161151886,0.06467891484498978,0.027186397463083267,0.004331439267843962,0.0
102.84615384615385,1,4,4,0.9038464426994324,0,False,0,False,1.439562439918518,2.655162811279297,-1.2156003713607788,-1.5208948850631714,-2.5937416553497314,1.07284677028656,-0.9743674993515015,-0.6636296510696411,-0.31073784828186035,2.7909507751464844,-0.12162333726882935,2.9125741124153137,0.06588079780340195,0.027357522398233414,0.0039220647886395454,0.0
102.92307692307693,1,4,4,0.9294875860214233,0,False,0,False,1.439562439918518,2.6535027027130127,-1.2139402627944946,-1.5208948850631714,-2.597283363342285,1.0763884782791138,-0.9743674993515015,-0.6627807021141052,-0.31158679723739624,2.7909507751464844,-0.12156085669994354,2.912511631846428,0.06490533798933029,0.027497772127389908,0.0022550555877387524,0.0
103.0,1,4,4,0.9551286697387695,0,False,0,False,1.439562439918518,2.6512343883514404,-1.2116719484329224,-1.5208948850631714,-2.6004583835601807,1.0795634984970093,-0.9743674993515015,-0.661517858505249,-0.31284964084625244,2.7909507751464844,-0.1215037927031517,2.912454567849636,0.06371862441301346,0.027599874883890152,0.0012462539598345757,0.0
103.07692307692308,1,4,4,0.9807698130607605,0,False,0,False,1.439562439918518,2.648494243621826,-1.208931803703308,-1.5208948850631714,-2.6031906604766846,1.0822957754135132,-0.9743674993515015,-0.6600400805473328,-0.3143274188041687,2.7909507751464844,-0.12145190685987473,2.912402682006359,0.06280916184186935,0.027654211968183517,0.000803403090685606,0.0
103.15384615384616,1,4,4,1.0,0,False,1,False,1.439562439918518,2.6461710929870605,-1.2066086530685425,-1.5208948850631714,-2.605380058288574,1.0844851732254028,-0.9743674993515015,-0.6586463451385498,-0.31572115421295166,2.7909507751464844,-0.12140648812055588,2.9123572632670403,0.0621068999171257,0.02766210213303566,0.0015726941637694836,0.0
103.23076923076924,1,4,4,1.0,0,False,5,False,1.439562439918518,2.643902063369751,-1.204339623451233,-1.5208948850631714,-2.607085943222046,1.0861910581588745,-0.9743674993515015,-0.657407283782959,-0.3169602155685425,2.7909507751464844,-0.12136491388082504,2.9123156890273094,0.06158984452486038,0.02765306457877159,0.00017334474250674248,0.0
103.3076923076923,1,4,4,1.0,0,False,9,False,1.439562439918518,2.641815185546875,-1.202252745628357,-1.5208948850631714,-2.6083903312683105,1.0874954462051392,-0.9743674993515015,-0.6562786102294922,-0.3180888891220093,2.7909507751464844,-0.12132760882377625,2.9122783839702606,0.06114283949136734,0.027633581310510635,0.0011591124348342419,0.0
103.38461538461539,2,4,4,1.0,0,True,13,False,1.439562439918518,2.6398303508758545,-1.2002679109573364,-1.5208948850631714,-2.6093437671661377,1.0884488821029663,-0.9743674993515015,-0.6553574800491333,-0.31901001930236816,2.7909507751464844,-0.12045612186193466,2.911406897008419,0.06075327843427658,0.027605246752500534,0.0011095183435827494,0.0
103.46153846153847,2,4,4,1.0,0,True,17,False,1.439562439918518,2.6379458904266357,-1.1983834505081177,-1.5208948850631714,-2.6099963188171387,1.0891014337539673,-0.9743674993515015,-0.6551525592803955,-0.31921494007110596,2.7909507751464844,-0.11761361360549927,2.9085643887519836,0.06034915894269943,0.027560744434595108,0.0004817754961550236,0.0
103.53846153846155,2,4,4,1.0,0,True,21,False,1.439562439918518,2.636563777923584,-1.197001338005066,-1.5208948850631714,-2.610731601715088,1.0898367166519165,-0.9743674993515015,-0.655511736869812,-0.31885576248168945,2.7909507751464844,-0.11302494257688522,2.9039757177233696,0.05986648052930832,0.027513641864061356,2.439599484205246e-05,0.0
103.61538461538463,2,4,4,1.0,0,True,25,False,1.439562439918518,2.6355459690093994,-1.1959835290908813,-1.5208948850631714,-2.6116175651550293,1.090722680091858,-0.9743674993515015,-0.6560896039009094,-0.31827789545059204,2.7909507751464844,-0.10687284171581268,2.897823616862297,0.05924398452043533,0.027491513639688492,0.00010720919817686081,0.0
103.6923076923077,2,4,4,1.0,0,True,29,False,1.439562439918518,2.6347854137420654,-1.1952229738235474,-1.5208948850631714,-2.612470865249634,1.0915759801864624,-0.9743674993515015,-0.6564843058586121,-0.3178831934928894,2.7909507751464844,-0.09932439029216766,2.890275165438652,0.05855477601289749,0.027495209127664566,0.0001240381971001625,0.0
103.76923076923077,2,4,4,1.0,0,True,33,False,1.439562439918518,2.6339969635009766,-1.1944345235824585,-1.5208948850631714,-2.6132237911224365,1.0923289060592651,-0.9743674993515015,-0.6564266085624695,-0.3179408907890319,2.7909507751464844,-0.09053270518779755,2.881483480334282,0.057882942259311676,0.027506452053785324,0.0010012006387114525,0.0
103.84615384615385,2,4,4,1.0,0,True,37,False,1.439562439918518,2.6325204372406006,-1.1929579973220825,-1.5208948850631714,-2.6136608123779297,1.0927659273147583,-0.9743674993515015,-0.6562977433204651,-0.3180697560310364,2.7909507751464844,-0.08062658458948135,2.8715773597359657,0.057412706315517426,0.027471546083688736,0.0,0.0
103.92307692307693,2,4,4,1.0,0,True,41,False,1.439562439918518,2.6307759284973145,-1.1912134885787964,-1.5208948850631714,-2.613819122314453,1.0929242372512817,-0.9743674993515015,-0.6558483839035034,-0.31851911544799805,2.7909507751464844,-0.0697227269411087,2.860673502087593,0.056975968182086945,0.027424175292253494,0.0005447820876725018,0.0
104.0,2,4,4,1.0,0,True,45,False,1.439562439918518,2.6290993690490723,-1.1895369291305542,-1.5208948850631714,-2.613697052001953,1.0928021669387817,-0.9743674993515015,-0.6549917459487915,-0.31937575340270996,2.7909507751464844,-0.057929668575525284,2.8488804437220097,0.05656120926141739,0.02739337459206581,0.0015380827244371176,0.0
104.07692307692308,2,4,4,1.0,0,True,49,False,1.439562439918518,2.6274070739746094,-1.1878446340560913,-1.5208948850631714,-2.6132164001464844,1.092321515083313,-0.9743674993515015,-0.6536045074462891,-0.3207629919052124,2.7909507751464844,-0.045348506420850754,2.836299281567335,0.05615740269422531,0.027382846921682358,0.0013309891801327467,0.0
104.15384615384616,2,4,4,1.0,0,True,53,False,1.439562439918518,2.6256043910980225,-1.1860419511795044,-1.5208948850631714,-2.6123433113098145,1.091448426246643,-0.9743674993515015,-0.6518285870552063,-0.32253891229629517,2.7909507751464844,-0.03205670416355133,2.8230074793100357,0.05577836185693741,0.02738119289278984,0.0011339748743921518,0.0
104.23076923076924,2,4,4,1.0,0,True,57,False,1.439562439918518,2.62371563911438,-1.1841531991958618,-1.5208948850631714,-2.6111056804656982,1.0902107954025269,-0.9743674993515015,-0.649813711643219,-0.32455378770828247,2.7909507751464844,-0.018128562718629837,2.809079337865114,0.055440209805965424,0.02738295868039131,0.0005410099402070045,0.0
104.3076923076923,2,4,4,1.0,0,True,61,False,1.439562439918518,2.6218652725219727,-1.1823028326034546,-1.5208948850631714,-2.6095733642578125,1.0886784791946411,-0.9743674993515015,-0.6476247310638428,-0.32674276828765875,2.7909507751464844,-0.0036349052097648382,2.794585680356249,0.055140264332294464,0.02738771215081215,0.00021546264179050922,0.0
104.38461538461539,2,4,4,1.0,0,True,65,False,1.439562439918518,2.6201343536376953,-1.1805719137191772,-1.5208948850631714,-2.6078145503997803,1.0869196653366089,-0.9743674993515015,-0.6452797055244446,-0.3290877938270569,2.7909507751464844,0.011363638564944267,2.77958713658154,0.05487292259931564,0.027396563440561295,0.00010045943781733513,0.0
104.46153846153847,2,4,4,1.0,0,True,69,False,1.439562439918518,2.6185288429260254,-1.1789664030075073,-1.5208948850631714,-2.6058809757232666,1.0849860906600952,-0.9743674993515015,-0.6428152918815613,-0.3315522074699402,2.7909507751464844,0.026813384145498276,2.764137391000986,0.05463256686925888,0.02740846946835518,5.502719432115555e-05,0.0
104.53846153846155,2,4,4,1.0,0,True,73,False,1.439562439918518,2.6170265674591064,-1.1774641275405884,-1.5208948850631714,-2.603809356689453,1.0829144716262817,-0.9743674993515015,-0.6402711272239685,-0.33409637212753296,2.7909507751464844,0.0426667258143425,2.748284049332142,0.05441684275865555,0.027423065155744553,6.027868948876858e-05,0.0
104.61538461538463,2,4,4,1.0,0,True,77,False,1.439562439918518,2.615609884262085,-1.176047444343567,-1.5208948850631714,-2.6016321182250977,1.0807372331619263,-0.9743674993515015,-0.637682318687439,-0.3366851806640625,2.7909507751464844,0.05888080969452858,2.732069965451956,0.054224200546741486,0.027440350502729416,4.75964043289423e-05,0.0
104.6923076923077,2,4,4,1.0,0,True,81,False,1.439562439918518,2.6142704486846924,-1.1747080087661743,-1.5208948850631714,-2.5993857383728027,1.0784908533096313,-0.9743674993515015,-0.6350771188735962,-0.3392903804779053,2.7909507751464844,0.075416699051857,2.7155340760946274,0.054052166640758514,0.027460049837827682,5.2106333896517754e-05,0.0
104.76923076923077,2,4,4,1.0,0,True,85,False,1.439562439918518,2.613006353378296,-1.1734439134597778,-1.5208948850631714,-2.597106456756592,1.0762115716934204,-0.9743674993515015,-0.6324781775474548,-0.34188932180404663,2.7909507751464844,0.09224060922861099,2.6987101659178734,0.05389782041311264,0.027481604367494583,5.5677955970168114e-05,0.0
104.84615384615385,2,4,4,1.0,0,True,89,False,1.439562439918518,2.6118133068084717,-1.1722508668899536,-1.5208948850631714,-2.5948264598846436,1.0739315748214722,-0.9743674993515015,-0.6299002170562744,-0.34446728229522705,2.7909507751464844,0.10932103544473648,2.681629739701748,0.05375894159078598,0.027504418045282364,4.4191256165504456e-05,0.0
104.92307692307693,2,4,4,1.0,0,True,93,False,1.439562439918518,2.6106855869293213,-1.1711231470108032,-1.5208948850631714,-2.592571258544922,1.0716763734817505,-0.9743674993515015,-0.62735515832901,-0.34701234102249146,2.7909507751464844,0.1266305297613144,2.66432024538517,0.05363399535417557,0.027527976781129837,5.363486707210541e-05,0.0
105.0,2,4,4,1.0,0,True,97,False,1.439562439918518,2.6096131801605225,-1.1700507402420044,-1.5208948850631714,-2.590359687805176,1.0694648027420044,-0.9743674993515015,-0.6248510479927063,-0.34951645135879517,2.7909507751464844,0.14414499700069427,2.64680577814579,0.053522028028964996,0.027551893144845963,5.5299606174230576e-05,0.0
105.07692307692308,2,4,4,1.0,0,True,101,False,1.439562439918518,2.608586311340332,-1.169023871421814,-1.5208948850631714,-2.588204860687256,1.0673099756240845,-0.9743674993515015,-0.6223940849304199,-0.35197341442108154,2.7909507751464844,0.1618422269821167,2.6291085481643677,0.05342239886522293,0.02757585421204567,4.888279363512993e-05,0.0
105.15384615384616,2,4,4,1.0,0,True,105,False,1.439562439918518,2.607597589492798,-1.1680351495742798,-1.5208948850631714,-2.5861170291900635,1.065222144126892,-0.9743674993515015,-0.6199895143508911,-0.3543779850006103,2.7909507751464844,0.17970292270183563,2.6112478524446487,0.053334228694438934,0.02759959176182747,5.263602361083031e-05,0.0
105.23076923076924,2,4,4,1.0,0,True,109,False,1.439562439918518,2.6066410541534424,-1.1670786142349243,-1.5208948850631714,-2.5841031074523926,1.0632082223892212,-0.9743674993515015,-0.6176410913467407,-0.35672640800476074,2.7909507751464844,0.19770967960357666,2.5932410955429077,0.05325675755739212,0.027622845023870468,5.7176221162080765e-05,0.0
105.3076923076923,2,4,4,1.0,0,True,113,False,1.439562439918518,2.605710983276367,-1.1661485433578491,-1.5208948850631714,-2.5821709632873535,1.0612760782241821,-0.9743674993515015,-0.6153521537780762,-0.3590153455734253,2.7909507751464844,0.2158471792936325,2.575103595852852,0.05318930000066757,0.02764541283249855,3.877328708767891e-05,0.0
105.38461538461539,2,4,4,1.0,0,True,117,False,1.439562439918518,2.6048052310943604,-1.1652427911758423,-1.5208948850631714,-2.5803229808807373,1.059428095817566,-0.9743674993515015,-0.6131240725517273,-0.3612434267997742,2.7909507751464844,0.23410116136074066,2.5568496137857437,0.053131185472011566,0.027667146176099777,5.069887265563011e-05,0.0
105.46153846153847,2,4,4,1.0,0,True,121,False,1.439562439918518,2.6039204597473145,-1.1643580198287964,-1.5208948850631714,-2.5785610675811768,1.0576661825180054,-0.9743674993515015,-0.6109588146209717,-0.3634086847305298,2.7909507751464844,0.25245919823646545,2.538491576910019,0.05308177322149277,0.02768794074654579,4.273839294910431e-05,0.0
105.53846153846155,2,4,4,1.0,0,True,125,False,1.439562439918518,2.603055715560913,-1.163493275642395,-1.5208948850631714,-2.576887845993042,1.0559929609298706,-0.9743674993515015,-0.6088588237762451,-0.36550867557525635,2.7909507751464844,0.270910382270813,2.5200403928756714,0.053040482103824615,0.027707744389772415,4.2011961340904236e-05,0.0
105.61538461538463,2,4,4,1.0,0,True,129,False,1.439562439918518,2.6022095680236816,-1.1626471281051636,-1.5208948850631714,-2.575300931930542,1.0544060468673706,-0.9743674993515015,-0.6068257689476013,-0.36754173040390015,2.7909507751464844,0.2894445061683655,2.501506268978119,0.05300665646791458,0.027726534754037857,3.974186256527901e-05,0.0
105.6923076923077,2,4,4,1.0,0,True,133,False,1.439562439918518,2.6013805866241455,-1.1618181467056274,-1.5208948850631714,-2.5737996101379395,1.052904725074768,-0.9743674993515015,-0.6048616170883179,-0.3695058822631836,2.7909507751464844,0.30805298686027527,2.482897788286209,0.052979640662670135,0.027744296938180923,4.1890889406204224e-05,0.0
105.76923076923077,2,4,4,1.0,0,True,137,False,1.439562439918518,2.6005706787109375,-1.1610082387924194,-1.5208948850631714,-2.5723843574523926,1.0514894723892212,-0.9743674993515015,-0.6029683351516724,-0.3713991641998291,2.7909507751464844,0.32672780752182007,2.4642229676246643,0.05295879393815994,0.027761030942201614,3.3567193895578384e-05,0.0
105.84615384615385,2,4,4,1.0,0,True,141,False,1.439562439918518,2.5997793674468994,-1.1602169275283813,-1.5208948850631714,-2.5710537433624268,1.0501588582992554,-0.9743674993515015,-0.6011468768119812,-0.3732206225395203,2.7909507751464844,0.34546205401420593,2.4454887211322784,0.05294353514909744,0.027776751667261124,3.8833823055028915e-05,0.0
105.92307692307693,2,4,4,1.0,0,True,145,False,1.439562439918518,2.5990076065063477,-1.1594451665878296,-1.5208948850631714,-2.5698060989379883,1.048911213874817,-0.9743674993515015,-0.599398672580719,-0.37496882677078247,2.7909507751464844,0.3642491400241852,2.426701635122299,0.05293305963277817,0.02779151126742363,3.023771569132805e-05,0.0
106.0,2,4,4,1.0,0,True,149,False,1.439562439918518,2.5982558727264404,-1.1586934328079224,-1.5208948850631714,-2.568638324737549,1.0477434396743774,-0.9743674993515015,-0.5977248549461365,-0.376642644405365,2.7909507751464844,0.3830835223197937,2.4078672528266907,0.05292699486017227,0.027805369347333908,3.293156623840332e-05,0.0
106.07692307692308,2,4,4,1.0,0,True,153,False,1.439562439918518,2.597524404525757,-1.1579619646072388,-1.5208948850631714,-2.567546844482422,1.0466519594192505,-0.9743674993515015,-0.5961230993270874,-0.37824440002441406,2.7909507751464844,0.40195930004119873,2.3889914751052856,0.05292471498250961,0.02781837061047554,4.204222932457924e-05,0.0
106.15384615384616,2,4,4,1.0,0,True,157,False,1.439562439918518,2.596817970275879,-1.1572555303573608,-1.5208948850631714,-2.56653094291687,1.0456360578536987,-0.9743674993515015,-0.5945984125137329,-0.37976908683776855,2.7909507751464844,0.42087313532829285,2.3700776398181915,0.05292513221502304,0.0278305821120739,4.316214472055435e-05,0.0
106.23076923076924,2,4,4,1.0,0,True,161,False,1.439562439918518,2.596133232116699,-1.1565707921981812,-1.5208948850631714,-2.5655877590179443,1.044692873954773,-0.9743674993515015,-0.5931507349014282,-0.38121676445007324,2.7909507751464844,0.4398208260536194,2.351129949092865,0.05292779952287674,0.027842026203870773,3.547407686710358e-05,0.0
106.3076923076923,2,4,4,1.0,0,True,165,False,1.439562439918518,2.595473527908325,-1.1559110879898071,-1.5208948850631714,-2.564715623855591,1.0438207387924194,-0.9743674993515015,-0.5917806029319763,-0.38258689641952515,2.7909507751464844,0.4587990343570709,2.3321517407894135,0.05293271690607071,0.027852747589349747,4.6854838728904724e-05,0.0
106.38461538461539,2,4,4,1.0,0,True,169,False,1.439562439918518,2.5948400497436523,-1.1552776098251343,-1.5208948850631714,-2.563910484313965,1.0430155992507935,-0.9743674993515015,-0.5904862880706787,-0.38388121128082275,2.7909507751464844,0.47780412435531616,2.313146650791168,0.052939318120479584,0.027862798422574997,2.7453061193227768e-05,0.0
106.46153846153847,2,4,4,1.0,0,True,173,False,1.439562439918518,2.5942320823669434,-1.1546696424484253,-1.5208948850631714,-2.5631701946258545,1.042275309562683,-0.9743674993515015,-0.5892669558525085,-0.3851005434989929,2.7909507751464844,0.4968333840370178,2.2941173911094666,0.05294724553823471,0.0278722383081913,3.402121365070343e-05,0.0
106.53846153846155,2,4,4,1.0,0,True,177,False,1.439562439918518,2.5936503410339355,-1.1540879011154175,-1.5208948850631714,-2.562490224838257,1.0415953397750854,-0.9743674993515015,-0.5881208777427673,-0.38624662160873413,2.7909507751464844,0.5158842206001282,2.275066554546356,0.052956052124500275,0.027881111949682236,2.945074811577797e-05,0.0
106.61538461538463,2,4,4,1.0,0,True,181,False,1.439562439918518,2.5930941104888916,-1.1535316705703735,-1.5208948850631714,-2.561868906021118,1.0409740209579468,-0.9743674993515015,-0.5870463252067566,-0.38732117414474493,2.7909507751464844,0.534954309463501,2.2559964656829834,0.05296555906534195,0.02788945659995079,3.629131242632866e-05,0.0
106.6923076923077,2,4,4,1.0,0,True,185,False,1.439562439918518,2.5925638675689697,-1.1530014276504517,-1.5208948850631714,-2.5613021850585938,1.0404072999954224,-0.9743674993515015,-0.5860414505004883,-0.3883260488510132,2.7909507751464844,0.5540415048599243,2.23690927028656,0.052975527942180634,0.02789730206131935,3.8833823055028915e-05,0.0
106.76923076923077,2,4,4,1.0,0,True,189,False,1.439562439918518,2.592059850692749,-1.152497410774231,-1.5208948850631714,-2.560788154602051,1.0398932695388794,-0.9743674993515015,-0.5851051211357117,-0.3892623782157898,2.7909507751464844,0.573144257068634,2.2178065180778503,0.05298551172018051,0.0279046930372715,3.780471161007881e-05,0.0
106.84615384615385,2,4,4,1.0,0,True,193,False,1.439562439918518,2.5915791988372803,-1.1520167589187622,-1.5208948850631714,-2.5603203773498535,1.0394254922866821,-0.9743674993515015,-0.5842292308807373,-0.3901382684707642,2.7909507751464844,0.5922600030899048,2.1986907720565796,0.052995629608631134,0.027911674231290817,3.1206291168928146e-05,0.0
106.92307692307693,2,4,4,1.0,0,True,197,False,1.439562439918518,2.5911242961883545,-1.1515618562698364,-1.5208948850631714,-2.5598983764648438,1.0390034914016724,-0.9743674993515015,-0.5834160447120667,-0.39095145463943476,2.7909507751464844,0.6113882064819336,2.179562568664551,0.05300555378198624,0.027918245643377304,3.592809662222862e-05,0.0
107.0,2,4,4,1.0,0,True,201,False,1.439562439918518,2.590693950653076,-1.151131510734558,-1.5208948850631714,-2.5595202445983887,1.0386253595352173,-0.9743674993515015,-0.58266282081604,-0.3917046785354614,2.7909507751464844,0.6305273175239563,2.160423457622528,0.053015075623989105,0.027924444526433945,1.7585698515176773e-05,0.0
107.07692307692308,2,4,4,1.0,0,True,205,False,1.439562439918518,2.590287446975708,-1.15072500705719,-1.5208948850631714,-2.559180736541748,1.0382858514785767,-0.9743674993515015,-0.5819663405418396,-0.3924011588096618,2.7909507751464844,0.6496762633323669,2.1412745118141174,0.05302409082651138,0.027930285781621933,2.9087532311677933e-05,0.0
107.15384615384616,2,4,4,1.0,0,True,209,False,1.439562439918518,2.589905261993408,-1.1503428220748901,-1.5208948850631714,-2.5588784217834473,1.0379835367202759,-0.9743674993515015,-0.5813254714012146,-0.39304202795028687,2.7909507751464844,0.668835461139679,2.1221153140068054,0.05303262919187546,0.027935821563005447,3.063119947910309e-05,0.0
107.23076923076924,2,4,4,1.0,0,True,213,False,1.439562439918518,2.589543104171753,-1.1499806642532349,-1.5208948850631714,-2.5586090087890625,1.0377141237258911,-0.9743674993515015,-0.580733060836792,-0.3936344385147095,2.7909507751464844,0.6880038976669312,2.1029468774795532,0.053040601313114166,0.027941089123487473,3.344612196087837e-05,0.0
107.3076923076923,2,4,4,1.0,0,True,217,False,1.439562439918518,2.589204788208008,-1.1496423482894897,-1.5208948850631714,-2.558368682861328,1.0374737977981567,-0.9743674993515015,-0.5801882743835449,-0.39417922496795654,2.7909507751464844,0.7071755528450012,2.083775222301483,0.05304770916700363,0.027946043759584427,2.4517066776752472e-05,0.0
107.38461538461539,2,4,4,1.0,0,True,221,False,1.439562439918518,2.5888867378234863,-1.1493242979049683,-1.5208948850631714,-2.5581555366516113,1.03726065158844,-0.9743674993515015,-0.579684853553772,-0.3946826457977295,2.7909507751464844,0.726349949836731,2.0646008253097534,0.05305448919534683,0.027950730174779892,3.132736310362816e-05,0.0
107.46153846153847,2,4,4,1.0,0,True,225,False,1.439562439918518,2.588589906692505,-1.1490274667739868,-1.5208948850631714,-2.557969331741333,1.0370744466781616,-0.9743674993515015,-0.5792266726493835,-0.3951408267021179,2.7909507751464844,0.7455368041992188,2.0454139709472656,0.05306024104356766,0.02795517072081566,1.934124156832695e-05,0.0
107.53846153846155,2,4,4,1.0,0,True,229,False,1.439562439918518,2.5883114337921143,-1.1487489938735962,-1.5208948850631714,-2.5578086376190186,1.0369137525558472,-0.9743674993515015,-0.5788089632987976,-0.39555853605270386,2.7909507751464844,0.7647199034690857,2.0262308716773987,0.05306532233953476,0.027959395200014114,2.696877345442772e-05,0.0
107.61538461538463,2,4,4,1.0,0,True,233,False,1.439562439918518,2.588054656982422,-1.1484922170639038,-1.5208948850631714,-2.5576679706573486,1.0367730855941772,-0.9743674993515015,-0.5784315466880798,-0.39593595266342163,2.7909507751464844,0.783919095993042,2.0070316791534424,0.05306970328092575,0.027963433414697647,2.7301721274852753e-05,0.0
107.6923076923077,2,4,4,1.0,0,True,237,False,1.439562439918518,2.5878171920776367,-1.1482547521591187,-1.5208948850631714,-2.557548999786377,1.0366541147232056,-0.9743674993515015,-0.5780914425849915,-0.39627605676650995,2.7909507751464844,0.8031179308891296,1.9878328442573547,0.05307304114103317,0.027967270463705063,2.57883220911026e-05,0.0
107.76923076923077,2,4,4,1.0,0,True,241,False,1.439562439918518,2.5875961780548096,-1.1480337381362915,-1.5208948850631714,-2.5574469566345215,1.03655207157135,-0.9743674993515015,-0.5777822136878967,-0.39658528566360474,2.7909507751464844,0.8223200440406799,1.9686307311058044,0.053075678646564484,0.027970921248197556,2.3578759282827377e-05,0.0
107.84615384615385,2,4,4,1.0,0,True,245,False,1.439562439918518,2.587390422821045,-1.1478279829025269,-1.5208948850631714,-2.5573599338531494,1.036465048789978,-0.9743674993515015,-0.5775008797645569,-0.3968666195869446,2.7909507751464844,0.8415252566337585,1.9494255185127258,0.053077660501003265,0.027974378317594528,2.966262400150299e-05,0.0
107.92307692307693,2,4,4,1.0,0,True,249,False,1.439562439918518,2.5871989727020264,-1.1476365327835083,-1.5208948850631714,-2.5572869777679443,1.036392092704773,-0.9743674993515015,-0.5772456526756287,-0.3971218466758728,2.7909507751464844,0.8607333898544312,1.9302173852920532,0.05307912081480026,0.027977678924798965,4.2889732867479324e-05,0.0
108.0,2,4,4,1.0,0,True,253,False,1.439562439918518,2.5870208740234375,-1.1474584341049194,-1.5208948850631714,-2.557225465774536,1.0363305807113647,-0.9743674993515015,-0.5770148038864136,-0.3973526954650879,2.7909507751464844,0.8799440264701843,1.9110067486763,0.053080104291439056,0.027980823069810867,2.5213230401277542e-05,0.0
108.07692307692308,2,4,4,1.0,0,True,257,False,1.439562439918518,2.586855888366699,-1.1472934484481812,-1.5208948850631714,-2.5571744441986084,1.036279559135437,-0.9743674993515015,-0.576806902885437,-0.39756059646606445,2.7909507751464844,0.899156928062439,1.8917938470840454,0.05308050662279129,0.027983855456113815,2.6121269911527634e-05,0.0
108.15384615384616,2,4,4,1.0,0,True,261,False,1.439562439918518,2.5867040157318115,-1.1471415758132935,-1.5208948850631714,-2.557133436203003,1.0362385511398315,-0.9743674993515015,-0.5766204595565796,-0.3977470397949219,2.7909507751464844,0.9183725118637085,1.8725782632827759,0.0530802384018898,0.027986768633127213,2.5455374270677567e-05,0.0
108.23076923076924,2,4,4,1.0,0,True,265,False,1.439562439918518,2.586564302444458,-1.14700186252594,-1.5208948850631714,-2.557101011276245,1.0362061262130737,-0.9743674993515015,-0.5764533281326294,-0.39791417121887207,2.7909507751464844,0.937589704990387,1.8533610701560974,0.05307941883802414,0.02798956260085106,2.4819746613502502e-05,0.0
108.30769230769232,2,4,4,1.0,0,True,269,False,1.439562439918518,2.5864367485046387,-1.1468743085861206,-1.5208948850631714,-2.5570762157440186,1.0361813306808472,-0.9743674993515015,-0.5763044357299805,-0.39806306362152094,2.7909507751464844,0.9568091034889221,1.8341416716575623,0.0530780628323555,0.027992267161607742,1.9371509552001953e-05,0.0
108.38461538461539,2,4,4,1.0,0,True,273,False,1.439562439918518,2.5863192081451416,-1.1467567682266235,-1.5208948850631714,-2.5570571422576904,1.036162257194519,-0.9743674993515015,-0.5761716365814209,-0.39819586277008057,2.7909507751464844,0.9760291576385498,1.8149216175079346,0.05307614058256149,0.02799488976597786,2.391170710325241e-05,0.0
108.46153846153847,2,4,4,1.0,0,True,277,False,1.439562439918518,2.5862107276916504,-1.1466482877731323,-1.5208948850631714,-2.5570461750030518,1.0361512899398804,-0.9743674993515015,-0.5760536193847656,-0.39831387996673584,2.7909507751464844,0.9952495694160461,1.7957012057304382,0.05307383090257645,0.027997415512800217,2.518296241760254e-05,0.0
108.53846153846155,2,4,4,1.0,0,True,281,False,1.439562439918518,2.5861117839813232,-1.1465493440628052,-1.5208948850631714,-2.557036876678467,1.0361419916152954,-0.9743674993515015,-0.5759500861167908,-0.3984174132347107,2.7909507751464844,1.014471411705017,1.7764793634414673,0.05307108908891678,0.0279998742043972,2.312473952770233e-05,0.0
108.61538461538463,2,4,4,1.0,0,True,285,False,1.439562439918518,2.586024045944214,-1.1464616060256958,-1.5208948850631714,-2.5570359230041504,1.036141037940979,-0.9743674993515015,-0.5758616924285889,-0.3985058069229126,2.7909507751464844,1.0336991548538208,1.7572516202926636,0.05306767672300339,0.028002258390188217,2.2065360099077225e-05,0.0
108.6923076923077,2,4,4,1.0,0,True,289,False,1.439562439918518,2.5859432220458984,-1.1463807821273804,-1.5208948850631714,-2.5570359230041504,1.036141037940979,-0.9743674993515015,-0.5757825374603271,-0.3985849618911743,2.7909507751464844,1.0529236793518066,1.7380270957946777,0.05306404083967209,0.028004590421915054,1.8978025764226913e-05,0.0
108.76923076923077,2,4,4,1.0,0,True,293,False,1.439562439918518,2.5858681201934814,-1.1463056802749634,-1.5208948850631714,-2.557039737701416,1.0361448526382446,-0.9743674993515015,-0.5757125616073608,-0.3986549377441406,2.7909507751464844,1.0721447467803955,1.7188060283660889,0.05306004732847214,0.02800685539841652,1.4710240066051483e-05,0.0
108.84615384615385,2,4,4,1.0,0,True,297,False,1.439562439918518,2.5858001708984375,-1.1462377309799194,-1.5208948850631714,-2.55704927444458,1.0361543893814087,-0.9743674993515015,-0.5756518244743347,-0.3987156748771668,2.7909507751464844,1.091365933418274,1.6995848417282104,0.05305571109056473,0.028009075671434402,1.695007085800171e-05,0.0
108.92307692307693,2,4,4,1.0,0,True,301,False,1.439562439918518,2.5857393741607666,-1.1461769342422485,-1.5208948850631714,-2.557058811187744,1.0361639261245728,-0.9743674993515015,-0.5755999088287354,-0.3987675905227661,2.7909507751464844,1.1105884313583374,1.680362343788147,0.05305103212594986,0.028011243790388107,2.3487955331802368e-05,0.0
109.0,2,4,4,1.0,0,True,305,False,1.439562439918518,2.585684299468994,-1.146121859550476,-1.5208948850631714,-2.557068347930908,1.0361734628677368,-0.9743674993515015,-0.575555682182312,-0.39881181716918945,2.7909507751464844,1.1298118829727173,1.661138892173767,0.0530460849404335,0.02801336720585823,1.8584541976451874e-05,0.0
109.07692307692308,2,4,4,1.0,0,True,309,False,1.439562439918518,2.5856356620788574,-1.1460732221603394,-1.5208948850631714,-2.5570778846740723,1.0361829996109009,-0.9743674993515015,-0.5755186080932617,-0.39884889125823975,2.7909507751464844,1.149036169052124,1.6419146060943604,0.053040824830532074,0.028015460819005966,2.28220596909523e-05,0.0
109.15384615384616,2,4,4,1.0,0,True,313,False,1.439562439918518,2.5855915546417236,-1.1460291147232056,-1.5208948850631714,-2.5570902824401855,1.0361953973770142,-0.9743674993515015,-0.5754881501197815,-0.39887934923171997,2.7909507751464844,1.1682614088058472,1.6226893663406372,0.05303523689508438,0.02801753208041191,1.834239810705185e-05,0.0
109.23076923076924,2,4,4,1.0,0,True,317,False,1.439562439918518,2.5855534076690674,-1.1459909677505493,-1.5208948850631714,-2.5571048259735107,1.0362099409103394,-0.9743674993515015,-0.575463593006134,-0.3989039063453674,2.7909507751464844,1.187487244606018,1.6034635305404663,0.05302941054105759,0.02801956608891487,1.38930045068264e-05,0.0
109.30769230769232,2,4,4,1.0,0,True,321,False,1.439562439918518,2.585519313812256,-1.1459568738937378,-1.5208948850631714,-2.557121515274048,1.0362266302108765,-0.9743674993515015,-0.5754442811012268,-0.39892321825027466,2.7909507751464844,1.2067139148712158,1.5842368602752686,0.05302330106496811,0.02802155539393425,2.696877345442772e-05,0.0
109.38461538461539,2,4,4,1.0,0,True,325,False,1.439562439918518,2.5854907035827637,-1.1459282636642456,-1.5208948850631714,-2.5571393966674805,1.036244511604309,-0.9743674993515015,-0.5754297375679016,-0.39893776178359985,2.7909507751464844,1.2259401082992554,1.565010666847229,0.053016968071460724,0.028023522347211838,1.071486622095108e-05,0.0
109.46153846153847,2,4,4,1.0,0,True,329,False,1.439562439918518,2.585463047027588,-1.1459006071090698,-1.5208948850631714,-2.557157516479492,1.0362626314163208,-0.9743674993515015,-0.5754196047782898,-0.39894789457321167,2.7909507751464844,1.2451660633087158,1.5457847118377686,0.053010426461696625,0.028025459498167038,2.1762680262327194e-05,0.0
109.53846153846155,2,4,4,1.0,0,True,333,False,1.439562439918518,2.5854434967041016,-1.1458810567855835,-1.5208948850631714,-2.5571751594543457,1.0362802743911743,-0.9743674993515015,-0.575413703918457,-0.39895379543304443,2.7909507751464844,1.264392614364624,1.5265581607818604,0.05300358682870865,0.028027381747961044,2.1671876311302185e-05,0.0
109.61538461538463,2,4,4,1.0,0,True,337,False,1.439562439918518,2.5854244232177734,-1.1458619832992554,-1.5208948850631714,-2.557192325592041,1.0362974405288696,-0.9743674993515015,-0.5754109621047974,-0.3989565372467041,2.7909507751464844,1.2836227416992188,1.5073280334472656,0.052996568381786346,0.02802928164601326,1.894775778055191e-05,0.0
109.6923076923077,2,4,4,1.0,0,True,341,False,1.439562439918518,2.585407257080078,-1.14584481716156,-1.5208948850631714,-2.5572104454040527,1.0363155603408813,-0.9743674993515015,-0.5754114985466003,-0.3989560008049011,2.7909507751464844,1.3028488159179688,1.4881019592285156,0.05298934131860733,0.02803116664290428,1.607229933142662e-05,0.0
109.76923076923077,2,4,4,1.0,0,True,345,False,1.439562439918518,2.585397720336914,-1.145835280418396,-1.5208948850631714,-2.557227373123169,1.0363324880599976,-0.9743674993515015,-0.575414776802063,-0.3989527225494385,2.7909507751464844,1.3220770359039307,1.4688737392425537,0.05298195034265518,0.02803303673863411,2.1248124539852142e-05,0.0
109.84615384615385,2,4,4,1.0,0,True,349,False,1.439562439918518,2.58538818359375,-1.145825743675232,-1.5208948850631714,-2.5572431087493896,1.0363482236862183,-0.9743674993515015,-0.5754204988479614,-0.39894700050354004,2.7909507751464844,1.3413074016571045,1.4496433734893799,0.05297436565160751,0.028034884482622147,2.6423949748277664e-05,0.0
109.92307692307693,2,4,4,1.0,0,True,353,False,1.439562439918518,2.585378646850586,-1.1458162069320679,-1.5208948850631714,-2.5572593212127686,1.0363644361495972,-0.9743674993515015,-0.5754290223121643,-0.3989384770393371,2.7909507751464844,1.3605345487594604,1.430416226387024,0.052966587245464325,0.028036732226610184,1.5739351511001587e-05,0.0
110.0,2,4,4,1.0,0,True,357,False,1.439562439918518,2.5853748321533203,-1.1458123922348022,-1.5208948850631714,-2.5572752952575684,1.036380410194397,-0.9743674993515015,-0.575439989566803,-0.3989275097846985,2.7909507751464844,1.3797608613967896,1.4111899137496948,0.05295855551958084,0.028038565069437027,1.9704457372426987e-05,0.0
110.07692307692308,2,4,4,1.0,0,True,361,False,1.439562439918518,2.5853748321533203,-1.1458123922348022,-1.5208948850631714,-2.557291269302368,1.0363963842391968,-0.9743674993515015,-0.575452983379364,-0.39891451597213745,2.7909507751464844,1.398987054824829,1.3919637203216553,0.052950359880924225,0.028040383011102676,2.3185275495052338e-05,0.0
110.15384615384616,2,4,4,1.0,0,True,365,False,1.439562439918518,2.5853748321533203,-1.1458123922348022,-1.5208948850631714,-2.5573058128356934,1.036410927772522,-0.9743674993515015,-0.5754677653312683,-0.39889973402023315,2.7909507751464844,1.4182140827178955,1.3727366924285889,0.052941881120204926,0.028042178601026535,1.8524006009101868e-05,0.0
110.23076923076924,2,4,4,1.0,0,True,369,False,1.439562439918518,2.5853748321533203,-1.1458123922348022,-1.5208948850631714,-2.557318687438965,1.0364238023757935,-0.9743674993515015,-0.5754844546318054,-0.39888304471969604,2.7909507751464844,1.4374412298202515,1.353509545326233,0.052933238446712494,0.0280439592897892,1.38930045068264e-05,0.0
110.30769230769232,2,4,4,1.0,0,True,373,False,1.439562439918518,2.5853753089904785,-1.1458128690719604,-1.5208948850631714,-2.5573315620422363,1.036436676979065,-0.9743674993515015,-0.5755025148391724,-0.3988649845123291,2.7909507751464844,1.4566696882247925,1.334281086921692,0.052924416959285736,0.028045732527971268,1.9976869225502014e-05,0.0
110.38461538461539,2,4,4,1.0,0,True,377,False,1.439562439918518,2.5853841304779053,-1.1458216905593872,-1.5208948850631714,-2.557343006134033,1.0364481210708618,-0.9743674993515015,-0.5755218267440796,-0.3988456726074219,2.7909507751464844,1.47590172290802,1.3150490522384644,0.052915386855602264,0.02804749086499214,1.5497207641601562e-05,0.0
110.46153846153847,2,4,4,1.0,0,True,381,False,1.439562439918518,2.5853936672210693,-1.1458312273025513,-1.5208948850631714,-2.5573537349700928,1.0364588499069214,-0.9743674993515015,-0.575542151927948,-0.39882534742355347,2.7909507751464844,1.495136022567749,1.2958147525787354,0.05290623754262924,0.028049256652593613,1.398380845785141e-05,0.0
110.53846153846155,2,4,4,1.0,0,True,385,False,1.439562439918518,2.5854032039642334,-1.1458407640457153,-1.5208948850631714,-2.5573642253875732,1.0364693403244019,-0.9743674993515015,-0.5755634903907776,-0.3988040089607239,2.7909507751464844,1.5143699645996094,1.276580810546875,0.05289686471223831,0.028050992637872696,1.6284175217151642e-05,0.0
110.61538461538463,2,4,4,1.0,0,True,389,False,1.439562439918518,2.5854127407073975,-1.1458503007888794,-1.5208948850631714,-2.5573744773864746,1.0364795923233032,-0.9743674993515015,-0.5755860209465027,-0.3987814784049988,2.7909507751464844,1.5336042642593384,1.257346510887146,0.05288729816675186,0.028052713721990585,1.6980338841676712e-05,0.0
110.6923076923077,2,4,4,1.0,0,True,393,False,1.439562439918518,2.5854222774505615,-1.1458598375320435,-1.5208948850631714,-2.557384490966797,1.0364896059036255,-0.9743674993515015,-0.5756094455718994,-0.398758053779602,2.7909507751464844,1.5528373718261719,1.2381134033203125,0.05287759751081467,0.028054427355527878,1.943204551935196e-05,0.0
110.76923076923077,2,4,4,1.0,0,True,397,False,1.439562439918518,2.5854318141937256,-1.1458693742752075,-1.5208948850631714,-2.557394027709961,1.0364991426467896,-0.9743674993515015,-0.5756338834762573,-0.39873361587524414,2.7909507751464844,1.5720690488815308,1.2188817262649536,0.05286761373281479,0.028056148439645767,1.2470409274101257e-05,0.0
110.84615384615385,2,4,4,1.0,0,True,401,False,1.439562439918518,2.5854434967041016,-1.1458810567855835,-1.5208948850631714,-2.557403564453125,1.0365086793899536,-0.9743674993515015,-0.5756590366363525,-0.3987084627151489,2.7909507751464844,1.5913017988204956,1.1996489763259888,0.052857570350170135,0.028057832270860672,1.8402934074401855e-05,0.0
110.92307692307693,2,4,4,1.0,0,True,405,False,1.439562439918518,2.5854601860046387,-1.1458977460861206,-1.5208948850631714,-2.557413101196289,1.0365182161331177,-0.9743674993515015,-0.5756849050521851,-0.3986825942993164,2.7909507751464844,1.6105345487594604,1.180416226387024,0.052847303450107574,0.028059523552656174,2.173241227865219e-05,0.0
111.0,2,4,4,1.0,0,True,409,False,1.439562439918518,2.5854787826538086,-1.1459163427352905,-1.5208948850631714,-2.557422637939453,1.0365277528762817,-0.9743674993515015,-0.5757113099098206,-0.3986561894416809,2.7909507751464844,1.6297680139541626,1.1611827611923218,0.05283685773611069,0.028061192482709885,2.1248124539852142e-05,0.0
111.07692307692308,2,4,4,1.0,0,True,413,False,1.439562439918518,2.5854978561401367,-1.1459354162216187,-1.5208948850631714,-2.557432174682617,1.0365372896194458,-0.9743674993515015,-0.5757386684417725,-0.398628830909729,2.7909507751464844,1.6490002870559692,1.1419504880905151,0.052826277911663055,0.028062853962183,2.2246968001127243e-05,0.0
111.15384615384616,2,4,4,1.0,0,True,417,False,1.439562439918518,2.585516929626465,-1.1459544897079468,-1.5208948850631714,-2.5574417114257812,1.0365468263626099,-0.9743674993515015,-0.5757663249969482,-0.3986011743545532,2.7909507751464844,1.66823148727417,1.1227192878723145,0.05281559377908707,0.028064485639333725,1.6314443200826645e-05,0.0
111.23076923076924,2,4,4,1.0,0,True,421,False,1.439562439918518,2.585536003112793,-1.145973563194275,-1.5208948850631714,-2.5574512481689453,1.036556363105774,-0.9743674993515015,-0.5757940411567688,-0.39857345819473267,2.7909507751464844,1.6874637603759766,1.1034870147705078,0.052804701030254364,0.028066132217645645,1.8221326172351837e-05,0.0
111.30769230769232,2,4,4,1.0,0,True,425,False,1.439562439918518,2.585555076599121,-1.145992636680603,-1.5208948850631714,-2.5574607849121094,1.036565899848938,-0.9743674993515015,-0.5758221745491028,-0.3985453248023986,2.7909507751464844,1.7066961526870728,1.0842546224594116,0.052793703973293304,0.028067748993635178,3.738095983862877e-05,0.0
111.38461538461539,2,4,4,1.0,0,True,429,False,1.439562439918518,2.585574150085449,-1.1460117101669312,-1.5208948850631714,-2.5574703216552734,1.036575436592102,-0.9743674993515015,-0.5758505463600159,-0.3985169529914856,2.7909507751464844,1.7259271144866943,1.06502366065979,0.05278254300355911,0.02806936576962471,2.3851171135902405e-05,0.0
111.46153846153847,2,4,4,1.0,0,True,433,False,1.439562439918518,2.5855932235717773,-1.1460307836532593,-1.5208948850631714,-2.5574798583984375,1.0365849733352661,-0.9743674993515015,-0.5758795738220215,-0.39848792552948,2.7909507751464844,1.7451564073562622,1.0457943677902222,0.05277129262685776,0.02807096764445305,1.6435515135526657e-05,0.0
111.53846153846155,2,4,4,1.0,0,True,437,False,1.439562439918518,2.5856122970581055,-1.1460498571395874,-1.5208948850631714,-2.5574893951416016,1.0365945100784302,-0.9743674993515015,-0.5759086608886719,-0.3984588384628296,2.7909507751464844,1.7643895149230957,1.0265612602233887,0.052759818732738495,0.028072547167539597,1.9159633666276932e-05,0.0
111.61538461538463,2,4,4,1.0,0,True,441,False,1.439562439918518,2.585631847381592,-1.1460694074630737,-1.5208948850631714,-2.5574989318847656,1.0366040468215942,-0.9743674993515015,-0.5759376287460327,-0.3984298706054687,2.7909507751464844,1.7836216688156128,1.0073291063308716,0.05274822562932968,0.028074119240045547,1.6042031347751617e-05,0.0
111.6923076923077,2,4,4,1.0,0,True,445,False,1.439562439918518,2.585651159286499,-1.146088719367981,-1.5208948850631714,-2.5575084686279297,1.0366135835647583,-0.9743674993515015,-0.5759658217430115,-0.39840167760849,2.7909507751464844,1.8028517961502075,0.9880989789962769,0.05273645371198654,0.028075654059648514,2.3548491299152374e-05,0.0
111.76923076923077,2,4,4,1.0,0,True,449,False,1.439562439918518,2.5856711864471436,-1.1461087465286255,-1.5208948850631714,-2.5575180053710938,1.0366231203079224,-0.9743674993515015,-0.5759932398796082,-0.3983742594718933,2.7909507751464844,1.8220829963684082,0.9688677787780762,0.0527246817946434,0.02807718887925148,1.7494894564151764e-05,0.0
111.84615384615385,2,4,4,1.0,0,True,453,False,1.439562439918518,2.585691213607788,-1.14612877368927,-1.5208948850631714,-2.5575203895568848,1.0366255044937134,-0.9743674993515015,-0.576019287109375,-0.3983482122421264,2.7909507751464844,1.8413090705871582,0.9496417045593262,0.05271290987730026,0.028078701347112656,9.262003004550934e-06,0.0
111.92307692307693,2,4,4,1.0,0,True,457,False,1.439562439918518,2.585714340209961,-1.1461519002914429,-1.5208948850631714,-2.5575203895568848,1.0366255044937134,-0.9743674993515015,-0.5760459899902344,-0.3983215093612671,2.7909507751464844,1.8605427742004395,0.9304080009460449,0.052701108157634735,0.02808021381497383,2.0279549062252045e-05,0.0
112.0,2,4,4,1.0,0,True,461,False,1.439562439918518,2.585737705230713,-1.1461752653121948,-1.5208948850631714,-2.5575203895568848,1.0366255044937134,-0.9743674993515015,-0.5760716795921326,-0.3982958197593689,2.7909507751464844,1.8797714710235596,0.9111793041229248,0.05268917232751846,0.028081703931093216,1.955311745405197e-05,0.0
112.07692307692308,2,4,4,1.0,0,True,465,False,1.439562439918518,2.585763931274414,-1.146201491355896,-1.5208948850631714,-2.5575203895568848,1.0366255044937134,-0.9743674993515015,-0.5760972499847412,-0.39827024936676025,2.7909507751464844,1.8989975452423096,0.8919532299041748,0.052677176892757416,0.028083179146051407,1.903856173157692e-05,0.0
112.15384615384616,2,4,4,1.0,0,True,469,False,1.439562439918518,2.5857906341552734,-1.1462281942367554,-1.5208948850631714,-2.5575203895568848,1.0366255044937134,-0.9743674993515015,-0.5761228799819946,-0.39824461936950684,2.7909507751464844,1.9182237386703491,0.8727270364761353,0.05266506224870682,0.028084617108106613,1.6707926988601685e-05,0.0
112.23076923076924,2,4,4,1.0,0,True,473,False,1.439562439918518,2.585817813873291,-1.146255373954773,-1.5208948850631714,-2.5575203895568848,1.0366255044937134,-0.9743674993515015,-0.5761482119560242,-0.3982192873954773,2.7909507751464844,1.9374504089355469,0.8535003662109375,0.052652813494205475,0.028086040169000626,1.5255063772201538e-05,0.0
112.30769230769232,2,4,4,1.0,0,True,477,False,1.439562439918518,2.585845470428467,-1.1462830305099487,-1.5208948850631714,-2.5575203895568848,1.0366255044937134,-0.9743674993515015,-0.5761725306510925,-0.39819496870040894,2.7909507751464844,1.956681489944458,0.8342692852020264,0.05264054983854294,0.02808743342757225,2.1187588572502136e-05,0.0
112.38461538461539,2,4,4,1.0,0,True,481,False,1.439562439918518,2.585869789123535,-1.146307349205017,-1.5208948850631714,-2.5575203895568848,1.0366255044937134,-0.9743674993515015,-0.5761955976486206,-0.39817190170288086,2.7909507751464844,1.9759150743484497,0.8150357007980347,0.05262833088636398,0.028088804334402084,1.4225952327251434e-05,0.0
112.46153846153847,2,4,4,1.0,0,True,485,False,1.439562439918518,2.5858917236328125,-1.1463292837142944,-1.5208948850631714,-2.5575203895568848,1.0366255044937134,-0.9743674993515015,-0.5762165784835815,-0.3981509208679199,2.7909507751464844,1.9951491355895996,0.7958016395568848,0.052616216242313385,0.02809014543890953,1.755543053150177e-05,0.0
112.53846153846155,2,4,4,1.0,0,True,489,False,1.439562439918518,2.585911512374878,-1.1463490724563599,-1.5208948850631714,-2.5575203895568848,1.0366255044937134,-0.9743674993515015,-0.5762358903884888,-0.3981316089630127,2.7909507751464844,2.0143821239471436,0.7765686511993408,0.052604250609874725,0.028091471642255783,1.746462658047676e-05,0.0
112.61538461538463,2,4,4,1.0,0,True,493,False,1.439562439918518,2.585930585861206,-1.146368145942688,-1.5208948850631714,-2.5575201511383057,1.0366252660751343,-0.9743674993515015,-0.5762535333633423,-0.3981139659881592,2.7909507751464844,2.033613681793213,0.7573370933532715,0.05259237438440323,0.02809279039502144,1.5133991837501526e-05,0.0
112.6923076923077,2,4,4,1.0,0,True,497,False,1.439562439918518,2.585949659347534,-1.1463872194290161,-1.5208948850631714,-2.557511806488037,1.0366169214248657,-0.9743674993515015,-0.5762693881988525,-0.3980981111526489,2.7909507751464844,2.052846670150757,0.7381041049957275,0.05258061736822128,0.02809407189488411,2.469867467880249e-05,0.0
112.76923076923077,2,4,4,1.0,0,True,501,False,1.439562439918518,2.5859687328338623,-1.1464062929153442,-1.5208948850631714,-2.557502508163452,1.0366076231002808,-0.9743674993515015,-0.5762835144996643,-0.39808398485183716,2.7909507751464844,2.0720789432525635,0.7188718318939209,0.052568890154361725,0.028095316141843796,2.0188745111227036e-05,0.0
112.84615384615385,2,4,4,1.0,0,True,505,False,1.439562439918518,2.5859878063201904,-1.1464253664016724,-1.5208948850631714,-2.557492971420288,1.0365980863571167,-0.9743674993515015,-0.5762957334518433,-0.3980717658996582,2.7909507751464844,2.0913121700286865,0.6996386051177979,0.05255728214979172,0.028096545487642288,2.360902726650238e-05,0.0
112.92307692307693,2,4,4,1.0,0,True,509,False,1.439562439918518,2.5860068798065186,-1.1464444398880005,-1.5208948850631714,-2.557483434677124,1.0365885496139526,-0.9743674993515015,-0.5763066411018372,-0.3980608582496643,2.7909507751464844,2.1105434894561768,0.6804072856903077,0.05254582315683365,0.028097737580537796,2.003740519285202e-05,0.0
113.0,2,4,4,1.0,0,True,513,False,1.439562439918518,2.5860259532928467,-1.1464635133743286,-1.5208948850631714,-2.55747389793396,1.0365790128707886,-0.9743674993515015,-0.5763164162635803,-0.39805108308792114,2.7909507751464844,2.1297714710235596,0.6611793041229248,0.052534379065036774,0.028098907321691513,2.469867467880249e-05,0.0
113.07692307692308,2,4,4,1.0,0,True,517,False,1.439562439918518,2.586045026779175,-1.1464825868606567,-1.5208948850631714,-2.557464361190796,1.0365694761276245,-0.9743674993515015,-0.576325535774231,-0.3980419635772705,2.7909507751464844,2.1489994525909424,0.641951322555542,0.052523039281368256,0.028100039809942245,1.210719347000122e-05,0.0
113.15384615384616,2,4,4,1.0,0,True,521,False,1.439562439918518,2.586064100265503,-1.1465016603469849,-1.5208948850631714,-2.557454824447632,1.0365599393844604,-0.9743674993515015,-0.5763327479362488,-0.3980347514152527,2.7909507751464844,2.1682286262512207,0.6227221488952637,0.052511654794216156,0.028101149946451187,1.925043761730194e-05,0.0
113.23076923076924,2,4,4,1.0,0,True,525,False,1.439562439918518,2.586083173751831,-1.146520733833313,-1.5208948850631714,-2.5574452877044678,1.0365504026412964,-0.9743674993515015,-0.5763384103775024,-0.398029088973999,2.7909507751464844,2.187464952468872,0.6034858226776122,0.052500493824481964,0.028102215379476547,9.564682841300964e-06,0.0
113.30769230769232,2,4,4,1.0,0,True,529,False,1.439562439918518,2.586102247238159,-1.1465398073196411,-1.5208948850631714,-2.55743145942688,1.0365365743637085,-0.9743674993515015,-0.5763419270515442,-0.3980255722999573,2.7909507751464844,2.2067041397094727,0.5842466354370117,0.052489496767520905,0.028103243559598923,1.912936568260193e-05,0.0
113.38461538461539,2,4,4,1.0,0,True,533,False,1.439562439918518,2.5861213207244873,-1.1465588808059692,-1.5208948850631714,-2.557415008544922,1.0365201234817505,-0.9743674993515015,-0.5763441324234009,-0.3980233669281006,2.7909507751464844,2.225942611694336,0.5650081634521484,0.05247866362333298,0.028104234486818314,2.2489111870527267e-05,0.0
113.46153846153847,2,4,4,1.0,0,True,537,False,1.439562439918518,2.5861403942108154,-1.1465779542922974,-1.5208948850631714,-2.5573959350585938,1.0365010499954224,-0.9743674993515015,-0.5763441324234009,-0.3980233669281006,2.7909507751464844,2.245177745819092,0.5457730293273926,0.05246806889772415,0.028105203062295914,2.0309817045927048e-05,0.0
113.53846153846155,2,4,4,1.0,0,True,541,False,1.439562439918518,2.5861594676971436,-1.1465970277786255,-1.5208948850631714,-2.5573768615722656,1.0364819765090942,-0.9743674993515015,-0.5763424038887024,-0.3980250954627991,2.7909507751464844,2.2644100189208984,0.5265407562255859,0.05245765298604965,0.028106119483709335,1.8705613911151886e-05,0.0
113.61538461538463,2,4,4,1.0,0,True,545,False,1.439562439918518,2.5861778259277344,-1.1466153860092163,-1.5208948850631714,-2.5573577880859375,1.0364629030227661,-0.9743674993515015,-0.5763399600982666,-0.39802753925323486,2.7909507751464844,2.283639430999756,0.5073113441467285,0.05244723707437515,0.028106968849897385,2.4153850972652435e-05,0.0
113.6923076923077,2,4,4,1.0,0,True,549,False,1.439562439918518,2.5861947536468506,-1.1466323137283325,-1.5208948850631714,-2.5573387145996094,1.036443829536438,-0.9743674993515015,-0.5763354301452637,-0.3980320692062378,2.7909507751464844,2.3028676509857178,0.4880831241607666,0.05243716388940811,0.02810778096318245,1.952284947037697e-05,0.0
113.76923076923077,2,4,4,1.0,0,True,553,False,1.439562439918518,2.5862069129943848,-1.1466444730758667,-1.5208948850631714,-2.5573196411132812,1.0364247560501099,-0.9743674993515015,-0.5763294696807861,-0.3980380296707154,2.7909507751464844,2.3220953941345215,0.4688553810119629,0.05242694169282913,0.02810852602124214,1.9855797290802002e-05,0.0
113.84615384615385,2,4,4,1.0,0,True,557,False,1.439562439918518,2.586216449737549,-1.1466540098190308,-1.5208948850631714,-2.557300567626953,1.0364056825637817,-0.9743674993515015,-0.5763207077980042,-0.3980467915534973,2.7909507751464844,2.341322660446167,0.4496281147003174,0.05241713672876358,0.028109189122915268,1.9976869225502014e-05,0.0
113.92307692307693,2,4,4,1.0,0,True,561,False,1.439562439918518,2.586225986480713,-1.1466635465621948,-1.5208948850631714,-2.5572805404663086,1.0363856554031372,-0.9743674993515015,-0.5763084888458252,-0.39805901050567627,2.7909507751464844,2.360549211502075,0.4304015636444092,0.05240786820650101,0.028109807521104813,1.707114279270172e-05,0.0
114.0,2,4,4,1.0,0,True,565,False,1.439562439918518,2.586235523223877,-1.1466730833053589,-1.5208948850631714,-2.557255983352661,1.0363610982894897,-0.9743674993515015,-0.5762930512428284,-0.39807444810867304,2.7909507751464844,2.3797755241394043,0.4111752510070801,0.052399106323719025,0.028110366314649582,2.984423190355301e-05,0.0
114.07692307692308,2,4,4,1.0,0,True,569,False,1.439562439918518,2.586245059967041,-1.146682620048523,-1.5208948850631714,-2.5572283267974854,1.036333441734314,-0.9743674993515015,-0.576274037361145,-0.39809346199035645,2.7909507751464844,2.3990018367767334,0.391948938369751,0.05239059776067734,0.028110865503549576,1.537613570690155e-05,0.0
114.15384615384616,2,4,4,1.0,0,True,573,False,1.439562439918518,2.586249351501465,-1.1466869115829468,-1.5208948850631714,-2.557199716567993,1.0363048315048218,-0.9743674993515015,-0.5762509703636169,-0.3981165289878845,2.7909507751464844,2.4182302951812744,0.37272047996521,0.05238255113363266,0.028111327439546585,1.834239810705185e-05,0.0
114.23076923076924,2,4,4,1.0,0,True,577,False,1.439562439918518,2.586249351501465,-1.1466869115829468,-1.5208948850631714,-2.557171106338501,1.0362762212753296,-0.9743674993515015,-0.5762251019477844,-0.39814239740371704,2.7909507751464844,2.43746280670166,0.3534879684448242,0.05237511545419693,0.028111714869737625,1.7192214727401733e-05,0.0
114.30769230769232,2,4,4,1.0,0,True,581,False,1.439562439918518,2.586249351501465,-1.1466869115829468,-1.5208948850631714,-2.557142496109009,1.0362476110458374,-0.9743674993515015,-0.5761954188346863,-0.3981720805168152,2.7909507751464844,2.4566962718963623,0.33425450325012207,0.05236796289682388,0.02811206504702568,1.5920959413051605e-05,0.0
114.38461538461539,2,4,4,1.0,0,True,585,False,1.439562439918518,2.586249351501465,-1.1466869115829468,-1.5208948850631714,-2.5571129322052,1.0362180471420288,-0.9743674993515015,-0.5761621594429016,-0.39820533990859985,2.7909507751464844,2.4759302139282227,0.3150205612182617,0.05236164480447769,0.028112370520830154,1.1259689927101135e-05,0.0
114.46153846153847,2,4,4,1.0,0,True,589,False,1.439562439918518,2.586249351501465,-1.1466869115829468,-1.5208948850631714,-2.557079792022705,1.0361849069595337,-0.9743674993515015,-0.5761259198188782,-0.3982415795326233,2.7909507751464844,2.4951651096343994,0.29578566551208496,0.052355505526065826,0.028112616389989853,1.925043761730194e-05,0.0
114.53846153846155,2,4,4,1.0,0,True,593,False,1.439562439918518,2.586240530014038,-1.14667809009552,-1.5208948850631714,-2.5570449829101562,1.0361500978469849,-0.9743674993515015,-0.5760864615440369,-0.3982810378074646,2.7909507751464844,2.514400005340576,0.2765507698059082,0.0523500069975853,0.028112825006246567,1.4165416359901428e-05,0.0
114.61538461538463,2,4,4,1.0,0,True,597,False,1.439562439918518,2.586230993270874,-1.146668553352356,-1.5208948850631714,-2.5570082664489746,1.0361133813858032,-0.9743674993515015,-0.5760444402694702,-0.39832305908203125,2.7909507751464844,2.533635139465332,0.2573156356811524,0.052344925701618195,0.02811296656727791,1.9401777535676956e-05,0.0
114.6923076923077,2,4,4,1.0,0,True,601,False,1.439562439918518,2.58622145652771,-1.146659016609192,-1.5208948850631714,-2.5569705963134766,1.0360757112503052,-0.9743674993515015,-0.5760006308555603,-0.39836686849594116,2.7909507751464844,2.552870988845825,0.23807978630065918,0.052340246737003326,0.028113070875406265,1.3711396604776382e-05,0.0
114.76923076923077,2,4,4,1.0,0,True,605,False,1.439562439918518,2.586211919784546,-1.1466494798660278,-1.5208948850631714,-2.5569324493408203,1.036037564277649,-0.9743674993515015,-0.5759548544883728,-0.39841264486312866,2.7909507751464844,2.5721065998077393,0.21884417533874514,0.05233597010374069,0.028113145381212234,1.5315599739551544e-05,0.0
114.84615384615385,2,4,4,1.0,0,True,609,False,1.439562439918518,2.586202383041382,-1.1466399431228638,-1.5208948850631714,-2.556894540786743,1.0359996557235718,-0.9743674993515015,-0.5759080648422241,-0.39845943450927734,2.7909507751464844,2.591339588165283,0.19961118698120117,0.05233205109834671,0.028113167732954025,2.251937985420227e-05,0.0
114.92307692307693,2,4,4,1.0,0,True,613,False,1.439562439918518,2.5861928462982178,-1.1466304063796997,-1.5208948850631714,-2.556856870651245,1.0359619855880737,-0.9743674993515015,-0.5758602023124695,-0.398507297039032,2.7909507751464844,2.6105692386627197,0.18038153648376465,0.052328579127788544,0.028113137930631638,2.5848858058452606e-05,0.0
115.0,2,4,4,1.0,0,True,617,False,1.439562439918518,2.5861833095550537,-1.1466208696365356,-1.5208948850631714,-2.556818723678589,1.0359238386154175,-0.9743674993515015,-0.5758100152015686,-0.39855748414993286,2.7909507751464844,2.629556179046631,0.16139459609985352,0.05232546478509903,0.028113048523664474,1.8221326172351837e-05,0.0
115.07692307692308,2,4,4,1.0,0,True,621,False,1.439562439918518,2.586176872253418,-1.1466144323349,-1.5208948850631714,-2.5567827224731445,1.0358878374099731,-0.9743674993515015,-0.5757752060890198,-0.3985922932624817,2.7909507751464844,2.646775007247925,0.14417576789855957,0.052322082221508026,0.02811291441321373,2.3366883397102356e-05,0.0
115.15384615384616,2,4,4,1.0,0,True,625,False,1.439562439918518,2.5862159729003906,-1.1466535329818726,-1.5208948850631714,-2.5567619800567627,1.0358670949935913,-0.9743674993515015,-0.5758297443389893,-0.3985377550125122,2.7909507751464844,2.662156820297241,0.12879395484924316,0.05231361836194992,0.02811257168650627,2.5031622499227524e-05,0.0
115.23076923076924,2,4,4,1.0,0,True,629,False,1.439562439918518,2.58636474609375,-1.146802306175232,-1.5208948850631714,-2.5567781925201416,1.0358833074569702,-0.9743674993515015,-0.5760587453842163,-0.39830875396728516,2.7909507751464844,2.6758947372436523,0.11505603790283203,0.0522909089922905,0.028111424297094345,2.0582228899002075e-05,0.0
115.30769230769232,2,4,4,1.0,0,True,633,False,1.439562439918518,2.5866763591766357,-1.1471139192581177,-1.5208948850631714,-2.556859016418457,1.0359641313552856,-0.9743674993515015,-0.5765214562416077,-0.3978460431098938,2.7909507751464844,2.6881680488586426,0.1027827262878418,0.052245356142520905,0.02810877189040184,2.0703300833702087e-05,0.0
115.38461538461539,2,4,4,1.0,0,True,637,False,1.439562439918518,2.587172508239746,-1.147610068321228,-1.5208948850631714,-2.5570247173309326,1.0361298322677612,-0.9743674993515015,-0.5772378444671631,-0.3971296548843384,2.7909507751464844,2.699131488800049,0.09181928634643555,0.05217251926660538,0.028104227036237717,2.2277235984802246e-05,0.0
115.46153846153847,2,4,4,1.0,0,True,641,False,1.439562439918518,2.587848424911499,-1.148285984992981,-1.5208948850631714,-2.5572798252105713,1.0363849401474,-0.9743674993515015,-0.578193724155426,-0.39617377519607544,2.7909507751464844,2.708925724029541,0.08202505111694337,0.05207296460866928,0.028097648173570633,3.777444362640381e-05,0.0
115.53846153846155,2,4,4,1.0,0,True,645,False,1.439562439918518,2.588677406311035,-1.149114966392517,-1.5208948850631714,-2.5576136112213135,1.036718726158142,-0.9743674993515015,-0.5793516635894775,-0.3950158357620239,2.7909507751464844,2.717674970626831,0.07327580451965332,0.05194991081953049,0.02808905765414238,2.6817433536052704e-05,0.0
115.61538461538463,2,4,4,1.0,0,True,649,False,1.439562439918518,2.58962345123291,-1.150061011314392,-1.5208948850631714,-2.5580036640167236,1.0371087789535522,-0.9743674993515015,-0.58066326379776,-0.39370423555374146,2.7909507751464844,2.725489854812622,0.0654609203338623,0.051807768642902374,0.02807856723666191,3.680586814880371e-05,0.0
115.6923076923077,2,4,4,1.0,0,True,653,False,1.439562439918518,2.590649366378784,-1.1510869264602661,-1.5208948850631714,-2.558427095413208,1.0375322103500366,-0.9743674993515015,-0.5820779800415039,-0.39228951930999756,2.7909507751464844,2.732470750808716,0.058480024337768555,0.051650844514369965,0.02806640788912773,3.432389348745346e-05,0.0
115.76923076923077,2,4,4,1.0,0,True,657,False,1.439562439918518,2.591722011566162,-1.152159571647644,-1.5208948850631714,-2.558861494064331,1.0379666090011597,-0.9743674993515015,-0.5835461616516113,-0.39082133769989014,2.7909507751464844,2.7387073040008545,0.052243471145629876,0.05148305743932724,0.028052818030118942,3.553461283445358e-05,0.0
115.84615384615385,2,4,4,1.0,0,True,661,False,1.439562439918518,2.592813014984131,-1.1532505750656128,-1.5208948850631714,-2.5592892169952393,1.0383943319320679,-0.9743674993515015,-0.585022509098053,-0.3893449902534485,2.7909507751464844,2.744278907775879,0.046671867370605476,0.05130808800458908,0.028038103133440018,3.166031092405319e-05,0.0
115.92307692307693,2,4,4,1.0,0,True,665,False,1.439562439918518,2.5938963890075684,-1.1543339490890503,-1.5208948850631714,-2.559697389602661,1.0388025045394897,-0.9743674993515015,-0.5864667296409607,-0.38790076971054077,2.7909507751464844,2.7492542266845703,0.04169654846191407,0.05112912505865097,0.02802256867289543,3.77139076590538e-05,0.0
116.0,2,4,4,1.0,0,True,669,False,1.439562439918518,2.594951629638672,-1.1553891897201538,-1.5208948850631714,-2.5600745677948,1.0391796827316284,-0.9743674993515015,-0.5878478288650513,-0.3865196704864502,2.7909507751464844,2.7536981105804443,0.03725266456604004,0.050948984920978546,0.028006572276353836,2.6938505470752716e-05,0.0
116.07692307692308,3,4,4,1.0,0,True,673,False,1.439562439918518,2.5959646701812744,-1.1564022302627563,-1.5208948850631714,-2.5604114532470703,1.039516568183899,-0.9743674993515015,-0.5891395807266235,-0.38522791862487793,2.7909507751464844,2.7576699256896973,0.03328084945678711,0.05077146738767624,0.02799099311232567,3.4263357520103455e-05,0.0
116.15384615384616,3,4,4,1.0,0,True,677,False,1.439562439918518,2.5971686840057373,-1.1576062440872192,-1.5208948850631714,-2.5601601600646973,1.0392652750015259,-0.9743674993515015,-0.5896848440170288,-0.38468265533447266,2.7909507751464844,2.761220932006836,0.029729843139648438,0.05075419694185257,0.028022658079862595,8.190516382455826e-05,0.0
116.23076923076924,3,4,4,1.0,0,True,681,False,1.439562439918518,2.598576068878174,-1.1590136289596558,-1.5208948850631714,-2.5579464435577393,1.0370515584945679,-0.9743674993515015,-0.5879148244857788,-0.38645267486572266,2.7909507751464844,2.764394521713257,0.02655625343322754,0.05116688460111618,0.028151962906122208,0.0001228880137205124,0.0
116.30769230769232,3,4,4,1.0,0,True,685,False,1.439562439918518,2.5994629859924316,-1.1599005460739136,-1.5208948850631714,-2.553645133972168,1.0327502489089966,-0.9743674993515015,-0.5840972661972046,-0.3902702331542969,2.7909507751464844,2.7672290802001953,0.023721694946289066,0.05190589278936386,0.028240758925676346,8.057337254285812e-05,0.0
116.38461538461539,3,4,4,1.0,0,True,689,False,1.439562439918518,2.5993049144744873,-1.1597424745559692,-1.5208948850631714,-2.5478718280792236,1.0269769430160522,-0.9743674993515015,-0.5793047547340393,-0.39506274461746216,2.7909507751464844,2.769761085510254,0.02118968963623047,0.05279902368783951,0.028245609253644943,0.00010097399353981018,0.0
116.46153846153847,3,4,4,1.0,0,True,693,False,1.439562439918518,2.5984411239624023,-1.1588786840438843,-1.5208948850631714,-2.541510820388794,1.0206159353256226,-0.9743674993515015,-0.5741555094718933,-0.40021198987960815,2.7909507751464844,2.7720229625701904,0.018927812576293945,0.05373511463403702,0.028213273733854294,0.0002938415855169296,0.0
116.53846153846155,4,4,4,0.009615384973585606,0,False,0,False,1.439562439918518,2.5972795486450195,-1.1577171087265015,-1.5208948850631714,-2.535094976425171,1.0142000913619995,-0.9743674993515015,-0.5688576698303223,-0.4055098295211792,2.7909507751464844,2.7734851837158203,0.017465591430664062,0.05455467849969864,0.02819574996829033,0.00017276965081691742,0.0
116.61538461538463,4,4,4,0.028846153989434242,0,False,0,False,1.439562439918518,2.5965895652770996,-1.1570271253585815,-1.5208948850631714,-2.529109001159668,1.0082141160964966,-0.9743674993515015,-0.5636988878250122,-0.41066861152648926,2.7909507751464844,2.7735183238983154,0.017432451248168945,0.05529210716485977,0.028081785887479782,0.0001734960824251175,0.0
116.6923076923077,4,4,4,0.048076923936605453,0,False,0,False,1.439562439918518,2.596916913986206,-1.157354474067688,-1.5208948850631714,-2.5237536430358887,1.0028587579727173,-0.9743674993515015,-0.559646725654602,-0.4147207736968994,2.7909507751464844,2.773533821105957,0.017416954040527344,0.055761151015758514,0.027770962566137314,0.0004879198968410492,0.0
116.76923076923077,4,4,4,0.06730769574642181,0,False,0,False,1.439562439918518,2.597738265991211,-1.1581758260726929,-1.5208948850631714,-2.518878936767578,0.9979840517044067,-0.9743674993515015,-0.556705892086029,-0.4176616072654724,2.7909507751464844,2.773543357849121,0.01740741729736328,0.05604126304388046,0.027435388416051865,0.0007779628504067659,0.0
116.84615384615385,4,4,4,0.08653847873210907,0,False,0,False,1.439562439918518,2.5987415313720703,-1.1591790914535522,-1.5208948850631714,-2.51450514793396,0.9936102628707886,-0.9743674993515015,-0.5548439025878906,-0.4195235967636109,2.7909507751464844,2.773545503616333,0.017405271530151367,0.05619870871305466,0.02717426046729088,0.0009658210910856724,0.0
116.92307692307693,4,4,4,0.10576926171779633,0,False,0,False,1.439562439918518,2.5999488830566406,-1.1603864431381226,-1.5208948850631714,-2.510929822921753,0.9900349378585815,-0.9743674993515015,-0.5540649890899658,-0.4203025102615356,2.7909507751464844,2.773545503616333,0.017405271530151367,0.056246258318424225,0.026984166353940964,0.0008258013986051083,0.0
117.0,4,4,4,0.12500004470348358,0,False,0,False,1.439562439918518,2.6013901233673096,-1.1618276834487915,-1.5208948850631714,-2.508451461791992,0.9875565767288208,-0.9743674993515015,-0.5541454553604126,-0.42022204399108887,2.7909507751464844,2.773545503616333,0.017405271530151367,0.05619504302740097,0.026831675320863724,0.0005237571895122528,0.0
117.07692307692308,4,4,4,0.14423082768917084,0,False,0,False,1.439562439918518,2.60284686088562,-1.163284420967102,-1.5208948850631714,-2.5071775913238525,0.9862827062606812,-0.9743674993515015,-0.554685115814209,-0.4196823835372925,2.7909507751464844,2.773545503616333,0.017405271530151367,0.056100837886333466,0.026692267507314682,0.0008558575063943863,0.0
117.15384615384616,4,4,4,0.1634616106748581,0,False,0,False,1.439562439918518,2.603911876678467,-1.1643494367599487,-1.5208948850631714,-2.506981372833252,0.9860864877700807,-0.9743674993515015,-0.5553377270698547,-0.4190297722816468,2.7909507751464844,2.773545503616333,0.017405271530151367,0.056007497012615204,0.026557717472314835,0.0003333867061883211,0.0
117.23076923076924,4,4,4,0.18269239366054535,0,False,0,False,1.439562439918518,2.604336738586426,-1.1647742986679077,-1.5208948850631714,-2.50758695602417,0.9866920709609985,-0.9743674993515015,-0.5558822751045227,-0.41848522424697876,2.7909507751464844,2.773545503616333,0.017405271530151367,0.05594722181558609,0.026437606662511826,5.993060767650604e-05,0.0
117.30769230769232,4,4,4,0.2019231766462326,0,False,0,False,1.439562439918518,2.603991985321045,-1.1644295454025269,-1.5208948850631714,-2.508707284927368,0.9878123998641968,-0.9743674993515015,-0.5561150312423706,-0.41825246810913086,2.7909507751464844,2.773545503616333,0.017405271530151367,0.05594595521688461,0.02633790299296379,5.266629159450531e-05,0.0
117.38461538461539,4,4,4,0.22115395963191986,0,False,0,False,1.439562439918518,2.602952718734741,-1.1633902788162231,-1.5208948850631714,-2.5101029872894287,0.9892081022262573,-0.9743674993515015,-0.5559912323951721,-0.41837626695632935,2.7909507751464844,2.773545503616333,0.017405271530151367,0.056005142629146576,0.026259738951921463,4.5765191316604614e-05,0.0
117.46153846153847,4,4,4,0.24038474261760712,0,False,0,False,1.439562439918518,2.6014277935028076,-1.1618653535842896,-1.5208948850631714,-2.5116195678710938,0.9907246828079224,-0.9743674993515015,-0.5555727481842041,-0.41879475116729736,2.7909507751464844,2.773545503616333,0.017405271530151367,0.05612073093652725,0.02620336040854454,3.729015588760376e-05,0.0
117.53846153846155,4,4,4,0.2596154808998108,0,False,0,False,1.439562439918518,2.5996570587158203,-1.1600946187973022,-1.5208948850631714,-2.5131685733795166,0.9922736883163452,-0.9743674993515015,-0.5549786686897278,-0.41938883066177374,2.7909507751464844,2.773545503616333,0.017405271530151367,0.05627455562353134,0.02616848424077034,4.06801700592041e-05,0.0
117.61538461538463,4,4,4,0.27884620428085327,0,False,0,False,1.439562439918518,2.597846031188965,-1.1582835912704468,-1.5208948850631714,-2.5146939754486084,0.993799090385437,-0.9743674993515015,-0.5543527603149414,-0.42001473903656,2.7909507751464844,2.773545503616333,0.017405271530151367,0.05644715577363968,0.026154007762670517,3.7032878026366234e-05,0.0
117.6923076923077,4,4,4,0.29807692766189575,0,False,0,False,1.439562439918518,2.5961432456970215,-1.1565808057785034,-1.5208948850631714,-2.51617169380188,0.9952768087387085,-0.9743674993515015,-0.5538306832313538,-0.4205368161201477,2.7909507751464844,2.773545503616333,0.017405271530151367,0.05661987513303757,0.0261557437479496,3.954512067139149e-05,0.0
117.76923076923077,4,4,4,0.31730765104293823,0,False,0,False,1.439562439918518,2.594654083251953,-1.155091643333435,-1.5208948850631714,-2.5175933837890625,0.9966984987258911,-0.9743674993515015,-0.5535181760787964,-0.4208493232727051,2.7909507751464844,2.773545503616333,0.017405271530151367,0.05677727609872818,0.026172999292612076,3.589782863855362e-05,0.0
117.84615384615385,4,4,4,0.3365383744239807,0,False,0,False,1.439562439918518,2.593430280685425,-1.1538678407669067,-1.5208948850631714,-2.518991708755493,0.9980968236923218,-0.9743674993515015,-0.553472638130188,-0.4208948612213135,2.7909507751464844,2.773545503616333,0.017405271530151367,0.05690758675336838,0.02620464190840721,4.3283216655254364e-05,0.0
117.92307692307693,4,4,4,0.3557690978050232,0,False,0,False,1.439562439918518,2.592482566833496,-1.152920126914978,-1.5208948850631714,-2.5203964710235596,0.9995015859603882,-0.9743674993515015,-0.5537019371986389,-0.42066556215286255,2.7909507751464844,2.773545503616333,0.017405271530151367,0.05700523406267166,0.026247400790452957,2.4562468752264977e-05,0.0
118.0,4,4,4,0.3749998211860657,0,False,0,False,1.439562439918518,2.5917739868164062,-1.1522115468978882,-1.5208948850631714,-2.5218331813812256,1.0009382963180542,-0.9743674993515015,-0.554175078868866,-0.4201924204826355,2.7909507751464844,2.773545503616333,0.017405271530151367,0.05707090348005295,0.026297878473997116,3.837980329990387e-05,0.0
118.07692307692308,4,4,4,0.39423054456710815,0,False,0,False,1.439562439918518,2.591238260269165,-1.151675820350647,-1.5208948850631714,-2.5233068466186523,1.002411961555481,-0.9743674993515015,-0.5548325181007385,-0.41953498125076294,2.7909507751464844,2.773545503616333,0.017405271530151367,0.057110317051410675,0.026352841407060623,4.237517714500427e-05,0.0
118.15384615384616,4,4,4,0.41346126794815063,0,False,0,False,1.439562439918518,2.590798854827881,-1.1512364149093628,-1.5208948850631714,-2.5247957706451416,1.0039008855819702,-0.9743674993515015,-0.5555924773216248,-0.4187750220298767,2.7909507751464844,2.773545503616333,0.017405271530151367,0.05661586672067642,0.026409555226564407,6.64684921503067e-05,0.0
118.23076923076924,4,4,4,0.4326919913291931,0,False,0,False,1.439562439918518,2.590386152267456,-1.150823712348938,-1.5208948850631714,-2.526271343231201,1.0053764581680298,-0.9743674993515015,-0.5563719868659973,-0.41799551248550415,2.7909507751464844,2.773545503616333,0.017405271530151367,0.05580659955739975,0.026465866714715958,5.581416189670563e-05,0.0
118.30769230769232,4,4,4,0.4519227147102356,0,False,0,False,1.439562439918518,2.5899457931518555,-1.1503833532333374,-1.5208948850631714,-2.5276918411254883,1.006796956062317,-0.9743674993515015,-0.557090699672699,-0.4172767996788025,2.7909507751464844,2.773545503616333,0.017405271530151367,0.05498429387807846,0.026520181447267532,6.9374218583107e-05,0.0
118.38461538461539,4,4,4,0.4711534380912781,0,False,0,False,1.439562439918518,2.589442253112793,-1.149879813194275,-1.5208948850631714,-2.5290141105651855,1.0081192255020142,-0.9743674993515015,-0.5576838850975037,-0.4166836142539978,2.7909507751464844,2.773545503616333,0.017405271530151367,0.05416009575128555,0.02657134458422661,6.525777280330658e-05,0.0
118.46153846153847,4,4,4,0.49038416147232056,0,False,0,False,1.439562439918518,2.588860511779785,-1.149298071861267,-1.5208948850631714,-2.5301969051361084,1.009302020072937,-0.9743674993515015,-0.5581049919128418,-0.41626250743865967,2.7909507751464844,2.773545503616333,0.017405271530151367,0.05334552377462387,0.026618611067533493,6.574206054210663e-05,0.0
118.53846153846155,4,4,4,0.5096149444580078,0,False,0,False,1.439562439918518,2.5881965160369873,-1.1486340761184692,-1.5208948850631714,-2.5312013626098633,1.010306477546692,-0.9743674993515015,-0.5583241581916809,-0.41604334115982056,2.7909507751464844,2.773545503616333,0.017405271530151367,0.05255294591188431,0.026661466807127,7.155351340770721e-05,0.0
118.61538461538463,4,4,4,0.5288457870483398,0,False,0,False,1.439562439918518,2.5874557495117188,-1.1478933095932007,-1.5208948850631714,-2.532001256942749,1.0111063718795776,-0.9743674993515015,-0.5583257079124451,-0.4160417914390564,2.7909507751464844,2.773545503616333,0.017405271530151367,0.0517951175570488,0.026699606329202652,7.718335837125778e-05,0.0
118.6923076923077,4,4,4,0.5480766296386719,0,False,0,False,1.439562439918518,2.586652994155884,-1.1470905542373657,-1.5208948850631714,-2.532604217529297,1.0117093324661255,-0.9743674993515015,-0.5581023693084717,-0.4162651300430298,2.7909507751464844,2.773545503616333,0.017405271530151367,0.0510760173201561,0.026737172156572342,9.52230766415596e-05,0.0
118.76923076923077,4,4,4,0.5673074722290039,0,False,0,False,1.439562439918518,2.58573579788208,-1.146173357963562,-1.5208948850631714,-2.5330123901367188,1.0121175050735474,-0.9743674993515015,-0.5576597452163696,-0.41670775413513184,2.7909507751464844,2.773545503616333,0.017405271530151367,0.05037818104028702,0.0267849899828434,3.686640411615372e-05,0.0
118.84615384615385,4,4,4,0.5865383148193359,0,False,0,False,1.439562439918518,2.584812879562378,-1.1452504396438599,-1.5208948850631714,-2.5331926345825195,1.0122977495193481,-0.9743674993515015,-0.5569274425506592,-0.4174400568008423,2.7909507751464844,2.773545503616333,0.017405271530151367,0.04968183487653732,0.02685181424021721,0.00010266900062561035,0.0
118.92307692307693,4,4,4,0.605769157409668,0,False,0,False,1.439562439918518,2.5839614868164062,-1.1443990468978882,-1.5208948850631714,-2.5330896377563477,1.0121947526931763,-0.9743674993515015,-0.5559724569320679,-0.4183950424194336,2.7909507751464844,2.773545503616333,0.017405271530151367,0.04901006072759628,0.02695475146174431,0.00982256606221199,0.0
119.0,4,4,4,0.625,0,False,0,False,1.439562439918518,2.5832314491271973,-1.1436690092086792,-1.5208948850631714,-2.5326764583587646,1.0117815732955933,-0.9743674993515015,-0.5549160242080688,-0.4194514751434326,2.7909507751464844,2.773545503616333,0.017405271530151367,0.04840167611837387,0.02707624062895775,0.009930562227964401,0.0
119.07692307692308,4,4,4,0.644230842590332,0,False,0,False,1.439562439918518,2.5826783180236816,-1.1431158781051636,-1.5208948850631714,-2.5320005416870117,1.0111056566238403,-0.9743674993515015,-0.5538131594657898,-0.42055433988571167,2.7909507751464844,2.773545503616333,0.017405271530151367,0.047871850430965424,0.027212295681238174,0.009938552975654602,0.0
119.15384615384616,4,4,4,0.6634616851806641,0,False,0,False,1.439562439918518,2.5823094844818115,-1.1427470445632935,-1.5208948850631714,-2.5310890674591064,1.010194182395935,-0.9743674993515015,-0.5526663661003113,-0.4217011332511902,2.7909507751464844,2.773545503616333,0.017405271530151367,0.04742186516523361,0.027361664921045303,0.009847991168498993,0.0
119.23076923076924,4,4,4,0.6826925277709961,0,False,0,False,1.439562439918518,2.5820248126983643,-1.1424623727798462,-1.5208948850631714,-2.5299458503723145,1.009050965309143,-0.9743674993515015,-0.5515064001083374,-0.42286109924316406,2.7909507751464844,2.773545503616333,0.017405271530151367,0.04705049842596054,0.027522306889295578,0.009892545640468597,0.0
119.30769230769232,4,4,4,0.7019233703613281,0,False,0,False,1.439562439918518,2.5817782878875732,-1.1422158479690552,-1.5208948850631714,-2.52860426902771,1.0077093839645386,-0.9743674993515015,-0.5503312945365906,-0.4240362048149109,2.7909507751464844,2.773545503616333,0.017405271530151367,0.046776048839092255,0.027688976377248764,0.009749196469783783,0.0
119.38461538461539,4,4,4,0.7211542129516602,0,False,0,False,1.439562439918518,2.581524610519409,-1.1419621706008911,-1.5208948850631714,-2.5271904468536377,1.0062955617904663,-0.9743674993515015,-0.5491443872451782,-0.4252231121063233,2.7909507751464844,2.773545503616333,0.017405271530151367,0.046630628407001495,0.027850862592458725,0.009238636121153831,0.0
119.46153846153847,4,4,4,0.7403850555419922,0,False,0,False,1.439562439918518,2.5812246799468994,-1.1416622400283813,-1.5208948850631714,-2.5257906913757324,1.004895806312561,-0.9743674993515015,-0.5478926301002502,-0.4264748692512513,2.7909507751464844,2.773545503616333,0.017405271530151367,0.04658062011003494,0.028004784137010574,0.009174346923828125,0.0
119.53846153846155,4,4,4,0.7596158981323242,0,False,0,False,1.439562439918518,2.5809319019317627,-1.1413694620132446,-1.5208948850631714,-2.5243136882781982,1.0034188032150269,-0.9743674993515015,-0.5465280413627625,-0.427839457988739,2.7909507751464844,2.773545503616333,0.017405271530151367,0.0465751513838768,0.028159622102975845,0.008847331628203392,0.0
119.61538461538463,4,4,4,0.7788467407226562,0,False,0,False,1.439562439918518,2.58062744140625,-1.141065001487732,-1.5208948850631714,-2.522688627243042,1.0017937421798706,-0.9743674993515015,-0.5451156497001648,-0.4292518496513367,2.7909507751464844,2.773545503616333,0.017405271530151367,0.04662219434976578,0.0283082015812397,0.008304808288812637,0.0
119.6923076923077,4,4,4,0.7980775833129883,0,False,0,False,1.439562439918518,2.580289363861084,-1.140726923942566,-1.5208948850631714,-2.52091908454895,1.0000241994857788,-0.9743674993515015,-0.5437010526657104,-0.430666446685791,2.7909507751464844,2.773545503616333,0.017405271530151367,0.04673822969198227,0.02844642475247383,0.007821428589522839,0.0
119.76923076923077,4,4,4,0.8173084259033203,0,False,0,False,1.439562439918518,2.5798821449279785,-1.1403197050094604,-1.5208948850631714,-2.519099235534668,0.9982043504714966,-0.9743674993515015,-0.5420820116996765,-0.43228548765182495,2.7909507751464844,2.773141384124756,0.017809391021728512,0.04692377895116806,0.028568055480718613,0.007455851882696152,0.0
119.84615384615385,4,4,4,0.8365392684936523,0,False,0,False,1.439562439918518,2.579261541366577,-1.139699101448059,-1.5208948850631714,-2.5166425704956055,0.9957476854324341,-0.9743674993515015,-0.538599967956543,-0.4357675313949585,2.7909507751464844,2.7714762687683105,0.019474506378173825,0.047022201120853424,0.02861226722598076,0.0013820361346006393,0.0
119.92307692307693,4,4,4,0.8557701110839844,0,False,0,False,1.439562439918518,2.578247547149658,-1.1386851072311401,-1.5208948850631714,-2.513016700744629,0.9921218156814575,-0.9743674993515015,-0.5344839096069336,-0.43988358974456787,2.7909507751464844,2.7695517539978027,0.02139902114868164,0.04714363068342209,0.028484608978033066,0.0015698792412877083,0.0
120.0,4,4,4,0.8750009536743164,0,False,0,False,1.439562439918518,2.577208995819092,-1.1376465559005737,-1.5208948850631714,-2.508870840072632,0.9879759550094604,-0.9743674993515015,-0.5302286744117737,-0.44413882493972784,2.7909507751464844,2.7674472332000732,0.023503541946411133,0.047319747507572174,0.02823837473988533,0.0018582725897431374,0.0
120.07692307692308,4,4,4,0.8942317962646484,0,False,0,False,1.439562439918518,2.5763533115386963,-1.1367908716201782,-1.5208948850631714,-2.5046355724334717,0.9837406873703003,-0.9743674993515015,-0.5260692834854126,-0.44829821586608887,2.7909507751464844,2.765288829803467,0.025661945343017578,0.04753092676401138,0.027990546077489853,0.0018180161714553833,0.0
120.15384615384616,4,4,4,0.9134626388549805,0,False,0,False,1.439562439918518,2.5755813121795654,-1.1360188722610474,-1.5208948850631714,-2.5006067752838135,0.9797118902206421,-0.9743674993515015,-0.5222318172454834,-0.45213568210601807,2.7909507751464844,2.7631750106811523,0.02777576446533203,0.04776521772146225,0.027746234089136124,0.0015294412150979042,0.0
120.23076923076924,4,4,4,0.9326934814453125,0,False,0,False,1.439562439918518,2.574744462966919,-1.1351820230484009,-1.5208948850631714,-2.4969334602355957,0.9760385751724243,-0.9743674993515015,-0.5188380479812622,-0.45552945137023926,2.7909507751464844,2.7612178325653076,0.029732942581176758,0.048013024032115936,0.02751414105296135,0.0013233767822384834,0.0
120.30769230769232,4,4,4,0.9519243240356445,0,False,0,False,1.439562439918518,2.573751926422119,-1.134189486503601,-1.5208948850631714,-2.493678331375122,0.9727834463119507,-0.9743674993515015,-0.5159124135971069,-0.45845508575439453,2.7909507751464844,2.7594902515411377,0.03146052360534668,0.04826555401086807,0.027299504727125168,0.0011445232667028904,0.0
120.38461538461539,4,4,4,0.9711551666259766,0,False,0,False,1.439562439918518,2.572580575942993,-1.133018136024475,-1.5208948850631714,-2.4908556938171387,0.9699608087539673,-0.9743674993515015,-0.513437807559967,-0.4609296917915344,2.7909507751464844,2.7579939365386963,0.032956838607788086,0.0485207661986351,0.027105923742055893,0.0009889760985970497,0.0
120.46153846153847,4,4,4,0.9903860092163086,0,False,0,False,1.439562439918518,2.5712437629699707,-1.1316813230514526,-1.5208948850631714,-2.4884634017944336,0.9675685167312622,-0.9743674993515015,-0.5113802552223206,-0.4629872441291809,2.7909507751464844,2.7567057609558105,0.03424501419067383,0.048778973519802094,0.026935581117868423,0.0008685095235705376,0.0
120.53846153846155,4,4,4,1.0,0,False,0,False,1.439562439918518,2.5697591304779053,-1.1301966905593872,-1.5208948850631714,-2.4864871501922607,0.9655922651290894,-0.9743674993515015,-0.5097032189369202,-0.46466428041458135,2.7909507751464844,2.755603075027466,0.03534770011901856,0.04903993755578995,0.026789117604494095,0.0007413234561681747,0.0
120.61538461538463,4,4,4,1.0,0,False,0,False,1.439562439918518,2.568150520324707,-1.128588080406189,-1.5208948850631714,-2.4849116802215576,0.9640167951583862,-0.9743674993515015,-0.5083709955215454,-0.46599650382995605,2.7909507751464844,2.754669427871704,0.03628134727478027,0.04930206388235092,0.0266658253967762,0.0006412575021386147,0.0
120.6923076923077,5,4,4,0.025641027837991714,1,False,0,False,1.439562439918518,2.566757917404175,-1.1271954774856567,-1.5208948850631714,-2.4833741188049316,0.9624792337417603,-0.9743674993515015,-0.5072830319404602,-0.46708446741104126,2.7909507751464844,2.7539896965026855,0.03696107864379883,0.04957941919565201,0.02659367397427559,0.00036164186894893646,0.0
120.76923076923077,5,4,4,0.05128205567598343,1,False,0,False,1.439562439918518,2.567955255508423,-1.1283928155899048,-1.5208948850631714,-2.4801080226898193,0.959213137626648,-0.9743674993515015,-0.5073076486587524,-0.467059850692749,2.7909507751464844,2.7540314197540283,0.036919355392456055,0.05006737262010574,0.02660723403096199,0.0010427925735712051,0.0
120.84615384615385,5,4,4,0.07692307978868484,1,False,0,False,1.439562439918518,2.5716636180877686,-1.1321011781692505,-1.5208948850631714,-2.475693702697754,0.9547988176345825,-0.9743674993515015,-0.5094316005706787,-0.46493589878082275,2.7909507751464844,2.7546286582946777,0.03632211685180664,0.05089814215898514,0.02674591913819313,0.0008884863927960396,0.0
120.92307692307693,5,4,4,0.10256411880254745,1,False,0,False,1.439562439918518,2.57643985748291,-1.136877417564392,-1.5208948850631714,-2.4712488651275635,0.9503539800643922,-0.9743674993515015,-0.5132234692573547,-0.46114403009414673,2.7909507751464844,2.755496025085449,0.035454750061035156,0.05187145620584488,0.026699278503656387,0.0005921022966504097,0.0
121.0,5,4,4,0.12820516526699066,1,False,0,False,1.439562439918518,2.5812058448791504,-1.1416434049606323,-1.5208948850631714,-2.4673643112182617,0.9464694261550903,-0.9743674993515015,-0.5179927945137024,-0.4563747048377991,2.7909507751464844,2.7563233375549316,0.034627437591552734,0.05289763957262039,0.02602360025048256,0.00036939047276973724,0.0
121.07692307692308,5,4,4,0.15384620428085327,1,False,0,False,1.439562439918518,2.585364580154419,-1.1458021402359009,-1.5208948850631714,-2.464211940765381,0.9433170557022095,-0.9743674993515015,-0.5230160355567932,-0.4513514637947082,2.7909507751464844,2.7568585872650146,0.03409218788146972,0.05394034832715988,0.025414686650037766,0.00025655142962932587,0.0
121.15384615384616,5,4,4,0.17948725819587708,1,False,0,False,1.439562439918518,2.588568687438965,-1.1490062475204468,-1.5208948850631714,-2.461801290512085,0.9409064054489136,-0.9743674993515015,-0.5276746153831482,-0.4466928839683532,2.7909507751464844,2.7569544315338135,0.0339963436126709,0.054976992309093475,0.024881284683942795,0.00015315599739551544,0.0
121.23076923076924,5,4,4,0.20512829720973969,1,False,0,False,1.439562439918518,2.5906219482421875,-1.1510595083236694,-1.5208948850631714,-2.460059642791748,0.9391647577285767,-0.9743674993515015,-0.53152996301651,-0.44283753633499146,2.7909507751464844,2.756561517715454,0.03438925743103027,0.055982284247875214,0.024436485022306442,7.706228643655777e-05,0.0
121.30769230769232,5,4,4,0.2307693362236023,1,False,0,False,1.439562439918518,2.5914785861968994,-1.1519161462783813,-1.5208948850631714,-2.4588916301727295,0.9379967451095581,-0.9743674993515015,-0.5343454480171204,-0.44002205133438116,2.7909507751464844,2.755695343017578,0.03525543212890625,0.056933216750621796,0.0240824855864048,0.00015830155462026596,0.0
121.38461538461539,5,4,4,0.2564103901386261,1,False,0,False,1.439562439918518,2.5911922454833984,-1.1516298055648804,-1.5208948850631714,-2.458239793777466,0.9373449087142944,-0.9743674993515015,-0.5360665917396545,-0.4383009076118469,2.7909507751464844,2.75443959236145,0.03651118278503418,0.05781342834234238,0.023817647248506546,0.00042605213820934296,0.0
121.46153846153847,5,4,4,0.2820514440536499,1,False,0,False,1.439562439918518,2.589909315109253,-1.1503468751907349,-1.5208948850631714,-2.458085060119629,0.9371901750564575,-0.9743674993515015,-0.5367591381072998,-0.43760836124420166,2.7909507751464844,2.752945899963379,0.03800487518310547,0.05860608071088791,0.023634549230337143,0.0005189748480916023,0.0
121.53846153846155,5,4,4,0.3076924681663513,1,False,0,False,1.439562439918518,2.588017225265503,-1.1484547853469849,-1.5208948850631714,-2.458442449569702,0.9375475645065308,-0.9743674993515015,-0.5366076827049255,-0.4377598166465759,2.7909507751464844,2.7512145042419434,0.039736270904541016,0.059309668838977814,0.02348816767334938,0.0005585048347711563,0.0
121.61538461538463,5,4,4,0.33333349227905273,1,False,0,False,1.439562439918518,2.585881471633911,-1.146319031715393,-1.5208948850631714,-2.459322452545166,0.9384275674819946,-0.9743674993515015,-0.5358589291572571,-0.4385085701942444,2.7909507751464844,2.749317169189453,0.04163360595703125,0.05992833524942398,0.023370567709207535,0.0005723070353269577,0.0
121.6923076923077,5,4,4,0.3589744567871094,1,False,0,False,1.439562439918518,2.5838024616241455,-1.1442400217056274,-1.5208948850631714,-2.460719347000122,0.9398244619369507,-0.9743674993515015,-0.5347784757614136,-0.4395890235900879,2.7909507751464844,2.747361898422241,0.043588876724243164,0.06046374887228012,0.023276958614587784,0.0005194591358304024,0.0
121.76923076923077,5,4,4,0.384615421295166,1,False,0,False,1.439562439918518,2.5820131301879883,-1.1424506902694702,-1.5208948850631714,-2.462615489959717,0.9417206048965454,-0.9743674993515015,-0.533606231212616,-0.4407612681388855,2.7909507751464844,2.7454628944396973,0.04548788070678711,0.06091675907373428,0.023201506584882736,0.00046152621507644653,0.0
121.84615384615385,5,4,4,0.41025638580322266,1,False,0,False,1.439562439918518,2.5806803703308105,-1.1411179304122925,-1.5208948850631714,-2.4649863243103027,0.9440914392471313,-0.9743674993515015,-0.5325340032577515,-0.44183349609375,2.7909507751464844,2.7437148094177246,0.04723596572875977,0.06128915399312973,0.023137886077165604,0.0003679981455206871,0.0
121.92307692307693,5,4,4,0.4358973503112793,1,False,0,False,1.439562439918518,2.5799107551574707,-1.1403483152389526,-1.5208948850631714,-2.4677984714508057,0.9469035863876343,-0.9743674993515015,-0.5317091345787048,-0.44265836477279663,2.7909507751464844,2.742189884185791,0.04876089096069336,0.06158345192670822,0.023080822080373764,0.00028609298169612885,0.0
122.0,5,4,4,0.46153831481933594,1,False,0,False,1.439562439918518,2.579744577407837,-1.1401821374893188,-1.5208948850631714,-2.471015214920044,0.9501203298568726,-0.9743674993515015,-0.5312410593032837,-0.4431264400482178,2.7909507751464844,2.7409451007843018,0.05000567436218262,0.061802782118320465,0.02302676811814308,0.0001745251938700676,0.0
122.07692307692308,5,4,4,0.4871792793273926,1,False,0,False,1.439562439918518,2.580162286758423,-1.1405998468399048,-1.5208948850631714,-2.4746034145355225,0.9537085294723511,-0.9743674993515015,-0.5312051773071289,-0.44316232204437256,2.7909507751464844,2.740020513534546,0.05093026161193848,0.06195005029439926,0.022974546998739243,8.838251233100891e-05,0.0
122.15384615384616,5,4,4,0.5128202438354492,1,False,0,False,1.439562439918518,2.5810976028442383,-1.1415351629257202,-1.5208948850631714,-2.478578567504883,0.9576836824417114,-0.9743674993515015,-0.5316330194473267,-0.4427344799041748,2.7909507751464844,2.7394566535949707,0.05149412155151368,0.06202644854784012,0.0229356549680233,2.2761523723602295e-05,0.0
122.23076923076924,5,4,4,0.5384612083435059,1,False,0,False,1.439562439918518,2.582437515258789,-1.142875075340271,-1.5208948850631714,-2.4829964637756348,0.9621015787124634,-0.9743674993515015,-0.5325070023536682,-0.44186049699783325,2.7909507751464844,2.7393174171447754,0.051633358001708984,0.06201722472906113,0.022929970175027847,5.8356672525405884e-05,0.0
122.30769230769232,5,4,4,0.5641021728515625,1,False,0,False,1.439562439918518,2.5840396881103516,-1.1444772481918335,-1.5208948850631714,-2.487870454788208,0.9669755697250366,-0.9743674993515015,-0.5337793827056885,-0.440588116645813,2.7909507751464844,2.739645481109619,0.051305294036865234,0.061921752989292145,0.022965874522924423,8.002854883670807e-05,0.0
122.38461538461539,5,4,4,0.5897431373596191,1,False,0,False,1.439562439918518,2.585775136947632,-1.1462126970291138,-1.5208948850631714,-2.4931576251983643,0.9722627401351929,-0.9743674993515015,-0.535377025604248,-0.4389904737472534,2.7909507751464844,2.7404446601867676,0.0505061149597168,0.061749912798404694,0.023051586002111435,8.814036846160889e-05,0.0
122.46153846153847,5,4,4,0.6153841018676758,1,False,0,False,1.439562439918518,2.5875489711761475,-1.1479865312576294,-1.5208948850631714,-2.4987809658050537,0.9778860807418823,-0.9743674993515015,-0.5372215509414673,-0.4371459484100342,2.7909507751464844,2.7416861057281494,0.04926466941833496,0.06150876730680466,0.023182738572359085,0.00010279007256031036,0.0
122.53846153846155,5,4,4,0.6410250663757324,1,False,0,False,1.439562439918518,2.589303731918335,-1.149741291999817,-1.5208948850631714,-2.5046422481536865,0.9837473630905151,-0.9743674993515015,-0.5392513275146484,-0.435116171836853,2.7909507751464844,2.74333119392395,0.04761958122253418,0.06120716780424118,0.023353803902864456,0.00010279007256031036,0.0
122.61538461538463,5,4,4,0.6666660308837891,1,False,0,False,1.439562439918518,2.5910089015960693,-1.1514464616775513,-1.5208948850631714,-2.5106310844421387,0.9897361993789674,-0.9743674993515015,-0.5414282083511353,-0.4329392910003662,2.7909507751464844,2.745338201522827,0.045612573623657234,0.06085459142923355,0.023558776825666428,0.00011292984709143639,0.0
122.6923076923077,5,4,4,0.69230717420578,1,False,0,False,1.439562439918518,2.5926647186279297,-1.1531022787094116,-1.5208948850631714,-2.5166449546813965,0.9957500696182251,-0.9743674993515015,-0.5437378883361816,-0.4306296110153198,2.7909507751464844,2.747668743133545,0.04328203201293946,0.060460202395915985,0.02379126474261284,0.0001357519067823887,0.0
122.76923076923077,5,4,4,0.717948317527771,1,False,0,False,1.439562439918518,2.5942864418029785,-1.1547240018844604,-1.5208948850631714,-2.5225889682769775,1.0016940832138062,-0.9743674993515015,-0.5461773872375488,-0.42819011211395264,2.7909507751464844,2.7502822875976562,0.040668487548828125,0.06003313511610031,0.024044502526521683,0.00015152152627706528,0.0
122.84615384615385,5,4,4,0.7435894012451172,1,False,0,False,1.439562439918518,2.595897674560547,-1.1563352346420288,-1.5208948850631714,-2.5283801555633545,1.007485270500183,-0.9743674993515015,-0.5487486124038696,-0.42561888694763184,2.7909507751464844,2.7531356811523438,0.037815093994140625,0.05958164483308792,0.024311665445566177,0.000168653205037117,0.0
122.92307692307693,5,4,4,0.7692305445671082,1,False,0,False,1.439562439918518,2.5975258350372314,-1.1579633951187134,-1.5208948850631714,-2.533956289291382,1.0130614042282104,-0.9743674993515015,-0.5514546036720276,-0.4229128956794739,2.7909507751464844,2.756185531616211,0.03476524353027344,0.05911313742399216,0.024586308747529984,0.0001626298762857914,0.0
123.0,5,4,4,0.7948716878890991,1,False,0,False,1.439562439918518,2.599193572998047,-1.1596311330795288,-1.5208948850631714,-2.5392656326293945,1.0183707475662231,-0.9743674993515015,-0.5542929768562317,-0.42007452249526983,2.7909507751464844,2.759384870529175,0.03156590461730957,0.05863428860902786,0.02486235275864601,0.0001657474786043167,0.0
123.07692307692308,5,4,4,0.8205127716064453,1,False,0,False,1.439562439918518,2.6009163856506348,-1.1613539457321167,-1.5208948850631714,-2.5442683696746826,1.0233734846115112,-0.9743674993515015,-0.5572560429573059,-0.41711145639419556,2.7909507751464844,2.7626800537109375,0.02827072143554688,0.05815131217241287,0.025134358555078506,0.0001823948696255684,0.0
123.15384615384616,5,4,4,0.8461539149284363,1,False,0,False,1.439562439918518,2.6026992797851562,-1.1631368398666382,-1.5208948850631714,-2.5489346981048584,1.028039813041687,-0.9743674993515015,-0.5603286027908325,-0.4140388965606689,2.7909507751464844,2.7660253047943115,0.02492547035217285,0.05766982585191727,0.025397542864084244,0.00016641337424516678,0.0
123.23076923076924,5,4,4,0.8717950582504272,1,False,0,False,1.439562439918518,2.6045360565185547,-1.1649736166000366,-1.5208948850631714,-2.5532429218292236,1.0323480367660522,-0.9743674993515015,-0.5634875297546387,-0.41087996959686285,2.7909507751464844,2.769369125366211,0.021581649780273438,0.05719483643770218,0.025648046284914017,0.00017670448869466782,0.0
123.30769230769232,5,4,4,0.8974361419677734,1,False,0,False,1.439562439918518,2.606403350830078,-1.16684091091156,-1.5208948850631714,-2.557180166244507,1.0362852811813354,-0.9743674993515015,-0.5667009949684143,-0.40766650438308716,2.7909507751464844,2.7726616859436035,0.01828908920288086,0.05673084408044815,0.025882963091135025,0.00015899771824479103,0.0
123.38461538461539,5,4,4,0.9230772852897644,1,False,0,False,1.439562439918518,2.6082699298858643,-1.1687074899673462,-1.5208948850631714,-2.5607402324676514,1.03984534740448,-0.9743674993515015,-0.5699295401573181,-0.40443795919418335,2.7909507751464844,2.775857448577881,0.015093326568603516,0.056281931698322296,0.02610025927424431,0.0001645367592573166,0.0
123.46153846153847,5,4,4,0.9487184286117554,1,False,0,False,1.439562439918518,2.6100940704345703,-1.1705316305160522,-1.5208948850631714,-2.563920497894287,1.0430256128311157,-0.9743674993515015,-0.5731291770935059,-0.4012383222579956,2.7909507751464844,2.778913974761963,0.012036800384521484,0.05585188418626785,0.026298608630895615,0.0001496751792728901,0.0
123.53846153846155,5,4,4,0.9743595123291016,1,False,0,False,1.439562439918518,2.611830711364746,-1.172268271446228,-1.5208948850631714,-2.5667226314544678,1.0458277463912964,-0.9743674993515015,-0.5762541890144348,-0.3981133103370666,2.7909507751464844,2.7817952632904053,0.009155511856079102,0.05544411391019821,0.02647726610302925,0.000158785842359066,0.0
123.61538461538463,5,4,4,1.0,1,False,0,False,1.439562439918518,2.6134395599365234,-1.1738771200180054,-1.5208948850631714,-2.569150924682617,1.0482560396194458,-0.9743674993515015,-0.5792623162269592,-0.3951051831245422,2.7909507751464844,2.7844738960266113,0.006476879119873046,0.05506140738725662,0.02663598582148552,0.00013859709724783897,0.0
123.6923076923077,5,4,4,1.0,1,False,0,False,1.439562439918518,2.61488676071167,-1.1753243207931519,-1.5208948850631714,-2.5712156295776367,1.0503207445144653,-0.9743674993515015,-0.5821177363395691,-0.3922497630119324,2.7909507751464844,2.7869298458099365,0.0040209293365478516,0.05470586568117142,0.026775043457746506,0.00013057608157396317,0.0
123.76923076923077,5,4,4,1.0,1,False,0,False,1.439562439918518,2.6161601543426514,-1.1765977144241333,-1.5208948850631714,-2.5729293823242188,1.0520344972610474,-0.9743674993515015,-0.5847883224487305,-0.389579176902771,2.7909507751464844,2.789147138595581,0.0018036365509033203,0.0543789342045784,0.026894617825746536,0.00012670177966356277,0.0
123.84615384615385,5,4,4,1.0,1,False,0,False,1.439562439918518,2.6172587871551514,-1.1776963472366333,-1.5208948850631714,-2.574310302734375,1.0534154176712036,-0.9743674993515015,-0.587247371673584,-0.38712012767791754,2.7909507751464844,2.79111647605896,-0.00016570091247558594,0.05408058315515518,0.02699565514922142,0.0001180754043161869,0.0
123.92307692307693,5,4,4,1.0,1,False,0,False,1.439562439918518,2.618185520172119,-1.178623080253601,-1.5208948850631714,-2.575380802154541,1.0544859170913696,-0.9743674993515015,-0.5894758105278015,-0.3848916888237,2.7909507751464844,2.7928428649902344,-0.00189208984375,0.05380933731794357,0.027080725878477097,0.00011096242815256119,0.0
124.0,5,4,4,1.0,1,False,0,False,1.439562439918518,2.6189382076263428,-1.1793757677078247,-1.5208948850631714,-2.5761678218841553,1.0552729368209839,-0.9743674993515015,-0.591463029384613,-0.3829044699668884,2.7909507751464844,2.794337272644043,-0.0033864974975585938,0.0535634383559227,0.027152162045240402,0.00010987278074026108,0.0
124.07692307692308,5,4,4,1.0,1,False,0,False,1.439562439918518,2.619518756866455,-1.179956316947937,-1.5208948850631714,-2.5767040252685547,1.0558091402053833,-0.9743674993515015,-0.5932024717330933,-0.3811650276184082,2.7909507751464844,2.7956113815307617,-0.004660606384277344,0.05334099382162094,0.02721158042550087,0.00010920688509941101,0.0
124.15384615384616,5,4,4,1.0,1,False,0,False,1.439562439918518,2.61993145942688,-1.1803690195083618,-1.5208948850631714,-2.5770232677459717,1.0561283826828003,-0.9743674993515015,-0.5946910977363586,-0.3796764016151428,2.7909507751464844,2.796675443649292,-0.005724668502807617,0.05313991755247116,0.027260366827249527,0.00010941876098513603,0.0
124.23076923076924,5,4,4,1.0,1,False,0,False,1.439562439918518,2.620185613632202,-1.180623173713684,-1.5208948850631714,-2.5771572589874268,1.0562623739242554,-0.9743674993515015,-0.5959358215332031,-0.37843167781829834,2.7909507751464844,2.7975449562072754,-0.006594181060791016,0.05295800417661667,0.027299892157316208,0.00010551419109106064,0.0
124.30769230769232,5,4,4,1.0,1,False,0,False,1.439562439918518,2.6202921867370605,-1.1807297468185425,-1.5208948850631714,-2.5771355628967285,1.0562406778335571,-0.9743674993515015,-0.5969457626342773,-0.3774217367172241,2.7909507751464844,2.7982354164123535,-0.007284641265869141,0.05279295891523361,0.027331475168466568,0.00010291114449501038,0.0
124.38461538461539,5,4,4,1.0,1,False,0,False,1.439562439918518,2.6202640533447266,-1.1807016134262085,-1.5208948850631714,-2.5769858360290527,1.0560909509658813,-0.9743674993515015,-0.5977288484573364,-0.37663865089416504,2.7909507751464844,2.7987618446350098,-0.007811069488525391,0.05264250189065933,0.027356397360563278,0.0001041823998093605,0.0
124.46153846153847,5,4,4,1.0,1,False,0,False,1.439562439918518,2.62011456489563,-1.1805521249771118,-1.5208948850631714,-2.576733350753784,1.0558384656906128,-0.9743674993515015,-0.5983032584190369,-0.3760642409324646,2.7909507751464844,2.799143075942993,-0.008192300796508789,0.0525042787194252,0.027375731617212296,0.00010530231520533562,0.0
124.53846153846155,5,4,4,1.0,1,False,0,False,1.439562439918518,2.6198596954345703,-1.1802972555160522,-1.5208948850631714,-2.5764002799987793,1.055505394935608,-0.9743674993515015,-0.5986822247505188,-0.3756852746009826,2.7909507751464844,2.7993950843811035,-0.008444309234619142,0.052376292645931244,0.02739046886563301,9.146984666585922e-05,0.0
124.61538461538463,5,4,4,1.0,1,False,0,False,1.439562439918518,2.6195125579833984,-1.1799501180648804,-1.5208948850631714,-2.57600474357605,1.0551098585128784,-0.9743674993515015,-0.5988810062408447,-0.37548649311065674,2.7909507751464844,2.799532175064087,-0.008581399917602539,0.05225672572851181,0.02740144357085228,9.289244189858437e-05,0.0
124.6923076923077,5,4,4,1.0,1,False,0,False,1.439562439918518,2.6190848350524902,-1.1795223951339722,-1.5208948850631714,-2.5755608081817627,1.0546659231185913,-0.9743674993515015,-0.5989181399345398,-0.37544935941696167,2.7909507751464844,2.799572229385376,-0.008621454238891602,0.05214414745569229,0.027409318834543228,9.249895811080933e-05,0.0
124.76923076923077,5,4,4,1.0,1,False,0,False,1.439562439918518,2.618594169616699,-1.1790317296981812,-1.5208948850631714,-2.575086832046509,1.0541919469833374,-0.9743674993515015,-0.5988138914108276,-0.37555360794067383,2.7909507751464844,2.799527406692505,-0.008576631546020508,0.05203700810670853,0.027414795011281967,9.038019925355911e-05,0.0
124.84615384615385,5,4,4,1.0,1,False,0,False,1.439562439918518,2.6180508136749268,-1.1784883737564087,-1.5208948850631714,-2.574591875076294,1.0536969900131226,-0.9743674993515015,-0.5985854864120483,-0.3757820129394531,2.7909507751464844,2.7994112968444824,-0.008460521697998049,0.05193435400724411,0.02741844579577446,9.274110198020935e-05,0.0
124.92307692307693,5,4,4,1.0,1,False,0,False,1.439562439918518,2.617467164993286,-1.177904725074768,-1.5208948850631714,-2.5740861892700195,1.0531913042068481,-0.9743674993515015,-0.5982528328895569,-0.3761146664619446,2.7909507751464844,2.7992353439331055,-0.008284568786621092,0.05183533579111099,0.027420755475759506,8.883653208613396e-05,0.0
125.0,5,4,4,1.0,1,False,0,False,1.439562439918518,2.6168503761291504,-1.1772879362106323,-1.5208948850631714,-2.573577642440796,1.0526827573776245,-0.9743674993515015,-0.5978339910507202,-0.37653350830078125,2.7909507751464844,2.799009323120117,-0.008058547973632812,0.051739372313022614,0.027422096580266953,8.172355592250824e-05,0.0
125.07692307692308,5,4,4,1.0,1,False,0,False,1.439562439918518,2.6162078380584717,-1.1766453981399536,-1.5208948850631714,-2.573071241378784,1.0521763563156128,-0.9743674993515015,-0.5973445773124695,-0.377022922039032,2.7909507751464844,2.7987420558929443,-0.007791280746459961,0.05164626985788345,0.02742272987961769,7.476191967725754e-05,0.0
125.15384615384616,5,4,4,1.0,1,False,0,False,1.439562439918518,2.6155474185943604,-1.1759849786758423,-1.5208948850631714,-2.572572708129883,1.0516778230667114,-0.9743674993515015,-0.5968012809753418,-0.37756621837615967,2.7909507751464844,2.7984373569488525,-0.007486581802368164,0.051555655896663666,0.027422983199357986,7.912050932645798e-05,0.0
125.23076923076924,5,4,4,1.0,1,False,0,False,1.439562439918518,2.6148736476898193,-1.1753112077713013,-1.5208948850631714,-2.572082996368408,1.0511881113052368,-0.9743674993515015,-0.5962182283401489,-0.37814927101135254,2.7909507751464844,2.798102378845215,-0.007151603698730469,0.05146750062704086,0.027423065155744553,7.497379556298256e-05,0.0
125.30769230769232,5,4,4,1.0,1,False,0,False,1.439562439918518,2.6141929626464844,-1.1746305227279663,-1.5208948850631714,-2.5716071128845215,1.05071222782135,-0.9743674993515015,-0.5956097841262817,-0.37875771522521967,2.7909507751464844,2.7977426052093506,-0.006791830062866211,0.05138177424669266,0.027423102408647537,6.904127076268196e-05,0.0
125.38461538461539,5,4,4,1.0,1,False,0,False,1.439562439918518,2.613508939743042,-1.173946499824524,-1.5208948850631714,-2.571146249771118,1.0502513647079468,-0.9743674993515015,-0.594987690448761,-0.3793798089027405,2.7909507751464844,2.7973620891571045,-0.006411314010620117,0.05129852145910263,0.027423236519098282,6.177695468068123e-05,0.0
125.46153846153847,5,4,4,1.0,1,False,0,False,1.439562439918518,2.6128249168395996,-1.1732624769210815,-1.5208948850631714,-2.5707006454467773,1.049805760383606,-0.9743674993515015,-0.5943619608879089,-0.38000553846359253,2.7909507751464844,2.7969632148742676,-0.006012439727783203,0.05121789127588272,0.027423527091741562,6.668036803603172e-05,0.0
125.53846153846155,5,4,4,1.0,1,False,0,False,1.439562439918518,2.6121416091918945,-1.1725791692733765,-1.5208948850631714,-2.5702712535858154,1.049376368522644,-0.9743674993515015,-0.5937409400939941,-0.3806265592575073,2.7909507751464844,2.7965493202209473,-0.005598545074462891,0.05113992840051651,0.02741897478699684,6.277579814195633e-05,0.0
125.61538461538463,5,4,4,1.0,1,False,0,False,1.439562439918518,2.6114602088928223,-1.1718977689743042,-1.5208948850631714,-2.5698604583740234,1.048965573310852,-0.9743674993515015,-0.5931317210197449,-0.3812357783317566,2.7909507751464844,2.7961227893829346,-0.005172014236450195,0.051064781844615936,0.027404483407735825,6.562098860740662e-05,0.0
125.6923076923077,5,4,4,1.0,1,False,0,False,1.439562439918518,2.6107804775238037,-1.1712180376052856,-1.5208948850631714,-2.569467306137085,1.0485724210739136,-0.9743674993515015,-0.5925370454788208,-0.38183045387268066,2.7909507751464844,2.795685291290283,-0.004734516143798828,0.050992451608181,0.027390647679567337,5.7478900998830795e-05,0.0
125.76923076923077,5,4,4,1.0,1,False,0,False,1.439562439918518,2.610102653503418,-1.1705402135849,-1.5208948850631714,-2.5690903663635254,1.048195481300354,-0.9743674993515015,-0.591959536075592,-0.38240796327590937,2.7909507751464844,2.7952375411987305,-0.004286766052246094,0.050923027098178864,0.027377571910619736,5.4512638598680496e-05,0.0
125.84615384615385,5,4,4,1.0,1,False,0,False,1.439562439918518,2.609428882598877,-1.1698664426803589,-1.5208948850631714,-2.5687294006347656,1.0478345155715942,-0.9743674993515015,-0.591401219367981,-0.3829662799835205,2.7909507751464844,2.7947802543640137,-0.0038294792175292964,0.05085652321577072,0.027365397661924362,4.830770194530487e-05,0.0
125.92307692307693,5,4,4,1.0,1,False,0,False,1.439562439918518,2.6087586879730225,-1.1691962480545044,-1.5208948850631714,-2.5683844089508057,1.0474895238876343,-0.9743674993515015,-0.5908627510070801,-0.38350474834442133,2.7909507751464844,2.794316530227661,-0.0033657550811767582,0.05079285055398941,0.027354154735803604,4.9457885324954987e-05,0.0
126.0,5,4,4,1.0,1,False,0,False,1.439562439918518,2.608093023300171,-1.1685305833816528,-1.5208948850631714,-2.568052291870117,1.0471574068069458,-0.9743674993515015,-0.5903444290161133,-0.3840230703353882,2.7909507751464844,2.793846368789673,-0.002895593643188477,0.05073200911283493,0.02734389528632164,4.9457885324954987e-05,0.0
126.07692307692308,5,4,4,1.0,1,False,0,False,1.439562439918518,2.6074299812316895,-1.1678675413131714,-1.5208948850631714,-2.567732334136963,1.0468374490737915,-0.9743674993515015,-0.5898439884185791,-0.38452351093292236,2.7909507751464844,2.7933695316314697,-0.0024187564849853516,0.05067410320043564,0.027334604412317276,5.6177377700805664e-05,0.0
126.15384615384616,5,4,4,1.0,1,False,0,False,1.439562439918518,2.6067705154418945,-1.1672080755233765,-1.5208948850631714,-2.567424774169922,1.0465298891067505,-0.9743674993515015,-0.5893611311912537,-0.38500636816024786,2.7909507751464844,2.7928872108459473,-0.0019364356994628906,0.050618939101696014,0.02732625976204872,4.36161644756794e-05,0.0
126.23076923076924,5,4,4,1.0,1,False,0,False,1.439562439918518,2.6061177253723145,-1.1665552854537964,-1.5208948850631714,-2.5671300888061523,1.046235203742981,-0.9743674993515015,-0.5888959169387817,-0.3854715824127197,2.7909507751464844,2.7924070358276367,-0.0014562606811523438,0.05056612938642502,0.02731875702738762,4.6552158892154694e-05,0.0
126.30769230769232,5,4,4,1.0,1,False,0,False,1.439562439918518,2.605470657348633,-1.1659082174301147,-1.5208948850631714,-2.566847562789917,1.0459526777267456,-0.9743674993515015,-0.5884459614753723,-0.38592153787612915,2.7909507751464844,2.7919254302978516,-0.0009746551513671875,0.05051567405462265,0.027311909943819046,3.6654528230428696e-05,0.0
126.38461538461539,5,4,4,1.0,1,False,0,False,1.439562439918518,2.604830265045166,-1.165267825126648,-1.5208948850631714,-2.566575765609741,1.0456808805465698,-0.9743674993515015,-0.588009774684906,-0.38635772466659546,2.7909507751464844,2.791443347930908,-0.0004925727844238281,0.05046757310628891,0.027305681258440018,4.591653123497963e-05,0.0
126.46153846153847,5,4,4,1.0,1,False,0,False,1.439562439918518,2.6041979789733887,-1.1646355390548706,-1.5208948850631714,-2.566314697265625,1.0454198122024536,-0.9743674993515015,-0.5875864028930664,-0.386781096458435,2.7909507751464844,2.790961742401123,-1.0967254638671875e-05,0.05042169243097305,0.02730003371834755,3.57162207365036e-05,0.0
126.53846153846155,5,4,4,1.0,1,False,0,False,1.439562439918518,2.6035735607147217,-1.1640111207962036,-1.5208948850631714,-2.566063642501831,1.0451687574386597,-0.9743674993515015,-0.587175190448761,-0.3871923089027405,2.7909507751464844,2.7904810905456543,0.0004696846008300781,0.050377897918224335,0.027294892817735672,3.432389348745346e-05,0.0
126.61538461538463,5,4,4,1.0,1,False,0,False,1.439562439918518,2.602922201156616,-1.1633597612380981,-1.5208948850631714,-2.5658209323883057,1.0449260473251343,-0.9743674993515015,-0.5867786407470703,-0.38758885860443115,2.7909507751464844,2.789983034133911,0.0009677410125732422,0.050338052213191986,0.02729037031531334,0.00010932795703411102,0.0
126.6923076923077,5,4,4,1.0,1,False,0,False,1.439562439918518,2.602261543273926,-1.1626991033554077,-1.5208948850631714,-2.565608024597168,1.0447131395339966,-0.9743674993515015,-0.5863819718360901,-0.3879855275154113,2.7909507751464844,2.7894837856292725,0.0014669895172119143,0.05029826611280441,0.027285169810056686,5.0547532737255096e-05,0.0
126.76923076923077,5,4,4,1.0,1,False,0,False,1.439562439918518,2.601604461669922,-1.1620420217514038,-1.5208948850631714,-2.565415620803833,1.0445207357406616,-0.9743674993515015,-0.5859805941581726,-0.3883869051933289,2.7909507751464844,2.788994312286377,0.001956462860107422,0.050258226692676544,0.027279797941446304,2.9420480132102966e-05,0.0
126.84615384615385,5,4,4,1.0,1,False,0,False,1.439562439918518,2.600954532623291,-1.161392092704773,-1.5208948850631714,-2.5652341842651367,1.0443392992019653,-0.9743674993515015,-0.5855772495269775,-0.3887902498245239,2.7909507751464844,2.7885162830352783,0.0024344921112060547,0.05021905153989792,0.027274485677480698,1.9371509552001953e-05,0.0
126.92307692307693,5,4,4,1.0,1,False,0,False,1.439562439918518,2.6003167629241943,-1.1607543230056763,-1.5208948850631714,-2.5650548934936523,1.044160008430481,-0.9743674993515015,-0.5851749777793884,-0.38919252157211304,2.7909507751464844,2.78804874420166,0.0029020309448242188,0.05018111318349838,0.027269262820482254,1.78581103682518e-05,0.0
127.0,5,4,4,1.0,1,False,0,False,1.439562439918518,2.5996952056884766,-1.1601327657699585,-1.5208948850631714,-2.5648770332336426,1.0439821481704712,-0.9743674993515015,-0.5847761631011963,-0.3895913362503052,2.7909507751464844,2.7875919342041016,0.0033588409423828125,0.05014454573392868,0.02726425603032112,1.755543053150177e-05,0.0
127.07692307692308,5,4,4,1.0,1,False,0,False,1.439562439918518,2.599092721939087,-1.1595302820205688,-1.5208948850631714,-2.5646984577178955,1.0438035726547241,-0.9743674993515015,-0.5843843221664429,-0.38998317718505854,2.7909507751464844,2.7871460914611816,0.0038046836853027344,0.05010946840047836,0.027259554713964462,1.9916333258152008e-05,0.0
127.15384615384616,5,4,4,1.0,1,False,0,False,1.439562439918518,2.598510980606079,-1.158948540687561,-1.5208948850631714,-2.564518690109253,1.0436238050460815,-0.9743674993515015,-0.5840027332305908,-0.39036476612091064,2.7909507751464844,2.7867112159729004,0.004239559173583984,0.05007591098546982,0.027255240827798843,2.391170710325241e-05,0.0
127.23076923076924,5,4,4,1.0,1,False,0,False,1.439562439918518,2.5979511737823486,-1.1583887338638306,-1.5208948850631714,-2.564338207244873,1.0434433221817017,-0.9743674993515015,-0.583633542060852,-0.39073395729064947,2.7909507751464844,2.7862868309020996,0.004663944244384766,0.05004396289587021,0.027251366525888443,1.4165416359901428e-05,0.0
127.30769230769232,5,4,4,1.0,1,False,0,False,1.439562439918518,2.5974135398864746,-1.1578510999679565,-1.5208948850631714,-2.564157009124756,1.0432621240615845,-0.9743674993515015,-0.5832778215408325,-0.39108967781066895,2.7909507751464844,2.785872220993042,0.005078554153442383,0.05001357942819595,0.02724796161055565,2.796761691570282e-05,0.0
127.38461538461539,5,4,4,1.0,1,False,0,False,1.439562439918518,2.5968985557556152,-1.1573361158370972,-1.5208948850631714,-2.5639758110046387,1.0430809259414673,-0.9743674993515015,-0.5829371213912964,-0.3914303779602051,2.7909507751464844,2.785468101501465,0.005482673645019531,0.04998476058244705,0.027245040982961655,1.725275069475174e-05,0.0
127.46153846153847,5,4,4,1.0,1,False,0,False,1.439562439918518,2.596407890319824,-1.1568454504013062,-1.5208948850631714,-2.563795328140259,1.0429004430770874,-0.9743674993515015,-0.582612931728363,-0.3917545676231384,2.7909507751464844,2.785074472427368,0.005876302719116211,0.04995747655630112,0.02724262699484825,1.4831312000751495e-05,0.0
127.53846153846155,5,4,4,1.0,1,False,0,False,1.439562439918518,2.5959346294403076,-1.1563721895217896,-1.5208948850631714,-2.563612937927246,1.0427180528640747,-0.9743674993515015,-0.5823010802268982,-0.39206641912460327,2.7909507751464844,2.7846829891204834,0.0062677860260009766,0.04993193596601486,0.02724074199795723,1.9068829715251923e-05,0.0
127.61538461538463,5,4,4,1.0,1,False,0,False,1.439562439918518,2.595485210418701,-1.155922770500183,-1.5208948850631714,-2.5634331703186035,1.0425382852554321,-0.9743674993515015,-0.5820057988166809,-0.39236170053482056,2.7909507751464844,2.7843074798583984,0.006643295288085938,0.04990760236978531,0.027239304035902023,2.003740519285202e-05,0.0
127.6923076923077,5,4,4,1.0,1,False,0,False,1.439562439918518,2.5950560569763184,-1.1554936170578003,-1.5208948850631714,-2.5632543563842773,1.042359471321106,-0.9743674993515015,-0.5817246437072754,-0.3926428556442261,2.7909507751464844,2.7839407920837402,0.007009983062744141,0.049884624779224396,0.027238260954618454,2.8088688850402832e-05,0.0
127.76923076923077,5,4,4,1.0,1,False,0,False,1.439562439918518,2.5946462154388428,-1.1550837755203247,-1.5208948850631714,-2.5630760192871094,1.042181134223938,-0.9743674993515015,-0.5814561247825623,-0.3929113745689392,2.7909507751464844,2.783583402633667,0.007367372512817383,0.04986286908388138,0.027237560600042343,1.7979182302951813e-05,0.0
127.84615384615385,5,4,4,1.0,1,False,0,False,1.439562439918518,2.5942556858062744,-1.1546932458877563,-1.5208948850631714,-2.562899112701416,1.0420042276382446,-0.9743674993515015,-0.5811997652053833,-0.39316773414611816,2.7909507751464844,2.783236026763916,0.0077147483825683585,0.04984227567911148,0.027237121015787125,2.7120113372802734e-05,0.0
127.92307692307693,5,4,4,1.0,1,False,0,False,1.439562439918518,2.593881607055664,-1.154319167137146,-1.5208948850631714,-2.5627222061157227,1.0418273210525513,-0.9743674993515015,-0.5809531807899475,-0.39341431856155396,2.7909507751464844,2.7828965187072754,0.008054256439208984,0.049822889268398285,0.0272369347512722,2.77860090136528e-05,0.0
128.0,5,4,4,1.0,1,False,0,False,1.439562439918518,2.59352445602417,-1.1539620161056519,-1.5208948850631714,-2.5625462532043457,1.0416513681411743,-0.9743674993515015,-0.5807162523269653,-0.39365124702453613,2.7909507751464844,2.7825658321380615,0.008384943008422852,0.04980450123548508,0.027236919850111008,2.488028258085251e-05,0.0
