seconds,phase,command,active_command,progress,completed,rotating,gate_steps,done,FR_target,FR_actual,FR_error,FL_target,FL_actual,FL_error,BR_target,BR_actual,BR_error,BL_target,BL_actual,BL_error,wheel_gap,body_gap,impact_speed,unsafe_rotation
0.07692307692307693,0,0,0,0.03205128386616707,0,False,0,False,1.439562439918518,2.5845649242401123,-1.1450024843215942,-1.5208948850631714,-2.5539424419403076,1.0330475568771362,-0.9743674993515015,-0.5742436647415161,-0.4001238346099853,2.7909507751464844,-0.12041041254997253,2.911361187696457,0.04401326924562454,0.026337657123804092,0.0007530371658504009,0.0
0.15384615384615385,0,0,0,0.05769231170415878,0,False,0,False,1.439562439918518,2.5857858657836914,-1.1462234258651733,-1.5208948850631714,-2.5519368648529053,1.0310419797897339,-0.9743674993515015,-0.5739107728004456,-0.4004567265510559,2.7909507751464844,-0.12130241096019745,2.912253186106682,0.04390393942594528,0.02632308378815651,0.0012684403918683529,0.0
0.23076923076923078,0,0,0,0.0833333358168602,0,False,0,False,1.439562439918518,2.587033271789551,-1.1474708318710327,-1.5208948850631714,-2.5487968921661377,1.0279020071029663,-0.9743674993515015,-0.5729328393936157,-0.40143465995788574,2.7909507751464844,-0.12344390153884888,2.9143946766853333,0.043776847422122955,0.026242215186357498,0.001160656102001667,0.0
0.3076923076923077,0,0,0,0.1089743822813034,0,False,0,False,1.439562439918518,2.587428331375122,-1.147865891456604,-1.5208948850631714,-2.544905662536621,1.0240107774734497,-0.9743674993515015,-0.571172833442688,-0.40319466590881353,2.7909507751464844,-0.12627917528152466,2.917229950428009,0.04374774545431137,0.026118207722902298,0.002669969107955694,0.0
0.38461538461538464,0,0,0,0.13461542129516602,0,False,0,False,1.439562439918518,2.5867912769317627,-1.1472288370132446,-1.5208948850631714,-2.5406548976898193,1.019760012626648,-0.9743674993515015,-0.5683962106704712,-0.4059712886810303,2.7909507751464844,-0.12945905327796936,2.9204098284244537,0.043856434524059296,0.025993328541517258,0.002319314517080784,0.0
0.46153846153846156,0,0,0,0.16025647521018982,0,False,0,False,1.439562439918518,2.5851259231567383,-1.1455634832382202,-1.5208948850631714,-2.5362749099731445,1.0153800249099731,-0.9743674993515015,-0.564810574054718,-0.40955692529678345,2.7909507751464844,-0.13237431645393372,2.923325091600418,0.04411742836236954,0.025889713317155838,0.0020277127623558044,0.0
0.5384615384615385,0,0,0,0.18589751422405243,0,False,0,False,1.439562439918518,2.5828053951263428,-1.1432429552078247,-1.5208948850631714,-2.532015323638916,1.0111204385757446,-0.9743674993515015,-0.560600757598877,-0.4137667417526245,2.7909507751464844,-0.1344643533229828,2.925415128469467,0.04449082165956497,0.02582605555653572,0.0017410749569535255,0.0
0.6153846153846154,0,0,0,0.21153855323791504,0,False,0,False,1.439562439918518,2.5805776119232178,-1.1410151720046997,-1.5208948850631714,-2.52895188331604,1.0080569982528687,-0.9743674993515015,-0.5557973384857178,-0.4185701608657837,2.7909507751464844,-0.1330195814371109,2.9239703565835953,0.044919975101947784,0.025795605033636093,0.0015615858137607574,0.0
0.6923076923076923,0,0,0,0.23717960715293884,0,False,0,False,1.439562439918518,2.578829288482666,-1.139266848564148,-1.5208948850631714,-2.527458429336548,1.0065635442733765,-0.9743674993515015,-0.5507410168647766,-0.42362648248672485,2.7909507751464844,-0.13172808289527893,2.9226788580417633,0.045370347797870636,0.02582986280322075,0.0010075606405735016,0.0
0.7692307692307693,0,0,0,0.26282066106796265,0,False,0,False,1.439562439918518,2.577253818511963,-1.1376913785934448,-1.5208948850631714,-2.5260751247406006,1.0051802396774292,-0.9743674993515015,-0.5461647510528564,-0.428202748298645,2.7909507751464844,-0.13058216869831085,2.9215329438447952,0.045789532363414764,0.025922369211912155,0.0009920634329319,0.0
0.8461538461538463,0,0,0,0.28846168518066406,0,False,0,False,1.439562439918518,2.575833559036255,-1.1362711191177368,-1.5208948850631714,-2.5243079662323,1.0034130811691284,-0.9743674993515015,-0.5422722101211548,-0.4320952892303467,2.7909507751464844,-0.1295602023601532,2.9205109775066376,0.04613419622182846,0.026012036949396133,0.0015503261238336563,0.0
0.9230769230769231,0,0,0,0.31410273909568787,0,False,0,False,1.439562439918518,2.5747156143188477,-1.1351531744003296,-1.5208948850631714,-2.52231502532959,1.0014201402664185,-0.9743674993515015,-0.5391132831573486,-0.4352542161941528,2.7909507751464844,-0.12864665687084198,2.9195974320173264,0.04640527814626694,0.026086773723363876,0.0008614268153905869,0.0
1.0,0,0,0,0.3397437334060669,0,False,0,False,1.439562439918518,2.5741660594940186,-1.1346036195755005,-1.5208948850631714,-2.520503520965576,0.9996086359024048,-0.9743674993515015,-0.5365981459617615,-0.43776935338974,2.7909507751464844,-0.12783190608024597,2.9187826812267303,0.0466110035777092,0.02616223320364952,0.00045093242079019547,0.0
1.076923076923077,0,0,0,0.36538469791412354,0,False,0,False,1.439562439918518,2.574364185333252,-1.1348017454147339,-1.5208948850631714,-2.5191683769226074,0.998273491859436,-0.9743674993515015,-0.5345511436462402,-0.43981635570526123,2.7909507751464844,-0.12710444629192352,2.918055221438408,0.0467478409409523,0.026238370686769485,0.0005433103069663048,0.0
1.153846153846154,0,0,0,0.3910256624221802,0,False,0,False,1.439562439918518,2.5751953125,-1.135632872581482,-1.5208948850631714,-2.5183985233306885,0.9975036382675171,-0.9743674993515015,-0.5329521894454956,-0.44141530990600586,2.7909507751464844,-0.126455619931221,2.9174063950777054,0.04682333022356033,0.026301484555006027,0.0004980294033885002,0.0
1.2307692307692308,0,0,0,0.4166666269302368,0,False,0,False,1.439562439918518,2.5763888359069824,-1.1368263959884644,-1.5208948850631714,-2.518153429031372,0.9972585439682007,-0.9743674993515015,-0.5318838953971863,-0.4424836039543152,2.7909507751464844,-0.12587755918502808,2.9168283343315125,0.04684600979089737,0.026337917894124985,0.0003262283280491829,0.0
1.3076923076923077,0,0,0,0.44230759143829346,0,False,0,False,1.439562439918518,2.577678918838501,-1.138116478919983,-1.5208948850631714,-2.5183651447296143,0.9974702596664429,-0.9743674993515015,-0.5314427614212036,-0.44292473793029785,2.7909507751464844,-0.12536190450191498,2.9163126796483994,0.04681719094514847,0.026334699243307114,9.237788617610931e-05,0.0
1.3846153846153846,0,0,0,0.4679485559463501,0,False,0,False,1.439562439918518,2.5788888931274414,-1.1393264532089233,-1.5208948850631714,-2.518991470336914,0.9980965852737427,-0.9743674993515015,-0.5316788554191589,-0.44268864393234253,2.7909507751464844,-0.1249009221792221,2.9158516973257065,0.04675377160310745,0.02629278227686882,5.962792783975601e-05,0.0
1.4615384615384617,0,0,0,0.49358952045440674,0,False,0,False,1.439562439918518,2.57993221282959,-1.1403697729110718,-1.5208948850631714,-2.5200092792510986,0.9991143941879272,-0.9743674993515015,-0.5325602889060974,-0.44180721044540405,2.7909507751464844,-0.12448838353157043,2.915439158678055,0.04666402190923691,0.026222433894872665,5.1637180149555206e-05,0.0
1.5384615384615385,0,0,0,0.5192304849624634,0,False,0,False,1.439562439918518,2.580789804458618,-1.1412273645401,-1.5208948850631714,-2.521381378173828,1.0004864931106567,-0.9743674993515015,-0.5339788794517517,-0.4403886198997497,2.7909507751464844,-0.12411928921937943,2.915070064365864,0.046556778252124786,0.026133958250284195,4.939734935760498e-05,0.0
1.6153846153846154,0,0,0,0.54487144947052,0,False,0,False,1.439562439918518,2.581479549407959,-1.141917109489441,-1.5208948850631714,-2.5230329036712646,1.0021380186080933,-0.9743674993515015,-0.5357831716537476,-0.4385843276977539,2.7909507751464844,-0.12378906458616257,2.914739839732647,0.046440429985523224,0.026037584990262985,6.931368261575699e-05,0.0
1.6923076923076925,0,0,0,0.5705124139785767,0,False,0,False,1.439562439918518,2.5820305347442627,-1.1424680948257446,-1.5208948850631714,-2.524857521057129,1.0039626359939575,-0.9743674993515015,-0.5378108620643616,-0.43655663728713995,2.7909507751464844,-0.1234937459230423,2.9144445210695267,0.04632186144590378,0.025940898805856705,0.0005425838753581047,0.0
1.7692307692307694,0,0,0,0.5961533784866333,0,False,0,False,1.439562439918518,2.582472324371338,-1.1429098844528198,-1.5208948850631714,-2.5267415046691895,1.005846619606018,-0.9743674993515015,-0.5399137139320374,-0.4344537854194641,2.7909507751464844,-0.12322971224784851,2.914180487394333,0.046206630766391754,0.025848452001810074,0.0005111657083034515,0.0
1.8461538461538463,0,0,0,0.6217943429946899,0,False,0,False,1.439562439918518,2.582824945449829,-1.143262505531311,-1.5208948850631714,-2.528585910797119,1.0076910257339478,-0.9743674993515015,-0.5419687628746033,-0.4323987364768982,2.7909507751464844,-0.12299363315105438,2.9139444082975388,0.04609926789999008,0.025762666016817093,0.00046364497393369675,0.0
1.9230769230769231,0,0,0,0.6474353075027466,0,False,0,False,1.439562439918518,2.5831046104431152,-1.1435421705245972,-1.5208948850631714,-2.5303103923797607,1.0094155073165894,-0.9743674993515015,-0.5438779592514038,-0.43048954010009766,2.7909507751464844,-0.12278270721435547,2.91373348236084,0.046003423631191254,0.025684799998998642,0.0004222989082336426,0.0
2.0,0,0,0,0.673076331615448,0,False,0,False,1.439562439918518,2.583319902420044,-1.1437574625015259,-1.5208948850631714,-2.531867027282715,1.0109721422195435,-0.9743674993515015,-0.5455777645111084,-0.42878973484039307,2.7909507751464844,-0.12259343266487122,2.9135442078113556,0.045921482145786285,0.02561556175351143,0.0003658188506960869,0.0
2.076923076923077,1,1,1,0.03205128386616707,0,False,0,False,1.439562439918518,2.5836312770843506,-1.1440688371658325,-1.5208948850631714,-2.533039093017578,1.0121442079544067,-0.9743674993515015,-0.5462215542793274,-0.4281459450721741,2.7909507751464844,-0.12243358790874481,2.913384363055229,0.04588913172483444,0.025574278086423874,0.00022035092115402222,0.0
2.153846153846154,1,1,1,0.05769231170415878,0,False,0,False,1.439562439918518,2.583491086959839,-1.1439286470413208,-1.5208948850631714,-2.5330536365509033,1.012158751487732,-0.9743674993515015,-0.5436698794364929,-0.43069761991500854,2.7909507751464844,-0.12229006737470627,2.9132408425211906,0.04606514424085617,0.02562379464507103,0.0,0.0
2.230769230769231,1,1,1,0.0833333358168602,0,False,0,False,1.439562439918518,2.5819809436798096,-1.1424185037612915,-1.5208948850631714,-2.5315582752227783,1.010663390159607,-0.9743674993515015,-0.5383234620094299,-0.43604403734207153,2.7909507751464844,-0.12215469032526016,2.9131054654717445,0.04700588434934616,0.025835644453763962,0.004295057151466608,0.0
2.307692307692308,1,1,1,0.1089743822813034,0,False,0,False,1.439562439918518,2.579343795776367,-1.1397813558578491,-1.5208948850631714,-2.5285449028015137,1.0076500177383423,-0.9743674993515015,-0.5313851833343506,-0.4429823160171509,2.7909507751464844,-0.12202963978052139,2.9129804149270058,0.04884842783212662,0.026169780641794205,0.004744173493236303,0.0
2.3846153846153846,1,1,1,0.13461542129516602,0,False,0,False,1.439562439918518,2.575458288192749,-1.135895848274231,-1.5208948850631714,-2.5237016677856445,1.0028067827224731,-0.9743674993515015,-0.523567259311676,-0.45080024003982544,2.7909507751464844,-0.12191496044397354,2.912865735590458,0.050767041742801666,0.026427682489156723,0.0032236764673143625,0.0
2.4615384615384617,1,1,1,0.16025647521018982,0,False,0,False,1.439562439918518,2.5708277225494385,-1.1312652826309204,-1.5208948850631714,-2.5176141262054443,0.996719241142273,-0.9743674993515015,-0.5150880217552185,-0.45927947759628296,2.7909507751464844,-0.12181346118450165,2.912764236330986,0.052391283214092255,0.026476401835680008,0.0019071856513619423,0.0
2.5384615384615388,1,1,1,0.18589751422405243,0,False,0,False,1.439562439918518,2.565948963165283,-1.1263865232467651,-1.5208948850631714,-2.510772705078125,0.9898778200149535,-0.9743674993515015,-0.5066157579421997,-0.46775174140930176,2.7909507751464844,-0.12172099947929382,2.912671774625778,0.05371619015932083,0.02665773406624794,0.0034153182059526443,0.0
2.6153846153846154,1,1,1,0.21153855323791504,0,False,0,False,1.439562439918518,2.561906576156616,-1.1223441362380981,-1.5208948850631714,-2.5041143894195557,0.9832195043563843,-0.9743674993515015,-0.4994781017303467,-0.4748893976211548,2.7909507751464844,-0.1216394454240799,2.9125902205705643,0.05496341735124588,0.026848848909139633,0.0045276060700416565,0.0
2.6923076923076925,1,1,1,0.23717960715293884,0,False,0,False,1.439562439918518,2.5593526363372803,-1.1197901964187622,-1.5208948850631714,-2.4985384941101074,0.9776436090469361,-0.9743674993515015,-0.4939611554145813,-0.4804063439369202,2.7909507751464844,-0.12157175689935684,2.912522532045841,0.05616150051355362,0.02703779563307762,0.004127463325858116,0.0
2.769230769230769,1,1,1,0.26282066106796265,0,False,0,False,1.439562439918518,2.5581088066101074,-1.1185463666915894,-1.5208948850631714,-2.494508981704712,0.9736140966415405,-0.9743674993515015,-0.490024209022522,-0.48434329032897944,2.7909507751464844,-0.12151312083005905,2.9124638959765434,0.057058580219745636,0.027218814939260483,0.0037738122045993805,0.0
2.8461538461538463,1,1,1,0.28846168518066406,0,False,0,False,1.439562439918518,2.557766914367676,-1.1182044744491577,-1.5208948850631714,-2.4919703006744385,0.9710754156112671,-0.9743674993515015,-0.48736631870269775,-0.4870011806488037,2.7909507751464844,-0.12146192044019699,2.9124126955866814,0.05771204084157944,0.02744710072875023,0.003511328250169754,0.0
2.9230769230769234,1,1,1,0.31410273909568787,0,False,0,False,1.439562439918518,2.5578200817108154,-1.1182576417922974,-1.5208948850631714,-2.490859031677246,0.9699641466140747,-0.9743674993515015,-0.4858442544937134,-0.4885232448577881,2.7909507751464844,-0.12146075069904327,2.9124115258455276,0.05818150192499161,0.02777179703116417,0.0035235565155744553,0.0
3.0,1,1,1,0.3397437334060669,0,False,0,False,1.439562439918518,2.557650327682495,-1.118087887763977,-1.5208948850631714,-2.4915294647216797,0.9706345796585083,-0.9743674993515015,-0.4859069585800171,-0.48846054077148443,2.7909507751464844,-0.12227669358253479,2.913227468729019,0.05848970264196396,0.028175275772809982,0.0012471922673285007,0.0
3.076923076923077,1,1,1,0.36538469791412354,0,False,0,False,1.439562439918518,2.5573205947875977,-1.1177581548690796,-1.5208948850631714,-2.493295669555664,0.9724007844924927,-0.9743674993515015,-0.48730233311653137,-0.48706516623497015,2.7909507751464844,-0.12350013852119446,2.914450913667679,0.058724500238895416,0.028049517422914505,0.0012339046224951744,0.0
3.153846153846154,1,1,1,0.3910256624221802,0,False,0,False,1.439562439918518,2.557406425476074,-1.1178439855575562,-1.5208948850631714,-2.4961163997650146,0.9752215147018433,-0.9743674993515015,-0.48984295129776,-0.48452454805374146,2.7909507751464844,-0.1250341236591339,2.9159848988056183,0.05888930708169937,0.027903269976377487,0.001259874552488327,0.0
3.230769230769231,1,1,1,0.4166666269302368,0,False,0,False,1.439562439918518,2.558359146118164,-1.118796706199646,-1.5208948850631714,-2.499854803085327,0.9789599180221558,-0.9743674993515015,-0.4935610890388489,-0.48080641031265264,2.7909507751464844,-0.12685252726078033,2.9178033024072647,0.058939434587955475,0.02774422988295555,0.0013551581650972366,0.0
3.307692307692308,1,1,1,0.44230759143829346,0,False,0,False,1.439562439918518,2.5604305267333984,-1.1208680868148804,-1.5208948850631714,-2.5043017864227295,0.9834069013595581,-0.9743674993515015,-0.4985632598400116,-0.47580423951148987,2.7909507751464844,-0.12895716726779938,2.9199079424142838,0.05881331115961075,0.02756243571639061,0.0014764722436666489,0.0
3.384615384615385,1,1,1,0.4679485559463501,0,False,0,False,1.439562439918518,2.5637125968933105,-1.1241501569747925,-1.5208948850631714,-2.508553981781006,0.9876590967178345,-0.9743674993515015,-0.5048395991325378,-0.4695279002189636,2.7909507751464844,-0.1312229186296463,2.9221736937761307,0.058526165783405304,0.027364421635866165,0.0007303059101104736,0.0
3.4615384615384617,1,1,1,0.49358952045440674,0,False,0,False,1.439562439918518,2.568502426147461,-1.1289399862289429,-1.5208948850631714,-2.5123066902160645,0.9914118051528931,-0.9743674993515015,-0.5119752883911133,-0.4623922109603882,2.7909507751464844,-0.13370297849178314,2.9246537536382675,0.0580790713429451,0.02715100720524788,0.0011466722935438156,0.0
3.5384615384615388,1,1,1,0.5192304849624634,0,False,0,False,1.439562439918518,2.574794054031372,-1.135231614112854,-1.5208948850631714,-2.5159242153167725,0.9950293302536011,-0.9743674993515015,-0.5199072957038879,-0.4544602036476136,2.7909507751464844,-0.13641823828220367,2.927369013428688,0.05746305733919144,0.026903171092271805,0.0013135094195604324,0.0
3.6153846153846154,1,1,1,0.54487144947052,0,False,0,False,1.439562439918518,2.5822713375091553,-1.1427088975906372,-1.5208948850631714,-2.519141912460327,0.9982470273971558,-0.9743674993515015,-0.528691291809082,-0.4456762075424194,2.7909507751464844,-0.13917160034179688,2.9301223754882812,0.05668970197439194,0.026619520038366318,0.0014223530888557434,0.0
3.6923076923076925,1,1,1,0.5705124139785767,0,False,0,False,1.439562439918518,2.5906496047973633,-1.1510871648788452,-1.5208948850631714,-2.521796703338623,1.0009018182754517,-0.9743674993515015,-0.5382023453712463,-0.4361651539802551,2.7909507751464844,-0.1417509764432907,2.932701751589775,0.05578581243753433,0.026307564228773117,0.0024539767764508724,0.0
3.7692307692307696,1,1,1,0.5961533784866333,0,False,0,False,1.439562439918518,2.599827289581299,-1.1602648496627808,-1.5208948850631714,-2.5236170291900635,1.002722144126892,-0.9743674993515015,-0.5481489896774292,-0.42621850967407227,2.7909507751464844,-0.14385782182216644,2.934808596968651,0.05484693497419357,0.026018906384706497,0.0014401506632566452,0.0
3.8461538461538463,1,1,1,0.6217943429946899,0,False,0,False,1.439562439918518,2.6094770431518555,-1.1699146032333374,-1.5208948850631714,-2.5244274139404297,1.0035325288772583,-0.9743674993515015,-0.5586236119270325,-0.415743887424469,2.7909507751464844,-0.14582952857017517,2.9367803037166595,0.053886108100414276,0.02574443444609642,0.0018036086112260818,0.0
3.9230769230769234,1,1,1,0.6474353075027466,0,False,0,False,1.439562439918518,2.6191160678863525,-1.1795536279678345,-1.5208948850631714,-2.524732828140259,1.0038379430770874,-0.9743674993515015,-0.5696033835411072,-0.4047641158103943,2.7909507751464844,-0.14756347239017487,2.9385142475366592,0.05288367718458176,0.025468353182077408,0.0011368654668331146,0.0
4.0,1,1,1,0.673076331615448,0,False,0,False,1.439562439918518,2.6284916400909424,-1.1889292001724243,-1.5208948850631714,-2.5251786708831787,1.0042837858200073,-0.9743674993515015,-0.5807827115058899,-0.3935847878456116,2.7909507751464844,-0.14861086010932922,2.9395616352558136,0.05186805874109268,0.025202345103025436,0.001129601150751114,0.0
4.0769230769230775,1,1,1,0.698717474937439,0,False,0,False,1.439562439918518,2.6371583938598633,-1.1975959539413452,-1.5208948850631714,-2.5260002613067627,1.0051053762435913,-0.9743674993515015,-0.5919750332832336,-0.3823924660682679,2.7909507751464844,-0.14880388975143433,2.9397546648979187,0.050850771367549896,0.024942312389612198,0.0010827463120222092,0.0
4.153846153846154,1,1,1,0.7243585586547852,0,False,0,False,1.439562439918518,2.644979953765869,-1.205417513847351,-1.5208948850631714,-2.527013063430786,1.0061181783676147,-0.9743674993515015,-0.6023694276809692,-0.3719980716705322,2.7909507751464844,-0.14764715731143951,2.938597932457924,0.0497707799077034,0.02467462047934532,0.0005647400394082069,0.0
4.230769230769231,1,1,1,0.7499997019767761,0,False,0,False,1.439562439918518,2.6514463424682617,-1.2118839025497437,-1.5208948850631714,-2.5276925563812256,1.0067976713180542,-0.9743674993515015,-0.611186146736145,-0.36318135261535645,2.7909507751464844,-0.1449495404958725,2.935900315642357,0.04834973067045212,0.024261917918920517,0.0006042094901204109,0.0
4.307692307692308,1,1,1,0.7756408452987671,0,False,0,False,1.439562439918518,2.656439781188965,-1.2168773412704468,-1.5208948850631714,-2.527195692062378,1.0063008069992065,-0.9743674993515015,-0.616821825504303,-0.3575456738471985,2.7909507751464844,-0.1390906721353531,2.9300414472818375,0.046707265079021454,0.023971322923898697,0.004718472249805927,0.0
4.384615384615385,1,1,1,0.8012819290161133,0,False,0,False,1.439562439918518,2.6597867012023926,-1.2202242612838745,-1.5208948850631714,-2.525883913040161,1.0049890279769897,-0.9743674993515015,-0.6203575730323792,-0.35400992631912226,2.7909507751464844,-0.13173554837703705,2.9226863235235214,0.04490368813276291,0.02364245429635048,0.003439494874328375,0.0
4.461538461538462,1,1,1,0.8269230723381042,0,False,0,False,1.439562439918518,2.66142201423645,-1.2218595743179321,-1.5208948850631714,-2.524017572402954,1.0031226873397827,-0.9743674993515015,-0.6217993497848511,-0.35256814956665034,2.7909507751464844,-0.12360993027687073,2.914560705423355,0.04296218603849411,0.023317810148000717,0.0028217253275215626,0.0
4.538461538461538,1,1,1,0.8525642156600952,0,False,0,False,1.439562439918518,2.6612517833709717,-1.2216893434524536,-1.5208948850631714,-2.5219173431396484,1.001022458076477,-0.9743674993515015,-0.6204750537872314,-0.35389244556427,2.7909507751464844,-0.11513622850179672,2.906087003648281,0.040782906115055084,0.023023512214422226,0.00171064049936831,0.0
4.615384615384616,1,1,1,0.8782052993774414,0,False,0,False,1.439562439918518,2.6584722995758057,-1.2189098596572876,-1.5208948850631714,-2.520493507385254,0.9995986223220825,-0.9743674993515015,-0.6157618165016174,-0.35860568284988403,2.7909507751464844,-0.10838384181261063,2.899334616959095,0.03792966157197952,0.022728998214006424,0.0,0.0
4.6923076923076925,1,1,1,0.9038464426994324,0,False,0,False,1.439562439918518,2.6546201705932617,-1.2150577306747437,-1.5208948850631714,-2.5190863609313965,0.9981914758682251,-0.9743674993515015,-0.6112483143806458,-0.3631191849708557,2.7909507751464844,-0.10067002475261688,2.8916207998991013,0.03651999682188034,0.022618617862462997,0.003443285822868347,0.0
4.769230769230769,1,1,1,0.9294875860214233,0,False,0,False,1.439562439918518,2.6509830951690674,-1.2114206552505493,-1.5208948850631714,-2.5189688205718994,0.998073935508728,-0.9743674993515015,-0.6072348356246948,-0.36713266372680664,2.7909507751464844,-0.09202433377504349,2.882975108921528,0.0362415537238121,0.0226169191300869,0.002600140869617462,0.0
4.846153846153847,1,1,1,0.9551286697387695,0,False,0,False,1.439562439918518,2.6471188068389893,-1.2075563669204712,-1.5208948850631714,-2.52028751373291,0.9993926286697388,-0.9743674993515015,-0.60365229845047,-0.3707152009010315,2.7909507751464844,-0.08308088034391403,2.8740316554903984,0.0364263579249382,0.02271835133433342,0.0012460723519325256,0.0
4.923076923076923,1,1,1,0.9807698130607605,0,False,0,False,1.439562439918518,2.64280366897583,-1.203241229057312,-1.5208948850631714,-2.5232181549072266,1.0023232698440552,-0.9743674993515015,-0.6004500985145569,-0.3739174008369446,2.7909507751464844,-0.0743577852845192,2.8653085604310036,0.03713633865118027,0.02295270934700966,0.00010981224477291107,0.0
5.0,1,1,1,1.0,0,False,0,False,1.439562439918518,2.637697696685791,-1.198135256767273,-1.5208948850631714,-2.5280697345733643,1.0071748495101929,-0.9743674993515015,-0.5975884199142456,-0.37677907943725586,2.7909507751464844,-0.06605958193540573,2.85701035708189,0.03832920640707016,0.023325663059949875,0.0006077811121940613,0.0
5.0769230769230775,1,1,1,1.0,0,False,0,False,1.439562439918518,2.632350444793701,-1.192788004875183,-1.5208948850631714,-2.5337295532226562,1.0128346681594849,-0.9743674993515015,-0.5950104594230652,-0.3793570399284363,2.7909507751464844,-0.059954650700092316,2.8509054258465767,0.0383128896355629,0.02381286397576332,0.006608348339796066,0.0
5.153846153846154,1,1,1,1.0,0,False,0,False,1.439562439918518,2.6269381046295166,-1.1873756647109985,-1.5208948850631714,-2.539634943008423,1.0187400579452515,-0.9743674993515015,-0.5927385687828064,-0.381628930568695,2.7909507751464844,-0.05553145706653595,2.8464822322130203,0.035697005689144135,0.024405036121606827,0.005671735852956772,0.0
5.230769230769231,1,1,1,1.0,0,False,0,False,1.439562439918518,2.621807336807251,-1.182244896888733,-1.5208948850631714,-2.545351028442383,1.0244561433792114,-0.9743674993515015,-0.5907133221626282,-0.3836541771888733,2.7909507751464844,-0.05252053961157799,2.8434713147580624,0.03334652632474899,0.025083106011152267,0.003251750022172928,0.0
5.307692307692308,1,1,1,1.0,0,False,0,False,1.439562439918518,2.6170740127563477,-1.1775115728378296,-1.5208948850631714,-2.5506138801574707,1.0297189950942993,-0.9743674993515015,-0.588901162147522,-0.38546633720397955,2.7909507751464844,-0.05000807344913483,2.840958848595619,0.03150125592947006,0.025738727301359177,0.0017567537724971771,0.0
5.384615384615385,1,1,1,1.0,0,False,0,False,1.439562439918518,2.612705945968628,-1.1731435060501099,-1.5208948850631714,-2.55556583404541,1.0346709489822388,-0.9743674993515015,-0.5872869491577148,-0.3870805501937866,2.7909507751464844,-0.0474083311855793,2.8383591063320637,0.030029989778995514,0.026271279901266098,0.0013367552310228348,0.0
5.461538461538462,1,1,1,1.0,0,False,0,False,1.439562439918518,2.6089305877685547,-1.1693681478500366,-1.5208948850631714,-2.5597329139709473,1.0388380289077759,-0.9743674993515015,-0.5858387351036072,-0.3885287642478943,2.7909507751464844,-0.04497119039297104,2.8359219655394554,0.02883800119161606,0.026638653129339218,0.0008500460535287857,0.0
5.538461538461538,1,1,1,1.0,0,False,0,False,1.439562439918518,2.6056714057922363,-1.1661089658737183,-1.5208948850631714,-2.5635006427764893,1.0426057577133179,-0.9743674993515015,-0.5845444202423096,-0.38982307910919195,2.7909507751464844,-0.04250970855355263,2.833460483700037,0.027820073068141937,0.02681916579604149,0.000853314995765686,0.0
5.615384615384616,1,1,1,1.0,0,False,0,False,1.439562439918518,2.6029953956604004,-1.1634329557418823,-1.5208948850631714,-2.5669138431549072,1.0460189580917358,-0.9743674993515015,-0.5833884477615356,-0.39097905158996576,2.7909507751464844,-0.040084484964609146,2.8310352601110935,0.02697085589170456,0.026834625750780106,0.0018003396689891815,0.0
5.6923076923076925,1,1,1,1.0,0,False,0,False,1.439562439918518,2.60087513923645,-1.1613126993179321,-1.5208948850631714,-2.5699031352996826,1.0490082502365112,-0.9743674993515015,-0.5823567509651184,-0.39201074838638306,2.7909507751464844,-0.037841085344552994,2.8287918604910374,0.02622690051794052,0.026734065264463425,0.0018659606575965881,0.0
5.769230769230769,1,1,1,1.0,0,False,0,False,1.439562439918518,2.599186658859253,-1.1596242189407349,-1.5208948850631714,-2.5725929737091064,1.051698088645935,-0.9743674993515015,-0.5814359784126282,-0.3929315209388733,2.7909507751464844,-0.03587687760591507,2.8268276527523994,0.02552460879087448,0.02657971903681755,0.0010874681174755096,0.0
5.846153846153847,1,1,1,1.0,0,False,0,False,1.439562439918518,2.5980587005615234,-1.1584962606430054,-1.5208948850631714,-2.5752151012420654,1.054320216178894,-0.9743674993515015,-0.5806118249893188,-0.3937556743621826,2.7909507751464844,-0.03446543961763382,2.825416214764118,0.02486208826303482,0.0263981856405735,0.0014216266572475433,0.0
5.923076923076923,1,1,1,1.0,0,False,0,False,1.439562439918518,2.5976736545562744,-1.1581112146377563,-1.5208948850631714,-2.5778584480285645,1.056963562965393,-0.9743674993515015,-0.5798738598823547,-0.39449363946914673,2.7909507751464844,-0.03373297303915024,2.8246837481856346,0.024249590933322906,0.02620318904519081,0.0011165253818035126,0.0
6.0,1,1,1,1.0,0,False,0,False,1.439562439918518,2.5980923175811768,-1.1585298776626587,-1.5208948850631714,-2.58038592338562,1.0594910383224487,-0.9743674993515015,-0.5792149901390076,-0.3951525092124939,2.7909507751464844,-0.03366778418421745,2.824618559330702,0.023705236613750458,0.025997500866651535,0.0004138238728046417,0.0
6.0769230769230775,1,1,1,1.0,0,False,0,False,1.439562439918518,2.5992345809936523,-1.1596721410751343,-1.5208948850631714,-2.58242130279541,1.0615264177322388,-0.9743674993515015,-0.5786271691322327,-0.3957403302192688,2.7909507751464844,-0.03420666605234146,2.825157441198826,0.023234136402606964,0.02577923610806465,4.5765191316604614e-05,0.0
6.153846153846154,1,1,1,1.0,0,False,0,False,1.439562439918518,2.6009435653686523,-1.1613811254501343,-1.5208948850631714,-2.5836267471313477,1.0627318620681763,-0.9743674993515015,-0.5781025290489197,-0.3962649703025818,2.7909507751464844,-0.03527849167585373,2.826229266822338,0.02285195142030716,0.025551479309797287,0.00010170042514801025,0.0
6.230769230769231,1,1,1,1.0,0,False,0,False,1.439562439918518,2.602999687194824,-1.1634372472763062,-1.5208948850631714,-2.583827495574951,1.0629326105117798,-0.9743674993515015,-0.5776332020759583,-0.3967342972755432,2.7909507751464844,-0.03675663843750954,2.827707413583994,0.022561199963092804,0.025323573499917984,0.00016635283827781677,0.0
6.307692307692308,1,1,1,1.0,0,False,0,False,1.439562439918518,2.6051599979400635,-1.1655975580215454,-1.5208948850631714,-2.5830676555633545,1.062172770500183,-0.9743674993515015,-0.5772128701210022,-0.3971546292304992,2.7909507751464844,-0.03848294913768768,2.829433724284172,0.022346727550029755,0.02510666474699974,0.0002300366759300232,0.0
6.384615384615385,1,1,1,1.0,0,False,0,False,1.439562439918518,2.607211112976074,-1.1676486730575562,-1.5208948850631714,-2.5815579891204834,1.060663104057312,-0.9743674993515015,-0.5768362283706665,-0.39753127098083496,2.7909507751464844,-0.04031255096197128,2.8312633261084557,0.02218332141637802,0.024908985942602158,0.0002808868885040283,0.0
6.461538461538462,1,1,1,1.0,0,False,0,False,1.439562439918518,2.6090030670166016,-1.1694406270980835,-1.5208948850631714,-2.579570770263672,1.0586758852005005,-0.9743674993515015,-0.5764992833137512,-0.39786821603775024,2.7909507751464844,-0.04215135797858238,2.8331021331250668,0.022046484053134918,0.02473323419690132,0.00031793490052223206,0.0
6.538461538461539,1,1,1,1.0,0,False,0,False,1.439562439918518,2.6104519367218018,-1.1708894968032837,-1.5208948850631714,-2.577361822128296,1.0564669370651245,-0.9743674993515015,-0.5761980414390564,-0.39816945791244507,2.7909507751464844,-0.04397078976035118,2.8349215649068356,0.02191915363073349,0.02457880601286888,0.00042689964175224304,0.0
6.615384615384616,1,1,1,1.0,0,False,0,False,1.439562439918518,2.611528158187866,-1.1719657182693481,-1.5208948850631714,-2.575143814086914,1.0542489290237427,-0.9743674993515015,-0.5759292244911194,-0.3984382748603821,2.7909507751464844,-0.045796338468790054,2.8367471136152744,0.021792195737361908,0.024445142596960068,0.0005334429442882538,0.0
6.6923076923076925,1,1,1,1.0,0,False,0,False,1.439562439918518,2.612245798110962,-1.1726833581924438,-1.5208948850631714,-2.573092460632324,1.0521975755691528,-0.9743674993515015,-0.5756891369819641,-0.3986783623695374,2.7909507751464844,-0.047681260854005814,2.83863203600049,0.02166242152452469,0.02433348074555397,0.0006278790533542633,0.0
6.76923076923077,1,1,1,1.0,0,False,0,False,1.439562439918518,2.612647533416748,-1.17308509349823,-1.5208948850631714,-2.57134747505188,1.0504525899887085,-0.9743674993515015,-0.5754744410514832,-0.3988930583000183,2.7909507751464844,-0.049677908420562744,2.840628683567047,0.02152923494577408,0.024246398359537125,0.0006477348506450653,0.0
6.846153846153847,1,1,1,1.0,0,False,0,False,1.439562439918518,2.612787961959839,-1.1732255220413208,-1.5208948850631714,-2.5700080394744873,1.049113154411316,-0.9743674993515015,-0.5752822160720825,-0.39908528327941895,2.7909507751464844,-0.05181460455060005,2.8427653796970844,0.021393321454524994,0.024186227470636368,0.0005695223808288574,0.0
6.923076923076923,1,1,1,1.0,0,False,0,False,1.439562439918518,2.6127254962921143,-1.1731630563735962,-1.5208948850631714,-2.569117784500122,1.0482228994369507,-0.9743674993515015,-0.5751101970672607,-0.3992573022842407,2.7909507751464844,-0.054089054465293884,2.8450398296117783,0.021256037056446075,0.024153288453817368,0.000367090106010437,0.0
7.0,1,1,1,1.0,0,False,0,False,1.439562439918518,2.612517833709717,-1.1729553937911987,-1.5208948850631714,-2.5686542987823486,1.0477594137191772,-0.9743674993515015,-0.5749569535255432,-0.39941054582595825,2.7909507751464844,-0.05647606775164604,2.8474268428981304,0.021120093762874603,0.024144712835550308,0.00011647120118141174,0.0
7.0769230769230775,1,1,1,1.0,0,False,0,False,1.439562439918518,2.612212896347046,-1.1726504564285278,-1.5208948850631714,-2.5685226917266846,1.0476278066635132,-0.9743674993515015,-0.5748202204704285,-0.39954727888107294,2.7909507751464844,-0.05894239991903305,2.8498931750655174,0.02098999172449112,0.02415221557021141,3.547407686710358e-05,0.0
7.153846153846154,1,1,1,1.0,0,False,0,False,1.439562439918518,2.611846446990967,-1.1722840070724487,-1.5208948850631714,-2.56858229637146,1.0476874113082886,-0.9743674993515015,-0.5746991038322449,-0.39966839551925654,2.7909507751464844,-0.06145616993308067,2.852406945079565,0.020871080458164215,0.02417534962296486,3.492925316095352e-05,0.0
7.230769230769231,1,1,1,1.0,0,False,0,False,1.439562439918518,2.611440896987915,-1.171878457069397,-1.5208948850631714,-2.568682909011841,1.0477880239486694,-0.9743674993515015,-0.5745915174484253,-0.39977598190307617,2.7909507751464844,-0.06398897618055344,2.854939751327038,0.02076820284128189,0.024209532886743546,2.827029675245285e-05,0.0
7.307692307692308,1,1,1,1.0,0,False,0,False,1.439562439918518,2.611004114151001,-1.171441674232483,-1.5208948850631714,-2.5687036514282227,1.0478087663650513,-0.9743674993515015,-0.5744958519935608,-0.3998716473579407,2.7909507751464844,-0.06651900708675385,2.857469782233238,0.020684458315372467,0.024250928312540054,1.8584541976451874e-05,0.0
7.384615384615385,1,1,1,1.0,0,False,0,False,1.439562439918518,2.610530138015747,-1.170967698097229,-1.5208948850631714,-2.5685672760009766,1.0476723909378052,-0.9743674993515015,-0.5744109153747559,-0.39995658397674566,2.7909507751464844,-0.06902243942022324,2.8599732145667076,0.02062021940946579,0.024296622723340988,1.428648829460144e-05,0.0
7.461538461538462,1,1,1,1.0,0,False,0,False,1.439562439918518,2.6100070476531982,-1.1704446077346802,-1.5208948850631714,-2.5682501792907715,1.0473552942276,-0.9743674993515015,-0.5743348002433777,-0.40003269910812383,2.7909507751464844,-0.07147262990474701,2.8624234050512314,0.02057328075170517,0.024344366043806076,1.4952383935451508e-05,0.0
7.538461538461539,1,1,1,1.0,0,False,0,False,1.439562439918518,2.6094157695770264,-1.1698533296585083,-1.5208948850631714,-2.5677671432495117,1.0468722581863403,-0.9743674993515015,-0.5742664337158203,-0.40010106563568115,2.7909507751464844,-0.07384095340967178,2.864791728556156,0.020539529621601105,0.024392176419496536,0.00012034550309181213,0.0
7.615384615384616,1,1,1,1.0,0,False,0,False,1.439562439918518,2.608738422393799,-1.1691759824752808,-1.5208948850631714,-2.567152500152588,1.0462576150894165,-0.9743674993515015,-0.5742049813270569,-0.4001625180244446,2.7909507751464844,-0.07610245048999786,2.8670532256364822,0.020514093339443207,0.024438004940748215,0.0002351216971874237,0.0
7.6923076923076925,1,1,1,1.0,0,False,0,False,1.439562439918518,2.607961893081665,-1.168399453163147,-1.5208948850631714,-2.56645131111145,1.0455564260482788,-0.9743674993515015,-0.5741500854492188,-0.4002174139022827,2.7909507751464844,-0.07823873311281204,2.8691895082592964,0.020492322742938995,0.02448001131415367,0.0003283470869064331,0.0
7.76923076923077,1,1,1,1.0,0,False,0,False,1.439562439918518,2.607081413269043,-1.167518973350525,-1.5208948850631714,-2.5657095909118652,1.0448147058486938,-0.9743674993515015,-0.5741007924079895,-0.40026670694351196,2.7909507751464844,-0.08024266362190247,2.871193438768387,0.020470432937145233,0.024516846984624863,0.0004106760025024414,0.0
7.846153846153847,1,1,1,1.0,0,False,0,False,1.439562439918518,2.6061031818389893,-1.1665407419204712,-1.5208948850631714,-2.5649750232696533,1.044080138206482,-0.9743674993515015,-0.5740565657615662,-0.4003109335899353,2.7909507751464844,-0.08211836218833923,2.8730691373348236,0.02044559270143509,0.024547908455133438,0.0004651583731174469,0.0
7.923076923076923,1,1,1,1.0,0,False,0,False,1.439562439918518,2.60504150390625,-1.165479063987732,-1.5208948850631714,-2.5642948150634766,1.0433999300003052,-0.9743674993515015,-0.5740170478820801,-0.4003504514694214,2.7909507751464844,-0.08387665450572968,2.874827429652214,0.020415686070919037,0.0245731882750988,0.0005043856799602509,0.0
8.0,1,1,1,1.0,0,False,0,False,1.439562439918518,2.6039116382598877,-1.1643491983413696,-1.5208948850631714,-2.5637121200561523,1.042817234992981,-0.9743674993515015,-0.5739812254905701,-0.4003862738609314,2.7909507751464844,-0.08553780615329742,2.876488581299782,0.020379744470119476,0.024592917412519455,0.0004997849464416504,0.0
8.076923076923077,1,1,1,1.0,0,False,0,False,1.439562439918518,2.602743625640869,-1.163181185722351,-1.5208948850631714,-2.563260078430176,1.0423651933670044,-0.9743674993515015,-0.5739490389823914,-0.4004184603691101,2.7909507751464844,-0.08711452782154083,2.878065302968025,0.020337186753749847,0.02460753545165062,0.0004700012505054474,0.0
8.153846153846155,1,1,1,1.0,0,False,0,False,1.439562439918518,2.601562738418579,-1.162000298500061,-1.5208948850631714,-2.5629584789276123,1.042063593864441,-0.9743674993515015,-0.5739198923110962,-0.4004476070404053,2.7909507751464844,-0.08862123638391495,2.8795720115303993,0.02028859406709671,0.02461748942732811,0.0004196353256702423,0.0
8.230769230769232,1,1,1,1.0,0,False,0,False,1.439562439918518,2.600398063659668,-1.16083562374115,-1.5208948850631714,-2.5628068447113037,1.0419119596481323,-0.9743674993515015,-0.573894202709198,-0.40047329664230347,2.7909507751464844,-0.09006167948246002,2.8810124546289444,0.020235128700733185,0.024623077362775803,0.00036345794796943665,0.0
8.307692307692308,1,1,1,1.0,0,False,0,False,1.439562439918518,2.599266290664673,-1.1597038507461548,-1.5208948850631714,-2.562786340713501,1.0418914556503296,-0.9743674993515015,-0.5738714933395386,-0.4004960060119629,2.7909507751464844,-0.09144389629364014,2.8823946714401245,0.020178474485874176,0.024624060839414597,0.00030098482966423035,0.0
8.384615384615385,1,1,1,1.0,0,False,0,False,1.439562439918518,2.5981836318969727,-1.1586211919784546,-1.5208948850631714,-2.562863349914551,1.0419684648513794,-0.9743674993515015,-0.5738511085510254,-0.4005163908004761,2.7909507751464844,-0.09276921302080154,2.883719988167286,0.02012082189321518,0.02462005242705345,0.00023584812879562378,0.0
8.461538461538462,1,1,1,1.0,0,False,0,False,1.439562439918518,2.597160816192627,-1.1575983762741089,-1.5208948850631714,-2.562995672225952,1.0421007871627808,-0.9743674993515015,-0.5738329887390137,-0.40053451061248774,2.7909507751464844,-0.0940345972776413,2.8849853724241257,0.02006404846906662,0.024611923843622208,0.00020049512386322021,0.0
8.538461538461538,1,1,1,1.0,0,False,0,False,1.439562439918518,2.596202850341797,-1.1566404104232788,-1.5208948850631714,-2.5631399154663086,1.0422450304031372,-0.9743674993515015,-0.5738168358802795,-0.40055066347122187,2.7909507751464844,-0.0952361524105072,2.8861869275569916,0.020009778439998627,0.024600114673376083,0.00018475577235221863,0.0
8.615384615384617,1,1,1,1.0,0,False,0,False,1.439562439918518,2.595309019088745,-1.155746579170227,-1.5208948850631714,-2.5632617473602295,1.042366862297058,-0.9743674993515015,-0.5738025307655334,-0.400564968585968,2.7909507751464844,-0.09636992961168289,2.8873207047581673,0.019958771765232086,0.02458507940173149,0.00019105151295661926,0.0
8.692307692307693,1,1,1,1.0,0,False,0,False,1.439562439918518,2.594475507736206,-1.154913067817688,-1.5208948850631714,-2.5633363723754883,1.042441487312317,-0.9743674993515015,-0.5737900137901306,-0.40057748556137085,2.7909507751464844,-0.09743382781744003,2.8883846029639244,0.019911296665668488,0.024567339569330215,0.00021066516637802124,0.0
8.76923076923077,1,1,1,1.0,0,False,0,False,1.439562439918518,2.593696355819702,-1.154133915901184,-1.5208948850631714,-2.5633511543273926,1.0424562692642212,-0.9743674993515015,-0.573778510093689,-0.4005889892578125,2.7909507751464844,-0.09842468798160553,2.88937546312809,0.01986689120531082,0.024547304958105087,0.0002300366759300232,0.0
8.846153846153847,1,1,1,1.0,0,False,0,False,1.439562439918518,2.5929646492004395,-1.1534022092819214,-1.5208948850631714,-2.5633044242858887,1.0424095392227173,-0.9743674993515015,-0.5737689733505249,-0.4005985260009765,2.7909507751464844,-0.09934481978416443,2.890295594930649,0.01982494443655014,0.024525288492441177,0.0002537667751312256,0.0
8.923076923076923,1,1,1,1.0,0,False,0,False,1.439562439918518,2.5922749042510986,-1.1527124643325806,-1.5208948850631714,-2.563204050064087,1.0423091650009155,-0.9743674993515015,-0.5737594366073608,-0.4006080627441406,2.7909507751464844,-0.10019829869270325,2.8911490738391876,0.019784443080425262,0.02450147643685341,0.0002636946737766266,0.0
9.0,1,1,1,1.0,0,False,0,False,1.439562439918518,2.5916264057159424,-1.1520639657974243,-1.5208948850631714,-2.5630619525909424,1.042167067527771,-0.9743674993515015,-0.5737515687942505,-0.400615930557251,2.7909507751464844,-0.10099049657583237,2.8919412717223167,0.01974465698003769,0.024476151913404465,0.0002707168459892273,0.0
9.076923076923077,1,1,1,1.0,0,False,0,False,1.439562439918518,2.591017961502075,-1.1514555215835571,-1.5208948850631714,-2.562894344329834,1.0419994592666626,-0.9743674993515015,-0.5737444162368774,-0.400623083114624,2.7909507751464844,-0.10173092037439346,2.892681695520878,0.019705049693584442,0.02444952353835106,0.00027216970920562744,0.0
9.153846153846155,1,1,1,1.0,0,False,0,False,1.439562439918518,2.5904510021209717,-1.1508885622024536,-1.5208948850631714,-2.5627200603485107,1.0418251752853394,-0.9743674993515015,-0.5737372636795044,-0.40063023567199707,2.7909507751464844,-0.10243038833141327,2.8933811634778976,0.019665293395519257,0.024421822279691696,0.0002569146454334259,0.0
9.230769230769232,1,1,1,1.0,0,False,0,False,1.439562439918518,2.5899291038513184,-1.1503666639328003,-1.5208948850631714,-2.5625526905059814,1.04165780544281,-0.9743674993515015,-0.5737312436103821,-0.40063625574111933,2.7909507751464844,-0.10309918224811554,2.8940499573946,0.019625402987003326,0.02439333125948906,0.00023851171135902405,0.0
9.307692307692308,1,1,1,1.0,0,False,0,False,1.439562439918518,2.5894548892974854,-1.1498924493789673,-1.5208948850631714,-2.5624043941497803,1.0415095090866089,-0.9743674993515015,-0.5737264752388,-0.4006410241127014,2.7909507751464844,-0.10374704748392105,2.8946978226304054,0.019585542380809784,0.024364333599805832,0.00020097941160202026,0.0
9.384615384615385,1,1,1,1.0,0,False,0,False,1.439562439918518,2.5890278816223145,-1.1494654417037964,-1.5208948850631714,-2.562281847000122,1.0413869619369507,-0.9743674993515015,-0.573721706867218,-0.4006457924842834,2.7909507751464844,-0.10438714921474457,2.895337924361229,0.019546307623386383,0.02433514967560768,0.00017192214727401733,0.0
9.461538461538462,1,1,1,1.0,0,False,0,False,1.439562439918518,2.588655471801758,-1.1490930318832397,-1.5208948850631714,-2.562188148498535,1.0412932634353638,-0.9743674993515015,-0.573716938495636,-0.4006505608558655,2.7909507751464844,-0.1050119549036026,2.895962730050087,0.019507937133312225,0.024306077510118484,0.00013051554560661316,0.0
9.538461538461538,1,1,1,1.0,0,False,0,False,1.439562439918518,2.5883371829986572,-1.1487747430801392,-1.5208948850631714,-2.5621190071105957,1.0412241220474243,-0.9743674993515015,-0.5737122297286987,-0.40065526962280273,2.7909507751464844,-0.10562324523925781,2.896574020385742,0.01947089284658432,0.024277541786432266,9.685754776000977e-05,0.0
9.615384615384617,1,1,1,1.0,0,False,0,False,1.439562439918518,2.588066339492798,-1.1485038995742798,-1.5208948850631714,-2.5620665550231934,1.041171669960022,-0.9743674993515015,-0.573708713054657,-0.4006587862968445,2.7909507751464844,-0.10622746497392654,2.897178240120411,0.019435934722423553,0.024249937385320663,6.901100277900696e-05,0.0
9.692307692307693,1,1,1,1.0,0,False,0,False,1.439562439918518,2.587841749191284,-1.1482793092727661,-1.5208948850631714,-2.562018871307373,1.0411239862442017,-0.9743674993515015,-0.573706328868866,-0.4006611704826355,2.7909507751464844,-0.10680756717920303,2.8977583423256874,0.019403032958507538,0.024223659187555313,3.293156623840332e-05,0.0
9.76923076923077,1,1,1,1.0,0,False,0,False,1.439562439918518,2.5876550674438477,-1.1480926275253296,-1.5208948850631714,-2.5619678497314453,1.041072964668274,-0.9743674993515015,-0.573703944683075,-0.4006635546684265,2.7909507751464844,-0.10737165808677673,2.898322433233261,0.01937267929315567,0.024199049919843674,2.639368176460266e-05,0.0
9.846153846153847,1,1,1,1.0,0,False,0,False,1.439562439918518,2.5874998569488525,-1.1479374170303345,-1.5208948850631714,-2.561903715133667,1.0410088300704956,-0.9743674993515015,-0.5737015604972839,-0.40066593885421753,2.7909507751464844,-0.10791442543268204,2.8988652005791664,0.019344784319400787,0.024176400154829025,2.5243498384952545e-05,0.0
9.923076923076923,1,1,1,1.0,0,False,0,False,1.439562439918518,2.587367296218872,-1.147804856300354,-1.5208948850631714,-2.5618185997009277,1.0409237146377563,-0.9743674993515015,-0.5736992955207825,-0.400668203830719,2.7909507751464844,-0.10843411833047867,2.899384893476963,0.019319094717502594,0.024155978113412857,2.1792948246002197e-05,0.0
10.0,1,1,1,1.0,0,False,0,False,1.439562439918518,2.5872511863708496,-1.1476887464523315,-1.5208948850631714,-2.561713695526123,1.0408188104629517,-0.9743674993515015,-0.5736965537071228,-0.4006709456443786,2.7909507751464844,-0.1089286059141159,2.8998793810606003,0.01929537206888199,0.024137970060110092,1.864507794380188e-05,0.0
10.076923076923077,1,1,1,1.0,0,False,0,False,1.439562439918518,2.5871458053588867,-1.1475833654403687,-1.5208948850631714,-2.5615897178649902,1.0406948328018188,-0.9743674993515015,-0.573695719242096,-0.4006717801094055,2.7909507751464844,-0.10939628630876541,2.90034706145525,0.01927303522825241,0.024122413247823715,3.17208468914032e-05,0.0
10.153846153846155,1,1,1,1.0,0,False,0,False,1.439562439918518,2.587050437927246,-1.147487998008728,-1.5208948850631714,-2.561452865600586,1.0405579805374146,-0.9743674993515015,-0.5736927390098572,-0.4006747603416443,2.7909507751464844,-0.10983913391828537,2.9007899090647697,0.019251681864261627,0.024109233170747757,2.08243727684021e-05,0.0
10.230769230769232,1,1,1,1.0,0,False,0,False,1.439562439918518,2.5869569778442383,-1.1473945379257202,-1.5208948850631714,-2.5613083839416504,1.040413498878479,-0.9743674993515015,-0.5736904144287109,-0.4006770849227905,2.7909507751464844,-0.1102653220295906,2.901216097176075,0.019231148064136505,0.024098236113786697,2.2277235984802246e-05,0.0
10.307692307692308,1,1,1,1.0,0,False,0,False,1.439562439918518,2.5868709087371826,-1.1473084688186646,-1.5208948850631714,-2.561161994934082,1.0402671098709106,-0.9743674993515015,-0.573691189289093,-0.40067631006240845,2.7909507751464844,-0.1106705516576767,2.901621326804161,0.019211210310459137,0.024089176207780838,3.0025839805603027e-05,0.0
10.384615384615385,1,1,1,1.0,0,False,0,False,1.439562439918518,2.5867888927459717,-1.1472264528274536,-1.5208948850631714,-2.561016798019409,1.0401219129562378,-0.9743674993515015,-0.5736870765686035,-0.40068042278289795,2.7909507751464844,-0.11106696724891663,2.902017742395401,0.019191943109035492,0.02408171072602272,9.201467037200928e-06,0.0
10.461538461538462,1,1,1,1.0,0,False,0,False,1.439562439918518,2.586712598800659,-1.1471501588821411,-1.5208948850631714,-2.5608749389648438,1.0399800539016724,-0.9743674993515015,-0.573686957359314,-0.4006805419921875,2.7909507751464844,-0.11145319789648056,2.902403973042965,0.019173450767993927,0.024075526744127274,1.8887221813201904e-05,0.0
10.538461538461538,1,1,1,1.0,0,False,0,False,1.439562439918518,2.586646556854248,-1.14708411693573,-1.5208948850631714,-2.560741662979126,1.0398467779159546,-0.9743674993515015,-0.5736854076385498,-0.40068209171295166,2.7909507751464844,-0.11182631552219391,2.9027770906686783,0.019155748188495636,0.024070363491773605,2.08243727684021e-05,0.0
10.615384615384617,1,1,1,1.0,0,False,0,False,1.439562439918518,2.5865890979766846,-1.1470266580581665,-1.5208948850631714,-2.5606143474578857,1.0397194623947144,-0.9743674993515015,-0.5736863017082214,-0.40068119764328003,2.7909507751464844,-0.11219613999128342,2.903146915137768,0.019139207899570465,0.024065930396318436,1.28941610455513e-05,0.0
10.692307692307693,1,1,1,1.0,0,False,0,False,1.439562439918518,2.5865375995635986,-1.1469751596450806,-1.5208948850631714,-2.560490608215332,1.0395957231521606,-0.9743674993515015,-0.5736889839172363,-0.40067851543426514,2.7909507751464844,-0.11255759745836258,2.903508372604847,0.019123725593090057,0.024061936885118484,1.2167729437351227e-05,0.0
10.76923076923077,1,1,1,1.0,0,False,0,False,1.439562439918518,2.5864908695220947,-1.1469284296035767,-1.5208948850631714,-2.5603671073913574,1.039472222328186,-0.9743674993515015,-0.5736898183822632,-0.4006776809692383,2.7909507751464844,-0.11290718615055084,2.903857961297035,0.019109375774860382,0.02405833825469017,1.4468096196651459e-05,0.0
10.846153846153847,1,1,1,1.0,0,False,0,False,1.439562439918518,2.5864508152008057,-1.1468883752822876,-1.5208948850631714,-2.560244560241699,1.0393496751785278,-0.9743674993515015,-0.573688805103302,-0.40067869424819946,2.7909507751464844,-0.11323454231023788,2.9041853174567223,0.01909581571817398,0.024055127054452896,1.4831312000751495e-05,0.0
10.923076923076923,1,1,1,1.0,0,False,0,False,1.439562439918518,2.586411476135254,-1.1468490362167358,-1.5208948850631714,-2.5601186752319336,1.0392237901687622,-0.9743674993515015,-0.573688805103302,-0.40067869424819946,2.7909507751464844,-0.1135527715086937,2.904503546655178,0.01908334344625473,0.024052459746599197,1.3802200555801392e-05,0.0
11.0,1,1,1,1.0,0,False,0,False,1.439562439918518,2.586369514465332,-1.146807074546814,-1.5208948850631714,-2.559990882873535,1.0390959978103638,-0.9743674993515015,-0.573688805103302,-0.40067869424819946,2.7909507751464844,-0.11386000365018845,2.904810778796673,0.01907176524400711,0.024050410836935043,1.7434358596801758e-05,0.0
11.076923076923077,1,1,1,1.0,0,False,0,False,1.439562439918518,2.5863256454467773,-1.1467632055282593,-1.5208948850631714,-2.5598647594451904,1.038969874382019,-0.9743674993515015,-0.573688805103302,-0.40067869424819946,2.7909507751464844,-0.11415170133113861,2.905102476477623,0.019060708582401276,0.024048950523138046,1.0351650416851044e-05,0.0
11.153846153846155,1,1,1,1.0,0,False,0,False,1.439562439918518,2.5862791538238525,-1.1467167139053345,-1.5208948850631714,-2.5597410202026367,1.0388461351394653,-0.9743674993515015,-0.5736887454986572,-0.40067875385284424,2.7909507751464844,-0.11442583054304123,2.9053766056895256,0.019049815833568573,0.0240478552877903,2.2882595658302307e-05,0.0
11.230769230769232,1,1,1,1.0,0,False,0,False,1.439562439918518,2.586231231689453,-1.146668791770935,-1.5208948850631714,-2.559617519378662,1.0387226343154907,-0.9743674993515015,-0.5736885666847229,-0.4006789326667786,2.7909507751464844,-0.11468272656202316,2.9056335017085075,0.019039012491703033,0.02404698356986046,8.656643331050873e-06,0.0
11.307692307692308,1,1,1,1.0,0,False,0,False,1.439562439918518,2.586181163787842,-1.1466187238693237,-1.5208948850631714,-2.5594940185546875,1.0385991334915161,-0.9743674993515015,-0.5736882090568542,-0.4006792902946472,2.7909507751464844,-0.11492349207401276,2.905874267220497,0.019028358161449432,0.02404623106122017,2.1066516637802124e-05,0.0
11.384615384615385,1,1,1,1.0,0,False,0,False,1.439562439918518,2.5861287117004395,-1.1465662717819214,-1.5208948850631714,-2.5593700408935547,1.0384751558303833,-0.9743674993515015,-0.5736879706382751,-0.4006795287132263,2.7909507751464844,-0.11515019088983536,2.9061009660363197,0.019017867743968964,0.024045590311288834,1.3560056686401367e-05,0.0
11.461538461538462,1,1,1,1.0,0,False,0,False,1.439562439918518,2.5860745906829834,-1.1465121507644653,-1.5208948850631714,-2.559246301651001,1.0383514165878296,-0.9743674993515015,-0.5736875534057617,-0.40067994594573975,2.7909507751464844,-0.11536645144224167,2.906317226588726,0.01900758594274521,0.02404511347413063,2.5425106287002563e-05,0.0
11.538461538461538,1,1,1,1.0,0,False,0,False,1.439562439918518,2.586019992828369,-1.146457552909851,-1.5208948850631714,-2.559126138687134,1.0382312536239624,-0.9743674993515015,-0.5736873745918274,-0.4006801247596741,2.7909507751464844,-0.11557430773973465,2.906525082886219,0.018997468054294586,0.024044763296842575,3.0267983675003052e-05,0.0
11.615384615384617,1,1,1,1.0,0,False,0,False,1.439562439918518,2.5859673023223877,-1.1464048624038696,-1.5208948850631714,-2.5590128898620605,1.0381180047988892,-0.9743674993515015,-0.5736876726150513,-0.4006798267364502,2.7909507751464844,-0.11577091366052628,2.9067216888070107,0.01898733526468277,0.024044405668973923,2.9299408197402954e-05,0.0
11.692307692307693,1,1,1,1.0,0,False,0,False,1.439562439918518,2.585916757583618,-1.1463543176651,-1.5208948850631714,-2.5589072704315186,1.0380123853683472,-0.9743674993515015,-0.5736877918243408,-0.40067970752716064,2.7909507751464844,-0.11596092581748962,2.906911700963974,0.018977247178554535,0.024043936282396317,1.5012919902801514e-05,0.0
11.76923076923077,1,1,1,1.0,0,False,0,False,1.439562439918518,2.5858688354492188,-1.1463063955307007,-1.5208948850631714,-2.558809995651245,1.0379151105880737,-0.9743674993515015,-0.5736877918243408,-0.40067970752716064,2.7909507751464844,-0.11614479124546051,2.907095566391945,0.018967323005199432,0.024043280631303787,1.598149538040161e-05,0.0
11.846153846153847,1,1,1,1.0,0,False,0,False,1.439562439918518,2.5858237743377686,-1.1462613344192505,-1.5208948850631714,-2.55871844291687,1.0378235578536987,-0.9743674993515015,-0.5736877918243408,-0.40067970752716064,2.7909507751464844,-0.11632241308689117,2.9072731882333755,0.018957696855068207,0.024042386561632156,1.598149538040161e-05,0.0
11.923076923076923,1,1,1,1.0,0,False,0,False,1.439562439918518,2.5857834815979004,-1.1462210416793823,-1.5208948850631714,-2.5586318969726562,1.0377370119094849,-0.9743674993515015,-0.5736876726150513,-0.4006798267364502,2.7909507751464844,-0.11649413406848907,2.9074449092149734,0.018948428332805634,0.024041224271059036,1.616310328245163e-05,0.0
12.0,1,1,1,1.0,0,False,0,False,1.439562439918518,2.585745096206665,-1.146182656288147,-1.5208948850631714,-2.5585460662841797,1.0376511812210083,-0.9743674993515015,-0.5736876726150513,-0.4006798267364502,2.7909507751464844,-0.11665891110897064,2.907609686255455,0.018939606845378876,0.024039816111326218,2.3669563233852386e-05,0.0
12.076923076923078,1,1,1,1.0,0,False,0,False,1.439562439918518,2.5857083797454834,-1.1461459398269653,-1.5208948850631714,-2.5584604740142822,1.0375655889511108,-0.9743674993515015,-0.5736874938011169,-0.4006800055503845,2.7909507751464844,-0.11681898683309555,2.90776976197958,0.018931202590465546,0.024038206785917282,2.4759210646152496e-05,0.0
12.153846153846155,1,1,1,1.0,0,False,0,False,1.439562439918518,2.5856738090515137,-1.1461113691329956,-1.5208948850631714,-2.5583744049072266,1.0374795198440552,-0.9743674993515015,-0.5736871957778931,-0.4006803035736084,2.7909507751464844,-0.11697160452604294,2.9079223796725273,0.01892320066690445,0.024036478251218796,2.0582228899002075e-05,0.0
12.230769230769232,1,1,1,1.0,0,False,0,False,1.439562439918518,2.5856406688690186,-1.1460782289505005,-1.5208948850631714,-2.5582878589630127,1.0373929738998413,-0.9743674993515015,-0.573687732219696,-0.4006797671318054,2.7909507751464844,-0.11711525917053223,2.9080660343170166,0.01891537755727768,0.02403472736477852,1.864507794380188e-05,0.0
12.307692307692308,1,1,1,1.0,0,False,0,False,1.439562439918518,2.5856094360351562,-1.1460469961166382,-1.5208948850631714,-2.5582025051116943,1.037307620048523,-0.9743674993515015,-0.5736892223358154,-0.40067827701568604,2.7909507751464844,-0.11724984645843506,2.9082006216049194,0.01890767365694046,0.024033043533563614,2.130866050720215e-05,0.0
12.384615384615385,1,1,1,1.0,0,False,0,False,1.439562439918518,2.585578680038452,-1.146016240119934,-1.5208948850631714,-2.558117151260376,1.0372222661972046,-0.9743674993515015,-0.5736880898475647,-0.4006794095039367,2.7909507751464844,-0.11738058924674988,2.9083313643932343,0.018900178372859955,0.024031411856412888,2.130866050720215e-05,0.0
12.461538461538462,1,1,1,1.0,0,False,0,False,1.439562439918518,2.58555006980896,-1.145987629890442,-1.5208948850631714,-2.5580332279205322,1.0371383428573608,-0.9743674993515015,-0.5736885070800781,-0.4006789922714234,2.7909507751464844,-0.11750467121601105,2.9084554463624954,0.018892668187618256,0.024029847234487534,2.2761523723602295e-05,0.0
12.538461538461538,1,1,1,1.0,0,False,0,False,1.439562439918518,2.5855214595794678,-1.1459590196609497,-1.5208948850631714,-2.557955741882324,1.0370608568191528,-0.9743674993515015,-0.5736889839172363,-0.40067851543426514,2.7909507751464844,-0.11762361973524094,2.9085743948817253,0.018885277211666107,0.024028364568948746,1.9371509552001953e-05,0.0
12.615384615384617,1,1,1,1.0,0,False,0,False,1.439562439918518,2.585493803024292,-1.145931363105774,-1.5208948850631714,-2.557879686355591,1.0369848012924194,-0.9743674993515015,-0.5736902952194214,-0.4006772041320801,2.7909507751464844,-0.11773848533630371,2.908689260482788,0.018878065049648285,0.024026889353990555,2.0582228899002075e-05,0.0
12.692307692307693,1,1,1,1.0,0,False,0,False,1.439562439918518,2.58547306060791,-1.145910620689392,-1.5208948850631714,-2.557809829711914,1.0369149446487427,-0.9743674993515015,-0.5736913681030273,-0.4006761312484741,2.7909507751464844,-0.11784885078668594,2.9087996259331703,0.018870897591114044,0.024025265127420425,1.7918646335601807e-05,0.0
12.76923076923077,1,1,1,1.0,0,False,0,False,1.439562439918518,2.585453987121582,-1.145891547203064,-1.5208948850631714,-2.5577430725097656,1.0368481874465942,-0.9743674993515015,-0.5736926794052124,-0.4006748199462891,2.7909507751464844,-0.11795483529567719,2.9089056104421616,0.018863894045352936,0.024023529142141342,1.210719347000122e-05,0.0
12.846153846153847,1,1,1,1.0,0,False,0,False,1.439562439918518,2.585434913635254,-1.1458724737167358,-1.5208948850631714,-2.557676315307617,1.0367814302444458,-0.9743674993515015,-0.5736955404281616,-0.40067195892333984,2.7909507751464844,-0.11805800348520279,2.909008778631687,0.018857143819332123,0.024021726101636887,2.1671876311302185e-05,0.0
12.923076923076923,1,1,1,1.0,0,False,0,False,1.439562439918518,2.5854201316833496,-1.1458576917648315,-1.5208948850631714,-2.5576095581054688,1.0367146730422974,-0.9743674993515015,-0.5736968517303467,-0.4006706476211548,2.7909507751464844,-0.11815767735242844,2.909108452498913,0.018850751221179962,0.024019937962293625,1.3075768947601318e-05,0.0
13.0,1,1,1,1.0,0,False,0,False,1.439562439918518,2.5854105949401855,-1.1458481550216675,-1.5208948850631714,-2.557544708251953,1.0366498231887817,-0.9743674993515015,-0.5736950039863586,-0.40067249536514277,2.7909507751464844,-0.11825267970561981,2.909203454852104,0.01884450763463974,0.024018224328756332,2.312473952770233e-05,0.0
13.076923076923078,1,1,1,1.0,0,False,0,False,1.439562439918518,2.5854010581970215,-1.1458386182785034,-1.5208948850631714,-2.557480573654175,1.0365856885910034,-0.9743674993515015,-0.5736896991729736,-0.40067780017852783,2.7909507751464844,-0.11834460496902466,2.909295380115509,0.018838442862033844,0.024016637355089188,2.0097941160202026e-05,0.0
13.153846153846155,1,1,1,1.0,0,False,0,False,1.439562439918518,2.5853915214538574,-1.1458290815353394,-1.5208948850631714,-2.5574233531951904,1.036528468132019,-0.9743674993515015,-0.5736884474754333,-0.4006790518760681,2.7909507751464844,-0.1184331476688385,2.909383922815323,0.018832556903362274,0.024015214294195175,1.2530945241451263e-05,0.0
13.230769230769232,1,1,1,1.0,0,False,0,False,1.439562439918518,2.5853819847106934,-1.1458195447921753,-1.5208948850631714,-2.557366132736206,1.0364712476730347,-0.9743674993515015,-0.5736877918243408,-0.40067970752716064,2.7909507751464844,-0.11851924657821655,2.909470021724701,0.018826834857463837,0.024013999849557877,2.2882595658302307e-05,0.0
13.307692307692308,1,1,1,1.0,0,False,0,False,1.439562439918518,2.5853724479675293,-1.1458100080490112,-1.5208948850631714,-2.557312250137329,1.0364173650741577,-0.9743674993515015,-0.5736857652664185,-0.400681734085083,2.7909507751464844,-0.11860299855470657,2.909553773701191,0.018821246922016144,0.024012934416532516,8.959323167800903e-06,0.0
13.384615384615385,1,1,1,1.0,0,False,0,False,1.439562439918518,2.58536696434021,-1.145804524421692,-1.5208948850631714,-2.557264566421509,1.0363696813583374,-0.9743674993515015,-0.5736877918243408,-0.40067970752716064,2.7909507751464844,-0.1186821460723877,2.909632921218872,0.018815867602825165,0.02401193603873253,1.598149538040161e-05,0.0
13.461538461538462,1,1,1,1.0,0,False,0,False,1.439562439918518,2.58536696434021,-1.145804524421692,-1.5208948850631714,-2.5572168827056885,1.036321997642517,-0.9743674993515015,-0.5736883282661438,-0.4006791710853577,2.7909507751464844,-0.11875820904970169,2.909708984196186,0.018810681998729706,0.024010900408029556,2.0703300833702087e-05,0.0
13.53846153846154,1,1,1,1.0,0,False,0,False,1.439562439918518,2.58536696434021,-1.145804524421692,-1.5208948850631714,-2.5571682453155518,1.0362733602523804,-0.9743674993515015,-0.5736858248710632,-0.40068167448043823,2.7909507751464844,-0.11883114278316498,2.9097819179296494,0.01880577951669693,0.024009879678487778,1.9371509552001953e-05,0.0
13.615384615384617,1,1,1,1.0,0,False,0,False,1.439562439918518,2.58536696434021,-1.145804524421692,-1.5208948850631714,-2.5571131706237793,1.036218285560608,-0.9743674993515015,-0.5736850500106812,-0.4006824493408203,2.7909507751464844,-0.11890178918838501,2.9098525643348694,0.01880136877298355,0.02400890365242958,2.4759210646152496e-05,0.0
13.692307692307693,1,1,1,1.0,0,False,0,False,1.439562439918518,2.58536696434021,-1.145804524421692,-1.5208948850631714,-2.557055950164795,1.0361610651016235,-0.9743674993515015,-0.5736851096153259,-0.40068238973617554,2.7909507751464844,-0.11897046118974686,2.9099212363362312,0.018797241151332855,0.02400793507695198,2.08243727684021e-05,0.0
13.76923076923077,1,1,1,1.0,0,False,0,False,1.439562439918518,2.58536696434021,-1.145804524421692,-1.5208948850631714,-2.5569987297058105,1.0361038446426392,-0.9743674993515015,-0.5736849904060364,-0.40068250894546514,2.7909507751464844,-0.11903679370880127,2.9099875688552856,0.018793292343616486,0.02400696650147438,1.1138617992401123e-05,0.0
13.846153846153847,1,1,1,1.0,0,False,0,False,1.439562439918518,2.58536696434021,-1.145804524421692,-1.5208948850631714,-2.556941509246826,1.0360466241836548,-0.9743674993515015,-0.5736822485923767,-0.40068525075912476,2.7909507751464844,-0.11910005658864975,2.910050831735134,0.018789418041706085,0.02400602027773857,2.5425106287002563e-05,0.0
13.923076923076923,1,1,1,1.0,0,False,0,False,1.439562439918518,2.58536696434021,-1.145804524421692,-1.5208948850631714,-2.556884527206421,1.0359896421432495,-0.9743674993515015,-0.5736823678016663,-0.40068513154983515,2.7909507751464844,-0.11916189640760422,2.9101126715540886,0.018785662949085236,0.02400512620806694,1.695007085800171e-05,0.0
14.0,1,1,1,1.0,0,False,0,False,1.439562439918518,2.58536696434021,-1.145804524421692,-1.5208948850631714,-2.5568289756774902,1.0359340906143188,-0.9743674993515015,-0.5736764073371887,-0.40069109201431274,2.7909507751464844,-0.11922147125005722,2.9101722463965416,0.018781907856464386,0.024004396051168442,1.5497207641601562e-05,0.0
14.076923076923078,1,1,1,1.0,0,False,0,False,1.439562439918518,2.58536696434021,-1.145804524421692,-1.5208948850631714,-2.556779623031616,1.0358847379684448,-0.9743674993515015,-0.5736735463142395,-0.40069395303726196,2.7909507751464844,-0.11928056925535202,2.9102313444018364,0.018778227269649506,0.024003926664590836,1.7676502466201782e-05,0.0
14.153846153846155,1,1,1,1.0,0,False,0,False,1.439562439918518,2.58536696434021,-1.145804524421692,-1.5208948850631714,-2.5567362308502197,1.0358413457870483,-0.9743674993515015,-0.5736724138259888,-0.40069508552551275,2.7909507751464844,-0.11933871358633041,2.910289488732815,0.018774546682834625,0.024003755301237106,1.3438984751701355e-05,0.0
14.230769230769232,1,1,1,1.0,0,False,0,False,1.439562439918518,2.58536696434021,-1.145804524421692,-1.5208948850631714,-2.5566980838775635,1.035803198814392,-0.9743674993515015,-0.5736672878265381,-0.4007002115249634,2.7909507751464844,-0.11939647048711777,2.910347245633602,0.018771030008792877,0.024003680795431137,1.2167729437351227e-05,0.0
14.307692307692308,1,1,1,1.0,0,False,0,False,1.439562439918518,2.58536696434021,-1.145804524421692,-1.5208948850631714,-2.5566651821136475,1.035770297050476,-0.9743674993515015,-0.5736634135246277,-0.4007040858268738,2.7909507751464844,-0.11945384740829468,2.910404622554779,0.01876751333475113,0.024003487080335617,1.616310328245163e-05,0.0
14.384615384615385,1,1,1,1.0,0,False,0,False,1.439562439918518,2.58536696434021,-1.145804524421692,-1.5208948850631714,-2.5566322803497314,1.03573739528656,-0.9743674993515015,-0.5736590027809143,-0.40070849657058716,2.7909507751464844,-0.11950847506523132,2.9104592502117157,0.018764249980449677,0.024003107100725174,1.6344711184501648e-05,0.0
14.461538461538462,1,1,1,1.0,0,False,0,False,1.439562439918518,2.58536696434021,-1.145804524421692,-1.5208948850631714,-2.556594133377075,1.0356992483139038,-0.9743674993515015,-0.5736560225486755,-0.4007114768028259,2.7909507751464844,-0.11956078559160233,2.9105115607380867,0.01876135915517807,0.02400258556008339,1.428648829460144e-05,0.0
14.53846153846154,1,1,1,1.0,0,False,0,False,1.439562439918518,2.58536696434021,-1.145804524421692,-1.5208948850631714,-2.556555986404419,1.0356611013412476,-0.9743674993515015,-0.5736525058746338,-0.4007149934768677,2.7909507751464844,-0.11961101740598679,2.910561792552471,0.01875879615545273,0.024002093821763992,2.2640451788902283e-05,0.0
14.615384615384617,1,1,1,1.0,0,False,0,False,1.439562439918518,2.58536696434021,-1.145804524421692,-1.5208948850631714,-2.5565128326416016,1.0356179475784302,-0.9743674993515015,-0.5736507177352905,-0.40071678161621094,2.7909507751464844,-0.11966010183095932,2.9106108769774437,0.018756471574306488,0.02400171384215355,1.6102567315101624e-05,0.0
14.692307692307693,1,1,1,1.0,0,False,0,False,1.439562439918518,2.58536696434021,-1.145804524421692,-1.5208948850631714,-2.5564732551574707,1.0355783700942993,-0.9743674993515015,-0.573653519153595,-0.4007139801979065,2.7909507751464844,-0.11970680207014084,2.910657577216625,0.018754206597805023,0.024001505225896835,1.4044344425201416e-05,0.0
14.76923076923077,1,1,1,1.0,0,False,0,False,1.439562439918518,2.58536696434021,-1.145804524421692,-1.5208948850631714,-2.5564351081848145,1.035540223121643,-0.9743674993515015,-0.5736566185951233,-0.40071088075637823,2.7909507751464844,-0.11975164711475372,2.910702422261238,0.018751852214336395,0.024001438170671463,1.8402934074401855e-05,0.0
14.846153846153847,1,1,1,1.0,0,False,0,False,1.439562439918518,2.58536696434021,-1.145804524421692,-1.5208948850631714,-2.556396961212158,1.0355020761489868,-0.9743674993515015,-0.5736595988273621,-0.4007079005241394,2.7909507751464844,-0.11979442834854126,2.9107452034950256,0.01874939352273941,0.024001408368349075,1.1622905731201172e-05,0.0
14.923076923076923,1,1,1,1.0,0,False,0,False,1.439562439918518,2.58536696434021,-1.145804524421692,-1.5208948850631714,-2.556363582611084,1.0354686975479126,-0.9743674993515015,-0.5736631155014038,-0.4007043838500977,2.7909507751464844,-0.11983492225408554,2.91078569740057,0.018747039139270782,0.02400139346718788,1.6042031347751617e-05,0.0
15.0,1,1,1,1.0,0,False,0,False,1.439562439918518,2.58536696434021,-1.145804524421692,-1.5208948850631714,-2.556334972381592,1.0354400873184204,-0.9743674993515015,-0.573665201663971,-0.4007022976875305,2.7909507751464844,-0.1198737844824791,2.9108245596289635,0.01874469965696335,0.024001333862543106,1.5255063772201538e-05,0.0
15.076923076923078,1,1,1,1.0,0,False,0,False,1.439562439918518,2.58536696434021,-1.145804524421692,-1.5208948850631714,-2.5563063621520996,1.0354114770889282,-0.9743674993515015,-0.5736651420593262,-0.4007023572921753,2.7909507751464844,-0.11991163343191147,2.910862408578396,0.018742315471172333,0.024001244455575943,1.8887221813201904e-05,0.0
15.153846153846155,1,1,1,1.0,0,False,0,False,1.439562439918518,2.58536696434021,-1.145804524421692,-1.5208948850631714,-2.5562777519226074,1.035382866859436,-0.9743674993515015,-0.5736634731292725,-0.400704026222229,2.7909507751464844,-0.1199488416314125,2.910899616777897,0.018740035593509674,0.024001140147447586,1.4528632164001465e-05,0.0
15.230769230769232,1,1,1,1.0,0,False,0,False,1.439562439918518,2.58536696434021,-1.145804524421692,-1.5208948850631714,-2.5562491416931152,1.0353542566299438,-0.9743674993515015,-0.5736613869667053,-0.40070611238479614,2.7909507751464844,-0.11998528987169266,2.910936065018177,0.018737949430942535,0.024001028388738632,1.2349337339401245e-05,0.0
15.307692307692308,1,1,1,1.0,0,False,0,False,1.439562439918518,2.58536696434021,-1.145804524421692,-1.5208948850631714,-2.556220531463623,1.0353256464004517,-0.9743674993515015,-0.5736626386642456,-0.40070486068725586,2.7909507751464844,-0.12002013623714447,2.910970911383629,0.018735937774181366,0.024000946432352066,2.130866050720215e-05,0.0
15.384615384615385,1,1,1,1.0,0,False,0,False,1.439562439918518,2.58536696434021,-1.145804524421692,-1.5208948850631714,-2.556191921234131,1.0352970361709595,-0.9743674993515015,-0.5736678242683411,-0.4006996750831604,2.7909507751464844,-0.12005380541086197,2.9110045805573463,0.018733955919742584,0.02400091663002968,2.3064203560352325e-05,0.0
15.461538461538462,1,1,1,1.0,0,False,0,False,1.439562439918518,2.58536696434021,-1.145804524421692,-1.5208948850631714,-2.5561652183532715,1.0352703332901,-0.9743674993515015,-0.573674738407135,-0.40069276094436646,2.7909507751464844,-0.12008600682020187,2.9110367819666862,0.018731988966464996,0.02400090917944908,2.0945444703102112e-05,0.0
15.53846153846154,1,1,1,1.0,0,False,0,False,1.439562439918518,2.58536696434021,-1.145804524421692,-1.5208948850631714,-2.5561461448669434,1.035251259803772,-0.9743674993515015,-0.5736760497093201,-0.4006914496421814,2.7909507751464844,-0.12011685222387314,2.9110676273703575,0.01873011142015457,0.024000849574804306,1.1865049600601196e-05,0.0
15.615384615384617,1,1,1,1.0,0,False,0,False,1.439562439918518,2.585364818572998,-1.14580237865448,-1.5208948850631714,-2.5561270713806152,1.0352321863174438,-0.9743674993515015,-0.5736765265464783,-0.4006909728050232,2.7909507751464844,-0.1201460212469101,2.9110967963933945,0.018728144466876984,0.02400072291493416,1.5739351511001587e-05,0.0
15.692307692307693,1,1,1,1.0,0,False,0,False,1.439562439918518,2.5853586196899414,-1.1457961797714233,-1.5208948850631714,-2.556107997894287,1.0352131128311157,-0.9743674993515015,-0.5736781358718872,-0.40068936347961426,2.7909507751464844,-0.12017394602298737,2.9111247211694717,0.018726177513599396,0.02400057390332222,1.646578311920166e-05,0.0
15.76923076923077,1,1,1,1.0,0,False,0,False,1.439562439918518,2.5853545665740967,-1.1457921266555786,-1.5208948850631714,-2.556088924407959,1.0351940393447876,-0.9743674993515015,-0.5736804008483887,-0.4006870985031128,2.7909507751464844,-0.12020105123519897,2.9111518263816833,0.01872444897890091,0.024000491946935654,1.8584541976451874e-05,0.0
15.846153846153847,1,1,1,1.0,0,False,0,False,1.439562439918518,2.5853536128997803,-1.1457911729812622,-1.5208948850631714,-2.556069850921631,1.0351749658584595,-0.9743674993515015,-0.5736835598945618,-0.40068393945693975,2.7909507751464844,-0.1202276423573494,2.9111784175038338,0.01872282475233078,0.024000491946935654,1.7434358596801758e-05,0.0
15.923076923076923,1,1,1,1.0,0,False,0,False,1.439562439918518,2.5853536128997803,-1.1457911729812622,-1.5208948850631714,-2.5560507774353027,1.0351558923721313,-0.9743674993515015,-0.5736854672431946,-0.4006820321083069,2.7909507751464844,-0.12025284767150879,2.911203622817993,0.018721185624599457,0.02400052174925804,8.717179298400879e-06,0.0
16.0,1,1,1,1.0,0,False,0,False,1.439562439918518,2.5853536128997803,-1.1457911729812622,-1.5208948850631714,-2.5560317039489746,1.0351368188858032,-0.9743674993515015,-0.5736880898475647,-0.4006794095039367,2.7909507751464844,-0.12027685344219208,2.9112276285886765,0.018719486892223358,0.024000544100999832,2.112705260515213e-05,0.0
16.076923076923077,1,1,1,1.0,0,False,0,False,1.439562439918518,2.5853536128997803,-1.1457911729812622,-1.5208948850631714,-2.5560126304626465,1.035117745399475,-0.9743674993515015,-0.5736917853355408,-0.4006757140159607,2.7909507751464844,-0.12029934674501419,2.9112501218914986,0.018717966973781586,0.024000491946935654,1.5497207641601562e-05,0.0
16.153846153846153,1,1,1,1.0,0,False,0,False,1.439562439918518,2.5853536128997803,-1.1457911729812622,-1.5208948850631714,-2.5559935569763184,1.035098671913147,-0.9743674993515015,-0.5736956596374512,-0.4006718397140503,2.7909507751464844,-0.12032043933868408,2.9112712144851685,0.0187164768576622,0.02400035783648491,1.598149538040161e-05,0.0
16.23076923076923,1,1,1,1.0,0,False,0,False,1.439562439918518,2.5853497982025146,-1.1457873582839966,-1.5208948850631714,-2.5559744834899902,1.0350795984268188,-0.9743674993515015,-0.5737000107765198,-0.40066748857498163,2.7909507751464844,-0.12034052610397339,2.9112913012504578,0.018714971840381622,0.024000193923711777,1.4044344425201416e-05,0.0
16.30769230769231,1,1,1,1.0,0,False,0,False,1.439562439918518,2.585343360900879,-1.1457809209823608,-1.5208948850631714,-2.555955410003662,1.0350605249404907,-0.9743674993515015,-0.5737044811248779,-0.40066301822662354,2.7909507751464844,-0.12036022543907166,2.911311000585556,0.018713362514972687,0.024000007659196854,9.01985913515091e-06,0.0
16.384615384615387,1,1,1,1.0,0,False,0,False,1.439562439918518,2.5853378772735596,-1.1457754373550415,-1.5208948850631714,-2.555936336517334,1.0350414514541626,-0.9743674993515015,-0.5737078189849854,-0.4006596803665161,2.7909507751464844,-0.12037960439920425,2.9113303795456886,0.018711797893047333,0.023999858647584915,1.7676502466201782e-05,0.0
16.461538461538463,1,1,1,1.0,0,False,0,False,1.439562439918518,2.5853352546691895,-1.1457728147506714,-1.5208948850631714,-2.555917263031006,1.0350223779678345,-0.9743674993515015,-0.5737114548683167,-0.4006560444831848,2.7909507751464844,-0.12039870023727417,2.9113494753837585,0.018710322678089142,0.023999754339456558,1.5012919902801514e-05,0.0
16.53846153846154,1,1,1,1.0,0,False,0,False,1.439562439918518,2.585333824157715,-1.1457713842391968,-1.5208948850631714,-2.5558981895446777,1.0350033044815063,-0.9743674993515015,-0.5737137794494629,-0.4006537199020385,2.7909507751464844,-0.12041737884283066,2.911368153989315,0.01870884746313095,0.023999687284231186,2.130866050720215e-05,0.0
16.615384615384617,1,1,1,1.0,0,False,0,False,1.439562439918518,2.585333824157715,-1.1457713842391968,-1.5208948850631714,-2.5558865070343018,1.0349916219711304,-0.9743674993515015,-0.5737168788909912,-0.40065062046051025,2.7909507751464844,-0.12043558806180954,2.911386363208294,0.018707342445850372,0.02399960532784462,1.3862736523151398e-05,0.0
16.692307692307693,1,1,1,1.0,0,False,0,False,1.439562439918518,2.585333824157715,-1.1457713842391968,-1.5208948850631714,-2.5558769702911377,1.0349820852279663,-0.9743674993515015,-0.5737184882164001,-0.4006490111351013,2.7909507751464844,-0.12045324593782425,2.9114040210843086,0.0187058225274086,0.02399950847029686,1.646578311920166e-05,0.0
16.76923076923077,1,1,1,1.0,0,False,0,False,1.439562439918518,2.585333824157715,-1.1457713842391968,-1.5208948850631714,-2.5558674335479736,1.0349725484848022,-0.9743674993515015,-0.5737144351005554,-0.40065306425094604,2.7909507751464844,-0.12047027796506882,2.911421053111553,0.01870431751012802,0.023999396711587906,1.4225952327251434e-05,0.0
16.846153846153847,1,1,1,1.0,0,False,0,False,1.439562439918518,2.585333824157715,-1.1457713842391968,-1.5208948850631714,-2.5558578968048096,1.0349630117416382,-0.9743674993515015,-0.5737120509147644,-0.40065544843673706,2.7909507751464844,-0.12048707902431488,2.9114378541707993,0.01870311051607132,0.023999232798814774,1.6344711184501648e-05,0.0
16.923076923076923,1,1,1,1.0,0,False,0,False,1.439562439918518,2.585333824157715,-1.1457713842391968,-1.5208948850631714,-2.5558483600616455,1.0349534749984741,-0.9743674993515015,-0.5737107396125793,-0.4006567597389221,2.7909507751464844,-0.12050335854291916,2.9114541336894035,0.01870202273130417,0.02399906888604164,9.201467037200928e-06,0.0
17.0,1,1,1,1.0,0,False,0,False,1.439562439918518,2.585333824157715,-1.1457713842391968,-1.5208948850631714,-2.555837631225586,1.0349427461624146,-0.9743674993515015,-0.5737112164497375,-0.4006562829017639,2.7909507751464844,-0.120519258081913,2.9114700332283974,0.01870105415582657,0.023998912423849106,1.0654330253601074e-05,0.0
17.076923076923077,1,1,1,1.0,0,False,0,False,1.439562439918518,2.585333824157715,-1.1457713842391968,-1.5208948850631714,-2.5558197498321533,1.034924864768982,-0.9743674993515015,-0.5737120509147644,-0.40065544843673706,2.7909507751464844,-0.12053479999303818,2.9114855751395226,0.018700100481510162,0.02399873360991478,2.3487955331802368e-05,0.0
17.153846153846153,1,1,1,1.0,0,False,0,False,1.439562439918518,2.585333824157715,-1.1457713842391968,-1.5208948850631714,-2.5558016300201416,1.0349067449569702,-0.9743674993515015,-0.5737093687057495,-0.400658130645752,2.7909507751464844,-0.1205492690205574,2.911500044167042,0.018699325621128082,0.023998510092496872,1.2409873306751251e-05,0.0
17.230769230769234,1,1,1,1.0,0,False,0,False,1.439562439918518,2.585333824157715,-1.1457713842391968,-1.5208948850631714,-2.5557825565338135,1.034887671470642,-0.9743674993515015,-0.573703944683075,-0.4006635546684265,2.7909507751464844,-0.12056237459182739,2.9115131497383118,0.018698327243328094,0.02399822697043419,1.6344711184501648e-05,0.0
17.30769230769231,1,1,1,1.0,0,False,0,False,1.439562439918518,2.585333824157715,-1.1457713842391968,-1.5208948850631714,-2.5557637214660645,1.034868836402893,-0.9743674993515015,-0.5737018585205078,-0.40066564083099365,2.7909507751464844,-0.12057449668645859,2.911525271832943,0.01869746297597885,0.023997966200113297,1.646578311920166e-05,0.0
17.384615384615387,1,1,1,1.0,0,False,0,False,1.439562439918518,2.585333824157715,-1.1457713842391968,-1.5208948850631714,-2.5557472705841064,1.034852385520935,-0.9743674993515015,-0.5736972689628601,-0.40067023038864136,2.7909507751464844,-0.12058708071708679,2.911537855863571,0.018696419894695282,0.02399778738617897,1.8221326172351837e-05,0.0
17.461538461538463,1,1,1,1.0,0,False,0,False,1.439562439918518,2.585333824157715,-1.1457713842391968,-1.5208948850631714,-2.5557358264923096,1.0348409414291382,-0.9743674993515015,-0.5736916661262512,-0.40067583322525024,2.7909507751464844,-0.12060041725635529,2.9115511924028397,0.018695510923862457,0.023997630923986435,1.2833625078201294e-05,0.0
17.53846153846154,1,1,1,1.0,0,False,0,False,1.439562439918518,2.585333824157715,-1.1457713842391968,-1.5208948850631714,-2.5557262897491455,1.0348314046859741,-0.9743674993515015,-0.5736864805221558,-0.4006810188293457,2.7909507751464844,-0.12061334401369095,2.9115641191601753,0.018694691359996796,0.023997459560632706,1.7979182302951813e-05,0.0
17.615384615384617,1,1,1,1.0,0,False,0,False,1.439562439918518,2.585333824157715,-1.1457713842391968,-1.5208948850631714,-2.5557167530059814,1.03482186794281,-0.9743674993515015,-0.573680579662323,-0.40068691968917847,2.7909507751464844,-0.12062612175941467,2.911576896905899,0.018693841993808746,0.023997265845537186,1.3317912817001343e-05,0.0
17.692307692307693,1,1,1,1.0,0,False,0,False,1.439562439918518,2.585333824157715,-1.1457713842391968,-1.5208948850631714,-2.5557072162628174,1.034812331199646,-0.9743674993515015,-0.5736750960350037,-0.4006924033164978,2.7909507751464844,-0.12063867598772049,2.911589451134205,0.018693022429943085,0.023997094482183456,1.8221326172351837e-05,0.0
17.76923076923077,1,1,1,1.0,0,False,0,False,1.439562439918518,2.585333824157715,-1.1457713842391968,-1.5208948850631714,-2.5556976795196533,1.034802794456482,-0.9743674993515015,-0.5736728310585022,-0.40069466829299927,2.7909507751464844,-0.12065092474222183,2.911601699888706,0.018692247569561005,0.023996923118829727,8.717179298400879e-06,0.0
17.846153846153847,1,1,1,1.0,0,False,0,False,1.439562439918518,2.585333824157715,-1.1457713842391968,-1.5208948850631714,-2.5556881427764893,1.0347932577133179,-0.9743674993515015,-0.5736716389656067,-0.4006958603858948,2.7909507751464844,-0.1206631064414978,2.911613881587982,0.01869148761034012,0.023996759206056595,1.7434358596801758e-05,0.0
17.923076923076923,1,1,1,1.0,0,False,0,False,1.439562439918518,2.585333824157715,-1.1457713842391968,-1.5208948850631714,-2.555678606033325,1.0347837209701538,-0.9743674993515015,-0.5736701488494873,-0.4006973505020141,2.7909507751464844,-0.12067510187625885,2.9116258770227432,0.018690668046474457,0.023996572941541672,1.0170042514801025e-05,0.0
18.0,1,1,1,1.0,0,False,0,False,1.439562439918518,2.585333824157715,-1.1457713842391968,-1.5208948850631714,-2.555669069290161,1.0347741842269897,-0.9743674993515015,-0.5736669301986694,-0.40070056915283203,2.7909507751464844,-0.12068701535463333,2.9116377905011177,0.018689937889575958,0.023996394127607346,1.5497207641601562e-05,0.0
18.076923076923077,1,1,1,1.0,0,False,0,False,1.439562439918518,2.585333824157715,-1.1457713842391968,-1.5208948850631714,-2.555659532546997,1.0347646474838257,-0.9743674993515015,-0.5736653804779053,-0.4007021188735962,2.7909507751464844,-0.12069857865571976,2.911649353802204,0.018689416348934174,0.02399628236889839,8.959323167800903e-06,0.0
18.153846153846153,1,1,1,1.0,0,False,0,False,1.439562439918518,2.585333824157715,-1.1457713842391968,-1.5208948850631714,-2.555649995803833,1.0347551107406616,-0.9743674993515015,-0.5736677050590515,-0.40069979429244995,2.7909507751464844,-0.12070964276790619,2.9116604179143906,0.01868893951177597,0.02399623766541481,7.748603820800781e-06,0.0
18.230769230769234,1,1,1,1.0,0,False,0,False,1.439562439918518,2.585333824157715,-1.1457713842391968,-1.5208948850631714,-2.555640459060669,1.0347455739974976,-0.9743674993515015,-0.573675811290741,-0.4006916880607605,2.7909507751464844,-0.12072040140628815,2.9116711765527725,0.018688373267650604,0.02399623766541481,1.598149538040161e-05,0.0
18.30769230769231,1,1,1,1.0,0,False,0,False,1.439562439918518,2.585333824157715,-1.1457713842391968,-1.5208948850631714,-2.555630922317505,1.0347360372543335,-0.9743674993515015,-0.5736810564994812,-0.40068644285202026,2.7909507751464844,-0.12073113769292831,2.9116819128394127,0.01868797093629837,0.023996230214834213,1.2652017176151276e-05,0.0
18.384615384615387,1,1,1,1.0,0,False,0,False,1.439562439918518,2.585333824157715,-1.1457713842391968,-1.5208948850631714,-2.555621385574341,1.0347265005111694,-0.9743674993515015,-0.5736845135688782,-0.4006829857826233,2.7909507751464844,-0.12074093520641327,2.9116917103528976,0.01868758350610733,0.023996155709028244,1.7918646335601807e-05,0.0
18.461538461538463,1,1,1,1.0,0,False,0,False,1.439562439918518,2.585333824157715,-1.1457713842391968,-1.5208948850631714,-2.5556118488311768,1.0347169637680054,-0.9743674993515015,-0.5736833214759827,-0.4006841778755188,2.7909507751464844,-0.12074965238571167,2.911700427532196,0.018687106668949127,0.023996036499738693,9.32253897190094e-06,0.0
18.53846153846154,1,1,1,1.0,0,False,0,False,1.439562439918518,2.585333824157715,-1.1457713842391968,-1.5208948850631714,-2.5556023120880127,1.0347074270248413,-0.9743674993515015,-0.5736817121505737,-0.4006857872009277,2.7909507751464844,-0.12075762450695038,2.9117083996534348,0.018686555325984955,0.023995984345674515,1.4589168131351471e-05,0.0
18.615384615384617,1,1,1,1.0,0,False,0,False,1.439562439918518,2.585333824157715,-1.1457713842391968,-1.5208948850631714,-2.5555927753448486,1.0346978902816772,-0.9743674993515015,-0.5736790299415588,-0.40068846940994257,2.7909507751464844,-0.12076561897993088,2.9117163941264153,0.01868598908185959,0.02399604395031929,1.6284175217151642e-05,0.0
18.692307692307693,1,1,1,1.0,0,False,0,False,1.439562439918518,2.585333824157715,-1.1457713842391968,-1.5208948850631714,-2.5555882453918457,1.0346933603286743,-0.9743674993515015,-0.573677122592926,-0.4006903767585754,2.7909507751464844,-0.12077386677265167,2.911724641919136,0.018685393035411835,0.02399623766541481,1.3560056686401367e-05,0.0
18.76923076923077,1,1,1,1.0,0,False,0,False,1.439562439918518,2.585333824157715,-1.1457713842391968,-1.5208948850631714,-2.5555882453918457,1.0346933603286743,-0.9743674993515015,-0.5736746191978455,-0.400692880153656,2.7909507751464844,-0.1207822859287262,2.9117330610752106,0.0186847522854805,0.023996498435735703,1.210719347000122e-05,0.0
18.846153846153847,1,1,1,1.0,0,False,0,False,1.439562439918518,2.585333824157715,-1.1457713842391968,-1.5208948850631714,-2.5555882453918457,1.0346933603286743,-0.9743674993515015,-0.5736710429191589,-0.4006964564323425,2.7909507751464844,-0.12079025059938431,2.9117410257458687,0.01868405193090439,0.023996736854314804,1.8826685845851898e-05,0.0
18.923076923076923,1,1,1,1.0,0,False,0,False,1.439562439918518,2.585333824157715,-1.1457713842391968,-1.5208948850631714,-2.5555882453918457,1.0346933603286743,-0.9743674993515015,-0.5736690759658813,-0.40069842338562006,2.7909507751464844,-0.12079774588346481,2.911748521029949,0.018683411180973053,0.023996908217668533,1.3075768947601318e-05,0.0
19.0,1,1,1,1.0,0,False,0,False,1.439562439918518,2.585333824157715,-1.1457713842391968,-1.5208948850631714,-2.5555880069732666,1.0346931219100952,-0.9743674993515015,-0.5736693143844604,-0.400698184967041,2.7909507751464844,-0.12080470472574234,2.9117554798722267,0.018682874739170074,0.023996975272893906,1.4528632164001465e-05,0.0
19.076923076923077,1,1,1,1.0,0,False,0,False,1.439562439918518,2.585333824157715,-1.1457713842391968,-1.5208948850631714,-2.5555784702301025,1.0346835851669312,-0.9743674993515015,-0.5736664533615112,-0.40070104598999023,2.7909507751464844,-0.12081173807382584,2.91176251322031,0.01868262141942978,0.023996945470571518,1.3075768947601318e-05,0.0
19.153846153846153,1,1,1,1.0,0,False,0,False,1.439562439918518,2.585333824157715,-1.1457713842391968,-1.5208948850631714,-2.5555689334869385,1.034674048423767,-0.9743674993515015,-0.573663055896759,-0.40070444345474243,2.7909507751464844,-0.12081855535507202,2.9117693305015564,0.01868242770433426,0.023996848613023758,1.5739351511001587e-05,0.0
19.230769230769234,1,1,1,1.0,0,False,0,False,1.439562439918518,2.585333824157715,-1.1457713842391968,-1.5208948850631714,-2.5555593967437744,1.034664511680603,-0.9743674993515015,-0.573659360408783,-0.4007081389427185,2.7909507751464844,-0.12082510441541672,2.911775879561901,0.01868227869272232,0.02399672195315361,1.7676502466201782e-05,0.0
19.30769230769231,1,1,1,1.0,0,False,0,False,1.439562439918518,2.585333824157715,-1.1457713842391968,-1.5208948850631714,-2.5555498600006104,1.034654974937439,-0.9743674993515015,-0.5736552476882935,-0.400712251663208,2.7909507751464844,-0.12083118408918381,2.911781959235668,0.018682338297367096,0.023996595293283463,1.6707926988601685e-05,0.0
19.384615384615387,1,1,1,1.0,0,False,0,False,1.439562439918518,2.585333824157715,-1.1457713842391968,-1.5208948850631714,-2.5555403232574463,1.034645438194275,-0.9743674993515015,-0.5736525654792786,-0.4007149338722229,2.7909507751464844,-0.12083671987056732,2.9117874950170517,0.01868239790201187,0.02399648353457451,1.598149538040161e-05,0.0
19.461538461538463,1,1,1,1.0,0,False,0,False,1.439562439918518,2.585333824157715,-1.1457713842391968,-1.5208948850631714,-2.5555307865142822,1.0346359014511108,-0.9743674993515015,-0.573653519153595,-0.4007139801979065,2.7909507751464844,-0.1208416149020195,2.911792390048504,0.01868239790201187,0.023996371775865555,1.2652017176151276e-05,0.0
19.53846153846154,1,1,1,1.0,0,False,0,False,1.439562439918518,2.585333824157715,-1.1457713842391968,-1.5208948850631714,-2.555521249771118,1.0346263647079468,-0.9743674993515015,-0.5736545920372009,-0.40071290731430054,2.7909507751464844,-0.12084595859050751,2.911796733736992,0.01868235319852829,0.02399623766541481,1.041218638420105e-05,0.0
19.615384615384617,1,1,1,1.0,0,False,0,False,1.439562439918518,2.585333824157715,-1.1457713842391968,-1.5208948850631714,-2.555511713027954,1.0346168279647827,-0.9743674993515015,-0.5736539959907532,-0.40071350336074824,2.7909507751464844,-0.12084998190402985,2.911800757050514,0.018681980669498444,0.023996073752641678,1.7615966498851776e-05,0.0
19.692307692307693,1,1,1,1.0,0,False,0,False,1.439562439918518,2.585333824157715,-1.1457713842391968,-1.5208948850631714,-2.5555031299591064,1.034608244895935,-0.9743674993515015,-0.5736528038978577,-0.4007146954536438,2.7909507751464844,-0.12085370719432831,2.9118044823408127,0.018681593239307404,0.023995939642190933,1.9371509552001953e-05,0.0
19.76923076923077,1,1,1,1.0,0,False,0,False,1.439562439918518,2.585333824157715,-1.1457713842391968,-1.5208948850631714,-2.5555031299591064,1.034608244895935,-0.9743674993515015,-0.5736550092697144,-0.4007124900817871,2.7909507751464844,-0.12085779011249542,2.91180856525898,0.01868107169866562,0.02399587258696556,1.5012919902801514e-05,0.0
19.846153846153847,1,1,1,1.0,0,False,0,False,1.439562439918518,2.585333824157715,-1.1457713842391968,-1.5208948850631714,-2.5555031299591064,1.034608244895935,-0.9743674993515015,-0.5736544132232666,-0.4007130861282349,2.7909507751464844,-0.12086281925439835,2.9118135944008827,0.018680773675441742,0.02399590238928795,1.4468096196651459e-05,0.0
19.923076923076923,1,1,1,1.0,0,False,0,False,1.439562439918518,2.585333824157715,-1.1457713842391968,-1.5208948850631714,-2.5555031299591064,1.034608244895935,-0.9743674993515015,-0.5736539363861084,-0.400713562965393,2.7909507751464844,-0.12086805701255798,2.9118188321590424,0.01868034154176712,0.02399596944451332,2.6514753699302673e-05,0.0
20.0,1,1,1,1.0,0,False,0,False,1.439562439918518,2.585333824157715,-1.1457713842391968,-1.5208948850631714,-2.5555031299591064,1.034608244895935,-0.9743674993515015,-0.5736565589904785,-0.40071094036102295,2.7909507751464844,-0.12087330222129822,2.9118240773677826,0.018679969012737274,0.023996014147996902,2.0582228899002075e-05,0.0
20.076923076923077,1,1,1,1.0,0,False,0,False,1.439562439918518,2.585333824157715,-1.1457713842391968,-1.5208948850631714,-2.5555031299591064,1.034608244895935,-0.9743674993515015,-0.5736547112464905,-0.400712788105011,2.7909507751464844,-0.12087908387184143,2.911829859018326,0.018679611384868622,0.023996029049158096,2.034008502960205e-05,0.0
20.153846153846153,1,1,1,1.0,0,False,0,False,1.439562439918518,2.585333824157715,-1.1457713842391968,-1.5208948850631714,-2.5555031299591064,1.034608244895935,-0.9743674993515015,-0.573652446269989,-0.40071505308151245,2.7909507751464844,-0.12088430672883987,2.9118350818753242,0.01867937296628952,0.023995976895093918,1.8584541976451874e-05,0.0
20.230769230769234,1,1,1,1.0,0,False,0,False,1.439562439918518,2.585333824157715,-1.1457713842391968,-1.5208948850631714,-2.5555031299591064,1.034608244895935,-0.9743674993515015,-0.5736499428749084,-0.400717556476593,2.7909507751464844,-0.12088895589113235,2.9118397310376167,0.01867910474538803,0.023995887488126755,1.3317912817001343e-05,0.0
20.30769230769231,1,1,1,1.0,0,False,0,False,1.439562439918518,2.585333824157715,-1.1457713842391968,-1.5208948850631714,-2.555499315261841,1.0346044301986694,-0.9743674993515015,-0.5736469030380249,-0.40072059631347656,2.7909507751464844,-0.12089364975690842,2.911844424903393,0.018678836524486542,0.02399580553174019,1.259148120880127e-05,0.0
20.384615384615387,1,1,1,1.0,0,False,0,False,1.439562439918518,2.585333824157715,-1.1457713842391968,-1.5208948850631714,-2.5554897785186768,1.0345948934555054,-0.9743674993515015,-0.5736451148986816,-0.4007223844528198,2.7909507751464844,-0.12089820206165314,2.9118489772081375,0.018678925931453705,0.023995745927095413,1.2652017176151276e-05,0.0
20.461538461538463,1,1,1,1.0,0,False,0,False,1.439562439918518,2.585333824157715,-1.1457713842391968,-1.5208948850631714,-2.5554819107055664,1.034587025642395,-0.9743674993515015,-0.573642373085022,-0.4007251262664795,2.7909507751464844,-0.12090219557285309,2.9118529707193375,0.01867886632680893,0.023995716124773026,8.53557139635086e-06,0.0
20.53846153846154,1,1,1,1.0,0,False,0,False,1.439562439918518,2.585333824157715,-1.1457713842391968,-1.5208948850631714,-2.5554749965667725,1.034580111503601,-0.9743674993515015,-0.5736404061317444,-0.4007270932197571,2.7909507751464844,-0.12090568989515305,2.9118564650416374,0.01867871731519699,0.02399570122361183,1.1138617992401123e-05,0.0
20.615384615384617,1,1,1,1.0,0,False,0,False,1.439562439918518,2.585333824157715,-1.1457713842391968,-1.5208948850631714,-2.5554685592651367,1.0345736742019653,-0.9743674993515015,-0.5736388564109802,-0.40072864294052124,2.7909507751464844,-0.12090878188610077,2.911859557032585,0.018678687512874603,0.02399567887187004,1.1865049600601196e-05,0.0
20.692307692307693,1,1,1,1.0,0,False,0,False,1.439562439918518,2.585333824157715,-1.1457713842391968,-1.5208948850631714,-2.5554683208465576,1.0345734357833862,-0.9743674993515015,-0.5736371278762817,-0.4007303714752197,2.7909507751464844,-0.12091159075498581,2.91186236590147,0.018678657710552216,0.023995649069547653,1.0654330253601074e-05,0.0
20.76923076923077,1,1,1,1.0,0,False,0,False,1.439562439918518,2.585333824157715,-1.1457713842391968,-1.5208948850631714,-2.5554676055908203,1.034572720527649,-0.9743674993515015,-0.5736360549926758,-0.40073144435882563,2.7909507751464844,-0.12091406434774399,2.9118648394942284,0.018678627908229828,0.02399561181664467,1.9371509552001953e-05,0.0
20.846153846153847,1,1,1,1.0,0,False,0,False,1.439562439918518,2.585333824157715,-1.1457713842391968,-1.5208948850631714,-2.5554635524749756,1.0345686674118042,-0.9743674993515015,-0.5736345052719116,-0.40073299407958984,2.7909507751464844,-0.12091666460037231,2.9118674397468567,0.018678463995456696,0.023995589464902878,1.676846295595169e-05,0.0
20.923076923076923,1,1,1,1.0,0,False,0,False,1.439562439918518,2.585333824157715,-1.1457713842391968,-1.5208948850631714,-2.5554635524749756,1.0345686674118042,-0.9743674993515015,-0.5736340284347534,-0.40073347091674805,2.7909507751464844,-0.12091999500989914,2.9118707701563835,0.018678225576877594,0.02399558201432228,1.0170042514801025e-05,0.0
21.0,1,1,1,1.0,0,False,0,False,1.439562439918518,2.585333824157715,-1.1457713842391968,-1.5208948850631714,-2.5554635524749756,1.0345686674118042,-0.9743674993515015,-0.5736327171325684,-0.4007347822189331,2.7909507751464844,-0.12092366814613342,2.911874443292618,0.018678076565265656,0.023995567113161087,1.259148120880127e-05,0.0
21.076923076923077,1,1,1,1.0,0,False,0,False,1.439562439918518,2.585333824157715,-1.1457713842391968,-1.5208948850631714,-2.5554635524749756,1.0345686674118042,-0.9743674993515015,-0.5736318230628967,-0.40073567628860474,2.7909507751464844,-0.12092749029397964,2.911878265440464,0.018677853047847748,0.023995567113161087,8.717179298400879e-06,0.0
21.153846153846153,1,1,1,1.0,0,False,0,False,1.439562439918518,2.585333824157715,-1.1457713842391968,-1.5208948850631714,-2.5554635524749756,1.0345686674118042,-0.9743674993515015,-0.5736313462257385,-0.40073615312576294,2.7909507751464844,-0.12093100696802139,2.9118817821145058,0.018677793443202972,0.023995552211999893,7.809139788150787e-06,0.0
21.230769230769234,1,1,1,1.0,0,False,0,False,1.439562439918518,2.585333824157715,-1.1457713842391968,-1.5208948850631714,-2.5554635524749756,1.0345686674118042,-0.9743674993515015,-0.5736305713653564,-0.40073692798614496,2.7909507751464844,-0.1209341287612915,2.911884903907776,0.01867777854204178,0.023995529860258102,1.2349337339401245e-05,0.0
21.30769230769231,1,1,1,1.0,0,False,0,False,1.439562439918518,2.585333824157715,-1.1457713842391968,-1.5208948850631714,-2.5554635524749756,1.0345686674118042,-0.9743674993515015,-0.5736303925514221,-0.40073710680007935,2.7909507751464844,-0.12093684077262878,2.911887615919113,0.018677763640880585,0.02399550750851631,7.688067853450775e-06,0.0
21.384615384615387,1,1,1,1.0,0,False,0,False,1.439562439918518,2.585333824157715,-1.1457713842391968,-1.5208948850631714,-2.5554635524749756,1.0345686674118042,-0.9743674993515015,-0.5736328363418579,-0.40073466300964355,2.7909507751464844,-0.12093928456306458,2.911890059709549,0.018677763640880585,0.023995492607355118,1.2288801372051239e-05,0.0
21.461538461538463,1,1,1,1.0,0,False,0,False,1.439562439918518,2.585333824157715,-1.1457713842391968,-1.5208948850631714,-2.5554635524749756,1.0345686674118042,-0.9743674993515015,-0.5736345648765564,-0.400732934474945,2.7909507751464844,-0.12094149738550186,2.9118922725319862,0.01867774873971939,0.023995477706193924,7.506459951400757e-06,0.0
21.53846153846154,1,1,1,1.0,0,False,0,False,1.439562439918518,2.585333824157715,-1.1457713842391968,-1.5208948850631714,-2.5554635524749756,1.0345686674118042,-0.9743674993515015,-0.5736360549926758,-0.40073144435882563,2.7909507751464844,-0.12094346433877945,2.911894239485264,0.018677733838558197,0.02399546280503273,1.477077603340149e-05,0.0
21.615384615384617,1,1,1,1.0,0,False,0,False,1.439562439918518,2.585333824157715,-1.1457713842391968,-1.5208948850631714,-2.5554635524749756,1.0345686674118042,-0.9743674993515015,-0.5736406445503235,-0.400726854801178,2.7909507751464844,-0.12094549089670181,2.911896266043186,0.018677406013011932,0.023995492607355118,2.0461156964302063e-05,0.0
21.692307692307693,1,1,1,1.0,0,False,0,False,1.439562439918518,2.585333824157715,-1.1457713842391968,-1.5208948850631714,-2.5554635524749756,1.0345686674118042,-0.9743674993515015,-0.5736405849456787,-0.40072691440582275,2.7909507751464844,-0.12094797194004059,2.911898747086525,0.0186772421002388,0.02399558201432228,9.201467037200928e-06,0.0
21.76923076923077,1,1,1,1.0,0,False,0,False,1.439562439918518,2.585333824157715,-1.1457713842391968,-1.5208948850631714,-2.5554635524749756,1.0345686674118042,-0.9743674993515015,-0.5736430287361145,-0.40072447061538696,2.7909507751464844,-0.12095032632350922,2.9119011014699936,0.018677212297916412,0.023995686322450638,7.748603820800781e-06,0.0
21.846153846153847,1,1,1,1.0,0,False,0,False,1.439562439918518,2.585333824157715,-1.1457713842391968,-1.5208948850631714,-2.5554635524749756,1.0345686674118042,-0.9743674993515015,-0.5736448764801025,-0.4007226228713989,2.7909507751464844,-0.12095239013433456,2.911903165280819,0.018677212297916412,0.023995783179998398,1.0170042514801025e-05,0.0
21.923076923076923,1,1,1,1.0,0,False,0,False,1.439562439918518,2.585333824157715,-1.1457713842391968,-1.5208948850631714,-2.5554635524749756,1.0345686674118042,-0.9743674993515015,-0.573644757270813,-0.4007227420806885,2.7909507751464844,-0.12095415592193604,2.9119049310684204,0.018677212297916412,0.023995865136384964,8.656643331050873e-06,0.0
22.0,1,1,1,1.0,0,False,0,False,1.439562439918518,2.585333824157715,-1.1457713842391968,-1.5208948850631714,-2.5554635524749756,1.0345686674118042,-0.9743674993515015,-0.5736427903175354,-0.40072470903396606,2.7909507751464844,-0.12095538526773453,2.911906160414219,0.01867716759443283,0.02399590238928795,1.2349337339401245e-05,0.0
22.076923076923077,1,1,1,1.0,0,False,0,False,1.439562439918518,2.585333824157715,-1.1457713842391968,-1.5208948850631714,-2.5554635524749756,1.0345686674118042,-0.9743674993515015,-0.5736405849456787,-0.40072691440582275,2.7909507751464844,-0.12095651775598526,2.9119072929024696,0.01867716759443283,0.023995917290449142,3.874301910400391e-06,0.0
22.153846153846153,1,1,1,1.0,0,False,0,False,1.439562439918518,2.585333824157715,-1.1457713842391968,-1.5208948850631714,-2.5554635524749756,1.0345686674118042,-0.9743674993515015,-0.5736390948295593,-0.40072840452194214,2.7909507751464844,-0.12095748633146286,2.9119082614779472,0.018677182495594025,0.023995939642190933,1.4528632164001465e-05,0.0
22.230769230769234,1,1,1,1.0,0,False,0,False,1.439562439918518,2.585333824157715,-1.1457713842391968,-1.5208948850631714,-2.5554635524749756,1.0345686674118042,-0.9743674993515015,-0.5736403465270996,-0.40072715282440186,2.7909507751464844,-0.12095845490694046,2.911909230053425,0.018677212297916412,0.02399594709277153,9.927898645401001e-06,0.0
22.30769230769231,1,1,1,1.0,0,False,0,False,1.439562439918518,2.585333824157715,-1.1457713842391968,-1.5208948850631714,-2.5554635524749756,1.0345686674118042,-0.9743674993515015,-0.5736450552940369,-0.4007224440574646,2.7909507751464844,-0.12095929682254791,2.9119100719690323,0.018677182495594025,0.023995954543352127,9.927898645401001e-06,0.0
22.384615384615387,1,1,1,1.0,0,False,0,False,1.439562439918518,2.585333824157715,-1.1457713842391968,-1.5208948850631714,-2.5554635524749756,1.0345686674118042,-0.9743674993515015,-0.5736483335494995,-0.40071916580200195,2.7909507751464844,-0.1209600418806076,2.911910817027092,0.01867719739675522,0.023995939642190933,1.3075768947601318e-05,0.0
22.461538461538463,1,1,1,1.0,0,False,0,False,1.439562439918518,2.585333824157715,-1.1457713842391968,-1.5208948850631714,-2.5554609298706055,1.034566044807434,-0.9743674993515015,-0.5736492276191711,-0.4007182717323303,2.7909507751464844,-0.12096025049686432,2.9119110256433487,0.018677137792110443,0.02399589493870735,1.5497207641601562e-05,0.0
22.53846153846154,1,1,1,1.0,0,False,0,False,1.439562439918518,2.585333824157715,-1.1457713842391968,-1.5208948850631714,-2.555457830429077,1.0345629453659058,-0.9743674993515015,-0.5736482739448547,-0.40071922540664673,2.7909507751464844,-0.12096039950847626,2.9119111746549606,0.018677018582820892,0.023995842784643173,1.0654330253601074e-05,0.0
22.615384615384617,1,1,1,1.0,0,False,0,False,1.439562439918518,2.585333824157715,-1.1457713842391968,-1.5208948850631714,-2.555457830429077,1.0345629453659058,-0.9743674993515015,-0.5736467838287354,-0.4007207155227661,2.7909507751464844,-0.12096048146486282,2.911911256611347,0.01867689937353134,0.02399582788348198,2.0097941160202026e-05,0.0
22.692307692307693,1,1,1,1.0,0,False,0,False,1.439562439918518,2.585333824157715,-1.1457713842391968,-1.5208948850631714,-2.555457830429077,1.0345629453659058,-0.9743674993515015,-0.573644757270813,-0.4007227420806885,2.7909507751464844,-0.12096100300550461,2.911911778151989,0.01867661625146866,0.023995887488126755,1.4225952327251434e-05,0.0
22.76923076923077,1,1,1,1.0,0,False,0,False,1.439562439918518,2.585333824157715,-1.1457713842391968,-1.5208948850631714,-2.555457830429077,1.0345629453659058,-0.9743674993515015,-0.573645830154419,-0.4007216691970825,2.7909507751464844,-0.12096206843852997,2.9119128435850143,0.018676243722438812,0.023995976895093918,2.052169293165207e-05,0.0
22.846153846153847,1,1,1,1.0,0,False,0,False,1.439562439918518,2.585333824157715,-1.1457713842391968,-1.5208948850631714,-2.555457830429077,1.0345629453659058,-0.9743674993515015,-0.5736474990844727,-0.4007200002670288,2.7909507751464844,-0.12096299976110458,2.911913774907589,0.018676050007343292,0.023996058851480484,1.3075768947601318e-05,0.0
22.923076923076923,1,1,1,1.0,0,False,0,False,1.439562439918518,2.585333824157715,-1.1457713842391968,-1.5208948850631714,-2.555457830429077,1.0345629453659058,-0.9743674993515015,-0.5736480951309204,-0.40071940422058105,2.7909507751464844,-0.12096361070871353,2.911914385855198,0.01867573708295822,0.023996036499738693,1.598149538040161e-05,0.0
23.0,1,1,1,1.0,0,False,0,False,1.439562439918518,2.585333824157715,-1.1457713842391968,-1.5208948850631714,-2.555457830429077,1.0345629453659058,-0.9743674993515015,-0.5736474394798279,-0.40072005987167353,2.7909507751464844,-0.12096419930458069,2.911914974451065,0.018675364553928375,0.023995954543352127,1.259148120880127e-05,0.0
23.076923076923077,1,1,1,1.0,0,False,0,False,1.439562439918518,2.585333824157715,-1.1457713842391968,-1.5208948850631714,-2.555457830429077,1.0345629453659058,-0.9743674993515015,-0.5736457109451294,-0.40072178840637207,2.7909507751464844,-0.12096517533063889,2.9119159504771233,0.018675200641155243,0.023995887488126755,1.5920959413051605e-05,0.0
23.153846153846157,1,1,1,1.0,0,False,0,False,1.439562439918518,2.585333824157715,-1.1457713842391968,-1.5208948850631714,-2.555457830429077,1.0345629453659058,-0.9743674993515015,-0.5736433267593384,-0.4007241725921631,2.7909507751464844,-0.12096633017063141,2.911917105317116,0.018675275146961212,0.02399587258696556,1.041218638420105e-05,0.0
23.230769230769234,1,1,1,1.0,0,False,0,False,1.439562439918518,2.585333824157715,-1.1457713842391968,-1.5208948850631714,-2.555457830429077,1.0345629453659058,-0.9743674993515015,-0.5736415386199951,-0.40072596073150635,2.7909507751464844,-0.12096742540597916,2.9119182005524635,0.018675394356250763,0.023995880037546158,1.1622905731201172e-05,0.0
23.30769230769231,1,1,1,1.0,0,False,0,False,1.439562439918518,2.585333824157715,-1.1457713842391968,-1.5208948850631714,-2.555457830429077,1.0345629453659058,-0.9743674993515015,-0.573641300201416,-0.40072619915008545,2.7909507751464844,-0.12096823006868362,2.911919005215168,0.01867515593767166,0.02399589493870735,1.2409873306751251e-05,0.0
23.384615384615387,1,1,1,1.0,0,False,0,False,1.439562439918518,2.585333824157715,-1.1457713842391968,-1.5208948850631714,-2.555457830429077,1.0345629453659058,-0.9743674993515015,-0.5736449360847473,-0.4007225632667541,2.7909507751464844,-0.12096861004829407,2.9119193851947784,0.01867511123418808,0.023995857685804367,1.1865049600601196e-05,0.0
23.461538461538463,1,1,1,1.0,0,False,0,False,1.439562439918518,2.585333824157715,-1.1457713842391968,-1.5208948850631714,-2.555453300476074,1.0345584154129028,-0.9743674993515015,-0.5736463665962219,-0.40072113275527954,2.7909507751464844,-0.12096867710351944,2.911919452250004,0.01867496222257614,0.023995760828256607,7.082708179950714e-06,0.0
23.53846153846154,1,1,1,1.0,0,False,0,False,1.439562439918518,2.585333824157715,-1.1457713842391968,-1.5208948850631714,-2.5554468631744385,1.034551978111267,-0.9743674993515015,-0.5736457705497742,-0.4007217288017273,2.7909507751464844,-0.1209687665104866,2.911919541656971,0.01867491751909256,0.023995619267225266,1.5133991837501526e-05,0.0
23.615384615384617,1,1,1,1.0,0,False,0,False,1.439562439918518,2.585333824157715,-1.1457713842391968,-1.5208948850631714,-2.555438756942749,1.0345438718795776,-0.9743674993515015,-0.5736446976661682,-0.40072280168533325,2.7909507751464844,-0.12096890807151794,2.9119196832180023,0.01867487281560898,0.02399551495909691,1.041218638420105e-05,0.0
23.692307692307693,1,1,1,1.0,0,False,0,False,1.439562439918518,2.585333824157715,-1.1457713842391968,-1.5208948850631714,-2.5554378032684326,1.0345429182052612,-0.9743674993515015,-0.573642909526825,-0.4007245898246765,2.7909507751464844,-0.120969757437706,2.9119205325841904,0.01867479830980301,0.023995500057935715,1.4710240066051483e-05,0.0
23.76923076923077,1,1,1,1.0,0,False,0,False,1.439562439918518,2.585333824157715,-1.1457713842391968,-1.5208948850631714,-2.5554378032684326,1.0345429182052612,-0.9743674993515015,-0.5736450552940369,-0.4007224440574646,2.7909507751464844,-0.12097123265266418,2.9119220077991486,0.01867472380399704,0.023995552211999893,1.1622905731201172e-05,0.0
23.846153846153847,1,1,1,1.0,0,False,0,False,1.439562439918518,2.585333824157715,-1.1457713842391968,-1.5208948850631714,-2.5554378032684326,1.0345429182052612,-0.9743674993515015,-0.573647141456604,-0.40072035789489746,2.7909507751464844,-0.1209726482629776,2.911923423409462,0.018674664199352264,0.023995619267225266,1.1865049600601196e-05,0.0
23.923076923076923,1,1,1,1.0,0,False,0,False,1.439562439918518,2.585333824157715,-1.1457713842391968,-1.5208948850631714,-2.5554378032684326,1.0345429182052612,-0.9743674993515015,-0.5736472010612488,-0.4007202982902527,2.7909507751464844,-0.1209738552570343,2.9119246304035187,0.018674589693546295,0.023995626717805862,1.6223639249801636e-05,0.0
24.0,1,1,1,1.0,0,False,0,False,1.439562439918518,2.585333824157715,-1.1457713842391968,-1.5208948850631714,-2.5554378032684326,1.0345429182052612,-0.9743674993515015,-0.5736468434333801,-0.40072065591812134,2.7909507751464844,-0.12097476422786713,2.9119255393743515,0.018674500286579132,0.023995567113161087,1.259148120880127e-05,0.0
24.076923076923077,1,1,1,1.0,0,False,0,False,1.439562439918518,2.585333824157715,-1.1457713842391968,-1.5208948850631714,-2.5554378032684326,1.0345429182052612,-0.9743674993515015,-0.5736446976661682,-0.40072280168533325,2.7909507751464844,-0.12097551673650742,2.911926291882992,0.018674470484256744,0.02399551495909691,1.2349337339401245e-05,0.0
24.153846153846157,1,1,1,1.0,0,False,0,False,1.439562439918518,2.585333824157715,-1.1457713842391968,-1.5208948850631714,-2.5554378032684326,1.0345429182052612,-0.9743674993515015,-0.5736441016197205,-0.400723397731781,2.7909507751464844,-0.12097625434398651,2.911927029490471,0.018674470484256744,0.02399550750851631,1.0593794286251068e-05,0.0
24.230769230769234,1,1,1,1.0,0,False,0,False,1.439562439918518,2.585333824157715,-1.1457713842391968,-1.5208948850631714,-2.5554378032684326,1.0345429182052612,-0.9743674993515015,-0.573645830154419,-0.4007216691970825,2.7909507751464844,-0.12097709625959396,2.9119278714060783,0.018674515187740326,0.023995529860258102,1.1622905731201172e-05,0.0
24.30769230769231,1,1,1,1.0,0,False,0,False,1.439562439918518,2.585333824157715,-1.1457713842391968,-1.5208948850631714,-2.5554378032684326,1.0345429182052612,-0.9743674993515015,-0.5736453533172607,-0.4007221460342407,2.7909507751464844,-0.12097782641649246,2.911928601562977,0.01867438107728958,0.023995552211999893,5.5693089962005615e-06,0.0
24.384615384615387,1,1,1,1.0,0,False,0,False,1.439562439918518,2.585333824157715,-1.1457713842391968,-1.5208948850631714,-2.5554378032684326,1.0345429182052612,-0.9743674993515015,-0.5736442804336548,-0.4007232189178467,2.7909507751464844,-0.12097838521003723,2.9119291603565216,0.018674112856388092,0.023995544761419296,9.988434612751007e-06,0.0
24.461538461538463,1,1,1,1.0,0,False,0,False,1.439562439918518,2.585333824157715,-1.1457713842391968,-1.5208948850631714,-2.5554378032684326,1.0345429182052612,-0.9743674993515015,-0.5736424922943115,-0.40072500705718994,2.7909507751464844,-0.12097883224487305,2.9119296073913574,0.018674053251743317,0.0239955373108387,1.1380761861801147e-05,0.0
24.53846153846154,1,1,1,1.0,0,False,0,False,1.439562439918518,2.585333824157715,-1.1457713842391968,-1.5208948850631714,-2.5554378032684326,1.0345429182052612,-0.9743674993515015,-0.5736401081085205,-0.40072739124298096,2.7909507751464844,-0.12097926437854767,2.911930039525032,0.018674112856388092,0.0239955373108387,9.685754776000977e-06,0.0
24.615384615384617,1,1,1,1.0,0,False,0,False,1.439562439918518,2.585333824157715,-1.1457713842391968,-1.5208948850631714,-2.5554378032684326,1.0345429182052612,-0.9743674993515015,-0.5736395120620728,-0.4007279872894287,2.7909507751464844,-0.12097974866628647,2.911930523812771,0.018674127757549286,0.023995552211999893,1.2712553143501282e-05,0.0
24.692307692307693,1,1,1,1.0,0,False,0,False,1.439562439918518,2.585333824157715,-1.1457713842391968,-1.5208948850631714,-2.5554378032684326,1.0345429182052612,-0.9743674993515015,-0.5736441016197205,-0.400723397731781,2.7909507751464844,-0.12098006159067154,2.911930836737156,0.018674127757549286,0.023995574563741684,1.0230578482151031e-05,0.0
24.76923076923077,1,1,1,1.0,0,False,0,False,1.439562439918518,2.585333824157715,-1.1457713842391968,-1.5208948850631714,-2.5554378032684326,1.0345429182052612,-0.9743674993515015,-0.573647141456604,-0.40072035789489746,2.7909507751464844,-0.120980404317379,2.9119311794638634,0.018674127757549286,0.02399558201432228,1.846347004175186e-05,0.0
24.846153846153847,1,1,1,1.0,0,False,0,False,1.439562439918518,2.585333824157715,-1.1457713842391968,-1.5208948850631714,-2.5554378032684326,1.0345429182052612,-0.9743674993515015,-0.5736490488052368,-0.40071845054626465,2.7909507751464844,-0.1209806501865387,2.911931425333023,0.018674097955226898,0.023995567113161087,1.1743977665901184e-05,0.0
24.923076923076923,1,1,1,1.0,0,False,0,False,1.439562439918518,2.585333824157715,-1.1457713842391968,-1.5208948850631714,-2.5554378032684326,1.0345429182052612,-0.9743674993515015,-0.5736489295959473,-0.4007185697555542,2.7909507751464844,-0.12098081409931183,2.911931589245796,0.018674038350582123,0.02399551495909691,8.475035429000854e-06,0.0
25.0,1,1,1,1.0,0,False,0,False,1.439562439918518,2.585333824157715,-1.1457713842391968,-1.5208948850631714,-2.5554378032684326,1.0345429182052612,-0.9743674993515015,-0.5736482739448547,-0.40071922540664673,2.7909507751464844,-0.12098114937543869,2.911931924521923,0.01867394894361496,0.023995455354452133,1.3075768947601318e-05,0.0
25.076923076923077,1,1,1,1.0,0,False,0,False,1.439562439918518,2.585333824157715,-1.1457713842391968,-1.5208948850631714,-2.5554378032684326,1.0345429182052612,-0.9743674993515015,-0.5736459493637085,-0.40072154998779297,2.7909507751464844,-0.12098193913698196,2.9119327142834663,0.01867406815290451,0.02399544045329094,2.3972243070602417e-05,0.0
25.153846153846157,1,1,1,1.0,0,False,0,False,1.439562439918518,2.585333824157715,-1.1457713842391968,-1.5208948850631714,-2.5554378032684326,1.0345429182052612,-0.9743674993515015,-0.5736451745033264,-0.4007223248481751,2.7909507751464844,-0.12098337709903717,2.9119341522455215,0.018674097955226898,0.023995477706193924,8.051283657550812e-06,0.0
25.230769230769234,1,1,1,1.0,0,False,0,False,1.439562439918518,2.585333824157715,-1.1457713842391968,-1.5208948850631714,-2.5554378032684326,1.0345429182052612,-0.9743674993515015,-0.5736474990844727,-0.4007200002670288,2.7909507751464844,-0.1209845021367073,2.9119352772831917,0.01867414265871048,0.023995544761419296,2.251937985420227e-05,0.0
25.30769230769231,1,1,1,1.0,0,False,0,False,1.439562439918518,2.585333824157715,-1.1457713842391968,-1.5208948850631714,-2.5554378032684326,1.0345429182052612,-0.9743674993515015,-0.5736480951309204,-0.40071940422058105,2.7909507751464844,-0.1209855005145073,2.9119362756609917,0.018674083054065704,0.023995567113161087,1.0835938155651093e-05,0.0
25.384615384615387,1,1,1,1.0,0,False,0,False,1.439562439918518,2.585333824157715,-1.1457713842391968,-1.5208948850631714,-2.5554378032684326,1.0345429182052612,-0.9743674993515015,-0.5736477375030518,-0.4007197618484497,2.7909507751464844,-0.12098624557256699,2.9119370207190514,0.018674038350582123,0.0239955373108387,1.1683441698551178e-05,0.0
25.461538461538463,1,1,1,1.0,0,False,0,False,1.439562439918518,2.585333824157715,-1.1457713842391968,-1.5208948850631714,-2.5554378032684326,1.0345429182052612,-0.9743674993515015,-0.5736468434333801,-0.40072065591812134,2.7909507751464844,-0.12098684161901474,2.911937616765499,0.01867402344942093,0.023995500057935715,1.4468096196651459e-05,0.0
25.53846153846154,1,1,1,1.0,0,False,0,False,1.439562439918518,2.585333824157715,-1.1457713842391968,-1.5208948850631714,-2.5554378032684326,1.0345429182052612,-0.9743674993515015,-0.5736448764801025,-0.4007226228713989,2.7909507751464844,-0.12098745256662369,2.911938227713108,0.01867402344942093,0.023995500057935715,8.23289155960083e-06,0.0
25.615384615384617,1,1,1,1.0,0,False,0,False,1.439562439918518,2.585333824157715,-1.1457713842391968,-1.5208948850631714,-2.5554378032684326,1.0345429182052612,-0.9743674993515015,-0.5736455321311951,-0.4007219672203064,2.7909507751464844,-0.12098801136016846,2.911938786506653,0.018674097955226898,0.023995544761419296,9.201467037200928e-06,0.0
25.692307692307693,1,1,1,1.0,0,False,0,False,1.439562439918518,2.585333824157715,-1.1457713842391968,-1.5208948850631714,-2.5554378032684326,1.0345429182052612,-0.9743674993515015,-0.5736482739448547,-0.40071922540664673,2.7909507751464844,-0.12098831683397293,2.9119390919804573,0.018673934042453766,0.02399561181664467,1.1380761861801147e-05,0.0
25.76923076923077,1,1,1,1.0,0,False,0,False,1.439562439918518,2.585333824157715,-1.1457713842391968,-1.5208948850631714,-2.5554378032684326,1.0345429182052612,-0.9743674993515015,-0.5736486911773682,-0.4007188081741333,2.7909507751464844,-0.12098854780197144,2.911939322948456,0.018673665821552277,0.02399563416838646,1.1622905731201172e-05,0.0
25.846153846153847,1,1,1,1.0,0,False,0,False,1.439562439918518,2.585333824157715,-1.1457713842391968,-1.5208948850631714,-2.5554378032684326,1.0345429182052612,-0.9743674993515015,-0.5736478567123413,-0.40071964263916016,2.7909507751464844,-0.12098856270313263,2.911939337849617,0.018673457205295563,0.02399561181664467,1.6526319086551666e-05,0.0
25.923076923076923,1,1,1,1.0,0,False,0,False,1.439562439918518,2.585333824157715,-1.1457713842391968,-1.5208948850631714,-2.5554378032684326,1.0345429182052612,-0.9743674993515015,-0.5736460089683533,-0.40072149038314814,2.7909507751464844,-0.12098865956068039,2.9119394347071648,0.018673501908779144,0.023995589464902878,1.5497207641601562e-05,0.0
26.0,1,1,1,1.0,0,False,0,False,1.439562439918518,2.585333824157715,-1.1457713842391968,-1.5208948850631714,-2.5554378032684326,1.0345429182052612,-0.9743674993515015,-0.5736446380615234,-0.400722861289978,2.7909507751464844,-0.12098874151706696,2.9119395166635513,0.01867356151342392,0.02399561181664467,1.3075768947601318e-05,0.0
26.076923076923077,1,1,1,1.0,0,False,0,False,1.439562439918518,2.585333824157715,-1.1457713842391968,-1.5208948850631714,-2.5554378032684326,1.0345429182052612,-0.9743674993515015,-0.5736481547355652,-0.4007193446159362,2.7909507751464844,-0.12098903954029083,2.911939814686775,0.018673576414585114,0.02399565652012825,7.264316082000732e-06,0.0
26.153846153846157,1,1,1,1.0,0,False,0,False,1.439562439918518,2.585333824157715,-1.1457713842391968,-1.5208948850631714,-2.5554378032684326,1.0345429182052612,-0.9743674993515015,-0.5736487507820129,-0.4007187485694885,2.7909507751464844,-0.12098930776119232,2.9119400829076767,0.018673591315746307,0.023995686322450638,8.656643331050873e-06,0.0
26.230769230769234,1,1,1,1.0,0,False,0,False,1.439562439918518,2.585333824157715,-1.1457713842391968,-1.5208948850631714,-2.5554378032684326,1.0345429182052612,-0.9743674993515015,-0.5736482739448547,-0.40071922540664673,2.7909507751464844,-0.12098933756351471,2.911940112709999,0.018673546612262726,0.02399565652012825,1.3560056686401367e-05,0.0
26.30769230769231,1,1,1,1.0,0,False,0,False,1.439562439918518,2.585333824157715,-1.1457713842391968,-1.5208948850631714,-2.5554378032684326,1.0345429182052612,-0.9743674993515015,-0.573647141456604,-0.40072035789489746,2.7909507751464844,-0.12098939716815948,2.911940172314644,0.018673427402973175,0.02399560436606407,1.041218638420105e-05,0.0
26.384615384615387,1,1,1,1.0,0,False,0,False,1.439562439918518,2.585333824157715,-1.1457713842391968,-1.5208948850631714,-2.5554378032684326,1.0345429182052612,-0.9743674993515015,-0.5736451148986816,-0.4007223844528198,2.7909507751464844,-0.1209898591041565,2.911940634250641,0.018673501908779144,0.023995567113161087,1.1138617992401123e-05,0.0
26.461538461538463,1,1,1,1.0,0,False,0,False,1.439562439918518,2.585333824157715,-1.1457713842391968,-1.5208948850631714,-2.5554378032684326,1.0345429182052612,-0.9743674993515015,-0.5736457109451294,-0.40072178840637207,2.7909507751464844,-0.12099052220582962,2.911941297352314,0.01867375522851944,0.023995567113161087,1.150183379650116e-05,0.0
26.53846153846154,1,1,1,1.0,0,False,0,False,1.439562439918518,2.585333824157715,-1.1457713842391968,-1.5208948850631714,-2.5554378032684326,1.0345429182052612,-0.9743674993515015,-0.5736463665962219,-0.40072113275527954,2.7909507751464844,-0.12099112570285797,2.9119419008493423,0.01867379993200302,0.02399560436606407,7.748603820800781e-06,0.0
26.615384615384617,1,1,1,1.0,0,False,0,False,1.439562439918518,2.585333824157715,-1.1457713842391968,-1.5208948850631714,-2.5554378032684326,1.0345429182052612,-0.9743674993515015,-0.5736457705497742,-0.4007217288017273,2.7909507751464844,-0.12099163979291916,2.9119424149394035,0.01867375522851944,0.02399558201432228,2.034008502960205e-05,0.0
26.692307692307693,1,1,1,1.0,0,False,0,False,1.439562439918518,2.585333824157715,-1.1457713842391968,-1.5208948850631714,-2.5554378032684326,1.0345429182052612,-0.9743674993515015,-0.57364422082901,-0.40072327852249146,2.7909507751464844,-0.12099196016788483,2.911942735314369,0.018673725426197052,0.0239955373108387,1.2349337339401245e-05,0.0
26.76923076923077,1,1,1,1.0,0,False,0,False,1.439562439918518,2.585333824157715,-1.1457713842391968,-1.5208948850631714,-2.5554378032684326,1.0345429182052612,-0.9743674993515015,-0.5736430883407593,-0.4007244110107422,2.7909507751464844,-0.1209922581911087,2.911943033337593,0.018673725426197052,0.02399551495909691,1.3560056686401367e-05,0.0
26.846153846153847,1,1,1,1.0,0,False,0,False,1.439562439918518,2.585333824157715,-1.1457713842391968,-1.5208948850631714,-2.5554378032684326,1.0345429182052612,-0.9743674993515015,-0.5736467242240906,-0.40072077512741083,2.7909507751464844,-0.12099257111549377,2.911943346261978,0.018673725426197052,0.023995522409677505,5.085021257400513e-06,0.0
26.923076923076923,1,1,1,1.0,0,False,0,False,1.439562439918518,2.585333824157715,-1.1457713842391968,-1.5208948850631714,-2.5554378032684326,1.0345429182052612,-0.9743674993515015,-0.5736474990844727,-0.4007200002670288,2.7909507751464844,-0.12099295109510422,2.9119437262415886,0.01867379993200302,0.0239955373108387,8.959323167800903e-06,0.0
27.0,1,1,1,1.0,0,False,0,False,1.439562439918518,2.585333824157715,-1.1457713842391968,-1.5208948850631714,-2.5554378032684326,1.0345429182052612,-0.9743674993515015,-0.5736472606658936,-0.4007202386856079,2.7909507751464844,-0.1209929808974266,2.911943756043911,0.018673650920391083,0.023995522409677505,1.9371509552001953e-05,0.0
27.07692307692308,1,1,1,1.0,0,False,0,False,1.439562439918518,2.585333824157715,-1.1457713842391968,-1.5208948850631714,-2.5554378032684326,1.0345429182052612,-0.9743674993515015,-0.5736463665962219,-0.40072113275527954,2.7909507751464844,-0.12099283933639526,2.9119436144828796,0.01867356151342392,0.02399550750851631,9.443610906600952e-06,0.0
27.153846153846157,1,1,1,1.0,0,False,0,False,1.439562439918518,2.585333824157715,-1.1457713842391968,-1.5208948850631714,-2.5554378032684326,1.0345429182052612,-0.9743674993515015,-0.5736444592475891,-0.40072304010391235,2.7909507751464844,-0.12099268287420273,2.911943458020687,0.018673591315746307,0.023995522409677505,9.443610906600952e-06,0.0
27.230769230769234,1,1,1,1.0,0,False,0,False,1.439562439918518,2.585333824157715,-1.1457713842391968,-1.5208948850631714,-2.5554378032684326,1.0345429182052612,-0.9743674993515015,-0.5736451745033264,-0.4007223248481751,2.7909507751464844,-0.12099266797304153,2.911943443119526,0.01867368072271347,0.023995574563741684,8.475035429000854e-06,0.0
27.30769230769231,1,1,1,1.0,0,False,0,False,1.439562439918518,2.585333824157715,-1.1457713842391968,-1.5208948850631714,-2.5554378032684326,1.0345429182052612,-0.9743674993515015,-0.5736479759216309,-0.4007195234298706,2.7909507751464844,-0.12099268287420273,2.911943458020687,0.018673710525035858,0.02399563416838646,1.1865049600601196e-05,0.0
27.384615384615387,1,1,1,1.0,0,False,0,False,1.439562439918518,2.585333824157715,-1.1457713842391968,-1.5208948850631714,-2.5554378032684326,1.0345429182052612,-0.9743674993515015,-0.5736484527587891,-0.4007190465927124,2.7909507751464844,-0.12099269777536392,2.9119434729218483,0.018673725426197052,0.02399565652012825,7.990747690200806e-06,0.0
27.461538461538463,1,1,1,1.0,0,False,0,False,1.439562439918518,2.585333824157715,-1.1457713842391968,-1.5208948850631714,-2.5554378032684326,1.0345429182052612,-0.9743674993515015,-0.573647677898407,-0.4007198214530945,2.7909507751464844,-0.12099244445562363,2.911943219602108,0.018673695623874664,0.02399561181664467,1.3075768947601318e-05,0.0
27.53846153846154,1,1,1,1.0,0,False,0,False,1.439562439918518,2.585333824157715,-1.1457713842391968,-1.5208948850631714,-2.5554378032684326,1.0345429182052612,-0.9743674993515015,-0.5736458897590637,-0.40072160959243774,2.7909507751464844,-0.12099214643239975,2.911942921578884,0.01867363601922989,0.02399555966258049,5.5693089962005615e-06,0.0
27.615384615384617,1,1,1,1.0,0,False,0,False,1.439562439918518,2.585333824157715,-1.1457713842391968,-1.5208948850631714,-2.5554378032684326,1.0345429182052612,-0.9743674993515015,-0.5736445188522339,-0.4007229804992676,2.7909507751464844,-0.1209920197725296,2.911942794919014,0.01867363601922989,0.0239955373108387,7.748603820800781e-06,0.0
27.692307692307693,1,1,1,1.0,0,False,0,False,1.439562439918518,2.585333824157715,-1.1457713842391968,-1.5208948850631714,-2.5554378032684326,1.0345429182052612,-0.9743674993515015,-0.5736460089683533,-0.40072149038314814,2.7909507751464844,-0.1209920197725296,2.911942794919014,0.01867368072271347,0.023995544761419296,8.898787200450897e-06,0.0
27.76923076923077,1,1,1,1.0,0,False,0,False,1.439562439918518,2.585333824157715,-1.1457713842391968,-1.5208948850631714,-2.5554378032684326,1.0345429182052612,-0.9743674993515015,-0.573645830154419,-0.4007216691970825,2.7909507751464844,-0.1209920197725296,2.911942794919014,0.018673665821552277,0.02399551495909691,8.53557139635086e-06,0.0
27.846153846153847,1,1,1,1.0,0,False,0,False,1.439562439918518,2.585333824157715,-1.1457713842391968,-1.5208948850631714,-2.5554378032684326,1.0345429182052612,-0.9743674993515015,-0.5736450552940369,-0.4007224440574646,2.7909507751464844,-0.12099199742078781,2.911942772567272,0.018673591315746307,0.023995447903871536,1.0654330253601074e-05,0.0
27.923076923076923,1,1,1,1.0,0,False,0,False,1.439562439918518,2.585333824157715,-1.1457713842391968,-1.5208948850631714,-2.5554378032684326,1.0345429182052612,-0.9743674993515015,-0.573643147945404,-0.4007243514060974,2.7909507751464844,-0.12099219858646393,2.9119429737329483,0.01867356151342392,0.023995373398065567,8.475035429000854e-06,0.0
28.0,1,1,1,1.0,0,False,0,False,1.439562439918518,2.585333824157715,-1.1457713842391968,-1.5208948850631714,-2.5554378032684326,1.0345429182052612,-0.9743674993515015,-0.5736441016197205,-0.400723397731781,2.7909507751464844,-0.12099277228116989,2.9119435474276543,0.01867363601922989,0.02399534359574318,1.259148120880127e-05,0.0
28.07692307692308,1,1,1,1.0,0,False,0,False,1.439562439918518,2.585333824157715,-1.1457713842391968,-1.5208948850631714,-2.5554378032684326,1.0345429182052612,-0.9743674993515015,-0.5736469030380249,-0.40072059631347656,2.7909507751464844,-0.12099334597587585,2.9119441211223602,0.018673725426197052,0.023995351046323776,7.506459951400757e-06,0.0
28.153846153846157,1,1,1,1.0,0,False,0,False,1.439562439918518,2.585333824157715,-1.1457713842391968,-1.5208948850631714,-2.5554378032684326,1.0345429182052612,-0.9743674993515015,-0.5736475586891174,-0.40071994066238403,2.7909507751464844,-0.12099388241767883,2.911944657564163,0.01867368072271347,0.023995328694581985,1.2833625078201294e-05,0.0
28.230769230769234,1,1,1,1.0,0,False,0,False,1.439562439918518,2.585333824157715,-1.1457713842391968,-1.5208948850631714,-2.5554378032684326,1.0345429182052612,-0.9743674993515015,-0.5736469030380249,-0.40072059631347656,2.7909507751464844,-0.1209941953420639,2.9119449704885483,0.0186736062169075,0.023995291441679,1.3015232980251312e-05,0.0
28.30769230769231,1,1,1,1.0,0,False,0,False,1.439562439918518,2.585333824157715,-1.1457713842391968,-1.5208948850631714,-2.5554378032684326,1.0345429182052612,-0.9743674993515015,-0.5736452341079712,-0.4007222652435303,2.7909507751464844,-0.12099448591470718,2.9119452610611916,0.018673591315746307,0.023995276540517807,1.0170042514801025e-05,0.0
28.384615384615387,1,1,1,1.0,0,False,0,False,1.439562439918518,2.585333824157715,-1.1457713842391968,-1.5208948850631714,-2.5554378032684326,1.0345429182052612,-0.9743674993515015,-0.5736428499221802,-0.40072464942932123,2.7909507751464844,-0.12099478393793106,2.9119455590844154,0.0186736062169075,0.023995298892259598,8.717179298400879e-06,0.0
28.461538461538463,1,1,1,1.0,0,False,0,False,1.439562439918518,2.585333824157715,-1.1457713842391968,-1.5208948850631714,-2.5554378032684326,1.0345429182052612,-0.9743674993515015,-0.5736410617828369,-0.4007264375686646,2.7909507751464844,-0.12099508196115494,2.9119458571076393,0.01867363601922989,0.023995358496904373,7.990747690200806e-06,0.0
28.53846153846154,1,1,1,1.0,0,False,0,False,1.439562439918518,2.585333824157715,-1.1457713842391968,-1.5208948850631714,-2.5554378032684326,1.0345429182052612,-0.9743674993515015,-0.5736408233642578,-0.40072667598724365,2.7909507751464844,-0.12099502980709076,2.911945804953575,0.0186736062169075,0.023995425552129745,1.0230578482151031e-05,0.0
28.615384615384617,1,1,1,1.0,0,False,0,False,1.439562439918518,2.585333824157715,-1.1457713842391968,-1.5208948850631714,-2.5554378032684326,1.0345429182052612,-0.9743674993515015,-0.5736444592475891,-0.40072304010391235,2.7909507751464844,-0.12099478393793106,2.9119455590844154,0.018673308193683624,0.02399546280503273,7.022172212600708e-06,0.0
28.692307692307693,1,1,1,1.0,0,False,0,False,1.439562439918518,2.585333824157715,-1.1457713842391968,-1.5208948850631714,-2.5554378032684326,1.0345429182052612,-0.9743674993515015,-0.5736459493637085,-0.40072154998779297,2.7909507751464844,-0.12099475413560867,2.911945529282093,0.018673144280910492,0.023995447903871536,7.022172212600708e-06,0.0
28.76923076923077,1,1,1,1.0,0,False,0,False,1.439562439918518,2.585333824157715,-1.1457713842391968,-1.5208948850631714,-2.5554378032684326,1.0345429182052612,-0.9743674993515015,-0.5736455321311951,-0.4007219672203064,2.7909507751464844,-0.12099471688270569,2.91194549202919,0.018673159182071686,0.02399541065096855,1.0896474123001099e-05,0.0
28.846153846153847,1,1,1,1.0,0,False,0,False,1.439562439918518,2.585333824157715,-1.1457713842391968,-1.5208948850631714,-2.5554354190826416,1.0345405340194702,-0.9743674993515015,-0.5736444592475891,-0.40072304010391235,2.7909507751464844,-0.12099461257457733,2.9119453877210617,0.01867317408323288,0.02399538829922676,1.5497207641601562e-05,0.0
28.923076923076923,1,1,1,1.0,0,False,0,False,1.439562439918518,2.585333824157715,-1.1457713842391968,-1.5208948850631714,-2.555428981781006,1.0345340967178345,-0.9743674993515015,-0.5736426711082458,-0.4007248282432556,2.7909507751464844,-0.12099483609199524,2.9119456112384796,0.018673337996006012,0.023995433002710342,1.9613653421401978e-05,0.0
29.0,1,1,1,1.0,0,False,0,False,1.439562439918518,2.585333824157715,-1.1457713842391968,-1.5208948850631714,-2.555428981781006,1.0345340967178345,-0.9743674993515015,-0.5736402869224548,-0.40072721242904663,2.7909507751464844,-0.1209949180483818,2.911945693194866,0.0186736062169075,0.023995522409677505,1.598149538040161e-05,0.0
29.07692307692308,1,1,1,1.0,0,False,0,False,1.439562439918518,2.585333824157715,-1.1457713842391968,-1.5208948850631714,-2.555428981781006,1.0345340967178345,-0.9743674993515015,-0.5736396908760071,-0.4007278084754944,2.7909507751464844,-0.12099503725767136,2.9119458124041557,0.018673650920391083,0.023995619267225266,1.598149538040161e-05,0.0
29.153846153846157,1,1,1,1.0,0,False,0,False,1.439562439918518,2.585333824157715,-1.1457713842391968,-1.5208948850631714,-2.555428981781006,1.0345340967178345,-0.9743674993515015,-0.57364422082901,-0.40072327852249146,2.7909507751464844,-0.12099504470825195,2.9119458198547363,0.018673591315746307,0.023995649069547653,5.145557224750519e-06,0.0
29.230769230769234,1,1,1,1.0,0,False,0,False,1.439562439918518,2.585333824157715,-1.1457713842391968,-1.5208948850631714,-2.555428981781006,1.0345340967178345,-0.9743674993515015,-0.5736472606658936,-0.4007202386856079,2.7909507751464844,-0.12099503725767136,2.9119458124041557,0.018673531711101532,0.02399561181664467,1.5497207641601562e-05,0.0
29.30769230769231,1,1,1,1.0,0,False,0,False,1.439562439918518,2.585333824157715,-1.1457713842391968,-1.5208948850631714,-2.555428981781006,1.0345340967178345,-0.9743674993515015,-0.5736491680145264,-0.4007183313369751,2.7909507751464844,-0.12099495530128479,2.911945730447769,0.018673427402973175,0.0239955373108387,1.1380761861801147e-05,0.0
29.384615384615387,1,1,1,1.0,0,False,0,False,1.439562439918518,2.585333824157715,-1.1457713842391968,-1.5208948850631714,-2.555428981781006,1.0345340967178345,-0.9743674993515015,-0.5736490488052368,-0.40071845054626465,2.7909507751464844,-0.120994932949543,2.9119457080960274,0.018673308193683624,0.023995425552129745,9.201467037200928e-06,0.0
29.461538461538463,1,1,1,1.0,0,False,0,False,1.439562439918518,2.585333824157715,-1.1457713842391968,-1.5208948850631714,-2.555428981781006,1.0345340967178345,-0.9743674993515015,-0.5736483931541443,-0.4007191061973572,2.7909507751464844,-0.1209951639175415,2.911945939064026,0.018673278391361237,0.023995336145162582,9.62521880865097e-06,0.0
29.53846153846154,1,1,1,1.0,0,False,0,False,1.439562439918518,2.585333824157715,-1.1457713842391968,-1.5208948850631714,-2.555428981781006,1.0345340967178345,-0.9743674993515015,-0.573646068572998,-0.4007214307785035,2.7909507751464844,-0.12099587172269821,2.9119466468691826,0.0186733677983284,0.023995328694581985,1.2712553143501282e-05,0.0
29.615384615384617,1,1,1,1.0,0,False,0,False,1.439562439918518,2.585333824157715,-1.1457713842391968,-1.5208948850631714,-2.555428981781006,1.0345340967178345,-0.9743674993515015,-0.5736452341079712,-0.4007222652435303,2.7909507751464844,-0.12099713087081909,2.9119479060173035,0.0186733677983284,0.02399541065096855,1.9371509552001953e-05,0.0
29.692307692307693,1,1,1,1.0,0,False,0,False,1.439562439918518,2.585333824157715,-1.1457713842391968,-1.5208948850631714,-2.555428981781006,1.0345340967178345,-0.9743674993515015,-0.5736475586891174,-0.40071994066238403,2.7909507751464844,-0.1209980919957161,2.9119488671422005,0.018673427402973175,0.023995529860258102,1.041218638420105e-05,0.0
29.76923076923077,1,1,1,1.0,0,False,0,False,1.439562439918518,2.585333824157715,-1.1457713842391968,-1.5208948850631714,-2.555428981781006,1.0345340967178345,-0.9743674993515015,-0.5736481547355652,-0.4007193446159362,2.7909507751464844,-0.12099850922822952,2.911949284374714,0.018673278391361237,0.023995596915483475,1.4589168131351471e-05,0.0
29.846153846153847,1,1,1,1.0,0,False,0,False,1.439562439918518,2.585333824157715,-1.1457713842391968,-1.5208948850631714,-2.555428981781006,1.0345340967178345,-0.9743674993515015,-0.5736477971076965,-0.40071970224380493,2.7909507751464844,-0.12099819630384445,2.911948971450329,0.018673263490200043,0.023995589464902878,1.4347024261951447e-05,0.0
29.923076923076923,1,1,1,1.0,0,False,0,False,1.439562439918518,2.585333824157715,-1.1457713842391968,-1.5208948850631714,-2.555428981781006,1.0345340967178345,-0.9743674993515015,-0.5736469030380249,-0.40072059631347656,2.7909507751464844,-0.12099780142307281,2.911948576569557,0.018673084676265717,0.023995544761419296,9.988434612751007e-06,0.0
30.0,1,1,1,1.0,0,False,0,False,1.439562439918518,2.585333824157715,-1.1457713842391968,-1.5208948850631714,-2.555428981781006,1.0345340967178345,-0.9743674993515015,-0.5736449360847473,-0.4007225632667541,2.7909507751464844,-0.12099757790565491,2.9119483530521393,0.018673084676265717,0.023995529860258102,7.506459951400757e-06,0.0
30.07692307692308,1,1,1,1.0,0,False,0,False,1.439562439918518,2.585333824157715,-1.1457713842391968,-1.5208948850631714,-2.555428981781006,1.0345340967178345,-0.9743674993515015,-0.573642373085022,-0.4007251262664795,2.7909507751464844,-0.12099757045507431,2.9119483456015587,0.018673144280910492,0.023995552211999893,1.2349337339401245e-05,0.0
30.153846153846157,1,1,1,1.0,0,False,0,False,1.439562439918518,2.585333824157715,-1.1457713842391968,-1.5208948850631714,-2.555428981781006,1.0345340967178345,-0.9743674993515015,-0.5736410021781921,-0.4007264971733093,2.7909507751464844,-0.12099762260913849,2.911948397755623,0.018673203885555267,0.02399560436606407,8.475035429000854e-06,0.0
30.230769230769234,1,1,1,1.0,0,False,0,False,1.439562439918518,2.585333824157715,-1.1457713842391968,-1.5208948850631714,-2.555428981781006,1.0345340967178345,-0.9743674993515015,-0.5736432671546936,-0.40072423219680786,2.7909507751464844,-0.12099768221378326,2.9119484573602676,0.018673233687877655,0.02399563416838646,1.1138617992401123e-05,0.0
30.30769230769231,1,1,1,1.0,0,False,0,False,1.439562439918518,2.585333824157715,-1.1457713842391968,-1.5208948850631714,-2.555428981781006,1.0345340967178345,-0.9743674993515015,-0.5736457109451294,-0.40072178840637207,2.7909507751464844,-0.12099768966436386,2.9119484648108482,0.018673233687877655,0.02399563416838646,1.4710240066051483e-05,0.0
30.384615384615387,1,1,1,1.0,0,False,0,False,1.439562439918518,2.585333824157715,-1.1457713842391968,-1.5208948850631714,-2.555428981781006,1.0345340967178345,-0.9743674993515015,-0.5736461281776428,-0.40072137117385864,2.7909507751464844,-0.1209975853562355,2.91194836050272,0.018673278391361237,0.02399558201432228,1.5739351511001587e-05,0.0
30.461538461538463,1,1,1,1.0,0,False,0,False,1.439562439918518,2.585333824157715,-1.1457713842391968,-1.5208948850631714,-2.555428981781006,1.0345340967178345,-0.9743674993515015,-0.573646605014801,-0.40072089433670044,2.7909507751464844,-0.12099727988243103,2.9119480550289154,0.018673203885555267,0.02399550750851631,7.385388016700745e-06,0.0
30.53846153846154,1,1,1,1.0,0,False,0,False,1.439562439918518,2.585333824157715,-1.1457713842391968,-1.5208948850631714,-2.555428981781006,1.0345340967178345,-0.9743674993515015,-0.5736498236656189,-0.4007176756858825,2.7909507751464844,-0.12099713832139969,2.911947913467884,0.018673188984394073,0.023995470255613327,8.717179298400879e-06,0.0
30.615384615384617,1,1,1,1.0,0,False,0,False,1.439562439918518,2.585333824157715,-1.1457713842391968,-1.5208948850631714,-2.555428981781006,1.0345340967178345,-0.9743674993515015,-0.5736487507820129,-0.4007187485694885,2.7909507751464844,-0.12099743634462357,2.911948211491108,0.018673457205295563,0.02399548515677452,1.0957010090351105e-05,0.0
30.692307692307693,1,1,1,1.0,0,False,0,False,1.439562439918518,2.585333824157715,-1.1457713842391968,-1.5208948850631714,-2.555428981781006,1.0345340967178345,-0.9743674993515015,-0.5736472606658936,-0.4007202386856079,2.7909507751464844,-0.12099773436784744,2.911948509514332,0.018673531711101532,0.02399551495909691,8.959323167800903e-06,0.0
30.76923076923077,1,1,1,1.0,0,False,0,False,1.439562439918518,2.585333824157715,-1.1457713842391968,-1.5208948850631714,-2.555428981781006,1.0345340967178345,-0.9743674993515015,-0.5736452341079712,-0.4007222652435303,2.7909507751464844,-0.120997853577137,2.9119486287236214,0.018673472106456757,0.023995529860258102,1.2530945241451263e-05,0.0
30.846153846153847,1,1,1,1.0,0,False,0,False,1.439562439918518,2.585333824157715,-1.1457713842391968,-1.5208948850631714,-2.555428981781006,1.0345340967178345,-0.9743674993515015,-0.5736427307128906,-0.40072476863861084,2.7909507751464844,-0.12099789828062057,2.911948673427105,0.018673457205295563,0.023995522409677505,1.3560056686401367e-05,0.0
30.923076923076923,1,1,1,1.0,0,False,0,False,1.439562439918518,2.585333824157715,-1.1457713842391968,-1.5208948850631714,-2.555428981781006,1.0345340967178345,-0.9743674993515015,-0.5736414194107056,-0.4007260799407959,2.7909507751464844,-0.12099801003932953,2.911948785185814,0.018673457205295563,0.02399550750851631,1.1622905731201172e-05,0.0
31.0,1,1,1,1.0,0,False,0,False,1.439562439918518,2.585333824157715,-1.1457713842391968,-1.5208948850631714,-2.555428981781006,1.0345340967178345,-0.9743674993515015,-0.5736392140388489,-0.4007282853126526,2.7909507751464844,-0.12099811434745789,2.9119488894939423,0.01867348700761795,0.02399546280503273,1.259148120880127e-05,0.0
31.07692307692308,1,1,1,1.0,0,False,0,False,1.439562439918518,2.585333824157715,-1.1457713842391968,-1.5208948850631714,-2.555428981781006,1.0345340967178345,-0.9743674993515015,-0.5736374855041504,-0.4007300138473511,2.7909507751464844,-0.12099818885326385,2.9119489639997482,0.018673516809940338,0.023995425552129745,1.1078082025051117e-05,0.0
31.153846153846157,1,1,1,1.0,0,False,0,False,1.439562439918518,2.585333824157715,-1.1457713842391968,-1.5208948850631714,-2.555428981781006,1.0345340967178345,-0.9743674993515015,-0.5736362934112549,-0.4007312059402466,2.7909507751464844,-0.12099821865558624,2.9119489938020706,0.018673516809940338,0.023995373398065567,1.2833625078201294e-05,0.0
31.230769230769234,1,1,1,1.0,0,False,0,False,1.439562439918518,2.585333824157715,-1.1457713842391968,-1.5208948850631714,-2.555428981781006,1.0345340967178345,-0.9743674993515015,-0.5736348032951355,-0.40073269605636597,2.7909507751464844,-0.1209983378648758,2.91194911301136,0.01867356151342392,0.02399534359574318,8.717179298400879e-06,0.0
31.30769230769231,1,1,1,1.0,0,False,0,False,1.439562439918518,2.585333824157715,-1.1457713842391968,-1.5208948850631714,-2.555428981781006,1.0345340967178345,-0.9743674993515015,-0.573634147644043,-0.4007333517074585,2.7909507751464844,-0.1209983378648758,2.91194911301136,0.018673472106456757,0.023995328694581985,1.0835938155651093e-05,0.0
31.384615384615387,1,1,1,1.0,0,False,0,False,1.439562439918518,2.585333824157715,-1.1457713842391968,-1.5208948850631714,-2.555428981781006,1.0345340967178345,-0.9743674993515015,-0.5736328363418579,-0.40073466300964355,2.7909507751464844,-0.1209983080625534,2.911949083209038,0.01867348700761795,0.023995328694581985,1.3317912817001343e-05,0.0
31.461538461538463,1,1,1,1.0,0,False,0,False,1.439562439918518,2.585333824157715,-1.1457713842391968,-1.5208948850631714,-2.555428981781006,1.0345340967178345,-0.9743674993515015,-0.5736326575279236,-0.4007348418235779,2.7909507751464844,-0.12099827080965042,2.911949045956135,0.018673516809940338,0.02399531379342079,1.2470409274101257e-05,0.0
31.53846153846154,1,1,1,1.0,0,False,0,False,1.439562439918518,2.585333824157715,-1.1457713842391968,-1.5208948850631714,-2.555428981781006,1.0345340967178345,-0.9743674993515015,-0.5736314654350281,-0.4007360339164734,2.7909507751464844,-0.12099822610616684,2.911949001252651,0.018673501908779144,0.02399532124400139,1.4468096196651459e-05,0.0
31.615384615384617,1,1,1,1.0,0,False,0,False,1.439562439918518,2.585333824157715,-1.1457713842391968,-1.5208948850631714,-2.555428981781006,1.0345340967178345,-0.9743674993515015,-0.5736321210861206,-0.40073537826538086,2.7909507751464844,-0.12099813669919968,2.911948911845684,0.01867348700761795,0.02399531379342079,1.707114279270172e-05,0.0
31.692307692307693,1,1,1,1.0,0,False,0,False,1.439562439918518,2.585333824157715,-1.1457713842391968,-1.5208948850631714,-2.555428981781006,1.0345340967178345,-0.9743674993515015,-0.5736358761787415,-0.40073162317276,2.7909507751464844,-0.12099798023700714,2.9119487553834915,0.01867348700761795,0.02399531379342079,1.7676502466201782e-05,0.0
31.76923076923077,1,1,1,1.0,0,False,0,False,1.439562439918518,2.585333824157715,-1.1457713842391968,-1.5208948850631714,-2.555428981781006,1.0345340967178345,-0.9743674993515015,-0.5736377239227295,-0.400729775428772,2.7909507751464844,-0.12099777907133102,2.9119485542178154,0.01867344230413437,0.023995298892259598,7.264316082000732e-06,0.0
31.846153846153847,1,1,1,1.0,0,False,0,False,1.439562439918518,2.585333824157715,-1.1457713842391968,-1.5208948850631714,-2.555428981781006,1.0345340967178345,-0.9743674993515015,-0.5736402273178101,-0.4007272720336914,2.7909507751464844,-0.12099777162075043,2.911948546767235,0.018673352897167206,0.023995261639356613,7.990747690200806e-06,0.0
31.923076923076923,1,1,1,1.0,0,False,0,False,1.439562439918518,2.585333824157715,-1.1457713842391968,-1.5208948850631714,-2.555428981781006,1.0345340967178345,-0.9743674993515015,-0.5736426115036011,-0.4007248878479004,2.7909507751464844,-0.12099796533584595,2.9119487404823303,0.018673591315746307,0.023995254188776016,1.3317912817001343e-05,0.0
32.0,1,1,1,1.0,0,False,0,False,1.439562439918518,2.585333824157715,-1.1457713842391968,-1.5208948850631714,-2.555428981781006,1.0345340967178345,-0.9743674993515015,-0.5736432671546936,-0.40072423219680786,2.7909507751464844,-0.12099868804216385,2.9119494631886482,0.01867344230413437,0.023995283991098404,1.4104880392551422e-05,0.0
32.07692307692308,4,0,1,0.024038461968302727,0,False,0,False,1.439562439918518,2.584312915802002,-1.1447504758834839,-1.5208948850631714,-2.5568604469299316,1.0359655618667603,-0.9743674993515015,-0.5736310482025146,-0.40073645114898687,2.7909507751464844,-0.12085482478141785,2.911805599927902,0.01865052431821823,0.024052824825048447,0.00015255063772201538,0.0
32.15384615384615,4,0,1,0.04326923191547394,0,False,0,False,1.439562439918518,2.579646348953247,-1.140083909034729,-1.5208948850631714,-2.5643465518951416,1.0434516668319702,-0.9743674993515015,-0.5736153721809387,-0.40075212717056274,2.7909507751464844,-0.12053130567073822,2.9114820808172226,0.018526993691921234,0.024416226893663406,4.988163709640503e-05,0.0
32.23076923076923,4,0,1,0.0625,0,False,0,False,1.439562439918518,2.571321725845337,-1.1317592859268188,-1.5208948850631714,-2.576357126235962,1.0554622411727905,-0.9743674993515015,-0.5736149549484253,-0.40075254440307617,2.7909507751464844,-0.11982468515634537,2.9107754603028297,0.01836642622947693,0.02498927339911461,4.951842129230499e-05,0.0
32.30769230769231,4,0,1,0.08173078298568726,0,False,0,False,1.439562439918518,2.5604093074798584,-1.1208468675613403,-1.5208948850631714,-2.589513063430786,1.0686181783676147,-0.9743674993515015,-0.5736241340637207,-0.40074336528778076,2.7909507751464844,-0.11881312727928162,2.909763902425766,0.018239915370941162,0.025675546377897263,0.0001407461240887642,0.0
32.38461538461539,4,0,1,0.10096156597137451,0,False,0,False,1.439562439918518,2.548485517501831,-1.108923077583313,-1.5208948850631714,-2.5993106365203857,1.0784157514572144,-0.9743674993515015,-0.5736333727836609,-0.4007341265678405,2.7909507751464844,-0.11847442388534546,2.90942519903183,0.018024571239948273,0.0263667069375515,0.006478559225797653,0.0
32.46153846153846,4,0,1,0.12019234895706177,0,False,0,False,1.439562439918518,2.5376696586608887,-1.0981072187423706,-1.5208948850631714,-2.604058027267456,1.0831631422042847,-0.9743674993515015,-0.5736432075500488,-0.40072429180145264,2.7909507751464844,-0.1199689581990242,2.9109197333455086,0.0177546888589859,0.026965070515871048,0.0052913278341293335,0.0
32.53846153846154,4,0,1,0.13942313194274902,0,False,0,False,1.439562439918518,2.52795672416687,-1.088394284248352,-1.5208948850631714,-2.6060564517974854,1.085161566734314,-0.9743674993515015,-0.5736566185951233,-0.40071088075637823,2.7909507751464844,-0.12207085639238358,2.913021631538868,0.01739790290594101,0.02742568776011467,0.0036144815385341644,0.0
32.61538461538462,4,0,1,0.15865391492843628,0,False,0,False,1.439562439918518,2.5195231437683105,-1.0799607038497925,-1.5208948850631714,-2.6067616939544678,1.0858668088912964,-0.9743674993515015,-0.5736671090126038,-0.4007003903388977,2.7909507751464844,-0.12429425865411758,2.915245033800602,0.016949661076068878,0.027760151773691177,0.002807900309562683,0.0
32.69230769230769,4,0,1,0.17788469791412354,0,False,0,False,1.439562439918518,2.5123307704925537,-1.0727683305740356,-1.5208948850631714,-2.6061577796936035,1.0852628946304321,-0.9743674993515015,-0.5736752152442932,-0.40069228410720825,2.7909507751464844,-0.12659171223640442,2.917542487382889,0.016552753746509552,0.027989652007818222,0.0008676014840602875,0.0
32.769230769230774,4,0,1,0.1971154808998108,0,False,0,False,1.439562439918518,2.5064806938171387,-1.0669182538986206,-1.5208948850631714,-2.6045141220092773,1.083619236946106,-0.9743674993515015,-0.5736798644065857,-0.40068763494491577,2.7909507751464844,-0.12863826751708984,2.919589042663574,0.01633923500776291,0.028140325099229813,0.0011637434363365173,0.0
32.84615384615385,4,0,1,0.21634626388549805,0,False,0,False,1.439562439918518,2.5020222663879395,-1.0624598264694214,-1.5208948850631714,-2.6026861667633057,1.0817912817001343,-0.9743674993515015,-0.5736831426620483,-0.4006843566894531,2.7909507751464844,-0.13021215796470642,2.921162933111191,0.016298867762088776,0.028242547065019608,0.0009998120367527008,0.0
32.92307692307693,4,0,1,0.2355770468711853,0,False,0,False,1.439562439918518,2.49904203414917,-1.0594795942306519,-1.5208948850631714,-2.600419521331787,1.0795246362686157,-0.9743674993515015,-0.5736848711967468,-0.40068262815475464,2.7909507751464844,-0.13152241706848145,2.922473192214966,0.01635827124118805,0.02831743285059929,0.0023763999342918396,0.0
33.0,4,0,1,0.25480780005455017,0,False,0,False,1.439562439918518,2.4975461959838867,-1.0579837560653687,-1.5208948850631714,-2.5980587005615234,1.077163815498352,-0.9743674993515015,-0.5736868381500244,-0.40068066120147705,2.7909507751464844,-0.1326986700296402,2.9236494451761246,0.01651657372713089,0.028377357870340347,0.003082975745201111,0.0
33.07692307692308,4,0,1,0.27403852343559265,0,False,0,False,1.439562439918518,2.4974632263183594,-1.0579007863998413,-1.5208948850631714,-2.59525465965271,1.0743597745895386,-0.9743674993515015,-0.5736871957778931,-0.4006803035736084,2.7909507751464844,-0.13398388028144836,2.9249346554279327,0.016771122813224792,0.028429653495550156,0.0038537196815013885,0.0
33.15384615384615,4,0,1,0.29326924681663513,0,False,0,False,1.439562439918518,2.4985644817352295,-1.0590020418167114,-1.5208948850631714,-2.5923655033111572,1.0714706182479858,-0.9743674993515015,-0.5736881494522095,-0.400679349899292,2.7909507751464844,-0.1351412683725357,2.92609204351902,0.017190411686897278,0.028478670865297318,0.005796439945697784,0.0
33.23076923076923,4,0,1,0.3124999701976776,0,False,0,False,1.439562439918518,2.500532865524292,-1.060970425605774,-1.5208948850631714,-2.589404821395874,1.0685099363327026,-0.9743674993515015,-0.5736876726150513,-0.4006798267364502,2.7909507751464844,-0.13593515753746033,2.9268859326839447,0.017880424857139587,0.02852896973490715,0.006968900561332703,0.0
33.30769230769231,4,0,1,0.3317306935787201,0,False,0,False,1.439562439918518,2.5032002925872803,-1.0636378526687622,-1.5208948850631714,-2.586367130279541,1.0654722452163696,-0.9743674993515015,-0.5736867189407349,-0.4006807804107666,2.7909507751464844,-0.1364433914422989,2.9273941665887833,0.01867491751909256,0.028584841638803482,0.007647387683391571,0.0
33.38461538461539,4,0,1,0.3509614169597626,0,False,0,False,1.439562439918518,2.5064218044281006,-1.0668593645095825,-1.5208948850631714,-2.5833590030670166,1.0624641180038452,-0.9743674993515015,-0.5736861228942871,-0.40068137645721436,2.7909507751464844,-0.13673363626003265,2.927684411406517,0.019522346556186676,0.02864525094628334,0.007963022217154503,0.0
33.46153846153846,4,0,1,0.37019214034080505,0,False,0,False,1.439562439918518,2.510032892227173,-1.0704704523086548,-1.5208948850631714,-2.580444097518921,1.0595492124557495,-0.9743674993515015,-0.573685884475708,-0.40068161487579346,2.7909507751464844,-0.13682465255260468,2.927775427699089,0.02041979879140854,0.0287097729742527,0.008406508713960648,0.0
33.53846153846154,4,0,1,0.38942286372184753,0,False,0,False,1.439562439918518,2.5138230323791504,-1.0742605924606323,-1.5208948850631714,-2.5777785778045654,1.056883692741394,-0.9743674993515015,-0.5736871957778931,-0.4006803035736084,2.7909507751464844,-0.13666048645973206,2.9276112616062164,0.02134411782026291,0.028777528554201126,0.01021895557641983,0.0
33.61538461538462,4,0,1,0.40865358710289,0,False,0,False,1.439562439918518,2.517542600631714,-1.0779801607131958,-1.5208948850631714,-2.575392961502075,1.0544980764389038,-0.9743674993515015,-0.5736895799636841,-0.4006779193878174,2.7909507751464844,-0.1361759603023529,2.9271267354488373,0.02225445955991745,0.028826337307691574,0.013548675924539566,0.0
33.69230769230769,4,0,1,0.4278843104839325,0,False,0,False,1.439562439918518,2.5216498374938965,-1.0820873975753784,-1.5208948850631714,-2.5732803344726562,1.0523854494094849,-0.9743674993515015,-0.5727980732917786,-0.4015694260597229,2.7909507751464844,-0.13590840995311737,2.9268591850996017,0.023174531757831573,0.028467822819948196,0.017102137207984924,0.0
33.769230769230774,4,0,1,0.447115033864975,0,False,0,False,1.439562439918518,2.5259039402008057,-1.0863415002822876,-1.5208948850631714,-2.5713798999786377,1.0504850149154663,-0.9743674993515015,-0.5699881315231323,-0.4043793678283692,2.7909507751464844,-0.13647407293319702,2.9274248480796814,0.024022884666919708,0.028176579624414444,0.007397010922431946,0.0
33.84615384615385,4,0,1,0.46634575724601746,0,False,0,False,1.439562439918518,2.528451681137085,-1.088889241218567,-1.5208948850631714,-2.56960391998291,1.0487090349197388,-0.9743674993515015,-0.5679641366004944,-0.4064033627510071,2.7909507751464844,-0.1364048272371292,2.9273556023836136,0.02479066699743271,0.028133530169725418,0.0026110373437404633,0.0
33.92307692307693,4,0,1,0.48557648062705994,0,False,0,False,1.439562439918518,2.5305628776550293,-1.0910004377365112,-1.5208948850631714,-2.5679495334625244,1.047054648399353,-0.9743674993515015,-0.566035807132721,-0.40833169221878046,2.7909507751464844,-0.13676387071609497,2.9277146458625793,0.025171272456645966,0.028164926916360855,0.0009015016257762909,0.0
34.0,4,0,1,0.5048072338104248,0,False,0,False,1.439562439918518,2.5327837467193604,-1.0932213068008423,-1.5208948850631714,-2.566354274749756,1.0454593896865845,-0.9743674993515015,-0.5638523101806641,-0.4105151891708374,2.7909507751464844,-0.13778899610042572,2.92873977124691,0.02544993907213211,0.028202254325151443,0.0010329857468605042,0.0
34.07692307692308,4,2,1,0.5240380764007568,0,False,0,False,1.439562439918518,2.5351314544677734,-1.0955690145492554,-1.5208948850631714,-2.5645532608032227,1.0436583757400513,-0.9743674993515015,-0.561488687992096,-0.41287881135940546,2.7909507751464844,-0.13934819400310516,2.9302989691495895,0.02576742321252823,0.028221692889928818,0.0010833516716957092,0.0
34.15384615384615,4,2,1,0.5432689189910889,0,False,0,False,1.439562439918518,2.537496566772461,-1.0979341268539429,-1.5208948850631714,-2.5623984336853027,1.0415035486221313,-0.9743674993515015,-0.5590463876724243,-0.41532111167907715,2.7909507751464844,-0.14124350249767303,2.9321942776441574,0.0261482372879982,0.028213363140821457,0.001150909811258316,0.0
34.23076923076923,4,2,1,0.5624997615814209,0,False,0,False,1.439562439918518,2.539821147918701,-1.100258708000183,-1.5208948850631714,-2.5598692893981934,1.038974404335022,-0.9743674993515015,-0.5565718412399292,-0.41779565811157227,2.7909507751464844,-0.1433590054512024,2.9343097805976868,0.026587240397930145,0.02818993106484413,0.0012073293328285217,0.0
34.30769230769231,4,2,1,0.5817306041717529,0,False,0,False,1.439562439918518,2.542081117630005,-1.1025186777114868,-1.5208948850631714,-2.556995153427124,1.0361002683639526,-0.9743674993515015,-0.5540910959243774,-0.420276403427124,2.7909507751464844,-0.14561720192432404,2.9365679770708084,0.02707763761281967,0.02815692499279976,0.0012242794036865234,0.0
34.38461538461539,4,2,1,0.600961446762085,0,False,0,False,1.439562439918518,2.5442569255828857,-1.1046944856643677,-1.5208948850631714,-2.553816556930542,1.0329216718673706,-0.9743674993515015,-0.551633894443512,-0.4227336049079895,2.7909507751464844,-0.14796288311481476,2.938913658261299,0.027613632380962372,0.02811748906970024,0.0012115668505430222,0.0
34.46153846153847,4,2,1,0.620192289352417,0,False,0,False,1.439562439918518,2.546332597732544,-1.1067701578140259,-1.5208948850631714,-2.5503783226013184,1.029483437538147,-0.9743674993515015,-0.5492342710494995,-0.42513322830200195,2.7909507751464844,-0.1503550410270691,2.9413058161735535,0.028189994394779205,0.028073694556951523,0.0011884421110153198,0.0
34.53846153846154,4,2,1,0.639423131942749,0,False,0,False,1.439562439918518,2.54828143119812,-1.108718991279602,-1.5208948850631714,-2.5467138290405273,1.025818943977356,-0.9743674993515015,-0.5469289422035217,-0.42743855714797974,2.7909507751464844,-0.1527625024318695,2.943713277578354,0.028802625834941864,0.02802443876862526,0.0011076871305704117,0.0
34.61538461538462,4,2,1,0.658653974533081,0,False,0,False,1.439562439918518,2.5500874519348145,-1.1105250120162964,-1.5208948850631714,-2.5428619384765625,1.0219670534133911,-0.9743674993515015,-0.544743537902832,-0.4296239614486695,2.7909507751464844,-0.15517260134220123,2.9461233764886856,0.02944967895746231,0.027967121452093124,0.001031775027513504,0.0
34.69230769230769,4,2,1,0.6778848171234131,0,False,0,False,1.439562439918518,2.55173921585083,-1.112176775932312,-1.5208948850631714,-2.5388762950897217,1.0179814100265503,-0.9743674993515015,-0.5426996946334839,-0.4316678047180176,2.7909507751464844,-0.15757542848587036,2.9485262036323547,0.030126087367534637,0.027903806418180466,0.0009667593985795975,0.0
34.769230769230774,4,2,1,0.6971156597137451,0,False,0,False,1.439562439918518,2.5532145500183105,-1.1136521100997925,-1.5208948850631714,-2.5348081588745117,1.0139132738113403,-0.9743674993515015,-0.5408276915550232,-0.43353980779647827,2.7909507751464844,-0.15995538234710693,2.9509061574935913,0.03082684427499771,0.027836475521326065,0.000902591273188591,0.0
34.84615384615385,4,2,1,0.7163465023040771,0,False,0,False,1.439562439918518,2.554511785507202,-1.114949345588684,-1.5208948850631714,-2.530690908432007,1.0097960233688354,-0.9743674993515015,-0.5391497015953064,-0.43521779775619507,2.7909507751464844,-0.16229745745658875,2.953248232603073,0.031547240912914276,0.027766037732362747,0.0007724389433860779,0.0
34.92307692307693,4,2,1,0.7355773448944092,0,False,0,False,1.439562439918518,2.5556578636169434,-1.1160954236984253,-1.5208948850631714,-2.526515483856201,1.0056205987930298,-0.9743674993515015,-0.5376734137535095,-0.43669408559799194,2.7909507751464844,-0.16457496583461761,2.955525740981102,0.032286666333675385,0.02768830582499504,0.0006387755274772644,0.0
35.0,4,2,1,0.7548081874847412,0,False,0,False,1.439562439918518,2.556612014770508,-1.1170495748519897,-1.5208948850631714,-2.522320508956909,1.0014256238937378,-0.9743674993515015,-0.5364083051681519,-0.4379591941833496,2.7909507751464844,-0.16677230596542358,2.957723081111908,0.033041633665561676,0.0276009701192379,0.0005213357508182526,0.0
35.07692307692308,4,2,1,0.7740390300750732,0,False,0,False,1.439562439918518,2.557382345199585,-1.117819905281067,-1.5208948850631714,-2.518160820007324,0.9972659349441528,-0.9743674993515015,-0.5353320837020874,-0.439035415649414,2.7909507751464844,-0.16891920566558838,2.9598699808120728,0.033808059990406036,0.02749839797616005,0.00109025277197361,0.0
35.15384615384615,4,2,1,0.7932698726654053,0,False,0,False,1.439562439918518,2.5578248500823975,-1.1182624101638794,-1.5208948850631714,-2.5140883922576904,0.993193507194519,-0.9743674993515015,-0.5345824360847473,-0.43978506326675415,2.7909507751464844,-0.17103664577007294,2.9619874209165573,0.03459478169679642,0.027398403733968735,0.0004294421523809433,0.0
35.23076923076923,4,2,1,0.8125007152557373,0,False,0,False,1.439562439918518,2.5580477714538574,-1.1184853315353394,-1.5208948850631714,-2.5102591514587402,0.9893642663955688,-0.9743674993515015,-0.5340067744255066,-0.4403607249259949,2.7909507751464844,-0.17305713891983032,2.9640079140663147,0.035372503101825714,0.027281712740659714,0.00025824643671512604,0.0
35.30769230769231,4,2,1,0.8317315578460693,0,False,0,False,1.439562439918518,2.558135747909546,-1.1185733079910278,-1.5208948850631714,-2.5067319869995117,0.9858371019363403,-0.9743674993515015,-0.5335757732391357,-0.4407917261123657,2.7909507751464844,-0.17492645978927612,2.9658772349357605,0.03613229840993881,0.027163680642843246,0.00020073726773262024,0.0
35.38461538461539,4,2,1,0.8509624004364014,0,False,0,False,1.439562439918518,2.558135509490967,-1.1185730695724487,-1.5208948850631714,-2.5035295486450195,0.9826346635818481,-0.9743674993515015,-0.5333202481269836,-0.4410472512245178,2.7909507751464844,-0.17660167813301086,2.9675524532794952,0.03686828166246414,0.027053434401750565,0.00014165416359901428,0.0
35.46153846153847,4,2,1,0.8701932430267334,0,False,0,False,1.439562439918518,2.5580995082855225,-1.1185370683670044,-1.5208948850631714,-2.500680923461914,0.9797860383987426,-0.9743674993515015,-0.5332542657852173,-0.4411132335662842,2.7909507751464844,-0.17806290090084076,2.969013676047325,0.03757374733686447,0.0269521065056324,0.00010763294994831085,0.0
35.53846153846154,4,2,1,0.8894240856170654,0,False,0,False,1.439562439918518,2.5580835342407227,-1.1185210943222046,-1.5208948850631714,-2.498218536376953,0.9773236513137817,-0.9743674993515015,-0.5333801507949829,-0.44098734855651855,2.7909507751464844,-0.17930114269256592,2.9702519178390503,0.038242705166339874,0.026859816163778305,6.24731183052063e-05,0.0
35.61538461538462,4,2,1,0.9086549282073975,0,False,0,False,1.439562439918518,2.55812931060791,-1.118566870689392,-1.5208948850631714,-2.496168375015259,0.9752734899520873,-0.9743674993515015,-0.5336959958076477,-0.4406715035438537,2.7909507751464844,-0.1803129017353058,2.97126367688179,0.03887035697698593,0.026777122169733047,4.443340003490448e-05,0.0
35.69230769230769,4,2,1,0.9278857707977295,0,False,0,False,1.439562439918518,2.558274030685425,-1.1187115907669067,-1.5208948850631714,-2.4945461750030518,0.9736512899398804,-0.9743674993515015,-0.5341984629631042,-0.4401690363883972,2.7909507751464844,-0.1811002939939499,2.9720510691404343,0.039452873170375824,0.02670501545071602,6.961636245250702e-05,0.0
35.769230769230774,4,2,1,0.9471166133880615,0,False,0,False,1.439562439918518,2.558546781539917,-1.118984341621399,-1.5208948850631714,-2.493358612060547,0.9724637269973754,-0.9743674993515015,-0.5348857045173645,-0.43948179483413696,2.7909507751464844,-0.18166881799697876,2.972619593143463,0.03998769074678421,0.02664439007639885,8.456874638795853e-05,0.0
35.84615384615385,4,2,1,0.9663474559783936,0,False,0,False,1.439562439918518,2.558966636657715,-1.1194041967391968,-1.5208948850631714,-2.492600679397583,0.9717057943344116,-0.9743674993515015,-0.5357527732849121,-0.43861472606658936,2.7909507751464844,-0.18202728033065796,2.9729780554771423,0.040473394095897675,0.02659614011645317,9.655486792325974e-05,0.0
35.92307692307693,4,2,1,0.9855782985687256,0,False,0,False,1.439562439918518,2.559584617614746,-1.120022177696228,-1.5208948850631714,-2.4921047687530518,0.9712098836898804,-0.9743674993515015,-0.5367894768714905,-0.437578022480011,2.7909507751464844,-0.18223178386688232,2.9731825590133667,0.04088892787694931,0.026548851281404495,0.00023076310753822327,0.0
36.0,4,2,1,1.0,0,False,0,False,1.439562439918518,2.5603907108306885,-1.1208282709121704,-1.5208948850631714,-2.4918529987335205,0.9709581136703491,-0.9743674993515015,-0.5379870533943176,-0.43638044595718384,2.7909507751464844,-0.18238283693790436,2.9733336120843887,0.04116342216730118,0.026523228734731674,0.00012809410691261292,0.0
36.07692307692308,1,2,2,0.012820513918995857,0,False,0,False,1.439562439918518,2.5613768100738525,-1.1218143701553345,-1.5208948850631714,-2.4919581413269043,0.9710632562637329,-0.9743674993515015,-0.5393897891044617,-0.43497771024703974,2.7909507751464844,-0.18245640397071838,2.9734071791172028,0.04140029102563858,0.026533093303442,5.581416189670563e-05,0.0
36.15384615384615,1,2,2,0.03846153989434242,0,False,0,False,1.439562439918518,2.5621442794799805,-1.1225818395614624,-1.5208948850631714,-2.493407726287842,0.9725128412246704,-0.9743674993515015,-0.5407331585884094,-0.4336343407630921,2.7909507751464844,-0.18127307295799255,2.972223848104477,0.04156745225191116,0.026615571230649948,0.000545852817595005,0.0
36.23076923076923,1,2,2,0.06410256773233414,0,False,0,False,1.439562439918518,2.561688184738159,-1.1221257448196411,-1.5208948850631714,-2.496108055114746,0.9752131700515747,-0.9743674993515015,-0.5421345829963684,-0.4322329163551331,2.7909507751464844,-0.1775442361831665,2.968495011329651,0.04162580519914627,0.026920896023511887,0.0014410587027668953,0.0
36.30769230769231,1,2,2,0.08974359929561615,0,False,0,False,1.439562439918518,2.559566020965576,-1.120003581047058,-1.5208948850631714,-2.498492956161499,0.9775980710983276,-0.9743674993515015,-0.5435413718223572,-0.4308261275291443,2.7909507751464844,-0.17155492305755615,2.9625056982040405,0.04161757975816727,0.02731889858841896,0.0015737535431981087,0.0
36.38461538461539,1,2,2,0.11538463830947876,0,False,0,False,1.439562439918518,2.5565032958984375,-1.1169408559799194,-1.5208948850631714,-2.49923038482666,0.9783354997634888,-0.9743674993515015,-0.5441507697105408,-0.4302167296409607,2.7909507751464844,-0.16390199959278107,2.9548527747392654,0.04152802377939224,0.027600664645433426,0.0009244447574019432,0.0
36.46153846153847,1,2,2,0.14102569222450256,0,False,0,False,1.439562439918518,2.553150177001953,-1.113587737083435,-1.5208948850631714,-2.498499870300293,0.9776049852371216,-0.9743674993515015,-0.5431848168373108,-0.4311826825141907,2.7909507751464844,-0.1556023210287094,2.946553096175194,0.04140780121088028,0.027584176510572433,0.0007417472079396248,0.0
36.53846153846154,1,2,2,0.16666673123836517,0,False,0,False,1.439562439918518,2.5498430728912354,-1.1102806329727173,-1.5208948850631714,-2.4975509643554688,0.9766560792922974,-0.9743674993515015,-0.5412208437919617,-0.43314665555953974,2.7909507751464844,-0.1475103497505188,2.938461124897003,0.0413309708237648,0.027447018772363663,0.00035552773624658585,0.0
36.61538461538462,1,2,2,0.19230777025222778,0,False,0,False,1.439562439918518,2.546654462814331,-1.107092022895813,-1.5208948850631714,-2.4972727298736572,0.976377844810486,-0.9743674993515015,-0.5394603610038757,-0.43490713834762573,2.7909507751464844,-0.14007282257080078,2.931023597717285,0.0412660613656044,0.027314331382513046,0.000565163791179657,0.0
36.69230769230769,1,2,2,0.2179488241672516,0,False,0,False,1.439562439918518,2.544234275817871,-1.104671835899353,-1.5208948850631714,-2.498011827468872,0.9771169424057007,-0.9743674993515015,-0.5381357669830322,-0.43623173236846924,2.7909507751464844,-0.1335219293832779,2.9244727045297623,0.04116971045732498,0.027197066694498062,0.003213491290807724,0.0
36.769230769230774,1,2,2,0.2435898631811142,0,False,0,False,1.439562439918518,2.5432331562042236,-1.1036707162857056,-1.5208948850631714,-2.4996654987335205,0.9787706136703492,-0.9743674993515015,-0.5374274253845215,-0.43694007396698,2.7909507751464844,-0.1280633807182312,2.9190141558647156,0.041050590574741364,0.027126338332891464,0.002152416855096817,0.0
36.84615384615385,1,2,2,0.2692309021949768,0,False,0,False,1.439562439918518,2.543593645095825,-1.1040312051773071,-1.5208948850631714,-2.501964807510376,0.9810699224472046,-0.9743674993515015,-0.5379737019538879,-0.4363937973976135,2.7909507751464844,-0.12392941862344742,2.914880193769932,0.04096115380525589,0.02714402601122856,0.001825764775276184,0.0
36.92307692307693,1,2,2,0.2948719561100006,0,False,0,False,1.439562439918518,2.5453712940216064,-1.1058088541030884,-1.5208948850631714,-2.5045948028564453,0.983699917793274,-0.9743674993515015,-0.5401446223258972,-0.43422287702560425,2.7909507751464844,-0.12139003723859787,2.9123408123850822,0.04093848913908005,0.027278725057840347,0.001755361445248127,0.0
37.0,1,2,2,0.3205130100250244,0,False,0,False,1.439562439918518,2.5488083362579346,-1.1092458963394165,-1.5208948850631714,-2.507167100906372,0.9862722158432007,-0.9743674993515015,-0.5439885854721069,-0.43037891387939453,2.7909507751464844,-0.12068649381399155,2.911637268960476,0.04101424664258957,0.027505923062562943,0.0017225509509444237,0.0
37.07692307692308,1,2,2,0.34615397453308105,0,False,0,False,1.439562439918518,2.553852081298828,-1.11428964138031,-1.5208948850631714,-2.5095715522766113,0.9886766672134399,-0.9743674993515015,-0.5495895147323608,-0.4247779846191406,2.7909507751464844,-0.12197481840848923,2.9129255935549736,0.04124479740858078,0.0278247632086277,0.001873890869319439,0.0
37.15384615384615,1,2,2,0.3717949390411377,0,False,0,False,1.439562439918518,2.560246229171753,-1.1206837892532349,-1.5208948850631714,-2.5119025707244873,0.9910076856613159,-0.9743674993515015,-0.5569374561309814,-0.41743004322052,2.7909507751464844,-0.1251652091741562,2.9161159843206406,0.04164084047079086,0.02781568095088005,0.0019490765407681465,0.0
37.23076923076923,1,2,2,0.39743590354919434,0,False,0,False,1.439562439918518,2.5675911903381348,-1.1280287504196167,-1.5208948850631714,-2.51438570022583,0.9934908151626587,-0.9743674993515015,-0.5658568143844604,-0.408510684967041,2.7909507751464844,-0.12989282608032227,2.9208436012268066,0.04218011349439621,0.027617964893579483,0.0019359402358531952,0.0
37.30769230769231,1,2,2,0.423076868057251,0,False,0,False,1.439562439918518,2.575465440750122,-1.135903000831604,-1.5208948850631714,-2.5172219276428223,0.9963270425796509,-0.9743674993515015,-0.5760629773139954,-0.3983045220375061,2.7909507751464844,-0.135677769780159,2.9266285449266434,0.0428202822804451,0.027446497231721878,0.0018391432240605354,0.0
37.38461538461539,1,2,2,0.4487178325653076,0,False,0,False,1.439562439918518,2.583528995513916,-1.143966555595398,-1.5208948850631714,-2.5205087661743164,0.999613881111145,-0.9743674993515015,-0.5872259140014648,-0.3871415853500366,2.7909507751464844,-0.1420443207025528,2.932995095849037,0.04350965470075607,0.027290988713502884,0.0017307838425040245,0.0
37.46153846153847,1,2,2,0.47435879707336426,0,False,0,False,1.439562439918518,2.591576099395752,-1.1520136594772339,-1.5208948850631714,-2.52424955368042,1.0033546686172485,-0.9743674993515015,-0.5990363955497742,-0.3753311038017273,2.7909507751464844,-0.148565411567688,2.9395161867141724,0.044196732342243195,0.02714584395289421,0.001626904122531414,0.0
37.53846153846154,1,2,2,0.4999997615814209,0,False,0,False,1.439562439918518,2.5995938777923584,-1.1600314378738403,-1.5208948850631714,-2.5283310413360596,1.0074361562728882,-0.9743674993515015,-0.6113137602806091,-0.3630537390708923,2.7909507751464844,-0.15485648810863495,2.9458072632551193,0.044840507209300995,0.02702634409070015,0.0014822836965322495,0.0
37.61538461538462,1,2,2,0.5256407260894775,0,False,0,False,1.439562439918518,2.6079540252685547,-1.1683915853500366,-1.5208948850631714,-2.532396078109741,1.0115011930465698,-0.9743674993515015,-0.6239734888076782,-0.35039401054382324,2.7909507751464844,-0.16054598987102509,2.9514967650175095,0.045419879257678986,0.02697635069489479,0.0013745296746492386,0.0
37.69230769230769,1,2,2,0.5512816905975342,0,False,0,False,1.439562439918518,2.6159565448760986,-1.1763941049575806,-1.5208948850631714,-2.536161422729492,1.0152665376663208,-0.9743674993515015,-0.6374807953834534,-0.3368867039680481,2.7909507751464844,-0.16528059542179108,2.9562313705682755,0.045995764434337616,0.027005460113286972,0.0005699461326003075,0.0
37.769230769230774,1,2,2,0.5769226551055908,0,False,0,False,1.439562439918518,2.621206283569336,-1.1816438436508179,-1.5208948850631714,-2.539503812789917,1.0186089277267456,-0.9743674993515015,-0.6477605104446411,-0.32660698890686035,2.7909507751464844,-0.16934067010879517,2.9602914452552795,0.046746961772441864,0.027260947972536087,0.0007620267570018768,0.0
37.84615384615385,1,2,2,0.6025636196136475,0,False,0,False,1.439562439918518,2.624568223953247,-1.185005784034729,-1.5208948850631714,-2.5447638034820557,1.0238689184188843,-0.9743674993515015,-0.6563965678215027,-0.3179709315299988,2.7909507751464844,-0.1642734259366989,2.9552242010831833,0.04960284382104874,0.027410056442022324,0.006398455239832401,0.0
37.92307692307693,1,2,2,0.6282045841217041,0,False,0,False,1.439562439918518,2.6268279552459717,-1.1872655153274536,-1.5208948850631714,-2.552811622619629,1.0319167375564575,-0.9743674993515015,-0.660822868347168,-0.3135446310043335,2.7909507751464844,-0.15963152050971985,2.9505822956562042,0.05243789404630661,0.027533773332834244,0.005483317654579878,0.0
38.0,1,2,2,0.6538455486297607,0,False,0,False,1.439562439918518,2.6262123584747314,-1.1866499185562134,-1.5208948850631714,-2.5614867210388184,1.040591835975647,-0.9743674993515015,-0.6619024872779846,-0.31246501207351685,2.7909507751464844,-0.1555190086364746,2.946469783782959,0.05474712699651718,0.027560267597436905,0.0026522623375058174,0.0
38.07692307692308,1,2,2,0.6794866323471069,0,False,0,False,1.439562439918518,2.624643087387085,-1.185080647468567,-1.5208948850631714,-2.5702462196350098,1.0493513345718384,-0.9743674993515015,-0.6625356078147888,-0.31183189153671265,2.7909507751464844,-0.151841938495636,2.9427927136421204,0.05705355852842331,0.027369115501642227,0.003691543824970722,0.0
38.15384615384615,1,2,2,0.7051277160644531,0,False,0,False,1.439562439918518,2.622171640396118,-1.1826092004776,-1.5208948850631714,-2.578791618347168,1.0578967332839966,-0.9743674993515015,-0.6635067462921143,-0.3108607530593872,2.7909507751464844,-0.14855410158634186,2.9395048767328262,0.055560044944286346,0.02708248421549797,0.003133341670036316,0.0
38.23076923076923,1,2,2,0.7307688593864441,0,False,0,False,1.439562439918518,2.6191537380218506,-1.1795912981033325,-1.5208948850631714,-2.586773633956909,1.0658787488937378,-0.9743674993515015,-0.6647222638130188,-0.30964523553848267,2.7909507751464844,-0.1456199586391449,2.9365707337856293,0.051393620669841766,0.026779834181070328,0.002142246812582016,0.0
38.30769230769231,1,2,2,0.7564100027084351,0,False,0,False,1.439562439918518,2.6160900592803955,-1.1765276193618774,-1.5208948850631714,-2.5939505100250244,1.073055624961853,-0.9743674993515015,-0.6665865182876587,-0.3077809810638428,2.7909507751464844,-0.1429835855960846,2.933934360742569,0.04761127382516861,0.026485975831747055,0.0065304990857839584,0.0
38.38461538461539,1,2,2,0.7820510864257812,0,False,0,False,1.439562439918518,2.6130661964416504,-1.1735037565231323,-1.5208948850631714,-2.600118398666382,1.0792235136032104,-0.9743674993515015,-0.6686379313468933,-0.30572956800460815,2.7909507751464844,-0.14064934849739075,2.931600123643875,0.043920181691646576,0.026196885854005814,0.002429187297821045,0.0
38.46153846153847,1,2,2,0.8076922297477722,0,False,0,False,1.439562439918518,2.61031174659729,-1.170749306678772,-1.5208948850631714,-2.60575270652771,1.0848578214645386,-0.9743674993515015,-0.6708764433860779,-0.30349105596542353,2.7909507751464844,-0.138556569814682,2.9295073449611664,0.040244124829769135,0.025932390242815018,0.007177507504820824,0.0
38.53846153846154,1,2,2,0.8333333730697632,0,False,0,False,1.439562439918518,2.6077284812927246,-1.1681660413742065,-1.5208948850631714,-2.610819101333618,1.0899242162704468,-0.9743674993515015,-0.673379123210907,-0.3009883761405945,2.7909507751464844,-0.13668136298656464,2.927632138133049,0.036955825984478,0.02567637339234352,0.005684327334165573,0.0
38.61538461538462,1,2,2,0.8589744567871094,0,False,0,False,1.439562439918518,2.6054444313049316,-1.1658819913864136,-1.5208948850631714,-2.61521053314209,1.0943156480789185,-0.9743674993515015,-0.67572420835495,-0.2986432909965515,2.7909507751464844,-0.1350068897008896,2.925957664847374,0.033852748572826385,0.02545296773314476,0.006078416481614113,0.0
38.69230769230769,1,2,2,0.8846156001091003,0,False,0,False,1.439562439918518,2.6034042835235596,-1.1638418436050415,-1.5208948850631714,-2.618091583251953,1.0971966981887817,-0.9743674993515015,-0.6767144799232483,-0.2976530194282532,2.7909507751464844,-0.13351547718048096,2.9244662523269653,0.03086204081773758,0.025369230657815933,0.005147978663444519,0.0
38.769230769230774,1,2,2,0.9102567434310913,0,False,0,False,1.439562439918518,2.6014440059661865,-1.1618815660476685,-1.5208948850631714,-2.6203508377075195,1.0994559526443481,-0.9743674993515015,-0.6776028871536255,-0.296764612197876,2.7909507751464844,-0.13217635452747345,2.923127129673958,0.028464116156101227,0.02527998760342598,0.0,0.0
38.84615384615385,1,2,2,0.9358978271484375,0,False,0,False,1.439562439918518,2.599642276763916,-1.160079836845398,-1.5208948850631714,-2.6223533153533936,1.1014584302902222,-0.9743674993515015,-0.6775715947151184,-0.29679590463638306,2.7909507751464844,-0.1309872418642044,2.921938017010689,0.02595030516386032,0.025173943489789963,0.0036459602415561676,0.0
38.92307692307693,1,2,2,0.9615389704704285,0,False,0,False,1.439562439918518,2.5978896617889404,-1.1583272218704224,-1.5208948850631714,-2.624328851699829,1.1034339666366577,-0.9743674993515015,-0.6771459579467773,-0.2972215414047241,2.7909507751464844,-0.12991873919963837,2.9208695143461227,0.02387290447950363,0.02510831132531166,0.004721805453300476,0.0
39.0,1,2,2,0.9871801137924194,0,False,0,False,1.439562439918518,2.596348285675049,-1.1567858457565308,-1.5208948850631714,-2.626169443130493,1.1052745580673218,-0.9743674993515015,-0.6764651536941528,-0.29790234565734863,2.7909507751464844,-0.12896747887134552,2.91991825401783,0.022179298102855682,0.025083933025598526,0.0036660581827163696,0.0
39.07692307692308,1,2,2,1.0,0,False,0,False,1.439562439918518,2.594926118850708,-1.15536367893219,-1.5208948850631714,-2.627904176712036,1.1070092916488647,-0.9743674993515015,-0.6757831573486328,-0.29858434200286865,2.7909507751464844,-0.128115713596344,2.9190664887428284,0.02092980593442917,0.02510230615735054,0.0010433979332447052,0.0
39.15384615384615,1,2,2,1.0,0,False,0,False,1.439562439918518,2.593669891357422,-1.1541074514389038,-1.5208948850631714,-2.6295878887176514,1.10869300365448,-0.9743674993515015,-0.6749318242073059,-0.29943567514419556,2.7909507751464844,-0.12735414505004883,2.918304920196533,0.019970126450061798,0.02517225220799446,0.0,0.0
39.23076923076923,1,2,2,1.0,0,False,0,False,1.439562439918518,2.592772960662842,-1.1532105207443237,-1.5208948850631714,-2.6308202743530273,1.109925389289856,-0.9743674993515015,-0.6744940280914307,-0.2998734712600708,2.7909507751464844,-0.12667591869831085,2.9176266938447952,0.01931563764810562,0.025276269763708115,0.0012951670214533806,0.0
39.30769230769231,1,2,2,1.0,0,False,0,False,1.439562439918518,2.5919737815856934,-1.1524113416671753,-1.5208948850631714,-2.631737470626831,1.1108425855636597,-0.9743674993515015,-0.6742880344390869,-0.30007946491241455,2.7909507751464844,-0.12606865167617798,2.9170194268226624,0.01886022835969925,0.02541319653391838,0.001001688651740551,0.0
39.38461538461539,1,2,2,1.0,0,False,0,False,1.439562439918518,2.591259241104126,-1.151696801185608,-1.5208948850631714,-2.6323485374450684,1.111453652381897,-0.9743674993515015,-0.6742724776268005,-0.3000950217247009,2.7909507751464844,-0.12552596628665924,2.9164767414331436,0.018541604280471802,0.025571975857019424,0.00069477129727602,0.0
39.46153846153847,1,2,2,1.0,0,False,0,False,1.439562439918518,2.590620517730713,-1.1510580778121948,-1.5208948850631714,-2.632768392562866,1.1118735074996948,-0.9743674993515015,-0.6743367910385132,-0.3000307083129883,2.7909507751464844,-0.12504145503044128,2.9159922301769257,0.01832301914691925,0.025751817971467972,0.00046176835894584656,0.0
39.53846153846154,1,2,2,1.0,0,False,0,False,1.439562439918518,2.590049982070923,-1.1504875421524048,-1.5208948850631714,-2.6331517696380615,1.1122568845748901,-0.9743674993515015,-0.6743865609169006,-0.29998093843460083,2.7909507751464844,-0.12460975348949432,2.9155605286359787,0.018226273357868195,0.025957424193620682,0.0007024593651294708,0.0
39.61538461538462,1,2,2,1.0,0,False,0,False,1.439562439918518,2.5895395278930664,-1.1499770879745483,-1.5208948850631714,-2.633636236190796,1.1127413511276245,-0.9743674993515015,-0.6743442416191101,-0.30002325773239136,2.7909507751464844,-0.12422532588243484,2.915176101028919,0.018275775015354156,0.02592497691512108,0.019467398524284363,0.0
39.69230769230769,1,2,2,1.0,0,False,0,False,1.439562439918518,2.589085578918457,-1.149523138999939,-1.5208948850631714,-2.6342287063598633,1.113333821296692,-0.9743674993515015,-0.6740217208862305,-0.300345778465271,2.7909507751464844,-0.12388366460800171,2.914834439754486,0.01857364922761917,0.02560007944703102,0.02399209886789322,0.0
39.769230769230774,1,2,2,1.0,0,False,0,False,1.439562439918518,2.5886809825897217,-1.1491185426712036,-1.5208948850631714,-2.6346726417541504,1.113777756690979,-0.9743674993515015,-0.6730319261550903,-0.30133557319641113,2.7909507751464844,-0.12357918173074722,2.9145299568772316,0.01924092322587967,0.02530531957745552,0.026311958208680153,0.0
39.84615384615385,1,2,2,1.0,0,False,0,False,1.439562439918518,2.5883219242095947,-1.1487594842910767,-1.5208948850631714,-2.6341969966888428,1.1133021116256714,-0.9743674993515015,-0.6709659695625305,-0.30340152978897095,2.7909507751464844,-0.12330678850412369,2.914257563650608,0.020381413400173187,0.025066781789064407,0.025749579071998596,0.0
39.92307692307693,1,2,2,1.0,0,False,3,False,1.439562439918518,2.5880064964294434,-1.1484440565109253,-1.5208948850631714,-2.6323561668395996,1.1114612817764282,-0.9743674993515015,-0.6674667000770569,-0.3069007992744446,2.7909507751464844,-0.12301179766654968,2.913962572813034,0.021959058940410614,0.024890419095754623,0.022732041776180267,0.0
40.0,1,2,2,1.0,0,False,7,False,1.439562439918518,2.587745428085327,-1.148182988166809,-1.5208948850631714,-2.631221055984497,1.1103261709213257,-0.9743674993515015,-0.660717248916626,-0.3136502504348755,2.7909507751464844,-0.12204752117395401,2.9129982963204384,0.02350691705942154,0.024870049208402634,0.00069398432970047,0.0
40.07692307692308,2,2,2,1.0,0,True,11,False,1.439562439918518,2.5873351097106934,-1.1477726697921753,-1.5208948850631714,-2.6284258365631104,1.107530951499939,-0.9743674993515015,-0.6527896523475647,-0.32157784700393677,2.7909507751464844,-0.1213962659239769,2.9123470410704613,0.02516324073076248,0.024914424866437912,0.0004989374428987503,0.0
40.15384615384615,2,2,2,1.0,0,True,15,False,1.439562439918518,2.5852696895599365,-1.1457072496414185,-1.5208948850631714,-2.6227736473083496,1.1018787622451782,-0.9743674993515015,-0.6452549695968628,-0.32911252975463867,2.7909507751464844,-0.12137585878372192,2.9123266339302063,0.026880480349063873,0.02518097683787346,0.0003681797534227371,0.0
40.23076923076923,2,2,2,1.0,0,False,0,False,1.439562439918518,2.582676410675049,-1.1431139707565308,-1.5208948850631714,-2.6163394451141357,1.0954445600509644,-0.9743674993515015,-0.637486457824707,-0.3368810415267944,2.7909507751464844,-0.12137050181627274,2.912321276962757,0.027819298207759857,0.025609087198972702,0.0011021178215742111,0.0
40.30769230769231,2,2,2,1.0,0,False,0,False,1.439562439918518,2.5826594829559326,-1.1430970430374146,-1.5208948850631714,-2.61055850982666,1.0896636247634888,-0.9743674993515015,-0.6287648677825928,-0.3456026315689087,2.7909507751464844,-0.12137236446142197,2.9123231396079063,0.02752106636762619,0.0262761227786541,0.09110130369663239,0.0
40.38461538461539,2,2,2,1.0,0,False,0,False,1.439562439918518,2.581752300262451,-1.142189860343933,-1.5208948850631714,-2.605772018432617,1.0848771333694458,-0.9743674993515015,-0.6194179654121399,-0.3549495339393616,2.7909507751464844,-0.12132596969604492,2.9122767448425293,0.026584573090076447,0.026489291340112686,0.11081375181674957,0.0
40.46153846153847,2,2,2,1.0,0,False,0,False,1.439562439918518,2.576526641845703,-1.136964201927185,-1.5208948850631714,-2.592031478881836,1.0711365938186646,-0.9743674993515015,-0.6225723624229431,-0.35179513692855835,2.7909507751464844,-0.1212124228477478,2.912163197994232,0.026357047259807587,0.026921015232801437,0.0006706779822707176,0.0
40.53846153846154,2,2,2,1.0,0,False,0,False,1.439562439918518,2.5812764167785645,-1.1417139768600464,-1.5208948850631714,-2.577554225921631,1.0566593408584595,-0.9743674993515015,-0.6260111927986145,-0.34835630655288696,2.7909507751464844,-0.12116646021604538,2.9121172353625298,0.025982581079006195,0.02726774290204048,0.0,0.0
40.61538461538462,2,2,2,1.0,0,False,0,False,1.439562439918518,2.592935800552368,-1.15337336063385,-1.5208948850631714,-2.5666425228118896,1.0457476377487183,-0.9743674993515015,-0.6277452707290649,-0.3466222286224365,2.7909507751464844,-0.1211383119225502,2.9120890870690346,0.025352410972118378,0.027249563485383987,0.004282919690012932,0.0
40.69230769230769,2,2,2,1.0,0,False,0,False,1.439562439918518,2.6002230644226074,-1.1606606245040894,-1.5208948850631714,-2.560433864593506,1.0395389795303345,-0.9743674993515015,-0.6282160878181458,-0.34615141153335577,2.7909507751464844,-0.12113222479820251,2.912082999944687,0.023627780377864838,0.026874709874391556,0.002133408561348915,0.0
40.769230769230774,2,2,2,1.0,0,False,0,False,1.439562439918518,2.5983893871307373,-1.1588269472122192,-1.5208948850631714,-2.5611929893493652,1.0402981042861938,-0.9743674993515015,-0.6207370758056641,-0.3536304235458374,2.7909507751464844,-0.121136374771595,2.9120871499180794,0.01856498420238495,0.02654874697327614,0.0025827065110206604,0.0
40.84615384615385,2,2,2,1.0,0,False,0,False,1.439562439918518,2.5966594219207764,-1.1570969820022583,-1.5208948850631714,-2.5652048587799072,1.0443099737167358,-0.9743674993515015,-0.6139706969261169,-0.3603968024253845,2.7909507751464844,-0.12111397832632065,2.912064753472805,0.016688339412212372,0.026535723358392715,0.002015242353081703,0.0
40.92307692307693,2,2,2,1.0,0,False,0,False,1.439562439918518,2.595139980316162,-1.155577540397644,-1.5208948850631714,-2.569532632827759,1.0486377477645874,-0.9743674993515015,-0.6122584342956543,-0.36210906505584717,2.7909507751464844,-0.12109854072332382,2.912049315869808,0.016659773886203766,0.026560183614492416,0.0013635121285915375,0.0
41.0,2,2,2,1.0,0,False,0,False,1.439562439918518,2.593796730041504,-1.1542342901229858,-1.5208948850631714,-2.5738718509674072,1.0529769659042358,-0.9743674993515015,-0.6142744421958923,-0.3600930571556092,2.7909507751464844,-0.12109032273292542,2.91204109787941,0.01710043102502823,0.02647162601351738,0.025057047605514526,0.0
41.07692307692308,2,2,2,1.0,0,False,0,False,1.439562439918518,2.5925989151000977,-1.1530364751815796,-1.5208948850631714,-2.5784459114074707,1.0575510263442993,-0.9743674993515015,-0.6179435849189758,-0.35642391443252563,2.7909507751464844,-0.12108278274536133,2.9120335578918457,0.017470255494117737,0.025910716503858566,0.024452656507492065,0.0
41.15384615384615,2,2,2,1.0,0,False,0,False,1.439562439918518,2.591524362564087,-1.1519619226455688,-1.5208948850631714,-2.582988977432251,1.0620940923690796,-0.9743674993515015,-0.6220895648002625,-0.352277934551239,2.7909507751464844,-0.12107253074645996,2.9120233058929443,0.017748728394508362,0.025397617369890213,0.025613131001591682,0.0
41.23076923076923,2,2,2,1.0,0,False,0,False,1.439562439918518,2.5905630588531494,-1.1510006189346313,-1.5208948850631714,-2.5866949558258057,1.0658000707626343,-0.9743674993515015,-0.62605220079422,-0.3483152985572815,2.7909507751464844,-0.1210605725646019,2.9120113477110863,0.018065810203552246,0.024946343153715134,0.028724074363708496,0.0
41.30769230769231,2,2,2,1.0,0,True,4,False,1.439562439918518,2.588369131088257,-1.1488066911697388,-1.5208948850631714,-2.5904061794281006,1.0695112943649292,-0.9743674993515015,-0.6283913254737854,-0.34597617387771606,2.7909507751464844,-0.12157997488975525,2.9125307500362396,0.01843610405921936,0.024591114372015,0.011982792057096958,0.0
41.38461538461539,2,2,2,1.0,0,True,8,False,1.439562439918518,2.5843429565429688,-1.1447805166244507,-1.5208948850631714,-2.5938937664031982,1.0729988813400269,-0.9743674993515015,-0.6276156306266785,-0.34675186872482294,2.7909507751464844,-0.12266762554645538,2.9136184006929398,0.018535830080509186,0.024372022598981857,0.0011045997962355614,0.0
41.46153846153847,2,2,2,1.0,0,True,12,False,1.439562439918518,2.578677177429199,-1.1391147375106812,-1.5208948850631714,-2.5951309204101562,1.0742360353469849,-0.9743674993515015,-0.6256148815155029,-0.3487526178359985,2.7909507751464844,-0.12203123420476913,2.9129820093512535,0.01907389611005783,0.024192649871110916,0.00277666375041008,0.0
41.53846153846154,2,2,2,1.0,0,True,16,False,1.439562439918518,2.5715715885162354,-1.1320091485977173,-1.5208948850631714,-2.5942671298980713,1.0733722448349,-0.9743674993515015,-0.6236629486083984,-0.350704550743103,2.7909507751464844,-0.12063778936862946,2.911588564515114,0.0200992152094841,0.024088885635137558,0.001507708802819252,0.0
41.61538461538462,2,2,2,1.0,0,True,20,False,1.439562439918518,2.56317400932312,-1.123611569404602,-1.5208948850631714,-2.5920703411102295,1.071175456047058,-0.9743674993515015,-0.6216502785682678,-0.35271722078323364,2.7909507751464844,-0.11972637474536896,2.9106771498918533,0.021003402769565582,0.02415246143937111,0.001071002334356308,0.0
41.69230769230769,2,2,2,1.0,0,True,24,False,1.439562439918518,2.553626775741577,-1.114064335823059,-1.5208948850631714,-2.5888469219207764,1.067952036857605,-0.9743674993515015,-0.6191424131393433,-0.3552250862121582,2.7909507751464844,-0.11988271027803421,2.9108334854245186,0.021320007741451263,0.024448756128549576,0.0001120520755648613,0.0
41.769230769230774,2,2,2,1.0,0,True,28,False,1.439562439918518,2.54304838180542,-1.1034859418869019,-1.5208948850631714,-2.5852913856506348,1.0643965005874634,-0.9743674993515015,-0.6155238151550293,-0.35884368419647217,2.7909507751464844,-0.12000813335180283,2.910958908498287,0.02076762169599533,0.024920295923948288,1.0291114449501038e-05,0.0
41.84615384615385,2,2,2,1.0,0,True,32,False,1.439562439918518,2.5315427780151367,-1.0919803380966187,-1.5208948850631714,-2.581784248352051,1.0608893632888794,-0.9743674993515015,-0.6107956171035767,-0.3635718822479248,2.7909507751464844,-0.12011920660734177,2.911069981753826,0.019697166979312897,0.02526773139834404,0.0,0.0
41.92307692307693,2,2,2,1.0,0,True,36,False,1.439562439918518,2.5192105770111084,-1.0796481370925903,-1.5208948850631714,-2.5783193111419678,1.0574244260787964,-0.9743674993515015,-0.6054317951202393,-0.3689357042312622,2.7909507751464844,-0.12021910399198532,2.9111698791384697,0.01839704066514969,0.025277268141508102,0.0013719266280531883,0.0
42.0,2,2,2,1.0,0,True,40,False,1.439562439918518,2.506140947341919,-1.0665785074234009,-1.5208948850631714,-2.574916124343872,1.0540212392807007,-0.9743674993515015,-0.5998530983924866,-0.3745144009590149,2.7909507751464844,-0.12030830979347229,2.9112590849399567,0.01705869287252426,0.02533368393778801,0.0008662091568112373,0.0
42.07692307692308,2,2,2,1.0,0,False,0,False,1.439562439918518,2.503140926361084,-1.063578486442566,-1.5208948850631714,-2.5716021060943604,1.050707221031189,-0.9743674993515015,-0.5943361520767212,-0.3800313472747803,2.7909507751464844,-0.12038981169462204,2.9113405868411064,0.015818700194358826,0.025428231805562973,0.00035643577575683594,0.0
42.15384615384615,2,2,2,1.0,0,False,0,False,1.439562439918518,2.5030875205993652,-1.0635250806808472,-1.5208948850631714,-2.56846022605896,1.0475653409957886,-0.9743674993515015,-0.5895761251449585,-0.38479137420654297,2.7909507751464844,-0.12046436220407486,2.9114151373505592,0.014848560094833374,0.025575418025255203,5.448237061500549e-06,0.0
42.23076923076923,2,2,2,1.0,0,False,0,False,1.439562439918518,2.503051519393921,-1.0634890794754028,-1.5208948850631714,-2.5658795833587646,1.0449846982955933,-0.9743674993515015,-0.5862047672271729,-0.3881627321243286,2.7909507751464844,-0.12052275985479355,2.911473535001278,0.014164991676807404,0.025697436183691025,0.02062097191810608,0.0
42.30769230769231,2,2,2,1.0,0,False,0,False,1.439562439918518,2.5030157566070557,-1.0634533166885376,-1.5208948850631714,-2.5639896392822266,1.0430947542190552,-0.9743674993515015,-0.584557831287384,-0.3898096680641175,2.7909507751464844,-0.12056995183229446,2.911520726978779,0.013804800808429718,0.02567925676703453,0.016917623579502106,0.0
42.38461538461539,2,2,2,1.0,0,False,0,False,1.439562439918518,2.5029871463775635,-1.0634247064590454,-1.5208948850631714,-2.562758445739746,1.0418635606765747,-0.9743674993515015,-0.5843772292137146,-0.38999027013778687,2.7909507751464844,-0.1206083744764328,2.911559149622917,0.013589277863502502,0.02560349926352501,0.011761412024497986,0.0
42.46153846153847,2,2,2,1.0,0,False,0,False,1.439562439918518,2.5029585361480713,-1.0633960962295532,-1.5208948850631714,-2.5621869564056396,1.0412920713424683,-0.9743674993515015,-0.5853880047798157,-0.3889794945716858,2.7909507751464844,-0.12063972651958466,2.911590501666069,0.013424873352050781,0.02550574764609337,0.004136785864830017,0.0
42.53846153846154,2,2,2,1.0,0,False,0,False,1.439562439918518,2.502929925918579,-1.063367486000061,-1.5208948850631714,-2.56231689453125,1.0414220094680786,-0.9743674993515015,-0.5874590873718262,-0.3869084119796753,2.7909507751464844,-0.1206655353307724,2.9116163104772568,0.013287462294101715,0.025413375347852707,0.014037080109119415,0.0
42.61538461538462,2,2,2,1.0,0,False,0,False,1.439562439918518,2.502901315689087,-1.0633388757705688,-1.5208948850631714,-2.5633187294006348,1.0424238443374634,-0.9743674993515015,-0.5905412435531616,-0.38382625579833984,2.7909507751464844,-0.12068747729063034,2.9116382524371147,0.013172976672649384,0.025356341153383255,0.028188452124595642,0.0
42.69230769230769,2,2,2,1.0,0,False,0,False,1.439562439918518,2.5028738975524902,-1.0633114576339722,-1.5208948850631714,-2.565321683883667,1.0444267988204956,-0.9743674993515015,-0.5945720076560974,-0.37979549169540405,2.7909507751464844,-0.12070609629154205,2.9116568714380264,0.013110287487506866,0.02535151317715645,0.04436148330569267,0.0
42.769230769230774,2,2,2,1.0,0,True,1,False,1.439562439918518,2.502751350402832,-1.063188910484314,-1.5208948850631714,-2.57011079788208,1.0492159128189087,-0.9743674993515015,-0.5972009897232056,-0.3771665096282959,2.7909507751464844,-0.12167492508888245,2.912625700235367,0.013066060841083527,0.024918612092733383,0.02121277153491974,0.0
42.84615384615385,2,2,2,1.0,0,True,5,False,1.439562439918518,2.5008938312530518,-1.0613313913345337,-1.5208948850631714,-2.576298475265503,1.0554035902023315,-0.9743674993515015,-0.5962951183319092,-0.3780723810195923,2.7909507751464844,-0.12388157844543457,2.914832353591919,0.013123936951160431,0.02457984909415245,0.0005897413939237595,0.0
42.92307692307693,2,2,2,1.0,0,True,9,False,1.439562439918518,2.4971730709075928,-1.0576106309890747,-1.5208948850631714,-2.5793275833129883,1.058432698249817,-0.9743674993515015,-0.5948979258537292,-0.3794695734977723,2.7909507751464844,-0.12315966933965683,2.914110444486141,0.014103852212429047,0.024307075887918472,0.0017930148169398308,0.0
43.0,2,2,2,1.0,0,True,13,False,1.439562439918518,2.4917752742767334,-1.0522128343582153,-1.5208948850631714,-2.579406261444092,1.0585113763809204,-0.9743674993515015,-0.5943535566329956,-0.38001394271850586,2.7909507751464844,-0.12167169153690338,2.9126224666833878,0.015902221202850342,0.024026688188314438,0.002647237852215767,0.0
43.07692307692308,2,2,2,1.0,0,True,17,False,1.439562439918518,2.4849164485931396,-1.0453540086746216,-1.5208948850631714,-2.5779690742492676,1.0570741891860962,-0.9743674993515015,-0.594074010848999,-0.38029348850250244,2.7909507751464844,-0.12015388906002045,2.911104664206505,0.017878204584121704,0.023936588317155838,0.0019299471750855446,0.0
43.15384615384615,2,2,2,1.0,0,True,21,False,1.439562439918518,2.4767472743988037,-1.0371848344802856,-1.5208948850631714,-2.5761280059814453,1.055233120918274,-0.9743674993515015,-0.5933049917221069,-0.38106250762939453,2.7909507751464844,-0.1184341311454773,2.9093849062919617,0.019314490258693695,0.024026397615671158,0.0007147481665015221,0.0
43.23076923076923,2,2,2,1.0,0,True,25,False,1.439562439918518,2.4673984050750732,-1.0278359651565552,-1.5208948850631714,-2.574143171310425,1.0532482862472534,-0.9743674993515015,-0.5917389988899231,-0.38262850046157837,2.7909507751464844,-0.11774785071611404,2.9086986258625984,0.019940905272960663,0.024334657937288284,0.0008536782115697861,0.0
43.30769230769231,2,2,2,1.0,0,True,29,False,1.439562439918518,2.456998109817505,-1.0174356698989868,-1.5208948850631714,-2.57144832611084,1.0505534410476685,-0.9743674993515015,-0.5894806981086731,-0.38488680124282837,2.7909507751464844,-0.11769278347492218,2.9086435586214066,0.019673816859722137,0.024808425456285477,0.0009466614574193954,0.0
43.38461538461539,2,2,2,1.0,0,True,33,False,1.439562439918518,2.445655107498169,-1.0060926675796509,-1.5208948850631714,-2.5683226585388184,1.047427773475647,-0.9743674993515015,-0.5865210890769958,-0.3878464102745056,2.7909507751464844,-0.11777845025062561,2.90872922539711,0.018726415932178497,0.024963077157735825,0.0021199695765972137,0.0
43.46153846153847,2,2,2,1.0,0,True,37,False,1.439562439918518,2.4334630966186523,-0.9939006567001343,-1.5208948850631714,-2.564978837966919,1.0440839529037476,-0.9743674993515015,-0.5831289291381836,-0.3912385702133179,2.7909507751464844,-0.11812141537666321,2.9090721905231476,0.0174548476934433,0.025041822344064713,0.0017715245485305786,0.0
43.53846153846154,2,2,2,1.0,0,True,41,False,1.439562439918518,2.4205219745635986,-0.9809595346450806,-1.5208948850631714,-2.56246018409729,1.0415652990341187,-0.9743674993515015,-0.5794806480407715,-0.39488685131073,2.7909507751464844,-0.11801928281784058,2.908970057964325,0.016118653118610382,0.025065597146749496,0.0011383183300495148,0.0
43.61538461538462,2,2,2,1.0,0,True,45,False,1.439562439918518,2.406904697418213,-0.9673422574996948,-1.5208948850631714,-2.560154676437378,1.0392597913742065,-0.9743674993515015,-0.5760709047317505,-0.398296594619751,2.7909507751464844,-0.11805065721273422,2.9090014323592186,0.015028364956378937,0.025116559118032455,0.0021477555856108665,0.0
43.69230769230769,2,2,2,1.0,0,True,49,False,1.439562439918518,2.392686605453491,-0.9531241655349731,-1.5208948850631714,-2.558504343032837,1.0376094579696655,-0.9743674993515015,-0.5732386708259583,-0.4011288285255432,2.7909507751464844,-0.11807525902986526,2.9090260341763496,0.014252722263336182,0.025113794952630997,0.0022862013429403305,0.0
43.769230769230774,2,2,2,1.0,0,True,53,False,1.439562439918518,2.3779423236846924,-0.9383798837661743,-1.5208948850631714,-2.557295560836792,1.0364006757736206,-0.9743674993515015,-0.5709239840507507,-0.40344351530075073,2.7909507751464844,-0.11765840649604797,2.9086091816425323,0.013779908418655396,0.025115642696619034,0.00018269754946231842,0.0
43.84615384615385,2,2,2,1.0,0,True,57,False,1.439562439918518,2.3627147674560547,-0.9231523275375366,-1.5208948850631714,-2.5562057495117188,1.0353108644485474,-0.9743674993515015,-0.569223165512085,-0.4051443338394165,2.7909507751464844,-0.11742551624774933,2.9083762913942337,0.013579048216342926,0.02510441467165947,0.00031381845474243164,0.0
43.92307692307693,2,2,2,1.0,0,True,61,False,1.439562439918518,2.347057342529297,-0.9074949026107788,-1.5208948850631714,-2.555478572845459,1.0345836877822876,-0.9743674993515015,-0.5678059458732605,-0.40656155347824097,2.7909507751464844,-0.11696219444274902,2.9079129695892334,0.013553284108638763,0.025056693702936172,0.0001498870551586151,0.0
44.0,2,2,2,1.0,0,True,65,False,1.439562439918518,2.331019639968872,-0.891457200050354,-1.5208948850631714,-2.5550451278686523,1.034150242805481,-0.9743674993515015,-0.5663930177688599,-0.4079744815826416,2.7909507751464844,-0.1162945106625557,2.90724528580904,0.013675220310688019,0.02499760314822197,0.00034348107874393463,0.0
44.07692307692308,2,2,2,1.0,0,True,69,False,1.439562439918518,2.3146419525146484,-0.8750795125961304,-1.5208948850631714,-2.554893732070923,1.0339988470077515,-0.9743674993515015,-0.5646905899047852,-0.4096769094467163,2.7909507751464844,-0.11540324985980988,2.9063540250062943,0.013968236744403839,0.024927664548158646,0.0001546088606119156,0.0
44.15384615384615,2,2,2,1.0,0,True,73,False,1.439562439918518,2.2979624271392822,-0.8583999872207642,-1.5208948850631714,-2.5549190044403076,1.0340241193771362,-0.9743674993515015,-0.5624641180038452,-0.41190338134765625,2.7909507751464844,-0.11431276798248291,2.9052635431289673,0.014442779123783112,0.02485557273030281,2.857297658920288e-05,0.0
44.23076923076923,2,2,2,1.0,0,True,77,False,1.439562439918518,2.281010627746582,-0.841448187828064,-1.5208948850631714,-2.554847002029419,1.0339521169662476,-0.9743674993515015,-0.559837818145752,-0.4145296812057495,2.7909507751464844,-0.11336217075586319,2.9043129459023476,0.015132419764995575,0.024819020181894302,0.00079362653195858,0.0
44.30769230769231,2,2,2,1.0,0,True,81,False,1.439562439918518,2.2638165950775146,-0.8242541551589966,-1.5208948850631714,-2.5539710521698,1.0330761671066284,-0.9743674993515015,-0.557361900806427,-0.41700559854507446,2.7909507751464844,-0.11303246766328812,2.9039832428097725,0.01606827974319458,0.024838294833898544,0.0006181932985782623,0.0
44.38461538461539,2,2,2,1.0,0,True,85,False,1.439562439918518,2.2464089393615723,-0.8068464994430542,-1.5208948850631714,-2.552025079727173,1.0311301946640015,-0.9743674993515015,-0.5552253127098083,-0.4191421866416931,2.7909507751464844,-0.11347724497318268,2.904428020119667,0.017117924988269806,0.024899300187826157,0.00016986392438411713,0.0
44.46153846153847,2,2,2,1.0,0,True,89,False,1.439562439918518,2.2288119792938232,-0.7892495393753051,-1.5208948850631714,-2.549450397491455,1.0285555124282837,-0.9743674993515015,-0.553066074848175,-0.4213014245033264,2.7909507751464844,-0.1142885684967041,2.9052393436431885,0.01802898943424225,0.024928446859121323,0.0001160474494099617,0.0
44.53846153846154,2,2,2,1.0,0,True,93,False,1.439562439918518,2.2110419273376465,-0.7714794874191284,-1.5208948850631714,-2.547122001647949,1.0262271165847778,-0.9743674993515015,-0.5505895614624023,-0.4237779378890991,2.7909507751464844,-0.11501704156398773,2.905967816710472,0.018593214452266693,0.024888958781957626,9.794719517230988e-05,0.0
44.61538461538462,2,2,2,1.0,0,True,97,False,1.439562439918518,2.1931164264678955,-0.7535539865493774,-1.5208948850631714,-2.5452334880828857,1.0243386030197144,-0.9743674993515015,-0.5480816960334778,-0.4262858033180237,2.7909507751464844,-0.11567287892103195,2.9066236540675163,0.018802903592586517,0.024877790361642838,8.717179298400879e-05,0.0
44.69230769230769,2,2,2,1.0,0,False,0,False,1.439562439918518,2.1935853958129883,-0.7540229558944702,-1.5208948850631714,-2.5437748432159424,1.022879958152771,-0.9743674993515015,-0.5454676151275635,-0.42889988422393793,2.7909507751464844,-0.11626894026994705,2.9072197154164314,0.01856948435306549,0.024945881217718124,9.51625406742096e-05,0.0
44.769230769230774,2,2,2,1.0,0,False,0,False,1.439562439918518,2.193554401397705,-0.753991961479187,-1.5208948850631714,-2.542875051498413,1.0219801664352417,-0.9743674993515015,-0.5429221987724304,-0.43144530057907104,2.7909507751464844,-0.1167946308851242,2.9077454060316086,0.01818040758371353,0.025151122361421585,0.06219998002052307,0.0
44.84615384615385,2,2,2,1.0,0,False,0,False,1.439562439918518,2.192239999771118,-0.7526775598526001,-1.5208948850631714,-2.5422866344451904,1.021391749382019,-0.9743674993515015,-0.5420834422111511,-0.43228405714035034,2.7909507751464844,-0.11722653359174728,2.9081773087382317,0.018099673092365265,0.025289442390203476,0.06801941990852356,0.0
44.92307692307693,2,2,2,1.0,0,False,0,False,1.439562439918518,2.186511993408203,-0.7469495534896851,-1.5208948850631714,-2.5371618270874023,1.016266942024231,-0.9743674993515015,-0.5483548045158386,-0.42601269483566284,2.7909507751464844,-0.1175752729177475,2.908526048064232,0.01806607097387314,0.0257338248193264,0.00014062505215406418,0.0
45.0,2,2,2,1.0,0,False,0,False,1.439562439918518,2.186913251876831,-0.747350811958313,-1.5208948850631714,-2.532127857208252,1.0112329721450806,-0.9743674993515015,-0.5543347001075745,-0.420032799243927,2.7909507751464844,-0.11791768670082092,2.9088684618473053,0.017882928252220154,0.02605040743947029,0.0016437936574220657,0.0
45.07692307692308,2,2,2,1.0,0,False,0,False,1.439562439918518,2.191096782684326,-0.7515343427658082,-1.5208948850631714,-2.530245304107666,1.0093504190444946,-0.9743674993515015,-0.5589777827262878,-0.4153897166252136,2.7909507751464844,-0.11824039369821548,2.9091911688447,0.017543964087963104,0.02604294940829277,0.0013669626787304878,0.0
45.15384615384615,2,2,2,1.0,0,False,0,False,1.439562439918518,2.1930134296417236,-0.7534509897232056,-1.5208948850631714,-2.5320279598236084,1.011133074760437,-0.9743674993515015,-0.5622650980949402,-0.4121024012565613,2.7909507751464844,-0.11853840202093124,2.9094891771674156,0.016101010143756866,0.025908906012773514,0.0001992844045162201,0.0
45.23076923076923,2,2,2,1.0,0,False,0,False,1.439562439918518,2.192990303039551,-0.7534278631210328,-1.5208948850631714,-2.5370523929595947,1.0161575078964233,-0.9743674993515015,-0.5643951892852783,-0.40997231006622314,2.7909507751464844,-0.11879757046699524,2.9097483456134796,0.014470048248767853,0.025941994041204453,0.0005040224641561508,0.0
45.307692307692314,2,2,2,1.0,0,False,0,False,1.439562439918518,2.1929879188537598,-0.7534254789352417,-1.5208948850631714,-2.543750047683716,1.0228551626205444,-0.9743674993515015,-0.5691618323326111,-0.4052056670188904,2.7909507751464844,-0.11902861297130585,2.9099793881177902,0.014154329895973206,0.026088614016771317,0.04373166710138321,0.0
45.38461538461539,2,2,2,1.0,0,False,0,False,1.439562439918518,2.192997455596924,-0.7534350156784058,-1.5208948850631714,-2.551011800765991,1.0301169157028198,-0.9743674993515015,-0.5764023065567017,-0.3979651927947998,2.7909507751464844,-0.11923752725124359,2.910188302397728,0.014442145824432373,0.026044253259897232,0.0515945628285408,0.0
45.46153846153847,2,2,2,1.0,0,True,1,False,1.439562439918518,2.1929125785827637,-0.7533501386642456,-1.5208948850631714,-2.5601253509521484,1.039230465888977,-0.9743674993515015,-0.5822159647941589,-0.39215153455734253,2.7909507751464844,-0.12088675796985626,2.9118375331163406,0.01509026437997818,0.025454986840486526,0.014807218685746193,0.0
45.53846153846154,2,2,2,1.0,0,True,5,False,1.439562439918518,2.1910789012908936,-0.7515164613723755,-1.5208948850631714,-2.5683212280273438,1.0474263429641724,-0.9743674993515015,-0.5845017433166504,-0.3898657560348511,2.7909507751464844,-0.12366177886724472,2.914612554013729,0.015612468123435974,0.02508455142378807,0.000784001313149929,0.0
45.61538461538462,2,2,2,1.0,0,True,9,False,1.439562439918518,2.1873652935028076,-0.7478028535842896,-1.5208948850631714,-2.572341203689575,1.0514463186264038,-0.9743674993515015,-0.586696445941925,-0.3876710534095764,2.7909507751464844,-0.12361236661672592,2.9145631417632103,0.016905002295970917,0.024716366082429886,0.0062036048620939255,0.0
45.69230769230769,2,2,2,1.0,0,True,13,False,1.439562439918518,2.1819982528686523,-0.7424358129501343,-1.5208948850631714,-2.573009967803955,1.0521150827407837,-0.9743674993515015,-0.5901604890823364,-0.38420701026916504,2.7909507751464844,-0.12299273908138275,2.913943514227867,0.018890641629695892,0.024442117661237717,0.001407461240887642,0.0
45.769230769230774,2,2,2,1.0,0,True,17,False,1.439562439918518,2.175163507461548,-0.7356010675430298,-1.5208948850631714,-2.5721237659454346,1.0512288808822632,-0.9743674993515015,-0.593349814414978,-0.38101768493652344,2.7909507751464844,-0.12278712540864944,2.913737900555134,0.020543061196804047,0.024426329880952835,0.00022682826966047287,0.0
45.84615384615385,2,2,2,1.0,0,True,21,False,1.439562439918518,2.167011022567749,-0.727448582649231,-1.5208948850631714,-2.5710065364837646,1.0501116514205933,-0.9743674993515015,-0.5947452187538147,-0.37962228059768677,2.7909507751464844,-0.12260359525680542,2.91355437040329,0.02124517410993576,0.024664614349603653,8.9290551841259e-05,0.0
45.92307692307693,2,2,2,1.0,0,True,25,False,1.439562439918518,2.1576759815216064,-0.7181135416030884,-1.5208948850631714,-2.5695366859436035,1.0486418008804321,-0.9743674993515015,-0.5941551327705383,-0.38021236658096313,2.7909507751464844,-0.12243995070457458,2.913390725851059,0.02085130661725998,0.02509581670165062,3.8621947169303894e-05,0.0
46.0,2,2,2,1.0,0,True,29,False,1.439562439918518,2.1472840309143066,-0.7077215909957886,-1.5208948850631714,-2.567620277404785,1.0467253923416138,-0.9743674993515015,-0.5918591022491455,-0.38250839710235596,2.7909507751464844,-0.1222945973277092,2.9132453724741936,0.019726552069187164,0.02545703575015068,0.0,0.0
46.07692307692308,2,2,2,1.0,0,False,0,False,1.439562439918518,2.1475625038146973,-0.7080000638961792,-1.5208948850631714,-2.565399408340454,1.0445045232772827,-0.9743674993515015,-0.5882203578948975,-0.386147141456604,2.7909507751464844,-0.12216701358556747,2.913117788732052,0.018227018415927887,0.025487568229436874,0.0,0.0
46.15384615384615,2,2,2,1.0,0,False,0,False,1.439562439918518,2.147538423538208,-0.7079759836196899,-1.5208948850631714,-2.563138008117676,1.0422431230545044,-0.9743674993515015,-0.5842576026916504,-0.3901098966598511,2.7909507751464844,-0.12205030769109726,2.9130010828375816,0.01677883416414261,0.025626178830862045,0.03006797283887863,0.0
46.23076923076923,2,2,2,1.0,0,False,0,False,1.439562439918518,2.1475064754486084,-0.7079440355300903,-1.5208948850631714,-2.5610504150390625,1.0401555299758911,-0.9743674993515015,-0.5810842514038086,-0.39328324794769287,2.7909507751464844,-0.12193583697080612,2.9128866121172905,0.015689224004745483,0.025741759687662125,0.02657456323504448,0.0
46.307692307692314,2,2,2,1.0,0,False,0,False,1.439562439918518,2.147477865219116,-0.7079154253005981,-1.5208948850631714,-2.5591342449188232,1.0382393598556519,-0.9743674993515015,-0.5791584253311157,-0.39520907402038574,2.7909507751464844,-0.12183094769716263,2.912781722843647,0.014959059655666351,0.02578415349125862,0.02259904518723488,0.0
46.38461538461539,2,2,2,1.0,0,False,0,False,1.439562439918518,2.147449254989624,-0.707886815071106,-1.5208948850631714,-2.557490825653076,1.0365959405899048,-0.9743674993515015,-0.5782551169395447,-0.39611238241195684,2.7909507751464844,-0.12173451483249664,2.912685289978981,0.01439957320690155,0.02578461542725563,0.017208196222782135,0.0
46.46153846153847,2,2,2,1.0,0,False,0,False,1.439562439918518,2.147420644760132,-0.7078582048416138,-1.5208948850631714,-2.5562522411346436,1.0353573560714722,-0.9743674993515015,-0.5782442688941956,-0.3961232304573059,2.7909507751464844,-0.12164575606584549,2.91259653121233,0.013950251042842865,0.025764022022485733,0.00972522422671318,0.0
46.53846153846154,2,2,2,1.0,0,False,0,False,1.439562439918518,2.147392988204956,-0.707830548286438,-1.5208948850631714,-2.5555198192596436,1.0346249341964722,-0.9743674993515015,-0.5791400074958801,-0.39522749185562134,2.7909507751464844,-0.12156421691179276,2.912514992058277,0.01359451562166214,0.02573847398161888,0.0002161134034395218,0.0
46.61538461538462,2,2,2,1.0,0,False,0,False,1.439562439918518,2.1473731994628906,-0.7078107595443726,-1.5208948850631714,-2.555452823638916,1.0345579385757446,-0.9743674993515015,-0.5810179710388184,-0.3933495283126831,2.7909507751464844,-0.12149015814065933,2.9124409332871437,0.01331346482038498,0.025721486657857895,0.0005109841004014015,0.0
46.69230769230769,2,2,2,1.0,0,False,0,False,1.439562439918518,2.1473541259765625,-0.7077916860580444,-1.5208948850631714,-2.5563669204711914,1.03547203540802,-0.9743674993515015,-0.583952009677887,-0.3904154896736145,2.7909507751464844,-0.12142395973205566,2.91237473487854,0.013086967170238495,0.025487665086984634,0.0012076320126652718,0.0
46.769230769230774,2,2,2,1.0,0,False,0,False,1.439562439918518,2.1473350524902344,-0.7077726125717163,-1.5208948850631714,-2.55850887298584,1.0376139879226685,-0.9743674993515015,-0.5878757834434509,-0.38649171590805054,2.7909507751464844,-0.12136762589216232,2.9123184010386467,0.01291712373495102,0.025011610239744186,0.05339199677109718,0.0
46.84615384615385,2,2,2,1.0,0,False,0,False,1.439562439918518,2.1473286151885986,-0.7077661752700806,-1.5208948850631714,-2.5615487098693848,1.0406538248062134,-0.9743674993515015,-0.5921244621276855,-0.3822430372238159,2.7909507751464844,-0.12133196741342545,2.91228274255991,0.012961268424987793,0.024523835629224777,0.06906282156705856,0.0
46.92307692307693,2,2,2,1.0,0,True,3,False,1.439562439918518,2.146544933319092,-0.7069824934005737,-1.5208948850631714,-2.5703773498535156,1.0494824647903442,-0.9743674993515015,-0.590125322341919,-0.3842421770095825,2.7909507751464844,-0.12428196519613266,2.915232740342617,0.012903846800327301,0.024257037788629532,0.001418115571141243,0.0
47.0,2,2,2,1.0,0,True,7,False,1.439562439918518,2.143728017807007,-0.7041655778884888,-1.5208948850631714,-2.5743398666381836,1.0534449815750122,-0.9743674993515015,-0.5879706144332886,-0.3863968849182129,2.7909507751464844,-0.12380227446556091,2.9147530496120453,0.013838782906532288,0.024061817675828934,0.0015939120203256607,0.0
47.07692307692308,2,2,2,1.0,0,True,11,False,1.439562439918518,2.1391403675079346,-0.6995779275894165,-1.5208948850631714,-2.575122833251953,1.0542279481887817,-0.9743674993515015,-0.5864742994308472,-0.3878931999206543,2.7909507751464844,-0.12191510945558548,2.91286588460207,0.01571667194366455,0.023873481899499893,0.005098460242152214,0.0
47.15384615384615,2,2,2,1.0,0,True,15,False,1.439562439918518,2.1330056190490723,-0.6934431791305542,-1.5208948850631714,-2.5735604763031006,1.0526655912399292,-0.9743674993515015,-0.5860973596572876,-0.38827013969421387,2.7909507751464844,-0.12002715468406677,2.910977929830551,0.018024496734142303,0.023838061839342117,0.0009778980165719986,0.0
47.23076923076923,2,2,2,1.0,0,True,19,False,1.439562439918518,2.1254806518554688,-0.6859182119369507,-1.5208948850631714,-2.571122884750366,1.0502279996871948,-0.9743674993515015,-0.5856393575668335,-0.38872814178466797,2.7909507751464844,-0.1189105361700058,2.90986131131649,0.01974470168352127,0.02402133122086525,0.0010351650416851044,0.0
47.307692307692314,2,2,2,1.0,0,True,23,False,1.439562439918518,2.1167120933532715,-0.6771496534347534,-1.5208948850631714,-2.5680696964263916,1.0471748113632202,-0.9743674993515015,-0.5843822956085205,-0.38998520374298096,2.7909507751464844,-0.11898013204336166,2.909930907189846,0.020526252686977386,0.024466391652822495,0.00013311859220266342,0.0
47.38461538461539,2,2,2,1.0,0,True,27,False,1.439562439918518,2.1068294048309326,-0.6672669649124147,-1.5208948850631714,-2.564617872238159,1.0437229871749878,-0.9743674993515015,-0.581943690776825,-0.3924238085746765,2.7909507751464844,-0.11920160800218582,2.91015238314867,0.02018897980451584,0.025069814175367355,3.0691735446453094e-05,0.0
47.46153846153847,2,2,2,1.0,0,True,31,False,1.439562439918518,2.095942258834839,-0.6563798189163208,-1.5208948850631714,-2.561267375946045,1.0403724908828735,-0.9743674993515015,-0.5784122943878174,-0.39595520496368414,2.7909507751464844,-0.11939780414104462,2.910348579287529,0.019145704805850983,0.025234218686819077,0.001934063620865345,0.0
47.53846153846154,2,2,2,1.0,0,True,35,False,1.439562439918518,2.084160327911377,-0.6445978879928589,-1.5208948850631714,-2.558117628097534,1.0372227430343628,-0.9743674993515015,-0.5743499398231506,-0.40001755952835083,2.7909507751464844,-0.11957326531410217,2.9105240404605865,0.017829611897468567,0.025267165154218674,0.001348317600786686,0.0
47.61538461538462,2,2,2,1.0,0,True,39,False,1.439562439918518,2.0715808868408203,-0.6320184469223022,-1.5208948850631714,-2.5552077293395996,1.0343128442764282,-0.9743674993515015,-0.5703125,-0.40405499935150146,2.7909507751464844,-0.11972914636135101,2.9106799215078354,0.016509853303432465,0.02533091977238655,0.0008281925693154335,0.0
47.69230769230769,2,2,2,1.0,0,True,43,False,1.439562439918518,2.0582892894744873,-0.6187268495559692,-1.5208948850631714,-2.5525643825531006,1.0316694974899292,-0.9743674993515015,-0.5666619539260864,-0.40770554542541504,2.7909507751464844,-0.11986681073904037,2.9108175858855247,0.015320166945457458,0.025405142456293106,0.00045371707528829575,0.0
47.769230769230774,2,2,2,1.0,0,False,0,False,1.439562439918518,2.0586278438568115,-0.6190654039382935,-1.5208948850631714,-2.5501911640167236,1.0292962789535522,-0.9743674993515015,-0.5636513233184814,-0.41071617603302,2.7909507751464844,-0.1199934110045433,2.9109441861510277,0.014334596693515778,0.025479082018136978,0.00015406403690576553,0.0
47.84615384615385,2,2,2,1.0,0,False,0,False,1.439562439918518,2.0585920810699463,-0.6190296411514282,-1.5208948850631714,-2.5482699871063232,1.0273751020431519,-0.9743674993515015,-0.5619807839393616,-0.4123867154121399,2.7909507751464844,-0.1201053187251091,2.9110560938715935,0.013642385601997375,0.02557094767689705,0.0,0.0
47.92307692307693,2,2,2,1.0,0,False,0,False,1.439562439918518,2.05855393409729,-0.618991494178772,-1.5208948850631714,-2.5473499298095703,1.026455044746399,-0.9743674993515015,-0.5619897842407227,-0.4123777151107788,2.7909507751464844,-0.12019869685173035,2.9111494719982147,0.013175837695598602,0.025601383298635483,0.0006056018173694611,0.0
48.0,2,2,2,1.0,0,False,0,False,1.439562439918518,2.058515787124634,-0.6189533472061157,-1.5208948850631714,-2.5475964546203613,1.02670156955719,-0.9743674993515015,-0.5636407136917114,-0.41072678565979004,2.7909507751464844,-0.1202775090932846,2.911228284239769,0.01291540265083313,0.025541726499795914,0.007356451824307442,0.0
48.07692307692308,2,2,2,1.0,0,False,0,False,1.439562439918518,2.0584821701049805,-0.6189197301864623,-1.5208948850631714,-2.5488901138305664,1.027995228767395,-0.9743674993515015,-0.5668506026268005,-0.4075168967247009,2.7909507751464844,-0.12034381181001663,2.911294586956501,0.012856930494308472,0.025453392416238785,0.017778808251023293,0.0
48.15384615384615,2,2,2,1.0,0,True,2,False,1.439562439918518,2.0580451488494873,-0.6184827089309692,-1.5208948850631714,-2.551586627960205,1.0306917428970337,-0.9743674993515015,-0.5709688663482666,-0.40339863300323486,2.7909507751464844,-0.12076427042484283,2.911715045571327,0.012952148914337158,0.02533527836203575,0.02954469993710518,0.0
48.23076923076923,2,2,2,1.0,0,True,6,False,1.439562439918518,2.0557024478912354,-0.6161400079727173,-1.5208948850631714,-2.556910991668701,1.0360161066055298,-0.9743674993515015,-0.5729919672012329,-0.40137553215026855,2.7909507751464844,-0.12355265766382217,2.9145034328103065,0.012909315526485443,0.02509414777159691,0.0001248857006430626,0.0
48.307692307692314,2,2,2,1.0,0,True,10,False,1.439562439918518,2.0515451431274414,-0.6119827032089233,-1.5208948850631714,-2.5605883598327637,1.0396934747695923,-0.9743674993515015,-0.5748381018638611,-0.3995293974876404,2.7909507751464844,-0.12464812397956848,2.915598899126053,0.013384155929088593,0.025145146995782852,0.0002814922481775284,0.0
48.38461538461539,2,2,2,1.0,0,True,14,False,1.439562439918518,2.0457613468170166,-0.6061989068984985,-1.5208948850631714,-2.5627284049987793,1.041833519935608,-0.9743674993515015,-0.577000081539154,-0.3973674178123474,2.7909507751464844,-0.12432795763015747,2.915278732776642,0.014449626207351685,0.024868052452802658,0.003301389515399933,0.0
48.46153846153847,2,2,2,1.0,0,True,18,False,1.439562439918518,2.0385568141937256,-0.5989943742752075,-1.5208948850631714,-2.563769578933716,1.0428746938705444,-0.9743674993515015,-0.5793027877807617,-0.39506471157073975,2.7909507751464844,-0.123399518430233,2.9143502935767174,0.015904530882835388,0.02460188791155815,0.0021349824965000153,0.0
48.53846153846154,2,2,2,1.0,0,True,22,False,1.439562439918518,2.03007173538208,-0.590509295463562,-1.5208948850631714,-2.5641393661499023,1.043244481086731,-0.9743674993515015,-0.5811417698860168,-0.3932257294654846,2.7909507751464844,-0.12213660776615143,2.913087382912636,0.017172381281852722,0.024517934769392014,0.0017516082152724266,0.0
48.61538461538462,2,2,2,1.0,0,True,26,False,1.439562439918518,2.020442485809326,-0.5808800458908081,-1.5208948850631714,-2.5644376277923584,1.043542742729187,-0.9743674993515015,-0.581945538520813,-0.39242196083068853,2.7909507751464844,-0.12026657909154892,2.9112173542380333,0.017921261489391327,0.024578023701906204,0.0006783055141568184,0.0
48.69230769230769,2,2,2,1.0,0,True,30,False,1.439562439918518,2.009795904159546,-0.5702334642410278,-1.5208948850631714,-2.5647635459899902,1.0438686609268188,-0.9743674993515015,-0.5815885663032532,-0.3927789330482483,2.7909507751464844,-0.11839094758033752,2.909341722726822,0.018023580312728882,0.024775709956884384,0.0008588237687945366,0.0
48.769230769230774,2,2,2,1.0,0,True,34,False,1.439562439918518,1.9982264041900635,-0.5586639642715454,-1.5208948850631714,-2.5641088485717773,1.043213963508606,-0.9743674993515015,-0.5806013345718384,-0.3937661647796631,2.7909507751464844,-0.11783052980899811,2.9087813049554825,0.017574205994606018,0.024945739656686783,0.0005139503628015518,0.0
48.84615384615385,2,2,2,1.0,0,True,38,False,1.439562439918518,1.9858424663543701,-0.546280026435852,-1.5208948850631714,-2.5627686977386475,1.041873812675476,-0.9743674993515015,-0.5789942145347595,-0.39537328481674194,2.7909507751464844,-0.1172860637307167,2.908236838877201,0.016785144805908203,0.025029156357049942,0.0013616355136036873,0.0
48.92307692307693,2,2,2,1.0,0,True,42,False,1.439562439918518,1.972724437713623,-0.533161997795105,-1.5208948850631714,-2.5611491203308105,1.0402542352676392,-0.9743674993515015,-0.5769532322883606,-0.39741426706314087,2.7909507751464844,-0.11704978346824646,2.908000558614731,0.015821844339370728,0.02508443221449852,0.0007416866719722748,0.0
49.0,2,2,2,1.0,0,True,46,False,1.439562439918518,1.9589526653289795,-0.5193902254104614,-1.5208948850631714,-2.559509754180908,1.0386148691177368,-0.9743674993515015,-0.5746448040008545,-0.3997226953506469,2.7909507751464844,-0.11686413735151291,2.9078149124979973,0.014874808490276337,0.02512550726532936,0.0005956739187240601,0.0
49.07692307692308,2,2,2,1.0,0,True,50,False,1.439562439918518,1.9445955753326416,-0.5050331354141235,-1.5208948850631714,-2.558133840560913,1.0372389554977417,-0.9743674993515015,-0.572297990322113,-0.4020695090293884,2.7909507751464844,-0.11667148768901825,2.9076222628355026,0.014096453785896301,0.02514706179499626,0.0009762635454535484,0.0
49.15384615384615,2,2,2,1.0,0,True,54,False,1.439562439918518,1.9297184944152832,-0.49015605449676514,-1.5208948850631714,-2.557000160217285,1.0361052751541138,-0.9743674993515015,-0.5700868964195251,-0.4042806029319763,2.7909507751464844,-0.11637993156909943,2.907330706715584,0.013567082583904266,0.02515481784939766,0.0008910289034247398,0.0
49.23076923076923,2,2,2,1.0,0,True,58,False,1.439562439918518,1.9143784046173096,-0.4748159646987915,-1.5208948850631714,-2.5560388565063477,1.0351439714431763,-0.9743674993515015,-0.5680555701255798,-0.40631192922592163,2.7909507751464844,-0.11595124006271362,2.906902015209198,0.01328478753566742,0.025150928646326065,0.0006910786032676697,0.0
49.307692307692314,2,2,2,1.0,0,True,62,False,1.439562439918518,1.8986239433288574,-0.45906150341033936,-1.5208948850631714,-2.555236577987671,1.0343416929244995,-0.9743674993515015,-0.5661220550537109,-0.4082454442977905,2.7909507751464844,-0.11536557972431183,2.906316354870796,0.013212218880653381,0.025133665651082993,0.0003313738852739334,0.0
49.38461538461539,2,2,2,1.0,0,True,66,False,1.439562439918518,1.8824965953826904,-0.4429341554641724,-1.5208948850631714,-2.5545458793640137,1.0336509943008423,-0.9743674993515015,-0.5641643404960632,-0.4102031588554383,2.7909507751464844,-0.1148015633225441,2.9057523384690285,0.01328587532043457,0.025105971843004227,0.0006017275154590607,0.0
49.46153846153847,2,2,2,1.0,0,True,70,False,1.439562439918518,1.8660401105880737,-0.42647767066955566,-1.5208948850631714,-2.553994655609131,1.0330997705459595,-0.9743674993515015,-0.5619850158691406,-0.4123824834823608,2.7909507751464844,-0.11392135173082352,2.904872126877308,0.01356557011604309,0.0250711552798748,0.00029129907488822937,0.0
49.53846153846154,2,2,2,1.0,0,True,74,False,1.439562439918518,1.8492882251739502,-0.4097257852554321,-1.5208948850631714,-2.5534775257110596,1.0325826406478882,-0.9743674993515015,-0.5594835877418518,-0.41488391160964966,2.7909507751464844,-0.11281219869852066,2.903762973845005,0.014042437076568604,0.025034356862306595,0.0003213249146938324,0.0
49.61538461538462,2,2,2,1.0,0,True,78,False,1.439562439918518,1.8322726488113403,-0.39271020889282227,-1.5208948850631714,-2.5528676509857178,1.0319727659225464,-0.9743674993515015,-0.5566489100456238,-0.4177185893058777,2.7909507751464844,-0.11175143718719482,2.902702212333679,0.01470523327589035,0.025004934519529343,0.0005312636494636536,0.0
49.69230769230769,2,2,2,1.0,0,True,82,False,1.439562439918518,1.8150194883346558,-0.3754570484161377,-1.5208948850631714,-2.5517706871032715,1.0308758020401,-0.9743674993515015,-0.5537513494491577,-0.42061614990234375,2.7909507751464844,-0.11138416826725006,2.9023349434137344,0.015555515885353088,0.025011438876390457,0.0005842931568622589,0.0
49.769230769230774,2,2,2,1.0,0,True,86,False,1.439562439918518,1.797558069229126,-0.3579956293106079,-1.5208948850631714,-2.5496537685394287,1.0287588834762573,-0.9743674993515015,-0.5511261820793152,-0.4232413172721863,2.7909507751464844,-0.11199421435594559,2.90294498950243,0.016547568142414093,0.02507047727704048,0.00029329676181077957,0.0
49.84615384615385,2,2,2,1.0,0,True,90,False,1.439562439918518,1.7799134254455566,-0.3403509855270386,-1.5208948850631714,-2.5468556880950928,1.0259608030319214,-0.9743674993515015,-0.5485840439796448,-0.4257834553718567,2.7909507751464844,-0.11296702176332474,2.903917796909809,0.017467759549617767,0.025117341428995132,0.0001229485496878624,0.0
49.92307692307693,2,2,2,1.0,0,True,94,False,1.439562439918518,1.7621008157730103,-0.3225383758544922,-1.5208948850631714,-2.5443670749664307,1.0234721899032593,-0.9743674993515015,-0.5458378791809082,-0.42852962017059326,2.7909507751464844,-0.11383713036775589,2.9047879055142403,0.018094830214977264,0.025082435458898544,9.601004421710968e-05,0.0
50.0,2,2,2,1.0,0,False,0,False,1.439562439918518,1.7493222951889038,-0.30975985527038574,-1.5208948850631714,-2.5423922538757324,1.021497368812561,-0.9743674993515015,-0.5431650876998901,-0.43120241165161133,2.7909507751464844,-0.11462022364139557,2.90557099878788,0.01840665191411972,0.0250711627304554,0.0001081172376871109,0.0
50.07692307692308,2,2,2,1.0,0,False,0,False,1.439562439918518,1.7491099834442139,-0.3095475435256958,-1.5208948850631714,-2.540914297103882,1.0200194120407104,-0.9743674993515015,-0.540558397769928,-0.4338091015815735,2.7909507751464844,-0.11533188819885254,2.906282663345337,0.018320567905902863,0.02514154091477394,0.00011889263987541199,0.0
50.15384615384615,2,2,2,1.0,0,False,0,False,1.439562439918518,1.749070167541504,-0.3095077276229858,-1.5208948850631714,-2.5401508808135986,1.0192559957504272,-0.9743674993515015,-0.5381869077682495,-0.43618059158325195,2.7909507751464844,-0.1159559041261673,2.9069066792726517,0.018062517046928406,0.025319401174783707,0.06521999835968018,0.0
50.23076923076923,2,2,2,1.0,0,False,0,False,1.439562439918518,1.7467031478881836,-0.3071407079696655,-1.5208948850631714,-2.5393168926239014,1.01842200756073,-0.9743674993515015,-0.5383835434913635,-0.43598395586013794,2.7909507751464844,-0.11646348983049393,2.9074142649769783,0.018071182072162628,0.02541973814368248,0.050726234912872314,0.0
50.307692307692314,2,2,2,1.0,0,False,0,False,1.439562439918518,1.7412354946136475,-0.3016730546951294,-1.5208948850631714,-2.5337302684783936,1.0128353834152222,-0.9743674993515015,-0.5451335310935974,-0.4292339682579041,2.7909507751464844,-0.11690045148134232,2.9078512266278267,0.018021225929260254,0.025868061929941177,0.0001597544178366661,0.0
50.38461538461539,2,2,2,1.0,0,False,0,False,1.439562439918518,1.742064356803894,-0.302501916885376,-1.5208948850631714,-2.528799295425415,1.0079044103622437,-0.9743674993515015,-0.5510859489440918,-0.42328155040740967,2.7909507751464844,-0.11731516569852829,2.9082659408450127,0.017825961112976074,0.02615411952137947,0.0017734011635184288,0.0
50.46153846153847,2,2,2,1.0,0,False,0,False,1.439562439918518,1.746412754058838,-0.3068503141403198,-1.5208948850631714,-2.5272626876831055,1.006367802619934,-0.9743674993515015,-0.5555007457733154,-0.41886675357818604,2.7909507751464844,-0.11770384013652802,2.9086546152830124,0.017486989498138428,0.026128124445676804,0.0014043739065527916,0.0
50.53846153846154,2,2,2,1.0,0,False,0,False,1.439562439918518,1.7482450008392334,-0.30868256092071533,-1.5208948850631714,-2.5294647216796875,1.0085698366165161,-0.9743674993515015,-0.5584688186645508,-0.4158986806869507,2.7909507751464844,-0.1180601418018341,2.9090109169483185,0.015972629189491272,0.026012998074293137,0.00013717450201511383,0.0
50.61538461538462,2,2,2,1.0,0,False,0,False,1.439562439918518,1.7482612133026123,-0.30869877338409424,-1.5208948850631714,-2.534801483154297,1.0139065980911255,-0.9743674993515015,-0.5605421662330627,-0.4138253331184387,2.7909507751464844,-0.11837100237607956,2.909321777522564,0.01446492224931717,0.0260760597884655,0.0005835667252540588,0.0
50.69230769230769,2,2,2,1.0,0,False,0,False,1.439562439918518,1.7482879161834717,-0.3087254762649536,-1.5208948850631714,-2.541675090789795,1.0207802057266235,-0.9743674993515015,-0.5653911828994751,-0.40897631645202637,2.7909507751464844,-0.11864885687828064,2.909599632024765,0.014241524040699005,0.026251044124364853,0.04226887598633766,0.0
50.769230769230774,2,2,2,1.0,0,False,0,False,1.439562439918518,1.748321294784546,-0.30875885486602783,-1.5208948850631714,-2.5490341186523438,1.0281392335891724,-0.9743674993515015,-0.5726912021636963,-0.4016762971878051,2.7909507751464844,-0.1188991516828537,2.909849926829338,0.014625981450080872,0.0261092372238636,0.048357948660850525,0.0
50.84615384615385,2,2,2,1.0,0,True,1,False,1.439562439918518,1.7482473850250244,-0.30868494510650635,-1.5208948850631714,-2.5577592849731445,1.0368643999099731,-0.9743674993515015,-0.578963577747345,-0.3954039216041565,2.7909507751464844,-0.12028610706329346,2.911236882209778,0.015365712344646454,0.02551884576678276,0.01895332708954811,0.0
50.92307692307693,2,2,2,1.0,0,True,5,False,1.439562439918518,1.7464345693588257,-0.3068721294403076,-1.5208948850631714,-2.566061496734619,1.0451666116714478,-0.9743674993515015,-0.581544041633606,-0.3928234577178955,2.7909507751464844,-0.12298177182674408,2.9139325469732285,0.015904061496257782,0.025156717747449875,0.000714506022632122,0.0
51.0,2,2,2,1.0,0,True,9,False,1.439562439918518,1.7427397966384888,-0.3031773567199707,-1.5208948850631714,-2.5703771114349365,1.0494822263717651,-0.9743674993515015,-0.5839847326278687,-0.39038276672363287,2.7909507751464844,-0.12297198176383972,2.913922756910324,0.01717238873243332,0.024792958050966263,0.006337873637676239,0.0
51.07692307692308,2,2,2,1.0,0,True,13,False,1.439562439918518,1.7373842000961304,-0.2978217601776123,-1.5208948850631714,-2.5712578296661377,1.0503629446029663,-0.9743674993515015,-0.5877959728240967,-0.3865715265274048,2.7909507751464844,-0.12255779653787613,2.9135085716843605,0.019152112305164337,0.024536270648241043,0.001339903101325035,0.0
51.15384615384615,2,2,2,1.0,0,True,17,False,1.439562439918518,1.7305670976638794,-0.29100465774536133,-1.5208948850631714,-2.570817470550537,1.0499225854873657,-0.9743674993515015,-0.5910385251045227,-0.38332897424697876,2.7909507751464844,-0.12240205705165863,2.913352832198143,0.020765654742717743,0.024560432881116867,0.00022688880562782288,0.0
51.23076923076923,2,2,2,1.0,0,True,21,False,1.439562439918518,1.7224297523498535,-0.28286731243133545,-1.5208948850631714,-2.5699715614318848,1.0490766763687134,-0.9743674993515015,-0.5923062562942505,-0.382061243057251,2.7909507751464844,-0.1222628578543663,2.9132136330008507,0.021397598087787628,0.024856243282556534,0.0001130811870098114,0.0
51.307692307692314,2,2,2,1.0,0,True,25,False,1.439562439918518,1.713108777999878,-0.27354633808135986,-1.5208948850631714,-2.5685343742370605,1.0476394891738892,-0.9743674993515015,-0.5913684964179993,-0.3829990029335022,2.7909507751464844,-0.12214000523090363,2.913090780377388,0.020863138139247894,0.02534330263733864,5.1334500312805176e-05,0.0
51.38461538461539,2,2,2,1.0,0,False,0,False,1.439562439918518,1.7133671045303345,-0.2738046646118164,-1.5208948850631714,-2.5665526390075684,1.045657753944397,-0.9743674993515015,-0.588403582572937,-0.38596391677856445,2.7909507751464844,-0.12203293293714523,2.9129837080836296,0.019642718136310577,0.025689546018838882,0.00012779142707586288,0.0
51.46153846153847,2,2,2,1.0,0,False,0,False,1.439562439918518,1.7133499383926392,-0.2737874984741211,-1.5208948850631714,-2.5643656253814697,1.0434707403182983,-0.9743674993515015,-0.5842124223709106,-0.3901550769805908,2.7909507751464844,-0.12193425744771957,2.912885032594204,0.01820194721221924,0.02578410878777504,0.0416727177798748,0.0
51.53846153846154,2,2,2,1.0,0,False,0,False,1.439562439918518,1.7133203744888306,-0.2737579345703125,-1.5208948850631714,-2.562178134918213,1.0412832498550415,-0.9743674993515015,-0.5801242589950562,-0.3942432403564453,2.7909507751464844,-0.12183337658643723,2.9127841517329216,0.01706434041261673,0.02589217945933342,0.03926895558834076,0.0
51.61538461538462,2,2,2,1.0,0,False,0,False,1.439562439918518,1.7132965326309204,-0.2737340927124023,-1.5208948850631714,-2.5598106384277344,1.038915753364563,-0.9743674993515015,-0.5767036080360413,-0.3976638913154602,2.7909507751464844,-0.12174202501773834,2.9126928001642227,0.016315698623657227,0.02596069499850273,0.03811199218034744,0.0
51.69230769230769,2,2,2,1.0,0,False,0,False,1.439562439918518,1.711800217628479,-0.272237777709961,-1.5208948850631714,-2.5557539463043213,1.03485906124115,-0.9743674993515015,-0.5763027667999268,-0.3980647325515747,2.7909507751464844,-0.12162438035011292,2.9125751554965973,0.01610080897808075,0.02610841765999794,0.0005600787699222565,0.0
51.769230769230774,2,2,2,1.0,0,False,0,False,1.439562439918518,1.712739109992981,-0.2731766700744629,-1.5208948850631714,-2.550297498703003,1.0294026136398315,-0.9743674993515015,-0.5780739188194275,-0.396293580532074,2.7909507751464844,-0.12153999507427216,2.9124907702207565,0.01601618528366089,0.026300396770238876,0.0,0.0
51.84615384615385,2,2,2,1.0,0,False,0,False,1.439562439918518,1.7157244682312012,-0.2761620283126831,-1.5208948850631714,-2.546731472015381,1.0258365869522095,-0.9743674993515015,-0.5797412991523743,-0.3946262001991272,2.7909507751464844,-0.12147390097379684,2.912424676120281,0.01573432981967926,0.026290636509656906,0.00011053867638111115,0.0
51.92307692307693,2,2,2,1.0,0,False,0,False,1.439562439918518,1.7158058881759644,-0.2762434482574463,-1.5208948850631714,-2.5460548400878906,1.0251599550247192,-0.9743674993515015,-0.5800026655197144,-0.3943648338317871,2.7909507751464844,-0.12142039090394974,2.912371166050434,0.014163658022880554,0.026196125894784927,0.00043967273086309433,0.0
52.0,2,2,2,1.0,0,False,0,False,1.439562439918518,1.7154927253723145,-0.2759302854537964,-1.5208948850631714,-2.5478763580322266,1.0269814729690552,-0.9743674993515015,-0.5802693367004395,-0.394098162651062,2.7909507751464844,-0.12136410921812057,2.912314884364605,0.01314140111207962,0.02611347660422325,0.0010479381307959557,0.0
52.07692307692308,2,2,2,1.0,0,False,0,False,1.439562439918518,1.715223789215088,-0.2756613492965698,-1.5208948850631714,-2.551165819168091,1.0302709341049194,-0.9743674993515015,-0.5828401446342468,-0.39152735471725464,2.7909507751464844,-0.12131724506616592,2.9122680202126503,0.012954272329807281,0.02551862969994545,0.05447413772344589,0.0
52.15384615384615,2,2,2,1.0,0,False,0,False,1.439562439918518,1.7149869203567505,-0.2754244804382324,-1.5208948850631714,-2.555152177810669,1.0342572927474976,-0.9743674993515015,-0.5870800018310547,-0.3872874975204468,2.7909507751464844,-0.121277816593647,2.9122285917401314,0.013165876269340515,0.024944353848695755,0.06662431359291077,0.0
52.23076923076923,2,2,2,1.0,0,True,2,False,1.439562439918518,1.7144261598587036,-0.27486371994018555,-1.5208948850631714,-2.564201831817627,1.0433069467544556,-0.9743674993515015,-0.5863141417503357,-0.38805335760116577,2.7909507751464844,-0.12414643913507462,2.915097214281559,0.013390816748142242,0.024612341076135635,0.0003629736602306366,0.0
52.307692307692314,2,2,2,1.0,0,True,6,False,1.439562439918518,1.7119053602218628,-0.2723429203033447,-1.5208948850631714,-2.5693392753601074,1.048444390296936,-0.9743674993515015,-0.5847744345664978,-0.3895930647850036,2.7909507751464844,-0.1245122104883194,2.9154629856348038,0.014282286167144775,0.024375271052122116,0.001756148412823677,0.0
52.38461538461539,2,2,2,1.0,0,True,10,False,1.439562439918518,1.7075810432434082,-0.26801860332489014,-1.5208948850631714,-2.5709235668182373,1.050028681755066,-0.9743674993515015,-0.5842512845993042,-0.39011621475219727,2.7909507751464844,-0.12306823581457138,2.9140190109610558,0.016139328479766846,0.024140384048223495,0.004634270444512367,0.0
52.46153846153847,2,2,2,1.0,0,True,14,False,1.439562439918518,1.7016737461090088,-0.2621113061904908,-1.5208948850631714,-2.569791793823242,1.0488969087600708,-0.9743674993515015,-0.5852419137954712,-0.3891255855560303,2.7909507751464844,-0.12214140594005585,2.9130921810865402,0.01848927140235901,0.02408362552523613,0.0007620872929692268,0.0
52.53846153846154,2,2,2,1.0,0,True,18,False,1.439562439918518,1.6943618059158325,-0.25479936599731445,-1.5208948850631714,-2.567556381225586,1.0466614961624146,-0.9743674993515015,-0.586029589176178,-0.3883379101753235,2.7909507751464844,-0.12190906703472137,2.9128598421812057,0.020244352519512177,0.02428581938147545,0.00022973399609327316,0.0
52.61538461538462,2,2,2,1.0,0,True,22,False,1.439562439918518,1.6857845783233643,-0.2462221384048462,-1.5208948850631714,-2.5650951862335205,1.0442003011703491,-0.9743674993515015,-0.5851877331733704,-0.3891797661781311,2.7909507751464844,-0.12181778252124786,2.9127685576677322,0.020922191441059113,0.02477898821234703,0.0001061195507645607,0.0
52.69230769230769,2,2,2,1.0,0,True,26,False,1.439562439918518,1.6760679483413696,-0.23650550842285156,-1.5208948850631714,-2.5624518394470215,1.04155695438385,-0.9743674993515015,-0.5825105309486389,-0.39185696840286255,2.7909507751464844,-0.12173879891633987,2.9126895740628242,0.02043362706899643,0.025405708700418472,2.3730099201202393e-05,0.0
52.769230769230774,2,2,2,1.0,0,True,30,False,1.439562439918518,1.6653327941894531,-0.22577035427093506,-1.5208948850631714,-2.5595879554748535,1.0386930704116821,-0.9743674993515015,-0.5784574747085571,-0.3959100246429443,2.7909507751464844,-0.12167035043239594,2.9126211255788803,0.01933128386735916,0.025560829788446426,0.0009240210056304932,0.0
52.84615384615385,2,2,2,1.0,0,False,0,False,1.439562439918518,1.665619134902954,-0.22605669498443604,-1.5208948850631714,-2.556641101837158,1.0357462167739868,-0.9743674993515015,-0.573521077632904,-0.40084642171859736,2.7909507751464844,-0.12161282449960709,2.9125635996460915,0.01797502487897873,0.02564277872443199,0.0002541299909353256,0.0
52.92307692307693,2,2,2,1.0,0,False,0,False,1.439562439918518,1.665595531463623,-0.22603309154510495,-1.5208948850631714,-2.5538763999938965,1.032981514930725,-0.9743674993515015,-0.5685989260673523,-0.40576857328414917,2.7909507751464844,-0.12155946344137192,2.9125102385878563,0.016737408936023712,0.025811415165662766,0.03680272027850151,0.0
53.0,2,2,2,1.0,0,False,0,False,1.439562439918518,1.6655648946762085,-0.22600245475769043,-1.5208948850631714,-2.5513954162597656,1.0305005311965942,-0.9743674993515015,-0.5645970702171326,-0.4097704291343689,2.7909507751464844,-0.12150117754936218,2.9124519526958466,0.015890352427959442,0.025925491005182266,0.03589177504181862,0.0
53.07692307692308,2,2,2,1.0,0,False,0,False,1.439562439918518,1.6655386686325073,-0.22597622871398926,-1.5208948850631714,-2.5491788387298584,1.028283953666687,-0.9743674993515015,-0.5618607997894287,-0.41250669956207275,2.7909507751464844,-0.12144635617733002,2.9123971313238144,0.0154385045170784,0.025954175740480423,0.035151541233062744,0.0
53.15384615384615,2,2,2,1.0,0,False,0,False,1.439562439918518,1.6642327308654785,-0.22467029094696045,-1.5208948850631714,-2.5465710163116455,1.0256761312484741,-0.9743674993515015,-0.5611719489097595,-0.41319555044174194,2.7909507751464844,-0.12137167900800705,2.9123224541544914,0.015258915722370148,0.025986511260271072,0.00872250646352768,0.0
53.23076923076923,2,2,2,1.0,0,False,0,False,1.439562439918518,1.6633193492889404,-0.22375690937042234,-1.5208948850631714,-2.542325496673584,1.0214306116104126,-0.9743674993515015,-0.5633889436721802,-0.4109785556793213,2.7909507751464844,-0.12131057679653168,2.912261351943016,0.015239238739013672,0.02613610401749611,0.0,0.0
53.307692307692314,2,2,2,1.0,0,False,0,False,1.439562439918518,1.6648403406143188,-0.22527790069580078,-1.5208948850631714,-2.539691209793091,1.0187963247299194,-0.9743674993515015,-0.5655648112297058,-0.40880268812179565,2.7909507751464844,-0.12126787006855011,2.9122186452150345,0.015102803707122803,0.0261245034635067,0.00042907893657684326,0.0
53.38461538461539,2,2,2,1.0,0,False,0,False,1.439562439918518,1.6655248403549194,-0.22596240043640137,-1.5208948850631714,-2.5395801067352295,1.018685221672058,-0.9743674993515015,-0.5672162771224976,-0.40715122222900396,2.7909507751464844,-0.12123262137174606,2.9121833965182304,0.014203749597072601,0.026034552603960037,0.00039832666516304016,0.0
53.46153846153847,2,2,2,1.0,0,False,0,False,1.439562439918518,1.66548490524292,-0.22592246532440186,-1.5208948850631714,-2.5416371822357178,1.0207422971725464,-0.9743674993515015,-0.5689345002174377,-0.4054329991340637,2.7909507751464844,-0.12119672447443008,2.9121474996209145,0.013331592082977295,0.026047762483358383,0.0009700283408164978,0.0
53.53846153846154,2,2,2,1.0,0,False,0,False,1.439562439918518,1.6654547452926636,-0.2258923053741455,-1.5208948850631714,-2.5451831817626953,1.024288296699524,-0.9743674993515015,-0.5726060271263123,-0.4017614722251892,2.7909507751464844,-0.12116752564907074,2.912118300795555,0.013111025094985962,0.025635410100221634,0.05287695676088333,0.0
53.61538461538462,2,2,2,1.0,0,False,0,False,1.439562439918518,1.6654309034347534,-0.22586846351623535,-1.5208948850631714,-2.549609661102295,1.0287147760391235,-0.9743674993515015,-0.5778213739395142,-0.3965461254119873,2.7909507751464844,-0.12114346772432327,2.9120942428708076,0.013247989118099213,0.025032643228769302,0.06582499295473099,0.0
53.69230769230769,2,2,2,1.0,0,True,2,False,1.439562439918518,1.6650551557540894,-0.2254927158355713,-1.5208948850631714,-2.559004545211792,1.0381096601486206,-0.9743674993515015,-0.5782698392868042,-0.39609766006469727,2.7909507751464844,-0.12389624863862991,2.9148470237851143,0.013412736356258392,0.024669881910085678,0.00020993873476982117,0.0
53.769230769230774,2,2,2,1.0,0,True,6,False,1.439562439918518,1.6627039909362793,-0.22314155101776123,-1.5208948850631714,-2.5648398399353027,1.0439449548721313,-0.9743674993515015,-0.5775306820869446,-0.3968368172645569,2.7909507751464844,-0.12439209222793579,2.91534286737442,0.01419561356306076,0.02441529557108879,0.0018032453954219818,0.0
53.84615384615385,2,2,2,1.0,0,True,10,False,1.439562439918518,1.6585350036621094,-0.21897256374359134,-1.5208948850631714,-2.5670807361602783,1.046185851097107,-0.9743674993515015,-0.5776366591453552,-0.39673084020614624,2.7909507751464844,-0.12291231751441956,2.913863092660904,0.015979886054992676,0.024163875728845596,0.003183949738740921,0.0
53.92307692307693,2,2,2,1.0,0,True,14,False,1.439562439918518,1.6527642011642456,-0.21320176124572754,-1.5208948850631714,-2.5664584636688232,1.0455635786056519,-0.9743674993515015,-0.5793219208717346,-0.39504557847976685,2.7909507751464844,-0.12188193947076797,2.9128327146172523,0.018314525485038757,0.024084623903036118,0.000922204926609993,0.0
54.0,2,2,2,1.0,0,True,18,False,1.439562439918518,1.6455714702606201,-0.20600903034210205,-1.5208948850631714,-2.5645973682403564,1.043702483177185,-0.9743674993515015,-0.580877959728241,-0.3934895396232605,2.7909507751464844,-0.12161575257778168,2.912566527724266,0.02009394019842148,0.024248097091913223,0.0002441415563225746,0.0
54.07692307692308,2,2,2,1.0,0,True,22,False,1.439562439918518,1.6371021270751953,-0.19753968715667725,-1.5208948850631714,-2.562422752380371,1.0415278673171997,-0.9743674993515015,-0.5808461904525757,-0.3935213088989258,2.7909507751464844,-0.1215587854385376,2.912509560585022,0.020821936428546906,0.02469930425286293,9.262003004550934e-05,0.0
54.15384615384616,2,2,2,1.0,0,True,26,False,1.439562439918518,1.62748122215271,-0.18791878223419192,-1.5208948850631714,-2.56007981300354,1.0391849279403687,-0.9743674993515015,-0.5788955092430115,-0.39547199010849,2.7909507751464844,-0.1215066909790039,2.9124574661254883,0.02037537842988968,0.025292303413152695,2.5606714189052582e-05,0.0
54.23076923076923,2,2,2,1.0,0,True,30,False,1.439562439918518,1.616831660270691,-0.17726922035217285,-1.5208948850631714,-2.5574862957000732,1.0365914106369019,-0.9743674993515015,-0.5754867792129517,-0.3988807201385498,2.7909507751464844,-0.1214616671204567,2.912412442266941,0.019292719662189484,0.025547724217176437,0.0,0.0
54.307692307692314,2,2,2,1.0,0,False,0,False,1.439562439918518,1.614335298538208,-0.17477285861968994,-1.5208948850631714,-2.5547661781311035,1.0338712930679321,-0.9743674993515015,-0.5711165070533752,-0.4032509922981262,2.7909507751464844,-0.1214241087436676,2.912374883890152,0.017920590937137604,0.025610487908124924,0.0004897965118288994,0.0
54.38461538461539,2,2,2,1.0,0,False,0,False,1.439562439918518,1.6142919063568115,-0.17472946643829346,-1.5208948850631714,-2.5521156787872314,1.03122079372406,-0.9743674993515015,-0.5666428804397583,-0.40772461891174316,2.7909507751464844,-0.12139107286930084,2.912341848015785,0.016631335020065308,0.025758501142263412,0.0,0.0
54.46153846153847,2,2,2,1.0,0,False,0,False,1.439562439918518,1.614261269569397,-0.1746988296508789,-1.5208948850631714,-2.5498013496398926,1.0289064645767212,-0.9743674993515015,-0.5629175901412964,-0.4114499092102051,2.7909507751464844,-0.12135276943445206,2.9123035445809364,0.01563684642314911,0.025900203734636307,0.03232911229133606,0.0
54.53846153846154,2,2,2,1.0,0,False,0,False,1.439562439918518,1.6142315864562988,-0.17466914653778076,-1.5208948850631714,-2.5477914810180664,1.026896595954895,-0.9743674993515015,-0.5605578422546387,-0.4138096570968628,2.7909507751464844,-0.12131386250257492,2.9122646376490593,0.015073351562023163,0.025921743363142014,0.03056146204471588,0.0
54.61538461538462,2,2,2,1.0,0,False,0,False,1.439562439918518,1.6142076253890991,-0.17464518547058105,-1.5208948850631714,-2.5460891723632812,1.0251942873001099,-0.9743674993515015,-0.5592901110649109,-0.4150773882865906,2.7909507751464844,-0.12127611041069031,2.9122268855571747,0.014718316495418549,0.025902751833200455,0.027851630002260208,0.0
54.69230769230769,2,2,2,1.0,0,False,0,False,1.439562439918518,1.61311936378479,-0.17355692386627197,-1.5208948850631714,-2.544168710708618,1.0232738256454468,-0.9743674993515015,-0.5598337054252625,-0.414533793926239,2.7909507751464844,-0.12122242152690887,2.9121731966733932,0.014561876654624939,0.025913912802934647,0.0035544298589229584,0.0
54.769230769230774,2,2,2,1.0,0,False,0,False,1.439562439918518,1.612570881843567,-0.17300844192504883,-1.5208948850631714,-2.541604995727539,1.0207101106643677,-0.9743674993515015,-0.5622864961624146,-0.4120810031890869,2.7909507751464844,-0.1211831122636795,2.912133887410164,0.014515601098537445,0.025974001735448837,1.8826685845851898e-05,0.0
54.84615384615385,2,2,2,1.0,0,False,0,False,1.439562439918518,1.6133371591567993,-0.17377471923828125,-1.5208948850631714,-2.54075288772583,1.0198580026626587,-0.9743674993515015,-0.5646399855613708,-0.4097275137901306,2.7909507751464844,-0.12115418165922165,2.912104956805706,0.014250442385673523,0.025917474180459976,0.0003301631659269333,0.0
54.92307692307693,2,2,2,1.0,0,False,0,False,1.439562439918518,1.6134042739868164,-0.17384183406829834,-1.5208948850631714,-2.54178524017334,1.0208903551101685,-0.9743674993515015,-0.5667493343353271,-0.4076181650161743,2.7909507751464844,-0.12112649530172348,2.912077270448208,0.013449586927890778,0.02590373530983925,0.0005112262442708015,0.0
55.0,2,2,2,1.0,0,False,0,False,1.439562439918518,1.61345374584198,-0.17389130592346191,-1.5208948850631714,-2.54429030418396,1.0233954191207886,-0.9743674993515015,-0.5700464248657227,-0.4043210744857788,2.7909507751464844,-0.12110116332769394,2.9120519384741783,0.013051055371761322,0.02568422630429268,0.045385025441646576,0.0
55.07692307692308,2,2,2,1.0,0,False,0,False,1.439562439918518,1.6135034561157227,-0.17394101619720456,-1.5208948850631714,-2.5480153560638428,1.0271204710006714,-0.9743674993515015,-0.5748874545097351,-0.39948004484176636,2.7909507751464844,-0.12108311802148819,2.9120338931679726,0.012986496090888977,0.02511264756321907,0.06022275239229202,0.0
55.15384615384616,2,2,2,1.0,0,False,0,False,1.439562439918518,1.6136045455932617,-0.17404210567474365,-1.5208948850631714,-2.5543956756591797,1.0335007905960083,-0.9743674993515015,-0.5785031914710999,-0.3958643078804016,2.7909507751464844,-0.1219097152352333,2.9128604903817177,0.013190120458602905,0.024636249989271164,0.042708367109298706,0.0
55.23076923076923,2,2,2,1.0,0,True,4,False,1.439562439918518,1.612302541732788,-0.17274010181427,-1.5208948850631714,-2.5627803802490234,1.041885495185852,-0.9743674993515015,-0.5775629281997681,-0.3968045711517334,2.7909507751464844,-0.12437976151704788,2.9153305366635323,0.013367079198360443,0.024367522448301315,0.0015744799748063087,0.0
55.307692307692314,2,2,2,1.0,0,True,8,False,1.439562439918518,1.6090716123580933,-0.1695091724395752,-1.5208948850631714,-2.5669496059417725,1.046054720878601,-0.9743674993515015,-0.5764331817626953,-0.39793431758880615,2.7909507751464844,-0.12329801172018051,2.914248786866665,0.01462528109550476,0.024173717945814133,0.0019965972751379013,0.0
55.38461538461539,2,2,2,1.0,0,True,12,False,1.439562439918518,1.6041152477264404,-0.16455280780792236,-1.5208948850631714,-2.5673160552978516,1.0464211702346802,-0.9743674993515015,-0.5770919919013977,-0.39727550745010376,2.7909507751464844,-0.12186690419912338,2.9128176793456078,0.01685270667076111,0.023990828543901443,0.0032563507556915283,0.0
55.46153846153847,2,2,2,1.0,0,True,16,False,1.439562439918518,1.597656488418579,-0.15809404850006104,-1.5208948850631714,-2.5658276081085205,1.0449327230453491,-0.9743674993515015,-0.5783348679542542,-0.3960326313972473,2.7909507751464844,-0.12093967944383621,2.9118904545903206,0.01909264177083969,0.02403442934155464,0.00079326331615448,0.0
55.53846153846154,2,2,2,1.0,0,True,20,False,1.439562439918518,1.589847207069397,-0.1502847671508789,-1.5208948850631714,-2.5634357929229736,1.0425409078598022,-0.9743674993515015,-0.5788854956626892,-0.39548200368881226,2.7909507751464844,-0.1208639144897461,2.9118146896362305,0.020519427955150604,0.024358805269002914,0.00018330290913581848,0.0
55.61538461538462,2,2,2,1.0,0,True,24,False,1.439562439918518,1.580822229385376,-0.1412597894668579,-1.5208948850631714,-2.560842514038086,1.0399476289749146,-0.9743674993515015,-0.5776957869529724,-0.39667171239852905,2.7909507751464844,-0.12088636308908463,2.911837138235569,0.020798124372959137,0.02491399273276329,7.675960659980774e-05,0.0
55.69230769230769,2,2,2,1.0,0,True,28,False,1.439562439918518,1.5707042217254639,-0.1311417818069458,-1.5208948850631714,-2.5581207275390625,1.0372258424758911,-0.9743674993515015,-0.5748278498649597,-0.39953964948654175,2.7909507751464844,-0.12090650945901871,2.911857284605503,0.02009107917547226,0.025518056005239487,1.664739102125168e-05,0.0
55.769230769230774,2,2,2,1.0,0,True,32,False,1.439562439918518,1.5596100091934204,-0.12004756927490234,-1.5208948850631714,-2.55527400970459,1.0343791246414185,-0.9743674993515015,-0.5708390474319458,-0.40352845191955566,2.7909507751464844,-0.1209266185760498,2.911877393722534,0.01889830082654953,0.0255390964448452,0.001052236184477806,0.0
55.84615384615385,2,2,2,1.0,0,False,0,False,1.439562439918518,1.5599035024642944,-0.12034106254577637,-1.5208948850631714,-2.5524232387542725,1.031528353691101,-0.9743674993515015,-0.5662352442741394,-0.40813225507736206,2.7909507751464844,-0.12094824761152267,2.911899022758007,0.017540596425533295,0.025633197277784348,0.00022743362933397293,0.0
55.92307692307693,2,2,2,1.0,0,False,0,False,1.439562439918518,1.5598783493041992,-0.12031590938568117,-1.5208948850631714,-2.5498130321502686,1.0289181470870972,-0.9743674993515015,-0.5618942379951477,-0.41247326135635376,2.7909507751464844,-0.12096554785966873,2.911916323006153,0.016340069472789764,0.02579977735877037,0.03393355756998062,0.0
56.0,2,2,2,1.0,0,False,0,False,1.439562439918518,1.5598469972610474,-0.12028455734252931,-1.5208948850631714,-2.547579050064087,1.0266841650009155,-0.9743674993515015,-0.5585256814956665,-0.41584181785583496,2.7909507751464844,-0.12097091227769852,2.911921687424183,0.015482679009437561,0.025914330035448074,0.0337044894695282,0.0
56.07692307692308,2,2,2,1.0,0,False,0,False,1.439562439918518,1.5598194599151611,-0.12025701999664308,-1.5208948850631714,-2.5456998348236084,1.024804949760437,-0.9743674993515015,-0.5565253496170044,-0.41784214973449707,2.7909507751464844,-0.12097242474555969,2.911923199892044,0.015027306973934174,0.02592037245631218,0.03240490332245827,0.0
56.15384615384616,2,2,2,1.0,0,False,0,False,1.439562439918518,1.559795618057251,-0.12023317813873291,-1.5208948850631714,-2.5441482067108154,1.023253321647644,-0.9743674993515015,-0.5555226802825928,-0.4188448190689087,2.7909507751464844,-0.1209709569811821,2.9119217321276665,0.01475464552640915,0.02589849755167961,0.02984713762998581,0.0
56.23076923076923,2,2,2,1.0,0,False,0,False,1.439562439918518,1.5577812194824219,-0.11821877956390381,-1.5208948850631714,-2.5412163734436035,1.0203214883804321,-0.9743674993515015,-0.5577433705329895,-0.416624128818512,2.7909507751464844,-0.12093952298164368,2.911890298128128,0.014723703265190125,0.025982793420553207,2.954155206680298e-05,0.0
56.307692307692314,2,2,2,1.0,0,False,0,False,1.439562439918518,1.5580439567565918,-0.11848151683807373,-1.5208948850631714,-2.538821220397949,1.0179263353347778,-0.9743674993515015,-0.5604347586631775,-0.413932740688324,2.7909507751464844,-0.12093352526426315,2.9118843004107475,0.014640703797340393,0.026010889559984207,0.00029711052775382996,0.0
56.38461538461539,2,2,2,1.0,0,False,0,False,1.439562439918518,1.5588691234588623,-0.11930668354034424,-1.5208948850631714,-2.538612127304077,1.0177172422409058,-0.9743674993515015,-0.5627871155738831,-0.4115803837776184,2.7909507751464844,-0.12093230336904526,2.9118830785155296,0.014123000204563141,0.02593770995736122,0.00037931837141513824,0.0
56.46153846153847,2,2,2,1.0,0,False,0,False,1.439562439918518,1.55892813205719,-0.11936569213867188,-1.5208948850631714,-2.5403389930725098,1.0194441080093384,-0.9743674993515015,-0.5650624632835388,-0.40930503606796265,2.7909507751464844,-0.12092795968055725,2.9118787348270416,0.01330854743719101,0.02594533935189247,0.0007723784074187279,0.0
56.53846153846154,2,2,2,1.0,0,False,0,False,1.439562439918518,1.5589853525161743,-0.11942291259765625,-1.5208948850631714,-2.5435192584991455,1.0226243734359741,-0.9743674993515015,-0.5689120888710022,-0.40545541048049927,2.7909507751464844,-0.12092570960521698,2.9118764847517014,0.013013646006584167,0.025619003921747208,0.04999471828341484,0.0
56.61538461538462,2,2,2,1.0,0,False,0,False,1.439562439918518,1.5590403079986572,-0.11947786808013915,-1.5208948850631714,-2.54777455329895,1.0268796682357788,-0.9743674993515015,-0.574255108833313,-0.4001123905181884,2.7909507751464844,-0.12092706561088562,2.91187784075737,0.013050459325313568,0.025029297918081284,0.0639178678393364,0.0
56.69230769230769,2,2,2,1.0,0,True,1,False,1.439562439918518,1.5590112209320068,-0.11944878101348877,-1.5208948850631714,-2.556241750717163,1.0353468656539917,-0.9743674993515015,-0.5762568712234497,-0.39811062812805176,2.7909507751464844,-0.12290656566619873,2.913857340812683,0.013227313756942749,0.024622704833745956,0.004717083647847176,0.0
56.769230769230774,2,2,2,1.0,0,True,5,False,1.439562439918518,1.5572086572647095,-0.1176462173461914,-1.5208948850631714,-2.5631823539733887,1.0422874689102173,-0.9743674993515015,-0.5756309628486633,-0.39873653650283813,2.7909507751464844,-0.12417226284742355,2.915123037993908,0.013728030025959015,0.024364564567804337,0.0016497261822223663,0.0
56.84615384615385,2,2,2,1.0,0,True,9,False,1.439562439918518,1.5535335540771484,-0.11397111415863037,-1.5208948850631714,-2.5664353370666504,1.045540452003479,-0.9743674993515015,-0.5752059817314148,-0.39916151762008667,2.7909507751464844,-0.12267868220806122,2.9136294573545456,0.015271604061126709,0.02414049580693245,0.008180709555745125,0.0
56.92307692307693,2,2,2,1.0,0,True,13,False,1.439562439918518,1.5481932163238525,-0.10863077640533447,-1.5208948850631714,-2.566239356994629,1.0453444719314575,-0.9743674993515015,-0.5765846371650696,-0.3977828621864319,2.7909507751464844,-0.12134162336587906,2.9122923985123634,0.017648182809352875,0.024022933095693588,0.0026140641421079636,0.0
57.0,2,2,2,1.0,0,True,17,False,1.439562439918518,1.5413872003555298,-0.10182476043701172,-1.5208948850631714,-2.564478635787964,1.0435837507247925,-0.9743674993515015,-0.5781968832015991,-0.39617061614990234,2.7909507751464844,-0.12093079090118408,2.9118815660476685,0.019690655171871185,0.024136897176504135,0.0003354903310537338,0.0
57.07692307692308,2,2,2,1.0,0,True,21,False,1.439562439918518,1.5332666635513306,-0.0937042236328125,-1.5208948850631714,-2.5621421337127686,1.0412472486495972,-0.9743674993515015,-0.5785708427429199,-0.39579665660858154,2.7909507751464844,-0.12094847857952118,2.9118992537260056,0.020742975175380707,0.024554666131734848,0.0001260358840227127,0.0
57.15384615384616,2,2,2,1.0,0,True,25,False,1.439562439918518,1.5239633321762085,-0.08440089225769043,-1.5208948850631714,-2.5597310066223145,1.038836121559143,-0.9743674993515015,-0.5769535899162292,-0.3974139094352722,2.7909507751464844,-0.12096146494150162,2.911912240087986,0.020577363669872284,0.025148708373308182,5.563255399465561e-05,0.0
57.23076923076923,2,2,2,1.0,0,True,29,False,1.439562439918518,1.514973521232605,-0.07541108131408691,-1.5208948850631714,-2.5570883750915527,1.0361934900283813,-0.9743674993515015,-0.5737571120262146,-0.40061038732528687,2.7909507751464844,-0.12097492814064026,2.9119257032871246,0.019645921885967255,0.02556264027953148,5.206093192100525e-06,0.0
57.307692307692314,2,2,2,1.0,0,False,0,False,1.439562439918518,1.511038064956665,-0.07147562503814699,-1.5208948850631714,-2.554314374923706,1.0334194898605347,-0.9743674993515015,-0.5696020722389221,-0.40476542711257935,2.7909507751464844,-0.1209895983338356,2.91194037348032,0.01836371421813965,0.025612633675336838,0.0006192224100232124,0.0
57.38461538461539,2,2,2,1.0,0,False,0,False,1.439562439918518,1.5110430717468262,-0.0714806318283081,-1.5208948850631714,-2.5516419410705566,1.0307470560073853,-0.9743674993515015,-0.5652449131011963,-0.4091225862503052,2.7909507751464844,-0.12100408971309662,2.911954864859581,0.01707080751657486,0.025737833231687546,0.0,0.0
57.46153846153847,2,2,2,1.0,0,False,0,False,1.439562439918518,1.5110230445861816,-0.07146060466766357,-1.5208948850631714,-2.549346446990967,1.0284515619277954,-0.9743674993515015,-0.5614070892333984,-0.412960410118103,2.7909507751464844,-0.12100913375616074,2.911959908902645,0.015975892543792725,0.025892209261655807,0.03549465909600258,0.0
57.53846153846154,2,2,2,1.0,0,False,0,False,1.439562439918518,1.5109997987747192,-0.07143735885620117,-1.5208948850631714,-2.5473737716674805,1.026478886604309,-0.9743674993515015,-0.5587778687477112,-0.4155896306037903,2.7909507751464844,-0.12100780010223389,2.9119585752487183,0.015320420265197754,0.02592339739203453,0.03320397809147835,0.0
57.61538461538462,2,2,2,1.0,0,False,0,False,1.439562439918518,1.5109807252883911,-0.07141828536987303,-1.5208948850631714,-2.5456337928771973,1.0247389078140259,-0.9743674993515015,-0.5572574734687805,-0.417110025882721,2.7909507751464844,-0.12100354582071304,2.9119543209671974,0.014937765896320343,0.025909926742315292,0.03115059807896614,0.0
57.69230769230769,2,2,2,1.0,0,False,0,False,1.439562439918518,1.5097178220748901,-0.07015538215637207,-1.5208948850631714,-2.543463706970215,1.0225688219070435,-0.9743674993515015,-0.5577005743980408,-0.4166669249534607,2.7909507751464844,-0.12097632139921188,2.9119270965456963,0.014778904616832733,0.025932978838682175,0.0038844719529151917,0.0
57.769230769230774,2,2,2,1.0,0,False,0,False,1.439562439918518,1.5091041326522827,-0.06954169273376465,-1.5208948850631714,-2.5402655601501465,1.019370675086975,-0.9743674993515015,-0.5603086352348328,-0.41405886411666876,2.7909507751464844,-0.12096121162176132,2.9119119867682457,0.014734074473381042,0.026030953973531723,0.0,0.0
57.84615384615385,2,2,2,1.0,0,False,0,False,1.439562439918518,1.5103158950805664,-0.07075345516204834,-1.5208948850631714,-2.5388309955596924,1.017936110496521,-0.9743674993515015,-0.5627644062042236,-0.41160309314727783,2.7909507751464844,-0.12095583975315094,2.9119066148996353,0.01453515887260437,0.02598820999264717,0.0003757467493414879,0.0
57.92307692307693,2,2,2,1.0,0,False,0,False,1.439562439918518,1.5104106664657593,-0.07084822654724121,-1.5208948850631714,-2.5395610332489014,1.01866614818573,-0.9743674993515015,-0.5646942257881165,-0.409673273563385,2.7909507751464844,-0.12095148116350174,2.911902256309986,0.01359083503484726,0.025955434888601303,0.0002786470577120781,0.0
58.0,2,2,2,1.0,0,False,0,False,1.439562439918518,1.5104382038116455,-0.07087576389312744,-1.5208948850631714,-2.541991949081421,1.0210970640182495,-0.9743674993515015,-0.5674909353256226,-0.4068765640258789,2.7909507751464844,-0.12094476819038391,2.9118955433368683,0.0130380317568779,0.025849182158708572,0.0013713212683796883,0.0
58.07692307692308,2,2,2,1.0,0,False,0,False,1.439562439918518,1.5104687213897705,-0.07090628147125243,-1.5208948850631714,-2.5457191467285156,1.0248242616653442,-0.9743674993515015,-0.5720563530921936,-0.40231114625930786,2.7909507751464844,-0.12094336748123169,2.911894142627716,0.012938715517520905,0.02526089921593666,0.057971421629190445,0.0
58.15384615384616,2,2,2,1.0,0,False,0,False,1.439562439918518,1.5105488300323486,-0.07098639011383057,-1.5208948850631714,-2.551255226135254,1.0303603410720825,-0.9743674993515015,-0.5765619874000549,-0.39780551195144653,2.7909507751464844,-0.12123840302228928,2.9121891781687737,0.01318483054637909,0.0247294120490551,0.06914224475622177,0.0
58.23076923076923,2,2,2,1.0,0,True,4,False,1.439562439918518,1.509245753288269,-0.06968331336975098,-1.5208948850631714,-2.5605456829071045,1.039650797843933,-0.9743674993515015,-0.5758588314056396,-0.3985086679458618,2.7909507751464844,-0.12417956441640854,2.915130339562893,0.013295076787471771,0.02444842830300331,0.0015229033306241035,0.0
58.307692307692314,2,2,2,1.0,0,True,8,False,1.439562439918518,1.5060083866119385,-0.06644594669342041,-1.5208948850631714,-2.5653581619262695,1.0444632768630981,-0.9743674993515015,-0.5749051570892334,-0.39946234226226807,2.7909507751464844,-0.12340477854013443,2.914355553686619,0.014422640204429626,0.024244729429483414,0.0018678372725844383,0.0
58.38461538461539,2,2,2,1.0,0,True,12,False,1.439562439918518,1.5010465383529663,-0.06148409843444824,-1.5208948850631714,-2.5664215087890625,1.0455266237258911,-0.9743674993515015,-0.5754473209381104,-0.39892017841339117,2.7909507751464844,-0.12165093421936035,2.9126017093658447,0.01653420180082321,0.02403821423649788,0.004124920815229416,0.0
58.46153846153847,2,2,2,1.0,0,True,16,False,1.439562439918518,1.4947774410247803,-0.05521500110626221,-1.5208948850631714,-2.5652503967285156,1.0443555116653442,-0.9743674993515015,-0.5769754648208618,-0.39739203453063965,2.7909507751464844,-0.12061779946088791,2.9115685746073723,0.01883827894926071,0.02404613420367241,0.00158670824021101,0.0
58.53846153846154,2,2,2,1.0,0,True,20,False,1.439562439918518,1.4888951778411865,-0.04933273792266846,-1.5208948850631714,-2.5630428791046143,1.0421479940414429,-0.9743674993515015,-0.5780068635940552,-0.3963606357574463,2.7909507751464844,-0.12068277597427368,2.911633551120758,0.020387805998325348,0.024335216730833054,0.0001954101026058197,0.0
58.61538461538462,2,2,2,1.0,0,True,24,False,1.439562439918518,1.4836459159851074,-0.04408347606658936,-1.5208948850631714,-2.5606918334960938,1.0397969484329224,-0.9743674993515015,-0.5774046778678894,-0.39696282148361206,2.7909507751464844,-0.1207260936498642,2.9116768687963486,0.020813919603824615,0.024861227720975876,0.00010163988918066025,0.0
58.69230769230769,2,2,2,1.0,0,True,28,False,1.439562439918518,1.47895348072052,-0.03939104080200195,-1.5208948850631714,-2.5583057403564453,1.037410855293274,-0.9743674993515015,-0.5753437876701355,-0.399023711681366,2.7909507751464844,-0.12076456844806671,2.911715343594551,0.020227380096912384,0.025443945080041885,4.049856215715408e-05,0.0
58.769230769230774,2,2,2,1.0,0,True,32,False,1.439562439918518,1.4747592210769653,-0.035196781158447266,-1.5208948850631714,-2.5559356212615967,1.0350407361984253,-0.9743674993515015,-0.5724741816520691,-0.40189331769943243,2.7909507751464844,-0.12080027908086777,2.911751054227352,0.019149206578731537,0.02561168745160103,0.0,0.0
58.84615384615385,2,2,2,1.0,0,False,0,False,1.439562439918518,1.47486412525177,-0.03530168533325195,-1.5208948850631714,-2.553738594055176,1.0328437089920044,-0.9743674993515015,-0.5692808032035828,-0.40508669614791865,2.7909507751464844,-0.12083251029253006,2.9117832854390144,0.01785348355770111,0.02567027136683464,0.00034868717193603516,0.0
58.92307692307693,2,2,2,1.0,0,False,0,False,1.439562439918518,1.4748574495315552,-0.03529500961303711,-1.5208948850631714,-2.5518546104431152,1.0309597253799438,-0.9743674993515015,-0.5661996603012085,-0.40816783905029297,2.7909507751464844,-0.12085793912410736,2.9118087142705917,0.01657871901988983,0.025769028812646866,0.03242839127779007,0.0
59.0,2,2,2,1.0,0,False,0,False,1.439562439918518,1.4748432636260986,-0.035280823707580566,-1.5208948850631714,-2.550229549407959,1.0293346643447876,-0.9743674993515015,-0.5636550188064575,-0.41071248054504395,2.7909507751464844,-0.12087249010801315,2.9118232652544975,0.015549398958683014,0.025842193514108658,0.03113582730293274,0.0
59.07692307692308,2,2,2,1.0,0,False,0,False,1.439562439918518,1.4748289585113525,-0.03526651859283448,-1.5208948850631714,-2.5486655235290527,1.0277706384658813,-0.9743674993515015,-0.5621698498725891,-0.41219764947891235,2.7909507751464844,-0.1208820790052414,2.9118328541517258,0.01490762084722519,0.02583833411335945,0.027439501136541367,0.0
59.15384615384616,2,2,2,1.0,0,False,0,False,1.439562439918518,1.474814772605896,-0.03525233268737793,-1.5208948850631714,-2.547179937362671,1.0262850522994995,-0.9743674993515015,-0.5615378618240356,-0.4128296375274658,2.7909507751464844,-0.12088792771100998,2.9118387028574944,0.014439210295677185,0.025825876742601395,0.022680163383483887,0.0
59.23076923076923,3,2,2,1.0,0,False,0,False,1.439562439918518,1.474530816078186,-0.03496837615966797,-1.5208948850631714,-2.5458617210388184,1.024966835975647,-0.9743674993515015,-0.5617956519126892,-0.4125718474388123,2.7909507751464844,-0.12088489532470703,2.9118356704711914,0.014097698032855988,0.025817792862653732,0.016200877726078033,0.0
59.307692307692314,3,2,2,1.0,0,False,0,False,1.439562439918518,1.4737963676452637,-0.034233927726745605,-1.5208948850631714,-2.5452027320861816,1.0243078470230103,-0.9743674993515015,-0.5636661052703857,-0.4107013940811157,2.7909507751464844,-0.12088612467050552,2.91183689981699,0.014087095856666565,0.025881130248308182,1.1138617992401123e-05,0.0
59.38461538461539,3,2,2,1.0,0,False,0,False,1.439562439918518,1.4738874435424805,-0.0343250036239624,-1.5208948850631714,-2.5485029220581055,1.027608036994934,-0.9743674993515015,-0.5656165480613708,-0.4087509512901306,2.7909507751464844,-0.12088549137115479,2.911836266517639,0.01423759013414383,0.026268091052770615,0.0004623737186193466,0.0
59.46153846153847,3,2,2,1.0,0,False,0,False,1.439562439918518,1.4739763736724854,-0.034413933753967285,-1.5208948850631714,-2.555014133453369,1.0341192483901978,-0.9743674993515015,-0.5687177181243896,-0.4056497812271118,2.7909507751464844,-0.12088243663311005,2.9118332117795944,0.015010736882686615,0.026339542120695114,0.0015734508633613586,0.0
59.53846153846154,3,2,2,1.0,0,False,0,False,1.439562439918518,1.4740715026855469,-0.03450906276702881,-1.5208948850631714,-2.5628879070281982,1.0419930219650269,-0.9743674993515015,-0.5718963146209717,-0.4024711847305298,2.7909507751464844,-0.12088868767023087,2.9118394628167152,0.016474075615406036,0.026573430746793747,0.03601793199777603,0.0
59.61538461538462,3,2,2,1.0,0,False,0,False,1.439562439918518,1.4741621017456055,-0.0345996618270874,-1.5208948850631714,-2.5696182250976562,1.0487233400344849,-0.9743674993515015,-0.5730856657028198,-0.40128183364868164,2.7909507751464844,-0.12091094255447388,2.9118617177009583,0.018657304346561432,0.027085255831480026,0.020990241318941116,0.0
59.69230769230769,3,2,2,1.0,0,False,0,False,1.439562439918518,1.4742531776428223,-0.03469073772430419,-1.5208948850631714,-2.574286937713623,1.0533920526504517,-0.9743674993515015,-0.5710940361022949,-0.40327346324920654,2.7909507751464844,-0.12095646560192108,2.9119072407484055,0.021618284285068512,0.027755487710237503,0.001397593878209591,0.0
59.769230769230774,3,2,2,1.0,0,False,0,False,1.439562439918518,1.4743515253067017,-0.034789085388183594,-1.5208948850631714,-2.577300548553467,1.0564056634902954,-0.9743674993515015,-0.5656746029853821,-0.40869289636611933,2.7909507751464844,-0.12101731449365616,2.9119680896401405,0.02514135092496872,0.028468947857618332,0.00019068829715251923,0.0
59.84615384615385,3,2,2,1.0,0,False,0,False,1.439562439918518,1.4744659662246704,-0.034903526306152344,-1.5208948850631714,-2.579577684402466,1.0586827993392944,-0.9743674993515015,-0.5571452379226685,-0.417222261428833,2.7909507751464844,-0.12107867002487183,2.912029445171356,0.02880946546792984,0.02850208804011345,0.13667108118534088,0.0
59.92307692307693,3,2,2,1.0,0,False,0,False,1.439562439918518,1.4550682306289673,-0.015505790710449217,-1.5208948850631714,-2.571368455886841,1.0504735708236694,-0.9743674993515015,-0.563649594783783,-0.4107179045677185,2.7909507751464844,-0.1209527775645256,2.91190355271101,0.03044591099023819,0.028660479933023453,0.0008189911022782326,0.0
60.0,3,2,2,1.0,0,False,0,False,1.439562439918518,1.442293405532837,-0.0027309656143188477,-1.5208948850631714,-2.5587222576141357,1.0378273725509644,-0.9743674993515015,-0.5726994276046753,-0.4016680717468262,2.7909507751464844,-0.12094239145517349,2.911893166601658,0.03126073628664017,0.02896147593855858,0.0010068342089653015,0.0
60.07692307692308,3,2,2,1.0,0,False,0,False,1.439562439918518,1.4412224292755127,-0.001659989356994629,-1.5208948850631714,-2.5491461753845215,1.02825129032135,-0.9743674993515015,-0.5801320672035217,-0.3942354321479798,2.7909507751464844,-0.12093018740415573,2.91188096255064,0.03177199512720108,0.029414746910333633,0.002637612633407116,0.0
60.15384615384616,3,2,2,1.0,0,False,0,False,1.439562439918518,1.4498971700668335,-0.01033473014831543,-1.5208948850631714,-2.5447838306427,1.0238889455795288,-0.9743674993515015,-0.5870304107666016,-0.38733708858489996,2.7909507751464844,-0.12093377858400345,2.911884553730488,0.03136766701936722,0.0298435278236866,0.002719578333199024,0.0
60.23076923076923,3,2,2,1.0,0,False,0,False,1.439562439918518,1.4604812860488892,-0.020918846130371094,-1.5208948850631714,-2.5456764698028564,1.024781584739685,-0.9743674993515015,-0.5940147042274475,-0.38035279512405396,2.7909507751464844,-0.12095294892787933,2.9119037240743637,0.030355580151081085,0.030162442475557327,0.0018201349303126335,0.0
60.307692307692314,3,2,2,1.0,0,False,0,False,1.439562439918518,1.4673641920089722,-0.0278017520904541,-1.5208948850631714,-2.5514190196990967,1.0305241346359253,-0.9743674993515015,-0.6017739772796631,-0.3725935220718383,2.7909507751464844,-0.12097886949777603,2.9119296446442604,0.029062606394290924,0.030398067086935043,0.0008553732186555862,0.0
60.38461538461539,3,2,2,1.0,0,False,0,False,1.439562439918518,1.4706116914749146,-0.03104925155639648,-1.5208948850631714,-2.5589699745178223,1.0380750894546509,-0.9743674993515015,-0.6097021102905273,-0.3646653890609741,2.7909507751464844,-0.12098585069179535,2.9119366258382797,0.028252698481082916,0.030039239674806595,0.0,0.0
60.46153846153847,3,2,2,1.0,0,False,0,False,1.439562439918518,1.4710627794265747,-0.03150033950805664,-1.5208948850631714,-2.5666773319244385,1.045782446861267,-0.9743674993515015,-0.6184605956077576,-0.35590690374374395,2.7909507751464844,-0.12099498510360718,2.9119457602500916,0.02753736823797226,0.029521998018026352,7.893890142440796e-05,0.0
60.53846153846154,3,2,2,1.0,0,False,0,False,1.439562439918518,1.4711740016937256,-0.03161156177520752,-1.5208948850631714,-2.5739173889160156,1.0530225038528442,-0.9743674993515015,-0.627447247505188,-0.3469202518463135,2.7909507751464844,-0.12099897861480713,2.9119497537612915,0.02684006839990616,0.029164467006921768,0.00025328248739242554,0.0
60.61538461538462,3,2,2,1.0,0,False,0,False,1.439562439918518,1.47213876247406,-0.03257632255554199,-1.5208948850631714,-2.580132246017456,1.0592373609542847,-0.9743674993515015,-0.6352411508560181,-0.3391263484954834,2.7909507751464844,-0.12099990993738174,2.911950685083866,0.026201210916042328,0.02902241423726082,0.0001835450530052185,0.0
60.69230769230769,3,2,2,1.0,0,False,0,False,1.439562439918518,1.473912000656128,-0.03434956073760986,-1.5208948850631714,-2.5848703384399414,1.06397545337677,-0.9743674993515015,-0.6410937309265137,-0.3332737684249878,2.7909507751464844,-0.12099963426589966,2.911950409412384,0.025664381682872772,0.029034685343503952,0.0003741728141903877,0.0
60.769230769230774,3,2,2,1.0,0,False,0,False,1.439562439918518,1.4761227369308472,-0.0365602970123291,-1.5208948850631714,-2.5878584384918213,1.06696355342865,-0.9743674993515015,-0.6451406478881836,-0.32922685146331787,2.7909507751464844,-0.12099885195493698,2.9119496271014214,0.025224857032299042,0.029150057584047318,0.0006082048639655113,0.0
60.84615384615385,3,2,2,1.0,0,False,0,False,1.439562439918518,1.4786089658737183,-0.039046525955200195,-1.5208948850631714,-2.5890185832977295,1.068123698234558,-0.9743674993515015,-0.6479717493057251,-0.32639575004577637,2.7909507751464844,-0.12099766731262207,2.9119484424591064,0.024843834340572357,0.029324259608983994,0.0006556045264005661,0.0
60.92307692307693,3,2,2,1.0,0,False,0,False,1.439562439918518,1.4814586639404297,-0.041896224021911614,-1.5208948850631714,-2.5885190963745117,1.0676242113113403,-0.9743674993515015,-0.6501394510269165,-0.32422804832458496,2.7909507751464844,-0.12099605798721313,2.9119468331336975,0.024476967751979828,0.02951749786734581,0.0006102025508880615,0.0
61.0,3,2,2,1.0,0,False,0,False,1.439562439918518,1.484803557395935,-0.04524111747741699,-1.5208948850631714,-2.586763620376587,1.0658687353134155,-0.9743674993515015,-0.6518996953964233,-0.3224678039550781,2.7909507751464844,-0.12099426984786987,2.9119450449943542,0.02409500628709793,0.02969968691468239,0.0004969397559762001,0.0
61.07692307692308,3,2,2,1.0,0,False,0,False,1.439562439918518,1.4886000156402588,-0.04903757572174072,-1.5208948850631714,-2.5842714309692383,1.063376545906067,-0.9743674993515015,-0.653233528137207,-0.32113397121429443,2.7909507751464844,-0.12099292874336243,2.911943703889847,0.023691095411777496,0.0298447348177433,0.0003592809662222862,0.0
61.15384615384616,3,2,2,1.0,0,False,0,False,1.439562439918518,1.492575764656067,-0.05301332473754883,-1.5208948850631714,-2.5815377235412598,1.0606428384780884,-0.9743674993515015,-0.654023289680481,-0.3203442096710205,2.7909507751464844,-0.12099241465330124,2.9119431897997856,0.0232747420668602,0.02993089333176613,0.0001616310328245163,0.0
61.23076923076923,3,2,2,1.0,0,False,0,False,1.439562439918518,1.4963321685791016,-0.056769728660583496,-1.5208948850631714,-2.5789496898651123,1.058054804801941,-0.9743674993515015,-0.6542020440101624,-0.32016545534133917,2.7909507751464844,-0.12099283933639526,2.9119436144828796,0.022861547768115997,0.029937956482172012,0.0,0.0
61.307692307692314,3,2,2,1.0,0,False,0,False,1.439562439918518,1.499530553817749,-0.059968113899230964,-1.5208948850631714,-2.576765298843384,1.0558704137802124,-0.9743674993515015,-0.6537906527519226,-0.32057684659957886,2.7909507751464844,-0.12099405378103256,2.911944828927517,0.022466592490673065,0.029865186661481857,0.0,0.0
61.38461538461539,3,2,2,1.0,0,False,0,False,1.439562439918518,1.5019865036010742,-0.06242406368255616,-1.5208948850631714,-2.5751283168792725,1.054233431816101,-0.9743674993515015,-0.6528651118278503,-0.3215023875236511,2.7909507751464844,-0.1209956705570221,2.9119464457035065,0.02210221439599991,0.02973933145403862,0.0,0.0
61.46153846153847,3,2,2,1.0,0,False,0,False,1.439562439918518,1.503674030303955,-0.06411159038543701,-1.5208948850631714,-2.5740718841552734,1.053176999092102,-0.9743674993515015,-0.6515147686004639,-0.3228527307510376,2.7909507751464844,-0.12099743634462357,2.911948211491108,0.021778129041194916,0.029586311429739,0.0,0.0
61.53846153846154,3,2,2,1.0,0,False,0,False,1.439562439918518,1.5046730041503906,-0.06511056423187256,-1.5208948850631714,-2.573519706726074,1.0526248216629028,-0.9743674993515015,-0.6498280763626099,-0.3245394229888916,2.7909507751464844,-0.12099892646074295,2.9119497016072273,0.02150050550699234,0.029433485120534897,0.0,0.0
61.61538461538462,3,2,2,1.0,0,False,0,False,1.439562439918518,1.5051227807998657,-0.06556034088134766,-1.5208948850631714,-2.5733020305633545,1.052407145500183,-0.9743674993515015,-0.647890567779541,-0.32647693157196045,2.7909507751464844,-0.12100004404783249,2.911950819194317,0.02127072960138321,0.029303375631570816,0.0,0.0
61.69230769230769,3,2,2,1.0,0,False,0,False,1.439562439918518,1.505186915397644,-0.06562447547912598,-1.5208948850631714,-2.573195695877075,1.0523008108139038,-0.9743674993515015,-0.6457871198654175,-0.328580379486084,2.7909507751464844,-0.12100077420473099,2.9119515493512154,0.021085046231746674,0.029209863394498825,6.598420441150665e-06,0.0
61.769230769230774,3,2,2,1.0,0,False,0,False,1.439562439918518,1.5050386190414429,-0.0654761791229248,-1.5208948850631714,-2.572983741760254,1.0520888566970825,-0.9743674993515015,-0.6435986161231995,-0.330768883228302,2.7909507751464844,-0.12100100517272949,2.911951780319214,0.020934827625751495,0.029157396405935287,1.0835938155651093e-05,0.0
61.84615384615385,3,2,2,1.0,0,False,0,False,1.439562439918518,1.5048398971557617,-0.06527745723724365,-1.5208948850631714,-2.5725080966949463,1.051613211631775,-0.9743674993515015,-0.6413938403129578,-0.33297365903854365,2.7909507751464844,-0.12100091576576233,2.9119516909122467,0.02080855518579483,0.02914218232035637,1.041218638420105e-05,0.0
61.92307692307693,3,2,2,1.0,0,False,0,False,1.439562439918518,1.5047156810760498,-0.06515324115753174,-1.5208948850631714,-2.57170033454895,1.0508054494857788,-0.9743674993515015,-0.6392195224761963,-0.3351479768753052,2.7909507751464844,-0.12100061774253845,2.911951392889023,0.020694740116596222,0.02915007993578911,8.608214557170868e-05,0.0
62.0,3,2,2,1.0,0,False,0,False,1.439562439918518,1.5047328472137451,-0.06517040729522704,-1.5208948850631714,-2.5705831050872803,1.0496882200241089,-0.9743674993515015,-0.637101948261261,-0.3372655510902405,2.7909507751464844,-0.12100031971931458,2.911951094865799,0.020584173500537872,0.02917535975575447,0.00012052711099386215,0.0
62.07692307692308,3,2,2,1.0,0,False,0,False,1.439562439918518,1.5048918724060059,-0.06532943248748779,-1.5208948850631714,-2.5692453384399414,1.04835045337677,-0.9743674993515015,-0.635046660900116,-0.3393208384513855,2.7909507751464844,-0.1210000216960907,2.911950796842575,0.02047146111726761,0.02920558676123619,0.0001150183379650116,0.0
62.15384615384616,3,2,2,1.0,0,False,0,False,1.439562439918518,1.5051398277282715,-0.06557738780975342,-1.5208948850631714,-2.567812442779541,1.0469175577163696,-0.9743674993515015,-0.6330492496490479,-0.3413182497024536,2.7909507751464844,-0.12099993228912354,2.911950707435608,0.020354636013507843,0.029229436069726944,8.771661669015884e-05,0.0
62.23076923076923,3,2,2,1.0,0,False,0,False,1.439562439918518,1.5053950548171997,-0.06583261489868164,-1.5208948850631714,-2.5664100646972656,1.0455151796340942,-0.9743674993515015,-0.631100058555603,-0.34326744079589844,2.7909507751464844,-0.1210000291466713,2.9119508042931557,0.02023511379957199,0.029239270836114883,3.2689422369003296e-05,0.0
62.307692307692314,3,2,2,1.0,0,False,0,False,1.439562439918518,1.5055732727050781,-0.06601083278656006,-1.5208948850631714,-2.5651473999023438,1.0442525148391724,-0.9743674993515015,-0.6291927695274353,-0.34517472982406616,2.7909507751464844,-0.12100032716989517,2.9119511023163795,0.02011578530073166,0.029228556901216507,0.0,0.0
62.38461538461539,3,2,2,1.0,0,False,0,False,1.439562439918518,1.5056102275848389,-0.0660477876663208,-1.5208948850631714,-2.5640954971313477,1.0432006120681763,-0.9743674993515015,-0.6273237466812134,-0.3470437526702881,2.7909507751464844,-0.1210007295012474,2.911951504647732,0.020000405609607697,0.029203157871961594,0.0,0.0
62.46153846153847,3,2,2,1.0,0,False,0,False,1.439562439918518,1.5054705142974854,-0.06590807437896729,-1.5208948850631714,-2.5632822513580322,1.0423873662948608,-0.9743674993515015,-0.6254945397377014,-0.34887295961380005,2.7909507751464844,-0.12100132554769516,2.9119521006941795,0.019892387092113495,0.02916823700070381,0.0,0.0
62.53846153846154,3,2,2,1.0,0,False,0,False,1.439562439918518,1.5051478147506714,-0.06558537483215332,-1.5208948850631714,-2.562694787979126,1.0417999029159546,-0.9743674993515015,-0.6237102150917053,-0.35065728425979614,2.7909507751464844,-0.12100176513195038,2.9119525402784348,0.019794292747974396,0.02913011983036995,0.0,0.0
62.61538461538462,3,2,2,1.0,0,False,0,False,1.439562439918518,1.5046640634536743,-0.06510162353515624,-1.5208948850631714,-2.5622870922088623,1.041392207145691,-0.9743674993515015,-0.6219800710678101,-0.3523874282836914,2.7909507751464844,-0.12100206315517426,2.9119528383016586,0.019707001745700836,0.02909478172659874,0.0,0.0
62.69230769230769,3,2,2,1.0,0,False,0,False,1.439562439918518,1.5040605068206787,-0.06449806690216064,-1.5208948850631714,-2.561995029449463,1.0411001443862915,-0.9743674993515015,-0.6203138828277588,-0.3540536165237427,2.7909507751464844,-0.12100236117839813,2.9119531363248825,0.019629977643489838,0.029066499322652817,0.0,0.0
62.769230769230774,3,2,2,1.0,0,False,0,False,1.439562439918518,1.5033860206604004,-0.06382358074188232,-1.5208948850631714,-2.5617547035217285,1.0408598184585571,-0.9743674993515015,-0.6187185645103455,-0.355648934841156,2.7909507751464844,-0.12100242078304291,2.9119531959295273,0.01956140249967575,0.029047299176454544,0.0,0.0
62.84615384615385,3,2,2,1.0,0,False,0,False,1.439562439918518,1.5026904344558716,-0.06312799453735353,-1.5208948850631714,-2.5615131855010986,1.0406183004379272,-0.9743674993515015,-0.6171999573707581,-0.3571675419807434,2.7909507751464844,-0.12100242078304291,2.9119531959295273,0.019498609006404877,0.029036957770586014,1.3317912817001343e-05,0.0
62.92307692307693,3,2,2,1.0,0,False,0,False,1.439562439918518,1.5020118951797485,-0.06244945526123047,-1.5208948850631714,-2.561241388320923,1.0403465032577515,-0.9743674993515015,-0.6157599687576294,-0.35860753059387207,2.7909507751464844,-0.12100242078304291,2.9119531959295273,0.019438914954662323,0.029033396393060684,2.0582228899002075e-05,0.0
63.0,3,2,2,1.0,0,False,0,False,1.439562439918518,1.5013726949691772,-0.06181025505065918,-1.5208948850631714,-2.560934066772461,1.0400391817092896,-0.9743674993515015,-0.6143978238105774,-0.3599696755409241,2.7909507751464844,-0.12100242078304291,2.9119531959295273,0.019380055367946625,0.029033366590738297,2.4456530809402466e-05,0.0
63.07692307692308,3,2,2,1.0,0,False,0,False,1.439562439918518,1.5007773637771606,-0.06121492385864258,-1.5208948850631714,-2.5606024265289307,1.0397075414657593,-0.9743674993515015,-0.6131090521812439,-0.36125844717025757,2.7909507751464844,-0.12100242078304291,2.9119531959295273,0.019320525228977203,0.02903405949473381,9.685754776000977e-06,0.0
63.15384615384616,3,2,2,1.0,0,False,0,False,1.439562439918518,1.5002168416976929,-0.060654401779174805,-1.5208948850631714,-2.560270071029663,1.0393751859664917,-0.9743674993515015,-0.6118865013122559,-0.3624809980392456,2.7909507751464844,-0.12100242078304291,2.9119531959295273,0.019259922206401825,0.029032286256551743,4.237517714500427e-06,0.0
63.23076923076923,3,2,2,1.0,0,False,0,False,1.439562439918518,1.4996743202209473,-0.06011188030242919,-1.5208948850631714,-2.559965133666992,1.0390702486038208,-0.9743674993515015,-0.6107234358787537,-0.3636440634727478,2.7909507751464844,-0.12100242078304291,2.9119531959295273,0.019198425114154816,0.02902654930949211,0.0,0.0
63.307692307692314,3,2,2,1.0,0,False,0,False,1.439562439918518,1.499130368232727,-0.059567928314208984,-1.5208948850631714,-2.559710741043091,1.0388158559799194,-0.9743674993515015,-0.6096126437187195,-0.364754855632782,2.7909507751464844,-0.1210024356842041,2.9119532108306885,0.019136942923069,0.029016483575105667,0.0,0.0
63.38461538461539,3,2,2,1.0,0,False,0,False,1.439562439918518,1.4985697269439697,-0.05900728702545166,-1.5208948850631714,-2.5595219135284424,1.038627028465271,-0.9743674993515015,-0.6085478663444519,-0.36581963300704956,2.7909507751464844,-0.12100250273942947,2.911953277885914,0.019076474010944366,0.029002759605646133,4.479661583900452e-06,0.0
63.46153846153847,3,2,2,1.0,0,False,0,False,1.439562439918518,1.4979841709136963,-0.05842173099517822,-1.5208948850631714,-2.559401750564575,1.0385068655014038,-0.9743674993515015,-0.6075240969657898,-0.36684340238571167,2.7909507751464844,-0.12100260704755783,2.911953382194042,0.019018180668354034,0.0289868526160717,0.0,0.0
63.53846153846154,3,2,2,1.0,0,False,0,False,1.439562439918518,1.4973715543746948,-0.05780911445617676,-1.5208948850631714,-2.5593421459198,1.0384472608566284,-0.9743674993515015,-0.6065378189086914,-0.36782968044281006,2.7909507751464844,-0.12100271880626678,2.911953493952751,0.018962837755680084,0.028970498591661453,0.0,0.0
63.61538461538462,3,2,2,1.0,0,False,0,False,1.439562439918518,1.4967390298843384,-0.05717658996582031,-1.5208948850631714,-2.559329032897949,1.0384341478347778,-0.9743674993515015,-0.6055881977081299,-0.3687793016433716,2.7909507751464844,-0.12100276350975037,2.9119535386562347,0.018910713493824005,0.028955336660146713,0.0,0.0
63.69230769230769,3,2,2,1.0,0,False,0,False,1.439562439918518,1.4960973262786865,-0.05653488636016846,-1.5208948850631714,-2.559340238571167,1.0384453535079956,-0.9743674993515015,-0.6046726703643799,-0.3696948289871216,2.7909507751464844,-0.12100277841091156,2.911953553557396,0.01886174827814102,0.028942514210939407,3.632158041000366e-06,0.0
63.769230769230774,3,2,2,1.0,0,False,0,False,1.439562439918518,1.4954569339752197,-0.05589449405670166,-1.5208948850631714,-2.559359312057495,1.0384644269943237,-0.9743674993515015,-0.6037865281105042,-0.3705809712409973,2.7909507751464844,-0.12100278586149216,2.9119535610079765,0.018815673887729645,0.028932560235261917,1.4528632164001465e-05,0.0
63.84615384615385,3,2,2,1.0,0,False,0,False,1.439562439918518,1.494832992553711,-0.05527055263519287,-1.5208948850631714,-2.5593678951263428,1.0384730100631714,-0.9743674993515015,-0.6029334664344788,-0.3714340329170227,2.7909507751464844,-0.12100278586149216,2.9119535610079765,0.018771760165691376,0.02892536297440529,1.3075768947601318e-05,0.0
63.92307692307693,3,2,2,1.0,0,False,0,False,1.439562439918518,1.494233250617981,-0.0546708106994629,-1.5208948850631714,-2.5593607425689697,1.0384658575057983,-0.9743674993515015,-0.602112352848053,-0.3722551465034485,2.7909507751464844,-0.12100278586149216,2.9119535610079765,0.018729351460933685,0.028920281678438187,1.0896474123001099e-05,0.0
64.0,3,2,2,1.0,0,False,0,False,1.439562439918518,1.4936631917953491,-0.054100751876831055,-1.5208948850631714,-2.5593347549438477,1.0384398698806763,-0.9743674993515015,-0.6013216972351074,-0.37304580211639404,2.7909507751464844,-0.12100278586149216,2.9119535610079765,0.018687807023525238,0.028916437178850174,9.443610906600952e-06,0.0
64.07692307692308,4,0,2,0.024038461968302727,0,False,0,False,1.439562439918518,1.4950246810913086,-0.05546224117279053,-1.5208948850631714,-2.560086727142334,1.0391918420791626,-0.9743674993515015,-0.5999881625175476,-0.37437933683395386,2.7909507751464844,-0.12100791186094284,2.911958687007427,0.01864609867334366,0.028942156583070755,0.0006256997585296631,0.0
64.15384615384616,4,0,2,0.04326923191547394,0,False,0,False,1.439562439918518,1.4959118366241455,-0.05634939670562744,-1.5208948850631714,-2.562807083129883,1.0419121980667114,-0.9743674993515015,-0.5960375666618347,-0.37832993268966675,2.7909507751464844,-0.12101315706968307,2.9119639322161674,0.01876445859670639,0.029155980795621872,0.0012863893061876297,0.0
64.23076923076924,4,0,2,0.0625,0,False,0,False,1.439562439918518,1.4946943521499634,-0.05513191223144531,-1.5208948850631714,-2.5665953159332275,1.0457004308700562,-0.9743674993515015,-0.5888936519622803,-0.3854738473892212,2.7909507751464844,-0.12100891768932343,2.911959692835808,0.01919735223054886,0.029543478041887283,0.0013648439198732376,0.0
64.3076923076923,4,0,2,0.08173078298568726,0,False,0,False,1.439562439918518,1.4909123182296753,-0.05134987831115723,-1.5208948850631714,-2.5703659057617188,1.0494710206985474,-0.9743674993515015,-0.5790461301803589,-0.3953213691711426,2.7909507751464844,-0.12099935114383698,2.9119501262903214,0.01995108276605606,0.029999028891324997,0.0013639358803629875,0.0
64.38461538461539,4,0,2,0.10096156597137451,0,False,0,False,1.439562439918518,1.4854294061660767,-0.045866966247558594,-1.5208948850631714,-2.5729751586914062,1.0520802736282349,-0.9743674993515015,-0.5669244527816772,-0.4074430465698242,2.7909507751464844,-0.12098681926727295,2.9119375944137573,0.021136246621608734,0.030237320810556412,0.001427680253982544,0.0
64.46153846153847,4,0,2,0.12019234895706177,0,False,0,False,1.439562439918518,1.4794743061065674,-0.039911866188049316,-1.5208948850631714,-2.57334303855896,1.0524481534957886,-0.9743674993515015,-0.5529532432556152,-0.42141425609588623,2.7909507751464844,-0.12097220122814178,2.911922976374626,0.022806786000728607,0.02987641468644142,0.0020660925656557083,0.0
64.53846153846155,4,0,2,0.13942313194274902,0,False,0,False,1.439562439918518,1.4733258485794067,-0.03376340866088867,-1.5208948850631714,-2.571239471435547,1.0503445863723755,-0.9743674993515015,-0.5373527407646179,-0.4370147585868836,2.7909507751464844,-0.12096595764160156,2.911916732788086,0.025019951164722443,0.029521796852350235,0.0009175436571240425,0.0
64.61538461538461,4,0,2,0.15865391492843628,0,False,0,False,1.439562439918518,1.4669737815856934,-0.027411341667175293,-1.5208948850631714,-2.5677900314331055,1.046895146369934,-0.9743674993515015,-0.5208310484886169,-0.4535364508628845,2.7909507751464844,-0.12096847593784332,2.9119192510843277,0.027417369186878204,0.029172684997320175,0.0012826360762119293,0.0
64.6923076923077,4,0,2,0.17788469791412354,0,False,0,False,1.439562439918518,1.4609476327896118,-0.021385192871093753,-1.5208948850631714,-2.56390643119812,1.0430115461349487,-0.9743674993515015,-0.5048382878303528,-0.46952921152114874,2.7909507751464844,-0.12097504734992981,2.911925822496414,0.029803000390529633,0.028841745108366013,0.0002527376636862755,0.0
64.76923076923077,4,0,2,0.1971154808998108,0,False,0,False,1.439562439918518,1.4555450677871704,-0.015982627868652347,-1.5208948850631714,-2.559948682785034,1.0390537977218628,-0.9743674993515015,-0.49029070138931274,-0.4840767979621887,2.7909507751464844,-0.12098338454961777,2.911934159696102,0.03209545463323593,0.028533805161714554,0.0001329975202679634,0.0
64.84615384615385,4,0,2,0.21634626388549805,0,False,0,False,1.439562439918518,1.450880527496338,-0.011318087577819824,-1.5208948850631714,-2.5560708045959473,1.0351759195327759,-0.9743674993515015,-0.47761476039886475,-0.4967527389526367,2.7909507751464844,-0.12099120020866394,2.9119419753551483,0.034240223467350006,0.028250712901353836,0.00032301992177963257,0.0
64.92307692307692,4,0,2,0.2355770468711853,0,False,0,False,1.439562439918518,1.4470192193984985,-0.007456779479980469,-1.5208948850631714,-2.552419662475586,1.0315247774124146,-0.9743674993515015,-0.46695929765701294,-0.5074082016944885,2.7909507751464844,-0.12099751085042953,2.911948285996914,0.03620346635580063,0.02799675241112709,0.00046164728701114655,0.0
65.0,4,0,2,0.25480780005455017,0,False,0,False,1.439562439918518,1.4439572095870972,-0.0043947696685791016,-1.5208948850631714,-2.549118757247925,1.0282238721847534,-0.9743674993515015,-0.4582710564136505,-0.516096442937851,2.7909507751464844,-0.1210021823644638,2.911952957510948,0.037979476153850555,0.02777843549847603,0.0004977267235517502,0.0
65.07692307692308,4,0,2,0.27403852343559265,0,False,0,False,1.439562439918518,1.4416475296020508,-0.002085089683532715,-1.5208948850631714,-2.5462310314178467,1.0253361463546753,-0.9743674993515015,-0.4513729512691498,-0.5229945480823517,2.7909507751464844,-0.1210055723786354,2.91195634752512,0.039580173790454865,0.027598794549703598,0.0004729069769382477,0.0
65.15384615384616,4,0,2,0.29326924681663513,0,False,0,False,1.439562439918518,1.4400150775909424,-0.0004526376724243164,-1.5208948850631714,-2.5437536239624023,1.022858738899231,-0.9743674993515015,-0.4460543692111969,-0.5283131301403046,2.7909507751464844,-0.12100794911384583,2.91195872426033,0.03931904584169388,0.027456235140562057,0.00044578686356544495,0.0
65.23076923076924,4,0,2,0.3124999701976776,0,False,0,False,1.439562439918518,1.4389729499816895,0.0005894899368286133,-1.5208948850631714,-2.5416274070739746,1.0207325220108032,-0.9743674993515015,-0.44210338592529297,-0.5322641134262085,2.7909507751464844,-0.12100953608751297,2.9119603112339973,0.03887119144201279,0.02734672650694847,0.00040002167224884033,0.0
65.3076923076923,4,0,2,0.3317306935787201,0,False,0,False,1.439562439918518,1.438441514968872,0.001120924949645996,-1.5208948850631714,-2.5397634506225586,1.0188685655593872,-0.9743674993515015,-0.43932777643203735,-0.5350397229194641,2.7909507751464844,-0.1210104450583458,2.91196122020483,0.03847820311784744,0.027265343815088272,0.0002944469451904297,0.0
65.38461538461539,4,0,2,0.3509614169597626,0,False,0,False,1.439562439918518,1.4384061098098755,0.0011563301086425781,-1.5208948850631714,-2.538071393966675,1.0171765089035034,-0.9743674993515015,-0.4375789165496826,-0.5367885828018188,2.7909507751464844,-0.12101089209318161,2.911961667239666,0.03810683637857437,0.027205709367990494,7.300637662410736e-05,0.0
65.46153846153847,4,0,2,0.37019214034080505,0,False,0,False,1.439562439918518,1.438843011856079,0.0007194280624389647,-1.5208948850631714,-2.536482810974121,1.0155879259109497,-0.9743674993515015,-0.4366926848888397,-0.5376748144626617,2.7909507751464844,-0.12101112306118011,2.9119618982076645,0.037741683423519135,0.027166295796632767,1.973472535610199e-05,0.0
65.53846153846155,4,0,2,0.38942286372184753,0,False,0,False,1.439562439918518,1.4396616220474243,-9.918212890625e-05,-1.5208948850631714,-2.534945487976074,1.0140506029129028,-0.9743674993515015,-0.4365275502204895,-0.537839949131012,2.7909507751464844,-0.12101107090711594,2.9119618460536003,0.03736384958028793,0.027148786932229996,3.2568350434303284e-05,0.0
65.61538461538461,4,0,2,0.40865358710289,0,False,0,False,1.439562439918518,1.4407835006713867,-0.0012210607528686523,-1.5208948850631714,-2.533405065536499,1.0125101804733276,-0.9743674993515015,-0.4369679391384125,-0.537399560213089,2.7909507751464844,-0.12101078778505325,2.9119615629315376,0.03695576637983322,0.02715108171105385,2.8209760785102844e-05,0.0
65.6923076923077,4,0,2,0.4278843104839325,0,False,0,False,1.439562439918518,1.4421484470367432,-0.0025860071182250977,-1.5208948850631714,-2.531826972961426,1.0109320878982544,-0.9743674993515015,-0.43790313601493835,-0.5364643633365631,2.7909507751464844,-0.12101048976182938,2.9119612649083138,0.03650594502687454,0.027174953371286392,2.3851171135902405e-05,0.0
65.76923076923077,4,0,2,0.447115033864975,0,False,0,False,1.439562439918518,1.4437283277511597,-0.0041658878326416016,-1.5208948850631714,-2.5301730632781982,1.0092781782150269,-0.9743674993515015,-0.43924933671951294,-0.5351181626319885,2.7909507751464844,-0.1210101917386055,2.91196096688509,0.03601164370775223,0.02722235396504402,1.973472535610199e-05,0.0
65.84615384615385,4,0,2,0.46634575724601746,0,False,0,False,1.439562439918518,1.445509910583496,-0.005947470664978028,-1.5208948850631714,-2.528418779373169,1.0075238943099976,-0.9743674993515015,-0.4409312903881073,-0.5334362089633942,2.7909507751464844,-0.12100989371538162,2.911960668861866,0.03547585755586624,0.027292605489492416,2.687796950340271e-05,0.0
65.92307692307692,4,0,2,0.48557648062705994,0,False,0,False,1.439562439918518,1.4474865198135376,-0.007924079895019531,-1.5208948850631714,-2.526550054550171,1.0056551694869995,-0.9743674993515015,-0.442879319190979,-0.5314881801605225,2.7909507751464844,-0.12100959569215775,2.911960370838642,0.034904755651950836,0.027384411543607712,3.8137659430503845e-05,0.0
66.0,4,0,2,0.5048072338104248,0,False,0,False,1.439562439918518,1.4496533870697021,-0.010090947151184084,-1.5208948850631714,-2.5245580673217773,1.003663182258606,-0.9743674993515015,-0.445033460855484,-0.5293340384960175,2.7909507751464844,-0.12100936472415924,2.9119601398706436,0.034306176006793976,0.027495939284563065,0.006536431610584259,0.0
66.07692307692308,4,3,2,0.5240380764007568,0,False,0,False,1.439562439918518,1.4520020484924316,-0.012439608573913574,-1.5208948850631714,-2.5224413871765137,1.0015465021133423,-0.9743674993515015,-0.447342187166214,-0.5270253121852875,2.7909507751464844,-0.12100933492183685,2.9119601100683212,0.03368895500898361,0.027624893933534622,0.006774943321943283,0.0
66.15384615384616,4,3,2,0.5432689189910889,0,False,0,False,1.439562439918518,1.4545197486877441,-0.014957308769226074,-1.5208948850631714,-2.5202035903930664,0.999308705329895,-0.9743674993515015,-0.4497610926628113,-0.5246064066886902,2.7909507751464844,-0.12100933492183685,2.9119601100683212,0.03306172043085098,0.02776874229311943,0.0069398432970047,0.0
66.23076923076924,4,3,2,0.5624997615814209,0,False,0,False,1.439562439918518,1.4571864604949951,-0.01762402057647705,-1.5208948850631714,-2.5178537368774414,0.99695885181427,-0.9743674993515015,-0.4522518813610077,-0.5221156179904938,2.7909507751464844,-0.12100933492183685,2.9119601100683212,0.03243236988782883,0.02792472019791603,0.007058009505271912,0.0
66.3076923076923,4,3,2,0.5817306041717529,0,False,0,False,1.439562439918518,1.4599772691726685,-0.02041482925415039,-1.5208948850631714,-2.5154035091400146,0.9945086240768433,-0.9743674993515015,-0.4547821283340454,-0.519585371017456,2.7909507751464844,-0.12100933492183685,2.9119601100683212,0.031808026134967804,0.028089996427297592,0.007075686007738113,0.0
66.38461538461539,4,3,2,0.600961446762085,0,False,0,False,1.439562439918518,1.462862253189087,-0.02329981327056885,-1.5208948850631714,-2.512866735458374,0.9919718503952026,-0.9743674993515015,-0.45732545852661133,-0.5170420408248901,2.7909507751464844,-0.12100933492183685,2.9119601100683212,0.031195126473903656,0.028261784464120865,0.007063820958137512,0.0
66.46153846153847,4,3,2,0.620192289352417,0,False,0,False,1.439562439918518,1.4658079147338867,-0.026245474815368652,-1.5208948850631714,-2.5102598667144775,0.9893649816513062,-0.9743674993515015,-0.4598611295223236,-0.5145063698291779,2.7909507751464844,-0.12100940942764282,2.911960184574127,0.030599214136600494,0.02843741700053215,0.007002316415309906,0.0
66.53846153846155,4,3,2,0.639423131942749,0,False,0,False,1.439562439918518,1.4687776565551758,-0.02921521663665772,-1.5208948850631714,-2.5076000690460205,0.9867051839828491,-0.9743674993515015,-0.46237289905548096,-0.5119946002960205,2.7909507751464844,-0.12100961804389954,2.911960393190384,0.030025385320186615,0.02861442044377327,0.0068986788392066956,0.0
66.61538461538461,4,3,2,0.658653974533081,0,False,0,False,1.439562439918518,1.4717352390289307,-0.032172799110412605,-1.5208948850631714,-2.5049054622650146,0.9840105772018433,-0.9743674993515015,-0.4648486375808716,-0.5095188617706299,2.7909507751464844,-0.12100984901189804,2.9119606241583824,0.02947802096605301,0.028790537267923355,0.00674818642437458,0.0
66.6923076923077,4,3,2,0.6778848171234131,0,False,0,False,1.439562439918518,1.474644422531128,-0.03508198261260986,-1.5208948850631714,-2.502195119857788,0.9813002347946167,-0.9743674993515015,-0.4672797620296478,-0.5070877373218536,2.7909507751464844,-0.12101009488105774,2.911960870027542,0.028960905969142914,0.028963696211576462,0.006576506420969963,0.0
66.76923076923077,4,3,2,0.6971156597137451,0,False,0,False,1.439562439918518,1.4774707555770874,-0.037908315658569336,-1.5208948850631714,-2.4994890689849854,0.978594183921814,-0.9743674993515015,-0.4696607291698456,-0.5047067701816559,2.7909507751464844,-0.12101031094789505,2.9119610860943794,0.028477393090724945,0.029132109135389328,0.006356881931424141,0.0
66.84615384615385,4,3,2,0.7163465023040771,0,False,0,False,1.439562439918518,1.4801849126815796,-0.04062247276306152,-1.5208948850631714,-2.496807336807251,0.9759124517440796,-0.9743674993515015,-0.4719896912574768,-0.5023778080940247,2.7909507751464844,-0.12101047486066818,2.9119612500071526,0.028030164539813995,0.02929418906569481,0.006122244521975517,0.0
66.92307692307692,4,3,2,0.7355773448944092,0,False,0,False,1.439562439918518,1.4827611446380615,-0.04319870471954345,-1.5208948850631714,-2.4941699504852295,0.9732750654220581,-0.9743674993515015,-0.4742659032344818,-0.5001015961170197,2.7909507751464844,-0.12101053446531296,2.9119613096117973,0.027621306478977203,0.029448579996824265,0.00585431233048439,0.0
67.0,4,3,2,0.7548081874847412,0,False,0,False,1.439562439918518,1.4851773977279663,-0.04561495780944824,-1.5208948850631714,-2.4915974140167236,0.9707025289535522,-0.9743674993515015,-0.4764901101589203,-0.4978773891925812,2.7909507751464844,-0.12101053446531296,2.9119613096117973,0.027251772582530975,0.02959413453936577,0.0055988505482673645,0.0
67.07692307692308,4,3,2,0.7740390300750732,0,False,0,False,1.439562439918518,1.4874166250228882,-0.04785418510437012,-1.5208948850631714,-2.4891114234924316,0.9682165384292603,-0.9743674993515015,-0.4786648154258728,-0.49570268392562866,2.7909507751464844,-0.12101053446531296,2.9119613096117973,0.026921354234218597,0.02973007783293724,0.005292780697345734,0.0
67.15384615384616,4,3,2,0.7932698726654053,0,False,0,False,1.439562439918518,1.489466667175293,-0.0499042272567749,-1.5208948850631714,-2.486733913421631,0.9658390283584595,-0.9743674993515015,-0.4807940423488617,-0.49357345700263977,2.7909507751464844,-0.12101053446531296,2.9119613096117973,0.026629440486431122,0.0298558808863163,0.005017342045903206,0.0
67.23076923076924,4,3,2,0.8125007152557373,0,False,0,False,1.439562439918518,1.4913185834884644,-0.05175614356994629,-1.5208948850631714,-2.4844894409179688,0.9635945558547974,-0.9743674993515015,-0.48288336396217346,-0.491484135389328,2.7909507751464844,-0.12101053446531296,2.9119613096117973,0.026375584304332733,0.029971394687891006,0.004701646976172924,0.0
67.3076923076923,4,3,2,0.8317315578460693,0,False,0,False,1.439562439918518,1.4931248426437378,-0.053562402725219734,-1.5208948850631714,-2.482224464416504,0.9613295793533325,-0.9743674993515015,-0.4846978783607483,-0.4896696209907532,2.7909507751464844,-0.12107117474079132,2.9120219498872757,0.026365764439105988,0.030056234449148178,0.0007757381536066532,0.0
67.38461538461539,4,3,2,0.8509624004364014,0,False,0,False,1.439562439918518,1.4951995611190796,-0.05563712120056153,-1.5208948850631714,-2.480013370513916,0.9591184854507446,-0.9743674993515015,-0.48591917753219604,-0.4884483218193054,2.7909507751464844,-0.12134359776973724,2.9122943729162216,0.026605509221553802,0.030082833021879196,0.0008871546015143394,0.0
67.46153846153847,4,3,2,0.8701932430267334,0,False,0,False,1.439562439918518,1.4972753524780273,-0.05771291255950928,-1.5208948850631714,-2.477954864501953,0.9570599794387817,-0.9743674993515015,-0.48686206340789795,-0.4875054359436035,2.7909507751464844,-0.1217023953795433,2.9126531705260277,0.02682005614042282,0.030112873762845993,0.001072152517735958,0.0
67.53846153846155,4,3,2,0.8894240856170654,0,False,0,False,1.439562439918518,1.499212384223938,-0.05964994430541992,-1.5208948850631714,-2.4761228561401367,0.9552279710769653,-0.9743674993515015,-0.4877029061317444,-0.4866645932197571,2.7909507751464844,-0.12202521413564682,2.912975989282131,0.027015678584575653,0.030143696814775467,0.0011047208681702614,0.0
67.61538461538461,4,3,2,0.9086549282073975,0,False,0,False,1.439562439918518,1.5009504556655884,-0.06138801574707031,-1.5208948850631714,-2.474579095840454,0.9536842107772827,-0.9743674993515015,-0.488575279712677,-0.48579221963882446,2.7909507751464844,-0.1222572848200798,2.913208059966564,0.02719331532716751,0.030140962451696396,0.0013903295621275902,0.0
67.6923076923077,4,3,2,0.9278857707977295,0,False,0,False,1.439562439918518,1.5026118755340576,-0.06304943561553955,-1.5208948850631714,-2.473404884338379,0.9525099992752075,-0.9743674993515015,-0.4895632863044739,-0.4848042130470276,2.7909507751464844,-0.12238357216119766,2.913334347307682,0.02735976129770279,0.03004501387476921,0.001209387555718422,0.0
67.76923076923077,4,3,2,0.9471166133880615,0,False,0,False,1.439562439918518,1.5042335987091064,-0.06467115879058838,-1.5208948850631714,-2.472564458847046,0.9516695737838745,-0.9743674993515015,-0.49049556255340576,-0.4838719367980957,2.7909507751464844,-0.12243325263261795,2.9133840277791023,0.027494125068187714,0.029940392822027206,0.0009930925443768501,0.0
67.84615384615385,4,3,2,0.9663474559783936,0,False,0,False,1.439562439918518,1.505736231803894,-0.06617379188537598,-1.5208948850631714,-2.4720513820648193,0.951156497001648,-0.9743674993515015,-0.4915243685245514,-0.4828431308269501,2.7909507751464844,-0.12243025749921799,2.9133810326457024,0.027606628835201263,0.029829028993844986,0.0008600344881415367,0.0
67.92307692307692,4,3,2,0.9855782985687256,0,False,0,False,1.439562439918518,1.507075309753418,-0.0675128698348999,-1.5208948850631714,-2.4718618392944336,0.9509669542312622,-0.9743674993515015,-0.4927069842815399,-0.48166051506996155,2.7909507751464844,-0.1223803386092186,2.913331113755703,0.02769956737756729,0.029710914939641953,0.000763358548283577,0.0
68.0,4,3,2,1.0,0,False,0,False,1.439562439918518,1.5082162618637085,-0.06865382194519044,-1.5208948850631714,-2.4719934463500977,0.9510985612869263,-0.9743674993515015,-0.4940564036369324,-0.4803110957145691,2.7909507751464844,-0.12229097634553909,2.9132417514920235,0.027775295078754425,0.029586952179670334,0.0006814533844590187,0.0
68.07692307692308,1,3,3,0.012820513918995857,0,False,0,False,1.439562439918518,1.509170413017273,-0.06960797309875487,-1.5208948850631714,-2.4724388122558594,0.951543927192688,-0.9743674993515015,-0.49554818868637085,-0.4788193106651306,2.7909507751464844,-0.12217498570680618,2.9131257608532906,0.02783600240945816,0.029459644109010696,0.0006067520007491112,0.0
68.15384615384616,1,3,3,0.03846153989434242,0,False,0,False,1.439562439918518,1.510588526725769,-0.07102608680725098,-1.5208948850631714,-2.4725992679595947,0.9517043828964233,-0.9743674993515015,-0.49660956859588623,-0.47775793075561523,2.7909507751464844,-0.1220342367887497,2.912985011935234,0.027892686426639557,0.02932855114340782,0.0010378891602158546,0.0
68.23076923076924,1,3,3,0.06410256773233414,0,False,0,False,1.439562439918518,1.5126644372940063,-0.0731019973754883,-1.5208948850631714,-2.4714314937591553,0.9505366086959839,-0.9743674993515015,-0.49662110209465027,-0.47774639725685114,2.7909507751464844,-0.121559739112854,2.9125105142593384,0.02796453982591629,0.02917095646262169,0.0013560662046074867,0.0
68.3076923076923,1,3,3,0.08974359929561615,0,False,0,False,1.439562439918518,1.5142008066177368,-0.07463836669921875,-1.5208948850631714,-2.4689481258392334,0.948053240776062,-0.9743674993515015,-0.4958195090293884,-0.478547990322113,2.7909507751464844,-0.12034320086240768,2.911293976008892,0.02804110199213028,0.02898530289530754,0.001447899267077446,0.0
68.38461538461539,1,3,3,0.11538463830947876,0,False,0,False,1.439562439918518,1.51462721824646,-0.0750647783279419,-1.5208948850631714,-2.4656176567077637,0.9447227716445923,-0.9743674993515015,-0.49426570534706116,-0.4801017940044403,2.7909507751464844,-0.11845076084136963,2.909401535987854,0.028104491531848907,0.028782058507204056,0.0015107356011867523,0.0
68.46153846153847,1,3,3,0.14102569222450256,0,False,0,False,1.439562439918518,1.5141032934188843,-0.07454085350036621,-1.5208948850631714,-2.4620096683502197,0.9411147832870483,-0.9743674993515015,-0.4921126961708069,-0.4822548031806946,2.7909507751464844,-0.11623551696538925,2.9071862921118736,0.028153352439403534,0.02857162430882454,0.0015589827671647072,0.0
68.53846153846155,1,3,3,0.16666673123836517,0,False,0,False,1.439562439918518,1.513081669807434,-0.073519229888916,-1.5208948850631714,-2.4584906101226807,0.9375957250595093,-0.9743674993515015,-0.4898560047149658,-0.48451149463653564,2.7909507751464844,-0.11400764435529709,2.9049584195017815,0.02819935232400894,0.028367895632982254,0.0016576261259615421,0.0
68.61538461538461,1,3,3,0.19230777025222778,0,False,0,False,1.439562439918518,1.511993169784546,-0.07243072986602783,-1.5208948850631714,-2.45520281791687,0.9343079328536987,-0.9743674993515015,-0.48819324374198914,-0.48617425560951233,2.7909507751464844,-0.11202362179756165,2.902974396944046,0.028261788189411163,0.028131555765867233,0.0014856737107038498,0.0
68.6923076923077,1,3,3,0.2179488241672516,0,False,0,False,1.439562439918518,1.5112767219543457,-0.07171428203582764,-1.5208948850631714,-2.4521379470825195,0.9312430620193481,-0.9743674993515015,-0.4876040816307068,-0.48676341772079473,2.7909507751464844,-0.11054632812738419,2.9014971032738686,0.028361864387989044,0.02777615562081337,0.0013330625370144844,0.0
68.76923076923077,1,3,3,0.2435898631811142,0,False,0,False,1.439562439918518,1.5112451314926147,-0.07168269157409668,-1.5208948850631714,-2.4491727352142334,0.928277850151062,-0.9743674993515015,-0.48833557963371277,-0.48603191971778875,2.7909507751464844,-0.10977032035589218,2.9007210955023766,0.02851986140012741,0.027461741119623184,0.001220707781612873,0.0
68.84615384615385,1,3,3,0.2692309021949768,0,False,0,False,1.439562439918518,1.5120199918746948,-0.07245755195617676,-1.5208948850631714,-2.4461658000946045,0.9252709150314331,-0.9743674993515015,-0.49042952060699463,-0.48393797874450684,2.7909507751464844,-0.10978488624095917,2.9007356613874435,0.028752557933330536,0.027185004204511642,0.0011051446199417114,0.0
68.92307692307693,1,3,3,0.2948719561100006,0,False,0,False,1.439562439918518,1.513451099395752,-0.07388865947723389,-1.5208948850631714,-2.443011999130249,0.9221171140670776,-0.9743674993515015,-0.4937776029109955,-0.480589896440506,2.7909507751464844,-0.11059628427028656,2.901547059416771,0.029073022305965424,0.026946108788251877,0.0008443556725978851,0.0
69.0,1,3,3,0.3205130100250244,0,False,0,False,1.439562439918518,1.5151289701461792,-0.07556653022766112,-1.5208948850631714,-2.4399614334106445,0.9190665483474731,-0.9743674993515015,-0.4981118440628052,-0.47625565528869623,2.7909507751464844,-0.11229792982339859,2.903248704969883,0.029477722942829132,0.026706885546445847,0.0020271074026823044,0.0
69.07692307692308,1,3,3,0.34615397453308105,0,False,0,False,1.439562439918518,1.5167917013168335,-0.07722926139831542,-1.5208948850631714,-2.4370996952056885,0.9162048101425171,-0.9743674993515015,-0.5031312108039856,-0.47123628854751587,2.7909507751464844,-0.11478231847286224,2.9057330936193466,0.02995801717042923,0.02647867426276207,0.0006776396185159683,0.0
69.15384615384616,1,3,3,0.3717949390411377,0,False,0,False,1.439562439918518,1.5184757709503174,-0.07891333103179932,-1.5208948850631714,-2.4343762397766113,0.9134813547134399,-0.9743674993515015,-0.5084006190299988,-0.4659668803215027,2.7909507751464844,-0.11803823709487915,2.9089890122413635,0.030517347157001495,0.02630438283085823,0.0005217595025897026,0.0
69.23076923076924,1,3,3,0.39743590354919434,0,False,0,False,1.439562439918518,1.5195207595825195,-0.07995831966400148,-1.5208948850631714,-2.432116746902466,0.9112218618392944,-0.9743674993515015,-0.5147099494934082,-0.45965754985809326,2.7909507751464844,-0.12214555591344833,2.9130963310599327,0.031189389526844025,0.026120487600564957,0.004584873095154762,0.0
69.3076923076923,1,3,3,0.423076868057251,0,False,0,False,1.439562439918518,1.5214203596115112,-0.08185791969299316,-1.5208948850631714,-2.4312140941619873,0.9103192090988159,-0.9743674993515015,-0.5207151770591736,-0.4536523222923278,2.7909507751464844,-0.1274048089981079,2.9183555841445923,0.03217297047376633,0.025972243398427963,0.0008364859968423843,0.0
69.38461538461539,1,3,3,0.4487178325653076,0,False,0,False,1.439562439918518,1.5230342149734497,-0.08347177505493164,-1.5208948850631714,-2.4353346824645996,0.9144397974014282,-0.9743674993515015,-0.5264122486114502,-0.44795525074005127,2.7909507751464844,-0.13143852353096008,2.9223892986774445,0.034242935478687286,0.02550741657614708,0.004727374762296677,0.0
69.46153846153847,1,3,3,0.47435879707336426,0,False,0,False,1.439562439918518,1.5240980386734009,-0.08453559875488281,-1.5208948850631714,-2.442596912384033,0.9217020273208618,-0.9743674993515015,-0.5314444303512573,-0.4429230690002442,2.7909507751464844,-0.13299709558486938,2.9239478707313538,0.037002839148044586,0.025284666568040848,0.0005069887265563011,0.0
69.53846153846155,1,3,3,0.4999997615814209,0,False,0,False,1.439562439918518,1.523673415184021,-0.08411097526550293,-1.5208948850631714,-2.4476819038391113,0.9267870187759399,-0.9743674993515015,-0.5359615683555603,-0.43840593099594116,2.7909507751464844,-0.1351516842842102,2.9261024594306946,0.037457175552845,0.025281909853219986,0.002230266109108925,0.0
69.61538461538461,1,3,3,0.5256407260894775,0,False,0,False,1.439562439918518,1.5227051973342896,-0.08314275741577148,-1.5208948850631714,-2.4509658813476562,0.9300709962844849,-0.9743674993515015,-0.5399945378303528,-0.4343729615211487,2.7909507751464844,-0.1387442946434021,2.9296950697898865,0.03788767009973526,0.025230322033166885,0.0004275050014257431,0.0
69.6923076923077,1,3,3,0.5512816905975342,0,False,0,False,1.439562439918518,1.5223567485809326,-0.08279430866241455,-1.5208948850631714,-2.4526193141937256,0.9317244291305542,-0.9743674993515015,-0.543592631816864,-0.43077486753463745,2.7909507751464844,-0.14325474202632904,2.9342055171728134,0.03844355791807175,0.02524043247103691,7.300637662410736e-05,0.0
69.76923076923077,1,3,3,0.5769226551055908,0,False,0,False,1.439562439918518,1.5226918458938599,-0.0831294059753418,-1.5208948850631714,-2.4530351161956787,0.9321402311325073,-0.9743674993515015,-0.5468046069145203,-0.4275628924369812,2.7909507751464844,-0.14826926589012146,2.939220041036606,0.03915100544691086,0.02532878890633583,2.3185275495052338e-05,0.0
69.84615384615385,1,3,3,0.6025636196136475,0,False,0,False,1.439562439918518,1.5232363939285278,-0.08367395401000977,-1.5208948850631714,-2.4526939392089844,0.931799054145813,-0.9743674993515015,-0.5496701598167419,-0.4246973395347595,2.7909507751464844,-0.15370981395244598,2.9446605890989304,0.04003911465406418,0.025477644056081772,7.379334419965744e-05,0.0
69.92307692307693,1,3,3,0.6282045841217041,0,False,0,False,1.439562439918518,1.5236663818359375,-0.08410394191741943,-1.5208948850631714,-2.4518277645111084,0.930932879447937,-0.9743674993515015,-0.552227795124054,-0.4221397042274475,2.7909507751464844,-0.159465491771698,2.9504162669181824,0.04107389599084854,0.025659065693616867,6.289687007665634e-05,0.0
70.0,1,3,3,0.6538455486297607,0,False,0,False,1.439562439918518,1.5237411260604858,-0.08417868614196777,-1.5208948850631714,-2.4506263732910156,0.9297314882278442,-0.9743674993515015,-0.5545148253440857,-0.41985267400741577,2.7909507751464844,-0.16525724530220032,2.9562080204486847,0.0422353520989418,0.025852184742689133,0.00034069642424583435,0.0
70.07692307692308,1,3,3,0.6794866323471069,0,False,0,False,1.439562439918518,1.5234352350234985,-0.08387279510498047,-1.5208948850631714,-2.4493162631988525,0.9284213781356812,-0.9743674993515015,-0.5565556883811951,-0.4178118109703064,2.7909507751464844,-0.1710759848356247,2.962026759982109,0.04347998648881912,0.02603965625166893,4.836823791265488e-05,0.0
70.15384615384616,1,3,3,0.7051277160644531,0,False,0,False,1.439562439918518,1.5229452848434448,-0.08338284492492674,-1.5208948850631714,-2.4478530883789062,0.9269582033157349,-0.9743674993515015,-0.5583800077438354,-0.415987491607666,2.7909507751464844,-0.1766943335533142,2.9676451086997986,0.044726185500621796,0.026235807687044144,0.00030122697353363037,0.0
70.23076923076924,1,3,3,0.7307688593864441,0,False,0,False,1.439562439918518,1.522294521331787,-0.08273208141326903,-1.5208948850631714,-2.446350574493408,0.9254556894302369,-0.9743674993515015,-0.5600102543830872,-0.4143572449684143,2.7909507751464844,-0.1820461004972458,2.97299687564373,0.045973099768161774,0.02643689140677452,0.0002635736018419266,0.0
70.3076923076923,1,3,3,0.7564100027084351,0,False,0,False,1.439562439918518,1.521464467048645,-0.08190202713012695,-1.5208948850631714,-2.4449453353881836,0.9240504503250122,-0.9743674993515015,-0.5614662766456604,-0.41290122270584106,2.7909507751464844,-0.1871371567249298,2.978087931871414,0.04723014682531357,0.02663794532418251,0.0002173241227865219,0.0
70.38461538461539,1,3,3,0.7820510864257812,0,False,0,False,1.439562439918518,1.5204994678497314,-0.08093702793121338,-1.5208948850631714,-2.4436802864074707,0.9227854013442993,-0.9743674993515015,-0.5627661347389221,-0.41160136461257935,2.7909507751464844,-0.19193148612976074,2.982882261276245,0.048478685319423676,0.02683228626847267,0.00020606443285942078,0.0
70.46153846153847,1,3,3,0.8076922297477722,0,False,0,False,1.439562439918518,1.5194416046142578,-0.07987916469573975,-1.5208948850631714,-2.442559003829956,0.9216641187667847,-0.9743674993515015,-0.5639269948005676,-0.41044050455093384,2.7909507751464844,-0.19638262689113617,2.9873334020376205,0.049702949821949005,0.02701694890856743,0.0002142973244190216,0.0
70.53846153846155,1,3,3,0.8333333730697632,0,False,0,False,1.439562439918518,1.5183055400848389,-0.07874310016632079,-1.5208948850631714,-2.441599130630493,0.9207042455673218,-0.9743674993515015,-0.5649643540382385,-0.40940314531326294,2.7909507751464844,-0.20047493278980255,2.991425707936287,0.05089721828699112,0.027189951390028,0.0002331845462322235,0.0
70.61538461538461,1,3,3,0.8589744567871094,0,False,0,False,1.439562439918518,1.5170997381210327,-0.07753729820251465,-1.5208948850631714,-2.440821647644043,0.9199267625808716,-0.9743674993515015,-0.5658912062644958,-0.4084762930870056,2.7909507751464844,-0.20421075820922852,2.995161533355713,0.05205761641263962,0.027349960058927536,0.0002272520214319229,0.0
70.6923076923077,1,3,3,0.8846156001091003,0,False,0,False,1.439562439918518,1.5158370733261108,-0.07627463340759276,-1.5208948850631714,-2.4402472972869873,0.9193524122238159,-0.9743674993515015,-0.566719114780426,-0.40764838457107544,2.7909507751464844,-0.20758943259716034,2.9985402077436447,0.053178660571575165,0.027496542781591415,0.00022543594241142273,0.0
70.76923076923077,1,3,3,0.9102567434310913,0,False,0,False,1.439562439918518,1.5145220756530762,-0.0749596357345581,-1.5208948850631714,-2.4398958683013916,0.9190009832382202,-0.9743674993515015,-0.5674588680267334,-0.40690863132476807,2.7909507751464844,-0.21061231195926666,3.001563087105751,0.05425526946783066,0.027629908174276352,0.00025261659175157547,0.0
70.84615384615385,1,3,3,0.9358978271484375,0,False,0,False,1.439562439918518,1.5131539106369019,-0.07359147071838379,-1.5208948850631714,-2.439786195755005,0.9188913106918335,-0.9743674993515015,-0.5681202411651611,-0.40624725818634033,2.7909507751464844,-0.213281512260437,3.0042322874069214,0.05528310686349869,0.027750257402658463,0.000247773714363575,0.0
70.92307692307693,1,3,3,0.9615389704704285,0,False,0,False,1.439562439918518,1.511728286743164,-0.072165846824646,-1.5208948850631714,-2.4399380683898926,0.9190431833267212,-0.9743674993515015,-0.56871098279953,-0.40565651655197144,2.7909507751464844,-0.21560032665729523,3.0065511018037796,0.05625823885202408,0.02785797044634819,0.00026115216314792633,0.0
71.0,1,3,3,0.9871801137924194,0,False,0,False,1.439562439918518,1.5102418661117554,-0.0706794261932373,-1.5208948850631714,-2.440368890762329,0.9194740056991577,-0.9743674993515015,-0.5692390203475952,-0.40512847900390625,2.7909507751464844,-0.21757550537586212,3.0085262805223465,0.057177118957042694,0.027953963726758957,0.0002660555765032768,0.0
71.07692307692308,1,3,3,1.0,0,False,2,False,1.439562439918518,1.508696436882019,-0.06913399696350098,-1.5208948850631714,-2.441087007522583,0.9201921224594116,-0.9743674993515015,-0.5697109699249268,-0.4046565294265747,2.7909507751464844,-0.21921516954898834,3.0101659446954727,0.05803690105676651,0.028039436787366867,0.00027416739612817764,0.0
71.15384615384616,1,3,3,1.0,0,False,6,False,1.439562439918518,1.5070987939834595,-0.0675363540649414,-1.5208948850631714,-2.4421000480651855,0.9212051630020142,-0.9743674993515015,-0.5701330304145813,-0.40423446893692017,2.7909507751464844,-0.22053499519824982,3.011485770344734,0.058835603296756744,0.028115633875131607,0.00029002781957387924,0.0
71.23076923076924,2,3,3,1.0,0,False,10,False,1.439562439918518,1.5054519176483154,-0.06588947772979736,-1.5208948850631714,-2.443420886993408,0.9225260019302368,-0.9743674993515015,-0.5705105662345886,-0.40385693311691284,2.7909507751464844,-0.22155863046646118,3.0125094056129456,0.05957051366567612,0.028183292597532272,0.00029087532311677933,0.0
71.3076923076923,2,3,3,1.0,0,True,14,False,1.439562439918518,1.5036430358886719,-0.06408059597015381,-1.5208948850631714,-2.4447357654571533,0.9238408803939819,-0.9743674993515015,-0.5722102522850037,-0.4021572470664978,2.7909507751464844,-0.2225216180086136,3.013472393155098,0.06025158613920212,0.028196271508932114,4.394911229610443e-05,0.0
71.38461538461539,2,3,3,1.0,0,True,18,False,1.439562439918518,1.5016952753067017,-0.062132835388183594,-1.5208948850631714,-2.445570468902588,0.9246755838394165,-0.9743674993515015,-0.5757781267166138,-0.3985893726348877,2.7909507751464844,-0.22402267158031464,3.014973446726799,0.060903020203113556,0.028038527816534042,6.622634828090668e-05,0.0
71.46153846153847,2,3,3,1.0,0,True,22,False,1.439562439918518,1.4997156858444214,-0.06015324592590332,-1.5208948850631714,-2.446537733078003,0.9256428480148315,-0.9743674993515015,-0.5810225009918213,-0.3933449983596802,2.7909507751464844,-0.22635942697525024,3.0173102021217346,0.06155296415090561,0.027861926704645157,1.803971827030182e-05,0.0
71.53846153846155,2,3,3,1.0,0,True,26,False,1.439562439918518,1.4977561235427856,-0.058193683624267585,-1.5208948850631714,-2.4479246139526367,0.9270297288894653,-0.9743674993515015,-0.5877585411071777,-0.38660895824432373,2.7909507751464844,-0.2292858213186264,3.020236596465111,0.062240488827228546,0.027728434652090073,3.3476389944553375e-05,0.0
71.61538461538461,2,3,3,1.0,0,True,30,False,1.439562439918518,1.4957445859909058,-0.056182146072387695,-1.5208948850631714,-2.4496006965637207,0.9287058115005493,-0.9743674993515015,-0.5958274602890015,-0.3785400390625,2.7909507751464844,-0.2322327047586441,3.0231834799051285,0.06297164410352707,0.02763183042407036,4.485715180635452e-05,0.0
71.6923076923077,2,3,3,1.0,0,True,34,False,1.439562439918518,1.4935590028762817,-0.05399656295776367,-1.5208948850631714,-2.451319456100464,0.9304245710372925,-0.9743674993515015,-0.605085015296936,-0.36928248405456543,2.7909507751464844,-0.23485806584358215,3.0258088409900665,0.06371546536684036,0.027551699429750443,0.0004420941695570946,0.0
71.76923076923077,2,3,3,1.0,0,True,38,False,1.439562439918518,1.491155982017517,-0.05159354209899902,-1.5208948850631714,-2.452838182449341,0.9319432973861694,-0.9743674993515015,-0.6154047250747681,-0.3589627742767334,2.7909507751464844,-0.23703832924365997,3.0279891043901443,0.06439942866563797,0.027465682476758957,0.0008603371679782867,0.0
71.84615384615385,2,3,3,1.0,0,True,42,False,1.439562439918518,1.4884474277496338,-0.04888498783111572,-1.5208948850631714,-2.454354763031006,0.9334598779678345,-0.9743674993515015,-0.626675546169281,-0.34769195318222046,2.7909507751464844,-0.23881447315216064,3.029765248298645,0.06502609699964523,0.027364250272512436,0.0005473662167787552,0.0
71.92307692307693,2,3,3,1.0,0,True,46,False,1.439562439918518,1.4855337142944336,-0.04597127437591553,-1.5208948850631714,-2.4561190605163574,0.935224175453186,-0.9743674993515015,-0.6387967467308044,-0.335570752620697,2.7909507751464844,-0.24030311405658722,3.0312538892030716,0.06558359414339066,0.027256790548563004,0.000426294282078743,0.0
72.0,2,3,3,1.0,0,True,50,False,1.439562439918518,1.4825416803359985,-0.04297924041748047,-1.5208948850631714,-2.458203077316284,0.9373081922531128,-0.9743674993515015,-0.6516779065132141,-0.32268959283828735,2.7909507751464844,-0.24150435626506805,3.0324551314115524,0.06606576591730118,0.027152489870786667,0.0003451155498623848,0.0
72.07692307692308,2,3,3,1.0,0,True,54,False,1.439562439918518,1.4795641899108887,-0.040001749992370605,-1.5208948850631714,-2.460552453994751,0.9396575689315796,-0.9743674993515015,-0.6652357578277588,-0.3091317415237427,2.7909507751464844,-0.24235761165618896,3.0333083868026733,0.06647787243127823,0.02705555036664009,0.0002935389056801796,0.0
72.15384615384616,2,3,3,1.0,0,True,58,False,1.439562439918518,1.4766641855239868,-0.03710174560546874,-1.5208948850631714,-2.4630789756774902,0.9421840906143188,-0.9743674993515015,-0.6793985962867737,-0.2949689030647278,2.7909507751464844,-0.242817685008049,3.0337684601545334,0.06682787090539932,0.026964593678712845,0.0002360297366976738,0.0
72.23076923076924,2,3,3,1.0,0,True,62,False,1.439562439918518,1.4738860130310059,-0.03432357311248779,-1.5208948850631714,-2.465712308883667,0.9448174238204956,-0.9743674993515015,-0.6941019296646118,-0.28026556968688965,2.7909507751464844,-0.2428852915763855,3.03383606672287,0.06712200492620468,0.026876356452703476,0.00020388513803482056,0.0
72.3076923076923,2,3,3,1.0,0,True,66,False,1.439562439918518,1.4712579250335693,-0.03169548511505127,-1.5208948850631714,-2.4684219360351562,0.947527050971985,-0.9743674993515015,-0.7092875242233276,-0.26507997512817383,2.7909507751464844,-0.24259640276432037,3.0335471779108047,0.06736472994089127,0.026788931339979172,0.00016698846593499184,0.0
72.38461538461539,2,3,3,1.0,0,True,70,False,1.439562439918518,1.4687950611114502,-0.029232621192932132,-1.5208948850631714,-2.4712090492248535,0.9503141641616821,-0.9743674993515015,-0.7249064445495605,-0.24946105480194092,2.7909507751464844,-0.241990327835083,3.0329411029815674,0.0675651952624321,0.02670198306441307,3.498978912830353e-05,0.0
72.46153846153847,2,3,3,1.0,0,True,74,False,1.439562439918518,1.466504454612732,-0.02694201469421387,-1.5208948850631714,-2.4740822315216064,0.9531873464584351,-0.9743674993515015,-0.7409105896949768,-0.23345690965652469,2.7909507751464844,-0.2410922646522522,3.0320430397987366,0.06773640960454941,0.026616673916578293,1.664739102125168e-05,0.0
72.53846153846155,2,3,3,1.0,0,True,78,False,1.439562439918518,1.4643981456756592,-0.024835705757141113,-1.5208948850631714,-2.477012872695923,0.9561179876327515,-0.9743674993515015,-0.7572588324546814,-0.21710866689682004,2.7909507751464844,-0.23991985619068146,3.030870631337166,0.06788117438554764,0.02653440460562706,1.7918646335601807e-05,0.0
72.61538461538461,2,3,3,1.0,0,True,82,False,1.439562439918518,1.4624853134155273,-0.02292287349700928,-1.5208948850631714,-2.4799623489379883,0.9590674638748169,-0.9743674993515015,-0.773914635181427,-0.20045286417007446,2.7909507751464844,-0.23849117755889893,3.0294419527053833,0.06800266355276108,0.026455875486135483,2.8391368687152863e-05,0.0
72.6923076923077,2,3,3,1.0,0,True,86,False,1.439562439918518,1.4607709646224976,-0.021208524703979496,-1.5208948850631714,-2.4828948974609375,0.9620000123977661,-0.9743674993515015,-0.7908448576927185,-0.18352264165878296,2.7909507751464844,-0.23683050274848938,3.0277812778949738,0.0681040808558464,0.02638128772377968,2.5425106287002563e-05,0.0
72.76923076923077,2,3,3,1.0,0,True,90,False,1.439562439918518,1.4592580795288086,-0.019695639610290527,-1.5208948850631714,-2.4857823848724365,0.9648874998092651,-0.9743674993515015,-0.8080210089683533,-0.1663464903831482,2.7909507751464844,-0.23496823012828827,3.0259190052747726,0.06818825751543045,0.026310790330171585,2.4032779037952423e-05,0.0
72.84615384615385,2,3,3,1.0,0,True,94,False,1.439562439918518,1.4579455852508545,-0.018383145332336426,-1.5208948850631714,-2.4886064529418945,0.9677115678787231,-0.9743674993515015,-0.8253136873245239,-0.14905381202697754,2.7909507751464844,-0.23293335735797882,3.023884132504463,0.06825784593820572,0.026244673877954483,3.244727849960327e-05,0.0
72.92307692307693,2,3,3,1.0,0,True,98,False,1.439562439918518,1.4568374156951904,-0.017274975776672363,-1.5208948850631714,-2.4913415908813477,0.9704467058181763,-0.9743674993515015,-0.841215193271637,-0.1331523060798645,2.7909507751464844,-0.23075643181800842,3.021707206964493,0.06831539422273636,0.02618316188454628,2.221670001745224e-05,0.0
73.0,2,3,3,1.0,0,True,102,False,1.439562439918518,1.4559814929962158,-0.016419053077697754,-1.5208948850631714,-2.493908643722534,0.9730137586593628,-0.9743674993515015,-0.8554204106330872,-0.1189470887184143,2.7909507751464844,-0.22849342226982117,3.0194441974163055,0.06836704164743423,0.02612600103020668,2.4638138711452484e-05,0.0
73.07692307692308,2,3,3,1.0,0,True,106,False,1.439562439918518,1.4554343223571777,-0.015871882438659668,-1.5208948850631714,-2.496220350265503,0.9753254652023315,-0.9743674993515015,-0.8681094646453857,-0.10625803470611572,2.7909507751464844,-0.22620175778865814,3.0171525329351425,0.06842175871133804,0.02607383206486702,2.37906351685524e-05,0.0
73.15384615384616,2,3,3,1.0,0,True,110,False,1.439562439918518,1.4552249908447266,-0.015662550926208496,-1.5208948850631714,-2.498220920562744,0.9773260354995728,-0.9743674993515015,-0.87944495677948,-0.09492254257202148,2.7909507751464844,-0.2239203304052353,3.0148711055517197,0.06848730891942978,0.026027720421552658,2.627260982990265e-05,0.0
73.23076923076924,2,3,3,1.0,0,True,114,False,1.439562439918518,1.4553498029708862,-0.015787363052368164,-1.5208948850631714,-2.4998865127563477,0.9789916276931762,-0.9743674993515015,-0.8895711898803711,-0.08479630947113037,2.7909507751464844,-0.22166649997234344,3.012617275118828,0.0685681477189064,0.02598777785897255,2.37906351685524e-05,0.0
73.3076923076923,2,3,3,1.0,0,True,118,False,1.439562439918518,1.455782413482666,-0.01621997356414795,-1.5208948850631714,-2.5012190341949463,0.9803241491317749,-0.9743674993515015,-0.8986173272132874,-0.07575017213821411,2.7909507751464844,-0.21944338083267212,3.0103941559791565,0.06866583973169327,0.025953050702810287,1.2954697012901306e-05,0.0
73.38461538461539,2,3,3,1.0,0,True,122,False,1.439562439918518,1.4564834833145142,-0.016921043395996094,-1.5208948850631714,-2.502244472503662,0.9813495874404907,-0.9743674993515015,-0.9066958427429199,-0.06767165660858154,2.7909507751464844,-0.21724969148635864,3.008200466632843,0.06877969950437546,0.0259222574532032,1.894775778055191e-05,0.0
73.46153846153847,2,3,3,1.0,0,True,126,False,1.439562439918518,1.4574072360992432,-0.017844796180725098,-1.5208948850631714,-2.503004312515259,0.9821094274520874,-0.9743674993515015,-0.9139125347137451,-0.06045496463775635,2.7909507751464844,-0.21508176624774933,3.0060325413942337,0.06890777498483658,0.0258944071829319,1.598149538040161e-05,0.0
73.53846153846155,2,3,3,1.0,0,True,130,False,1.439562439918518,1.4585105180740356,-0.018948078155517578,-1.5208948850631714,-2.503549814224243,0.9826549291610718,-0.9743674993515015,-0.9203596115112305,-0.054007887840270996,2.7909507751464844,-0.2129378318786621,3.0038886070251465,0.0690474733710289,0.025868874043226242,1.567881554365158e-05,0.0
73.61538461538461,2,3,3,1.0,0,True,134,False,1.439562439918518,1.4597539901733398,-0.020191550254821777,-1.5208948850631714,-2.5039329528808594,0.983038067817688,-0.9743674993515015,-0.9261191487312317,-0.048248350620269775,2.7909507751464844,-0.2108163982629776,3.001767173409462,0.06919602304697037,0.025845352560281754,1.8281862139701843e-05,0.0
73.6923076923077,2,3,3,1.0,0,True,138,False,1.439562439918518,1.4611045122146606,-0.021542072296142578,-1.5208948850631714,-2.504199504852295,0.9833046197891235,-0.9743674993515015,-0.9312645196914673,-0.04310297966003417,2.7909507751464844,-0.20871536433696747,2.999666139483452,0.06935090571641922,0.025823581963777542,2.360902726650238e-05,0.0
73.76923076923077,2,3,3,1.0,0,True,142,False,1.439562439918518,1.462533950805664,-0.022971510887145996,-1.5208948850631714,-2.5043883323669434,0.983493447303772,-0.9743674993515015,-0.9358603954315186,-0.03850710391998291,2.7909507751464844,-0.20663313567638397,2.9975839108228683,0.0695098266005516,0.025803443044424057,1.9492581486701965e-05,0.0
73.84615384615385,3,3,3,1.0,0,True,146,False,1.439562439918518,1.4640188217163086,-0.024456381797790527,-1.5208948850631714,-2.504531145095825,0.9836362600326538,-0.9743674993515015,-0.9399634003639221,-0.034404098987579346,2.7909507751464844,-0.20456868410110474,2.995519459247589,0.06967098265886307,0.025784816592931747,1.625390723347664e-05,0.0
73.92307692307693,3,3,3,1.0,0,True,150,False,1.439562439918518,1.4655269384384155,-0.02596449851989746,-1.5208948850631714,-2.5058939456939697,0.9849990606307985,-0.9743674993515015,-0.9436354637145996,-0.03073203563690186,2.7909507751464844,-0.20243902504444122,2.9933898001909256,0.06980758160352707,0.025783900171518326,0.0006319349631667137,0.0
74.0,3,3,3,1.0,0,True,154,False,1.439562439918518,1.4661612510681152,-0.026598811149597168,-1.5208948850631714,-2.5122432708740234,0.9913483858108519,-0.9743674993515015,-0.9469176530838013,-0.027449846267700195,2.7909507751464844,-0.19882921874523163,2.989779993891716,0.06963663548231125,0.025888029485940933,0.0017246091738343239,0.0
74.07692307692308,3,3,3,1.0,0,True,158,False,1.439562439918518,1.4646371603012085,-0.02507472038269043,-1.5208948850631714,-2.5224788188934326,1.0015839338302612,-0.9743674993515015,-0.9498488306999207,-0.02451866865158081,2.7909507751464844,-0.19152888655662537,2.9824796617031097,0.06893178075551987,0.026096072047948837,0.002112584188580513,0.0
74.15384615384616,3,3,3,1.0,0,True,162,False,1.439562439918518,1.461287260055542,-0.021724820137023926,-1.5208948850631714,-2.534937858581543,1.0140429735183716,-0.9743674993515015,-0.9524640440940857,-0.02190345525741577,2.7909507751464844,-0.1814662516117096,2.972417026758194,0.06775260716676712,0.02635674551129341,0.0017117150127887726,0.0
74.23076923076924,3,3,3,1.0,0,True,166,False,1.439562439918518,1.456942081451416,-0.01737964153289795,-1.5208948850631714,-2.5488057136535645,1.027910828590393,-0.9743674993515015,-0.954800546169281,-0.01956695318222046,2.7909507751464844,-0.1700553447008133,2.9610061198472977,0.06647109240293503,0.026584703475236893,0.0012905662879347801,0.0
74.3076923076923,4,3,3,0.004807692486792803,0,True,170,False,1.439562439918518,1.4525457620620728,-0.012983322143554688,-1.5208948850631714,-2.5625534057617188,1.0416585206985474,-0.9743674993515015,-0.9568889737129211,-0.017478525638580326,2.7909507751464844,-0.15859034657478333,2.9495411217212677,0.06513204425573349,0.02678549662232399,0.000773649662733078,0.0
74.38461538461539,4,3,3,0.024038461968302727,0,False,0,False,1.439562439918518,1.447755217552185,-0.008192777633666992,-1.5208948850631714,-2.5755057334899902,1.0546108484268188,-0.9743674993515015,-0.9568312764167786,-0.0175362229347229,2.7909507751464844,-0.1479758620262146,2.938926637172699,0.06374663859605789,0.026966121047735214,0.0004732096567749977,0.0
74.46153846153847,4,3,3,0.04326923191547394,0,False,0,False,1.439562439918518,1.4407384395599365,-0.001175999641418457,-1.5208948850631714,-2.586390256881714,1.0654953718185425,-0.9743674993515015,-0.9568229913711548,-0.01754450798034668,2.7909507751464844,-0.1383218765258789,2.9292726516723633,0.06199043244123459,0.027060534805059433,0.005798377096652985,0.0
74.53846153846155,4,3,3,0.0625,0,False,0,False,1.439562439918518,1.4334956407546997,0.006066799163818359,-1.5208948850631714,-2.593468189239502,1.0725733041763306,-0.9743674993515015,-0.9568238854408264,-0.01754361391067505,2.7909507751464844,-0.1311989575624466,2.922149732708931,0.05936809629201889,0.027285736054182053,0.005820412188768387,0.0
74.61538461538461,4,3,3,0.08173078298568726,0,False,0,False,1.439562439918518,1.4281872510910034,0.01137518882751465,-1.5208948850631714,-2.597799777984619,1.0769048929214478,-0.9743674993515015,-0.9568244814872742,-0.017543017864227295,2.7909507751464844,-0.12728632986545563,2.91823710501194,0.05640625208616257,0.027642514556646347,0.0099236611276865,0.0
74.6923076923077,4,3,3,0.10096156597137451,0,False,0,False,1.439562439918518,1.4259196519851685,0.01364278793334961,-1.5208948850631714,-2.598234176635742,1.0773392915725708,-0.9743674993515015,-0.956840455532074,-0.01752704381942749,2.7909507751464844,-0.12738612294197083,2.918336898088455,0.0533355250954628,0.026572782546281815,0.007579466328024864,0.0
74.76923076923077,4,3,3,0.12019234895706177,0,False,0,False,1.439562439918518,1.4264044761657715,0.013157963752746584,-1.5208948850631714,-2.5961999893188477,1.0753051042556763,-0.9743674993515015,-0.9568530917167664,-0.017514407634735107,2.7909507751464844,-0.13108211755752563,2.92203289270401,0.05026472359895706,0.025397788733243942,0.003838706761598587,0.0
74.84615384615385,4,3,3,0.13942313194274902,0,False,0,False,1.439562439918518,1.4285900592803955,0.01097238063812256,-1.5208948850631714,-2.591907024383545,1.0710121393203735,-0.9743674993515015,-0.9568690061569214,-0.017498493194580078,2.7909507751464844,-0.1372799575328827,2.928230732679367,0.0476914718747139,0.024449829012155533,0.0003698747605085373,0.0
74.92307692307693,4,3,3,0.15865391492843628,0,False,0,False,1.439562439918518,1.4298479557037354,0.009714484214782713,-1.5208948850631714,-2.5879809856414795,1.067086100578308,-0.9743674993515015,-0.9568848609924316,-0.017482638359069824,2.7909507751464844,-0.14216399192810059,2.933114767074585,0.046639420092105865,0.023912880569696426,8.475035429000854e-07,0.0
75.0,4,3,3,0.17788469791412354,0,False,0,False,1.439562439918518,1.4291225671768188,0.010439872741699219,-1.5208948850631714,-2.5844733715057373,1.063578486442566,-0.9743674993515015,-0.9568991661071777,-0.01746833324432373,2.7909507751464844,-0.14397728443145752,2.934928059577942,0.046517275273799896,0.02367519959807396,6.332062184810638e-05,0.0
75.07692307692308,4,3,3,0.1971154808998108,0,False,0,False,1.439562439918518,1.4310097694396973,0.008552670478820799,-1.5208948850631714,-2.5814366340637207,1.0605417490005493,-0.9743674993515015,-0.9576483368873596,-0.016719162464141846,2.7909507751464844,-0.14452111721038818,2.9354718923568726,0.046633340418338776,0.023640822619199753,0.16189327836036682,0.0
75.15384615384616,4,3,3,0.21634626388549805,0,False,0,False,1.439562439918518,1.4367997646331787,0.002762675285339356,-1.5208948850631714,-2.578658103942871,1.0577632188796997,-0.9743674993515015,-0.9589129686355591,-0.015454530715942383,2.7909507751464844,-0.14660286903381348,2.937553644180298,0.04593845456838608,0.023699861019849777,0.002300124615430832,0.0
75.23076923076924,4,3,3,0.2355770468711853,0,False,0,False,1.439562439918518,1.4382588863372803,0.001303553581237793,-1.5208948850631714,-2.576185464859009,1.0552905797958374,-0.9743674993515015,-0.9600098729133606,-0.01435762643814087,2.7909507751464844,-0.14740727841854095,2.9383580535650253,0.04571139067411423,0.024121243506669998,0.0004077702760696411,0.0
75.3076923076923,4,3,3,0.25480780005455017,0,False,0,False,1.439562439918518,1.4388850927352905,0.0006773471832275391,-1.5208948850631714,-2.573976755142212,1.0530818700790405,-0.9743674993515015,-0.958522617816925,-0.015844881534576416,2.7909507751464844,-0.1487385332584381,2.9396893084049225,0.045271359384059906,0.023909281939268112,0.0,0.0
75.38461538461539,4,3,3,0.27403852343559265,0,False,0,False,1.439562439918518,1.4387238025665283,0.0008386373519897461,-1.5208948850631714,-2.5720009803771973,1.0511060953140259,-0.9743674993515015,-0.9553595781326294,-0.01900792121887207,2.7909507751464844,-0.15038421750068665,2.941334992647171,0.044721655547618866,0.0234915129840374,1.1259689927101135e-05,0.0
75.46153846153847,4,3,3,0.29326924681663513,0,False,0,False,1.439562439918518,1.437972903251648,0.0015895366668701172,-1.5208948850631714,-2.5702342987060547,1.0493394136428833,-0.9743674993515015,-0.9513980746269226,-0.022969424724578857,2.7909507751464844,-0.1519804298877716,2.942931205034256,0.044198401272296906,0.023025769740343094,0.010842718183994293,0.0
75.53846153846155,4,3,3,0.3124999701976776,0,False,0,False,1.439562439918518,1.4370157718658447,0.00254666805267334,-1.5208948850631714,-2.568655490875244,1.0477606058120728,-0.9743674993515015,-0.9470432996749878,-0.027324199676513672,2.7909507751464844,-0.15342868864536285,2.9443794637918472,0.04370664805173874,0.022569548338651657,0.010176338255405426,0.0
75.61538461538461,4,3,3,0.3317306935787201,0,False,0,False,1.439562439918518,1.4362404346466064,0.003322005271911621,-1.5208948850631714,-2.5672454833984375,1.0463505983352661,-0.9743674993515015,-0.9424831867218018,-0.03188431262969971,2.7909507751464844,-0.15482552349567413,2.9457762986421585,0.04320996254682541,0.022142570465803146,0.009846054017543793,0.0
75.6923076923077,4,3,3,0.3509614169597626,0,False,0,False,1.439562439918518,1.4359550476074219,0.0036073923110961914,-1.5208948850631714,-2.565986394882202,1.0450915098190308,-0.9743674993515015,-0.9378621578216553,-0.03650534152984619,2.7909507751464844,-0.15630683302879333,2.9472576081752777,0.042691148817539215,0.021745841950178146,0.00971335917711258,0.0
75.76923076923077,4,3,3,0.37019214034080505,0,False,0,False,1.439562439918518,1.4363709688186646,0.0031914710998535156,-1.5208948850631714,-2.5648610591888428,1.0439661741256714,-0.9743674993515015,-0.9333387017250061,-0.04102879762649536,2.7909507751464844,-0.1579769253730774,2.9489277005195618,0.042152173817157745,0.02137443795800209,0.009753070771694183,0.0
75.84615384615385,4,3,3,0.38942286372184753,0,False,0,False,1.439562439918518,1.4376517534255981,0.0019106864929199219,-1.5208948850631714,-2.563856840133667,1.0429619550704956,-0.9743674993515015,-0.9291892647743225,-0.045178234577178955,2.7909507751464844,-0.15986847877502441,2.950819253921509,0.04159796983003616,0.02102084830403328,0.010105632245540619,0.0
75.92307692307693,4,3,3,0.40865358710289,0,False,0,False,1.439562439918518,1.439886450767517,-0.00032401084899902344,-1.5208948850631714,-2.562959671020508,1.0420647859573364,-0.9743674993515015,-0.9256925582885742,-0.048674941062927246,2.7909507751464844,-0.1619182974100113,2.9528690725564957,0.04103899747133255,0.020684417337179184,0.010366300120949745,0.0
76.0,4,3,3,0.4278843104839325,0,False,0,False,1.439562439918518,1.443102240562439,-0.0035398006439208984,-1.5208948850631714,-2.5621583461761475,1.041263461112976,-0.9743674993515015,-0.9230398535728455,-0.051327645778656006,2.7909507751464844,-0.16412967443466187,2.9550804495811462,0.040480248630046844,0.020375806838274002,0.010575996711850166,0.0
76.07692307692308,4,3,3,0.447115033864975,0,False,0,False,1.439562439918518,1.4473583698272705,-0.007795929908752441,-1.5208948850631714,-2.561441421508789,1.0405465364456177,-0.9743674993515015,-0.921382486820221,-0.05298501253128052,2.7909507751464844,-0.1665365993976593,2.9574873745441437,0.039922140538692474,0.020100396126508713,0.011751605197787285,0.0
76.15384615384616,4,3,3,0.46634575724601746,0,False,0,False,1.439562439918518,1.452577829360962,-0.013015389442443848,-1.5208948850631714,-2.5608012676239014,1.03990638256073,-0.9743674993515015,-0.9210301637649536,-0.05333733558654785,2.7909507751464844,-0.16882817447185516,2.9597789496183395,0.03938964754343033,0.019877690821886063,0.01358887180685997,0.0
76.23076923076924,4,3,3,0.48557648062705994,0,False,0,False,1.439562439918518,1.4584559202194214,-0.01889348030090332,-1.5208948850631714,-2.560624599456787,1.0397297143936157,-0.9743674993515015,-0.9217609763145447,-0.052606523036956794,2.7909507751464844,-0.17000314593315125,2.9609539210796356,0.03909996896982193,0.01981722190976143,0.003243396058678627,0.0
76.3076923076923,4,3,3,0.5048072338104248,0,False,0,False,1.439562439918518,1.4647128582000732,-0.025150418281555172,-1.5208948850631714,-2.5608766078948975,1.039981722831726,-0.9743674993515015,-0.9229549169540405,-0.05141258239746094,2.7909507751464844,-0.17072679102420807,2.9616775661706924,0.039106763899326324,0.019825410097837448,0.004013292491436005,0.0
76.38461538461539,4,3,3,0.5240380764007568,0,False,0,False,1.439562439918518,1.4717135429382324,-0.03215110301971435,-1.5208948850631714,-2.56179141998291,1.0408965349197388,-0.9743674993515015,-0.924106240272522,-0.05026125907897949,2.7909507751464844,-0.17191703617572784,2.962867811322212,0.039100103080272675,0.019805703312158585,0.0030718371272087097,0.0
76.46153846153847,4,3,3,0.5432689189910889,0,False,0,False,1.439562439918518,1.4792629480361938,-0.03970050811767578,-1.5208948850631714,-2.563124179840088,1.0422292947769165,-0.9743674993515015,-0.9256544709205627,-0.04871302843093872,2.7909507751464844,-0.1732291579246521,2.9641799330711365,0.03903979808092117,0.01980755850672722,0.0021352246403694153,0.0
76.53846153846155,4,3,3,0.5624997615814209,0,False,0,False,1.439562439918518,1.4872409105300903,-0.047678470611572266,-1.5208948850631714,-2.564742088317871,1.0438472032546997,-0.9743674993515015,-0.9279388189315796,-0.04642868041992188,2.7909507751464844,-0.17448635399341583,2.9654371291399,0.038937024772167206,0.019829314202070236,0.002142246812582016,0.0
76.61538461538461,4,3,3,0.5817306041717529,0,False,0,False,1.439562439918518,1.4956303834915161,-0.05606794357299805,-1.5208948850631714,-2.5666351318359375,1.0457402467727661,-0.9743674993515015,-0.9310857057571411,-0.04328179359436035,2.7909507751464844,-0.1756753921508789,2.9666261672973633,0.0388018861413002,0.01986921951174736,0.002054711803793907,0.0
76.6923076923077,4,3,3,0.600961446762085,0,False,0,False,1.439562439918518,1.504353642463684,-0.06479120254516602,-1.5208948850631714,-2.5687789916992188,1.0478841066360474,-0.9743674993515015,-0.9351418018341064,-0.03922569751739502,2.7909507751464844,-0.1768038421869278,2.967754617333412,0.038642264902591705,0.019924473017454147,0.0019205641001462936,0.0
76.76923076923077,4,3,3,0.620192289352417,0,False,0,False,1.439562439918518,1.5133010149002075,-0.07373857498168945,-1.5208948850631714,-2.571139097213745,1.0502442121505737,-0.9743674993515015,-0.940112292766571,-0.03425520658493042,2.7909507751464844,-0.17788055539131165,2.968831330537796,0.03846483677625656,0.019994203001260757,0.001756511628627777,0.0
76.84615384615385,4,3,3,0.639423131942749,0,False,0,False,1.439562439918518,1.5223571062088013,-0.0827946662902832,-1.5208948850631714,-2.5736827850341797,1.0527878999710083,-0.9743674993515015,-0.9459713101387024,-0.02839618921279907,2.7909507751464844,-0.1789121925830841,2.9698629677295685,0.03827492147684097,0.0200788713991642,0.0015749037265777588,0.0
76.92307692307693,4,3,3,0.658653974533081,0,False,0,False,1.439562439918518,1.5313992500305176,-0.09183681011199951,-1.5208948850631714,-2.5763869285583496,1.0554920434951782,-0.9743674993515015,-0.9526800513267517,-0.021687448024749756,2.7909507751464844,-0.17989809811115265,2.970848873257637,0.03807356208562851,0.02017892524600029,0.00138942152261734,0.0
77.0,4,3,3,0.6778848171234131,0,False,0,False,1.439562439918518,1.5402143001556396,-0.10065186023712158,-1.5208948850631714,-2.579289197921753,1.0583943128585815,-0.9743674993515015,-0.9603714346885681,-0.01399606466293335,2.7909507751464844,-0.18086831271648407,2.9718190878629684,0.03782511502504349,0.020289260894060135,0.0010449718683958054,0.0
77.07692307692308,4,3,3,0.6971156597137451,0,False,0,False,1.439562439918518,1.5486741065979004,-0.10911166667938232,-1.5208948850631714,-2.582380771636963,1.0614858865737915,-0.9743674993515015,-0.9690835475921631,-0.005283951759338379,2.7909507751464844,-0.18186216056346893,2.9728129357099533,0.0375337079167366,0.020404163748025894,0.0008719600737094879,0.0
77.15384615384616,4,3,3,0.7163465023040771,0,False,0,False,1.439562439918518,1.5565590858459473,-0.1169966459274292,-1.5208948850631714,-2.5856881141662598,1.0647932291030884,-0.9743674993515015,-0.9787818193435669,0.00441431999206543,2.7909507751464844,-0.18270143866539001,2.9736522138118744,0.03725626319646835,0.020527351647615433,0.0005447026342153549,0.0
77.23076923076924,4,3,3,0.7355773448944092,0,False,0,False,1.439562439918518,1.5637329816818237,-0.12417054176330566,-1.5208948850631714,-2.589402675628662,1.0685077905654907,-0.9743674993515015,-0.9894682765007019,0.01510077714920044,2.7909507751464844,-0.18321119248867035,2.9741619676351547,0.03707323223352432,0.02065255120396614,0.0004730280488729477,0.0
77.3076923076923,4,3,3,0.7548081874847412,0,False,0,False,1.439562439918518,1.570367693901062,-0.13080525398254395,-1.5208948850631714,-2.5935397148132324,1.072644829750061,-0.9743674993515015,-1.001030683517456,0.02666318416595459,2.7909507751464844,-0.18287572264671326,2.9738264977931976,0.03697345405817032,0.020782608538866043,0.003163428045809269,0.0
77.38461538461539,4,3,3,0.7740390300750732,0,False,0,False,1.439562439918518,1.5765364170074463,-0.13697397708892822,-1.5208948850631714,-2.5983853340148926,1.0774904489517212,-0.9743674993515015,-1.0139226913452148,0.03955519199371338,2.7909507751464844,-0.18089412152767181,2.971844896674156,0.03704839199781418,0.02093425765633583,0.0030191102996468544,0.0
77.46153846153847,4,3,3,0.7932698726654053,0,False,0,False,1.439562439918518,1.5821411609649658,-0.14257872104644775,-1.5208948850631714,-2.6040589809417725,1.083164095878601,-0.9743674993515015,-1.0274263620376587,0.05305886268615723,2.7909507751464844,-0.17727452516555786,2.9682253003120422,0.03736085444688797,0.02111067995429039,0.0018877536058425903,0.0
77.53846153846155,4,3,3,0.8125007152557373,0,False,0,False,1.439562439918518,1.5870709419250488,-0.14750850200653076,-1.5208948850631714,-2.610585927963257,1.0896910429000854,-0.9743674993515015,-1.040892481803894,0.06652498245239258,2.7909507751464844,-0.17177291214466095,2.9627236872911453,0.03796439617872238,0.021305840462446213,0.0007996801286935806,0.0
77.61538461538461,4,3,3,0.8317315578460693,0,False,0,False,1.439562439918518,1.5910935401916504,-0.15153110027313232,-1.5208948850631714,-2.617579460144043,1.0966845750808716,-0.9743674993515015,-1.0532381534576416,0.07887065410614014,2.7909507751464844,-0.16634902358055115,2.9572997987270355,0.038583509624004364,0.021512094885110855,0.0003530457615852356,0.0
77.6923076923077,4,3,3,0.8509624004364014,0,False,0,False,1.439562439918518,1.5942190885543823,-0.15465664863586426,-1.5208948850631714,-2.6242759227752686,1.1033810377120972,-0.9743674993515015,-1.0642776489257812,0.08991014957427979,2.7909507751464844,-0.16151054203510284,2.952461317181587,0.03882046788930893,0.021711353212594986,0.0001615704968571663,0.0
77.76923076923077,4,3,3,0.8701932430267334,0,False,0,False,1.439562439918518,1.5965051651000977,-0.1569427251815796,-1.5208948850631714,-2.6304101943969727,1.1095153093338013,-0.9743674993515015,-1.074264407157898,0.09989690780639648,2.7909507751464844,-0.1571905016899109,2.9481412768363953,0.038771964609622955,0.021914903074502945,0.0003429362550377846,0.0
77.84615384615385,4,3,3,0.8894240856170654,0,False,0,False,1.439562439918518,1.5981155633926392,-0.1585531234741211,-1.5208948850631714,-2.6359457969665527,1.1150509119033813,-0.9743674993515015,-1.0832456350326538,0.10887813568115236,2.7909507751464844,-0.15333205461502075,2.944282829761505,0.038603805005550385,0.0221235491335392,0.0002636946737766266,0.0
77.92307692307693,4,3,3,0.9086549282073975,0,False,0,False,1.439562439918518,1.599229097366333,-0.15966665744781494,-1.5208948850631714,-2.6408658027648926,1.1199709177017212,-0.9743674993515015,-1.0911504030227661,0.11678290367126465,2.7909507751464844,-0.1498849242925644,2.9408356994390488,0.03836897760629654,0.022335533052682877,0.00012718606740236282,0.0
78.0,4,3,3,0.9278857707977295,0,False,0,False,1.439562439918518,1.599984049797058,-0.16042160987854004,-1.5208948850631714,-2.6451327800750732,1.1242378950119019,-0.9743674993515015,-1.0979254245758057,0.12355792522430419,2.7909507751464844,-0.14680729806423187,2.9377580732107162,0.03807029873132706,0.02254774048924446,9.171199053525925e-05,0.0
78.07692307692308,4,3,3,0.9471166133880615,0,False,0,False,1.439562439918518,1.6007410287857056,-0.1611785888671875,-1.5208948850631714,-2.6485178470611572,1.1276229619979858,-0.9743674993515015,-1.1035478115081787,0.12918031215667725,2.7909507751464844,-0.14405696094036102,2.9350077360868454,0.03763914853334427,0.022749852389097214,0.0001061195507645607,0.0
78.15384615384616,4,3,3,0.9663474559783936,0,False,0,False,1.439562439918518,1.601850986480713,-0.16228854656219482,-1.5208948850631714,-2.650414228439331,1.1295193433761597,-0.9743674993515015,-1.1077933311462402,0.13342583179473877,2.7909507751464844,-0.14159642159938812,2.9325471967458725,0.036915041506290436,0.022902976721525192,0.00015242956578731537,0.0
78.23076923076924,4,3,3,0.9855782985687256,0,False,0,False,1.439562439918518,1.602724313735962,-0.16316187381744385,-1.5208948850631714,-2.6514463424682617,1.1305514574050903,-0.9743674993515015,-1.1112630367279053,0.1368955373764038,2.7909507751464844,-0.13940489292144775,2.930355668067932,0.0362846776843071,0.02311490848660469,3.747176378965378e-05,0.0
78.3076923076923,4,3,3,1.0,0,False,0,False,1.439562439918518,1.6034655570983887,-0.1639031171798706,-1.5208948850631714,-2.6518638134002686,1.1309689283370972,-0.9743674993515015,-1.1138591766357422,0.13949167728424072,2.7909507751464844,-0.13744910061359406,2.9283998757600784,0.035763077437877655,0.023328576236963272,2.0763836801052094e-05,0.0
78.38461538461539,4,3,3,1.0,0,False,0,False,1.439562439918518,1.6040990352630615,-0.16453659534454346,-1.5208948850631714,-2.6517117023468018,1.1308168172836304,-0.9743674993515015,-1.1155815124511719,0.14121401309967044,2.7909507751464844,-0.13569997251033783,2.926650747656822,0.03527339547872543,0.023526329547166824,1.1562369763851166e-05,0.0
78.46153846153847,5,3,3,0.006410256959497929,1,False,0,False,1.439562439918518,1.6045913696289062,-0.16502892971038816,-1.5208948850631714,-2.6510143280029297,1.1301194429397583,-0.9743674993515015,-1.1165217161178589,0.14215421676635742,2.7909507751464844,-0.13413220643997192,2.9250829815864563,0.03478751331567764,0.02371716871857643,1.0835938155651093e-05,0.0
78.53846153846155,5,3,3,0.03205128386616707,1,False,0,False,1.439562439918518,1.6050291061401367,-0.16546666622161865,-1.5208948850631714,-2.649808645248413,1.1289137601852417,-0.9743674993515015,-1.117192268371582,0.1428247690200806,2.7909507751464844,-0.132729172706604,2.9236799478530884,0.03432004898786545,0.02390298619866371,3.244727849960327e-05,0.0
78.61538461538461,5,3,3,0.05769231170415878,1,False,0,False,1.439562439918518,1.6060177087783813,-0.16645526885986325,-1.5208948850631714,-2.6476807594299316,1.1267858743667603,-0.9743674993515015,-1.1190584897994995,0.14469099044799805,2.7909507751464844,-0.13147667050361633,2.9224274456501007,0.033982791006565094,0.02411573752760887,5.781184881925583e-05,0.0
78.6923076923077,5,3,3,0.0833333358168602,1,False,0,False,1.439562439918518,1.6076321601867676,-0.1680697202682495,-1.5208948850631714,-2.6447091102600098,1.1238142251968384,-0.9743674993515015,-1.1222431659698486,0.14787566661834717,2.7909507751464844,-0.13036289811134338,2.9213136732578278,0.03393024951219559,0.02441716566681862,8.953269571065903e-05,0.0
78.76923076923077,5,3,3,0.1089743822813034,1,False,0,False,1.439562439918518,1.6095638275146484,-0.17000138759613037,-1.5208948850631714,-2.641321897506714,1.1204270124435425,-0.9743674993515015,-1.1261162757873535,0.15174877643585205,2.7909507751464844,-0.1293688714504242,2.9203196465969086,0.03414326161146164,0.024758506566286087,9.358860552310944e-05,0.0
78.84615384615385,5,3,3,0.13461542129516602,1,False,0,False,1.439562439918518,1.6115018129348755,-0.17193937301635745,-1.5208948850631714,-2.6378488540649414,1.11695396900177,-0.9743674993515015,-1.1300404071807861,0.15567290782928467,2.7909507751464844,-0.12848033010959625,2.9194311052560806,0.034559525549411774,0.02507607266306877,8.910894393920898e-05,0.0
78.92307692307693,5,3,3,0.16025647521018982,1,False,0,False,1.439562439918518,1.6132309436798096,-0.1736685037612915,-1.5208948850631714,-2.6344404220581055,1.113545536994934,-0.9743674993515015,-1.1335804462432861,0.15921294689178467,2.7909507751464844,-0.1276857703924179,2.9186365455389023,0.035035647451877594,0.025345880538225174,8.771661669015884e-05,0.0
79.0,5,3,3,0.18589751422405243,1,False,0,False,1.439562439918518,1.6145341396331787,-0.17497169971466067,-1.5208948850631714,-2.6311194896698,1.1102246046066284,-0.9743674993515015,-1.1365227699279785,0.16215527057647708,2.7909507751464844,-0.12697449326515198,2.9179252684116364,0.03546652942895889,0.025571253150701523,5.7872384786605835e-05,0.0
79.07692307692308,5,3,3,0.21153855323791504,1,False,0,False,1.439562439918518,1.6152870655059814,-0.17572462558746338,-1.5208948850631714,-2.6279714107513428,1.1070765256881714,-0.9743674993515015,-1.138710856437683,0.16434335708618164,2.7909507751464844,-0.12633953988552094,2.9172903150320053,0.035824693739414215,0.025767724961042404,7.518567144870758e-05,0.0
79.15384615384616,5,3,3,0.23717960715293884,1,False,0,False,1.439562439918518,1.6155622005462646,-0.17599976062774658,-1.5208948850631714,-2.6251063346862793,1.104211449623108,-0.9743674993515015,-1.1399675607681274,0.16560006141662598,2.7909507751464844,-0.12577268481254578,2.91672345995903,0.03614095598459244,0.02594737336039543,7.530674338340759e-05,0.0
79.23076923076924,5,3,3,0.26282066106796265,1,False,0,False,1.439562439918518,1.6154675483703613,-0.17590510845184326,-1.5208948850631714,-2.622516632080078,1.1016217470169067,-0.9743674993515015,-1.1402461528778076,0.16587865352630618,2.7909507751464844,-0.12526646256446838,2.9162172377109528,0.036423973739147186,0.026119638234376907,8.051283657550812e-05,0.0
79.3076923076923,5,3,3,0.28846168518066406,1,False,0,False,1.439562439918518,1.6147822141647339,-0.17521977424621582,-1.5208948850631714,-2.620190143585205,1.0992952585220337,-0.9743674993515015,-1.1393756866455078,0.16500818729400635,2.7909507751464844,-0.12481425702571869,2.915765032172203,0.03670119494199753,0.026318054646253586,1.8402934074401855e-05,0.0
79.38461538461539,5,3,3,0.31410273909568787,1,False,0,False,1.439562439918518,1.6143739223480225,-0.1748114824295044,-1.5208948850631714,-2.6176676750183105,1.0967727899551392,-0.9743674993515015,-1.1380865573883057,0.16371905803680417,2.7909507751464844,-0.1244097352027893,2.9153605103492737,0.03688942641019821,0.02651279792189598,0.0003429362550377846,0.0
79.46153846153847,5,3,3,0.3397437334060669,1,False,0,False,1.439562439918518,1.6138852834701538,-0.17432284355163574,-1.5208948850631714,-2.614943504333496,1.0940486192703247,-0.9743674993515015,-1.1364257335662842,0.16205823421478271,2.7909507751464844,-0.12404808402061462,2.914998859167099,0.03707530349493027,0.02646755799651146,0.0003949971869587898,0.0
79.53846153846155,5,3,3,0.36538469791412354,1,False,0,False,1.439562439918518,1.6133930683135986,-0.17383062839508057,-1.5208948850631714,-2.61214280128479,1.0912479162216187,-0.9743674993515015,-1.1343481540679932,0.1599806547164917,2.7909507751464844,-0.12372537702322006,2.9146761521697044,0.0373440757393837,0.026400040835142136,0.00036357901990413666,0.0
79.61538461538461,5,3,3,0.3910256624221802,1,False,0,False,1.439562439918518,1.612926959991455,-0.173364520072937,-1.5208948850631714,-2.60937237739563,1.0884774923324585,-0.9743674993515015,-1.13174569606781,0.1573781967163086,2.7909507751464844,-0.12343695759773254,2.914387732744217,0.037735648453235626,0.026338446885347366,0.00035359058529138565,0.0
79.6923076923077,5,3,3,0.4166666269302368,1,False,0,False,1.439562439918518,1.6124342679977417,-0.1728718280792236,-1.5208948850631714,-2.606663942337036,1.0857690572738647,-0.9743674993515015,-1.128552794456482,0.15418529510498047,2.7909507751464844,-0.12317914515733719,2.9141299203038216,0.038236893713474274,0.026284094899892807,0.00032102223485708237,0.0
79.76923076923077,5,3,3,0.44230759143829346,1,False,0,False,1.439562439918518,1.6115959882736206,-0.17203354835510254,-1.5208948850631714,-2.6039679050445557,1.0830730199813843,-0.9743674993515015,-1.1247658729553223,0.1503983736038208,2.7909507751464844,-0.12294862419366837,2.9138993993401527,0.03881203383207321,0.026235636323690414,0.0007109344005584717,0.0
79.84615384615385,5,3,3,0.4679485559463501,1,False,0,False,1.439562439918518,1.609914779663086,-0.17035233974456787,-1.5208948850631714,-2.601301431655884,1.0804065465927124,-0.9743674993515015,-1.120041012763977,0.14567351341247556,2.7909507751464844,-0.12274174392223358,2.913692519068718,0.03942794352769852,0.026195187121629715,0.0034045428037643433,0.0
79.92307692307693,5,3,3,0.49358952045440674,1,False,0,False,1.439562439918518,1.6070021390914917,-0.16743969917297363,-1.5208948850631714,-2.598750591278076,1.0778557062149048,-0.9743674993515015,-1.1142430305480957,0.13987553119659424,2.7909507751464844,-0.1225581243634224,2.9135088995099068,0.04008793085813522,0.026147861033678055,0.002338807098567486,0.0
80.0,5,3,3,0.5192304849624634,1,False,0,False,1.439562439918518,1.6034213304519653,-0.16385889053344724,-1.5208948850631714,-2.5963408946990967,1.0754460096359253,-0.9743674993515015,-1.1073530912399292,0.13298559188842773,2.7909507751464844,-0.12239167839288712,2.9133424535393715,0.0407617911696434,0.026107091456651688,0.002104411832988262,0.0
80.07692307692308,5,3,3,0.54487144947052,1,False,0,False,1.439562439918518,1.598774790763855,-0.15921235084533691,-1.5208948850631714,-2.594089984893799,1.0731950998306274,-0.9743674993515015,-1.099363923072815,0.12499642372131348,2.7909507751464844,-0.12224290519952774,2.913193680346012,0.04138273745775223,0.026070643216371536,0.003579007461667061,0.0
80.15384615384616,5,3,3,0.5705124139785767,1,False,0,False,1.439562439918518,1.593000054359436,-0.15343761444091797,-1.5208948850631714,-2.5919559001922607,1.0710610151290894,-0.9743674993515015,-1.0903674364089966,0.11599993705749512,2.7909507751464844,-0.12211187928915024,2.9130626544356346,0.04191415756940842,0.026016514748334885,0.003043264150619507,0.0
80.23076923076924,5,3,3,0.5961533784866333,1,False,0,False,1.439562439918518,1.5869126319885254,-0.14735019207000732,-1.5208948850631714,-2.58984112739563,1.0689462423324585,-0.9743674993515015,-1.0805634260177612,0.10619592666625977,2.7909507751464844,-0.12199363857507706,2.9129444137215614,0.04233815521001816,0.025957386940717697,0.003184070810675621,0.0
80.3076923076923,5,3,3,0.6217943429946899,1,False,0,False,1.439562439918518,1.5805785655975342,-0.1410161256790161,-1.5208948850631714,-2.587596893310547,1.0667020082473755,-0.9743674993515015,-1.0702729225158691,0.09590542316436766,2.7909507751464844,-0.12188941240310669,2.912840187549591,0.042633913457393646,0.02589680626988411,0.0029488280415534973,0.0
80.38461538461539,5,3,3,0.6474353075027466,1,False,0,False,1.439562439918518,1.57469642162323,-0.13513398170471194,-1.5208948850631714,-2.5850670337677,1.0641721487045288,-0.9743674993515015,-1.059844732284546,0.08547723293304443,2.7909507751464844,-0.1217939555644989,2.9127447307109833,0.04283065348863602,0.025844644755125046,0.0024159904569387436,0.0
80.46153846153847,5,3,3,0.673076331615448,1,False,0,False,1.439562439918518,1.5693470239639282,-0.12978458404541016,-1.5208948850631714,-2.582206964492798,1.0613120794296265,-0.9743674993515015,-1.04954993724823,0.07518243789672852,2.7909507751464844,-0.12170712649822235,2.9126579016447067,0.042941682040691376,0.025804881006479263,0.0021274760365486145,0.0
80.53846153846155,5,3,3,0.698717474937439,1,False,0,False,1.439562439918518,1.5639420747756958,-0.12437963485717773,-1.5208948850631714,-2.57906174659729,1.0581668615341187,-0.9743674993515015,-1.0394957065582275,0.06512820720672607,2.7909507751464844,-0.12163703143596649,2.912587806582451,0.0430099293589592,0.025781791657209396,0.0027299602515995502,0.0
80.61538461538461,5,3,3,0.7243585586547852,1,False,0,False,1.439562439918518,1.559495210647583,-0.11993277072906496,-1.5208948850631714,-2.57560133934021,1.0547064542770386,-0.9743674993515015,-1.0299121141433716,0.05554461479187012,2.7909507751464844,-0.12157103419303894,2.9125218093395233,0.04307539016008377,0.025774624198675156,0.002021174877882004,0.0
80.6923076923077,5,3,3,0.7499997019767761,1,False,0,False,1.439562439918518,1.555802583694458,-0.11624014377593994,-1.5208948850631714,-2.571887493133545,1.0509926080703735,-0.9743674993515015,-1.020819902420044,0.04645240306854249,2.7909507751464844,-0.12151102721691132,2.9124618023633957,0.04314959794282913,0.02578471228480339,0.0016792677342891693,0.0
80.76923076923077,5,3,3,0.7756408452987671,1,False,0,False,1.439562439918518,1.5527423620224,-0.11317992210388184,-1.5208948850631714,-2.5680346488952637,1.0471397638320923,-0.9743674993515015,-1.0122227668762207,0.03785526752471924,2.7909507751464844,-0.12145692110061646,2.912407696247101,0.04322948306798935,0.025809016078710556,0.0014537107199430466,0.0
80.84615384615385,5,3,3,0.8012819290161133,1,False,0,False,1.439562439918518,1.5500935316085815,-0.11053109169006348,-1.5208948850631714,-2.564116954803467,1.0432220697402954,-0.9743674993515015,-1.00412917137146,0.029761672019958496,2.7909507751464844,-0.1214107796549797,2.912361554801464,0.04333173483610153,0.025848548859357834,0.0015902949962764978,0.0
80.92307692307693,5,3,3,0.8269230723381042,1,False,0,False,1.439562439918518,1.5477006435394287,-0.10813820362091064,-1.5208948850631714,-2.560182809829712,1.0392879247665405,-0.9743674993515015,-0.9965597987174988,0.022192299365997314,2.7909507751464844,-0.12136802077293396,2.9123187959194183,0.043475888669490814,0.025902416557073593,0.0012184679508209229,0.0
81.0,5,3,3,0.8525642156600952,1,False,0,False,1.439562439918518,1.5454245805740356,-0.10586214065551758,-1.5208948850631714,-2.5562126636505127,1.0353177785873413,-0.9743674993515015,-0.9895249605178833,0.015157461166381836,2.7909507751464844,-0.12132907658815384,2.912279851734638,0.04362589865922928,0.025965597480535507,0.0017476733773946762,0.0
81.07692307692308,5,3,3,0.8782052993774414,1,False,0,False,1.439562439918518,1.543305516242981,-0.10374307632446289,-1.5208948850631714,-2.552276372909546,1.0313814878463745,-0.9743674993515015,-0.9829490184783936,0.008581519126892088,2.7909507751464844,-0.12129402905702591,2.9122448042035103,0.04379195719957352,0.02603236958384514,0.0020800158381462097,0.0
81.15384615384616,5,3,3,0.9038464426994324,1,False,0,False,1.439562439918518,1.541378140449524,-0.10181570053100586,-1.5208948850631714,-2.5484049320220947,1.0275100469589233,-0.9743674993515015,-0.9767929911613464,0.0024254918098449707,2.7909507751464844,-0.12126278877258301,2.9122135639190674,0.04398017376661301,0.02609865739941597,0.0022461870685219765,0.0
81.23076923076924,5,3,3,0.9294875860214233,1,False,0,False,1.439562439918518,1.5396355390548706,-0.10007309913635253,-1.5208948850631714,-2.54461669921875,1.0237218141555786,-0.9743674993515015,-0.9710568189620972,-0.0033106803894042964,2.7909507751464844,-0.12123505771160126,2.9121858328580856,0.044193021953105927,0.026164229959249496,0.0023067230358719826,0.0
81.3076923076923,5,3,3,0.9551286697387695,1,False,0,False,1.439562439918518,1.538048505783081,-0.09848606586456299,-1.5208948850631714,-2.5409374237060547,1.0200425386428833,-0.9743674993515015,-0.9657552242279053,-0.008612275123596191,2.7909507751464844,-0.12121041119098663,2.912161186337471,0.04442939907312393,0.02622910961508751,0.0023269420489668846,0.0
81.38461538461539,5,3,3,0.9807698130607605,1,False,0,False,1.439562439918518,1.536581039428711,-0.09701859951019287,-1.5208948850631714,-2.5374057292938232,1.0165108442306519,-0.9743674993515015,-0.9609020352363586,-0.013465464115142822,2.7909507751464844,-0.12118852138519287,2.9121392965316772,0.044687457382678986,0.026292916387319565,0.0023084180429577827,0.0
81.46153846153847,5,3,3,1.0,1,False,0,False,1.439562439918518,1.5351961851119995,-0.09563374519348145,-1.5208948850631714,-2.5340700149536133,1.013175129890442,-0.9743674993515015,-0.9565051794052124,-0.017862319946289062,2.7909507751464844,-0.12116903066635132,2.9121198058128357,0.044964320957660675,0.026354912668466568,0.0022578705102205276,0.0
81.53846153846155,5,3,3,1.0,1,False,0,False,1.439562439918518,1.5338612794876099,-0.0942988395690918,-1.5208948850631714,-2.5309743881225586,1.0100795030593872,-0.9743674993515015,-0.9525623917579651,-0.021805107593536377,2.7909507751464844,-0.12115167081356049,2.912102445960045,0.04525565356016159,0.02641434594988823,0.0021775090135633945,0.0
81.61538461538461,5,3,3,1.0,1,False,0,False,1.439562439918518,1.5325454473495483,-0.09298300743103027,-1.5208948850631714,-2.5281689167022705,1.0072740316390991,-0.9743674993515015,-0.9490851163864136,-0.02528238296508789,2.7909507751464844,-0.12113578617572784,2.912086561322212,0.045556314289569855,0.026470940560102463,0.002339987549930811,0.0
81.6923076923077,5,3,3,1.0,1,False,0,False,1.439562439918518,1.5312790870666504,-0.09171664714813232,-1.5208948850631714,-2.525684356689453,1.0047894716262817,-0.9743674993515015,-0.946087121963501,-0.02828037738800049,2.7909507751464844,-0.12112221121788025,2.9120729863643646,0.045848406851291656,0.02652886137366295,0.002210622187703848,0.0
81.76923076923077,5,3,3,1.0,1,False,0,False,1.439562439918518,1.5300874710083008,-0.09052503108978271,-1.5208948850631714,-2.5235698223114014,1.00267493724823,-0.9743674993515015,-0.9435325264930725,-0.03083497285842895,2.7909507751464844,-0.12111010402441025,2.9120608791708946,0.04614231735467911,0.026583950966596603,0.0019875774160027504,0.0
81.84615384615385,5,3,3,1.0,1,False,0,False,1.439562439918518,1.5289586782455444,-0.08939623832702637,-1.5208948850631714,-2.521545886993408,1.0006510019302368,-0.9743674993515015,-0.9413958191871643,-0.03297168016433716,2.7909507751464844,-0.12109918147325516,2.9120499566197395,0.0463993176817894,0.02664007619023323,0.0009561958722770214,0.0
81.92307692307693,5,3,3,1.0,1,False,0,False,1.439562439918518,1.527877688407898,-0.08831524848937988,-1.5208948850631714,-2.5197291374206543,0.9988342523574829,-0.9743674993515015,-0.9395696520805359,-0.034797847270965576,2.7909507751464844,-0.12108953297138214,2.9120403081178665,0.04662496596574783,0.026687119156122208,0.001258875709027052,0.0
82.0,5,3,3,1.0,1,False,0,False,1.439562439918518,1.52684485912323,-0.08728241920471191,-1.5208948850631714,-2.518178701400757,0.9972838163375854,-0.9743674993515015,-0.9379947185516357,-0.03637278079986573,2.7909507751464844,-0.12108084559440613,2.9120316207408905,0.046846695244312286,0.02672823891043663,0.001210991758853197,0.0
82.07692307692308,5,3,3,1.0,1,False,0,False,1.439562439918518,1.525847315788269,-0.08628487586975098,-1.5208948850631714,-2.516879081726074,0.9959841966629028,-0.9743674993515015,-0.9366649389266968,-0.03770256042480469,2.7909507751464844,-0.12107289582490921,2.9120236709713936,0.047058768570423126,0.02676723524928093,0.0011391961015760899,0.0
82.15384615384616,5,3,3,1.0,1,False,0,False,1.439562439918518,1.5247901678085327,-0.08522772789001465,-1.5208948850631714,-2.5158865451812744,0.994991660118103,-0.9743674993515015,-0.9355498552322388,-0.038817644119262695,2.7909507751464844,-0.12127512693405151,2.912225902080536,0.04721718281507492,0.02680697664618492,0.00037223566323518753,0.0
82.23076923076924,5,3,3,1.0,1,False,0,False,1.439562439918518,1.5236719846725464,-0.08410954475402832,-1.5208948850631714,-2.515031337738037,0.9941364526748657,-0.9743674993515015,-0.934686541557312,-0.03968095779418945,2.7909507751464844,-0.12152555584907532,2.9124763309955597,0.04734417051076889,0.026845257729291916,0.0003850390203297138,0.0
82.3076923076923,5,3,3,1.0,1,False,0,False,1.439562439918518,1.5225566625595093,-0.08299422264099122,-1.5208948850631714,-2.5143022537231445,0.9934073686599731,-0.9743674993515015,-0.9340262413024902,-0.04034125804901123,2.7909507751464844,-0.12181069701910019,2.9127614721655846,0.04746507853269577,0.026878487318754196,0.00035746488720178604,0.0
82.38461538461539,5,3,3,1.0,1,False,0,False,1.439562439918518,1.5214921236038208,-0.08192968368530273,-1.5208948850631714,-2.513716459274292,0.9928215742111206,-0.9743674993515015,-0.9335315227508545,-0.04083597660064697,2.7909507751464844,-0.12213778495788574,2.91308856010437,0.04758099466562271,0.026907596737146378,0.00034874770790338516,0.0
82.46153846153847,5,3,3,1.0,1,False,0,False,1.439562439918518,1.5204861164093018,-0.08092367649078369,-1.5208948850631714,-2.5132827758789062,0.9923878908157349,-0.9743674993515015,-0.9331879615783691,-0.041179537773132324,2.7909507751464844,-0.1224973201751709,2.9134480953216553,0.04769127815961838,0.026933986693620682,0.0003361562266945839,0.0
82.53846153846155,5,3,3,1.0,1,False,0,False,1.439562439918518,1.519532561302185,-0.07997012138366699,-1.5208948850631714,-2.5130038261413574,0.992108941078186,-0.9743674993515015,-0.9329913258552551,-0.04137617349624634,2.7909507751464844,-0.12287070602178574,2.91382148116827,0.04779530316591263,0.026958320289850235,0.00032595591619610786,0.0
82.61538461538461,5,3,3,1.0,1,False,0,False,1.439562439918518,1.5186294317245483,-0.07906699180603027,-1.5208948850631714,-2.512871742248535,0.9919768571853638,-0.9743674993515015,-0.9329363703727722,-0.04143112897872925,2.7909507751464844,-0.12324059009552002,2.9141913652420044,0.04789306968450546,0.026980679482221603,0.00030773459002375603,0.0
82.6923076923077,5,3,3,1.0,1,False,0,False,1.439562439918518,1.5177732706069946,-0.07821083068847656,-1.5208948850631714,-2.5128719806671143,0.9919770956039429,-0.9743674993515015,-0.9330119490623474,-0.04135555028915405,2.7909507751464844,-0.12359920144081116,2.9145499765872955,0.047985248267650604,0.02700095996260643,0.0002967775799334049,0.0
82.76923076923077,5,3,3,1.0,1,False,0,False,1.439562439918518,1.5169603824615479,-0.07739794254302979,-1.5208948850631714,-2.5129899978637695,0.992095112800598,-0.9743674993515015,-0.9332036972045898,-0.04116380214691162,2.7909507751464844,-0.1239451989531517,2.914895974099636,0.04807243496179581,0.027019035071134567,0.00027716392651200294,0.0
82.84615384615385,5,3,3,1.0,1,False,0,False,1.439562439918518,1.5161852836608887,-0.0766228437423706,-1.5208948850631714,-2.513209104537964,0.9923142194747925,-0.9743674993515015,-0.933495044708252,-0.04087245464324951,2.7909507751464844,-0.12427971512079239,2.9152304902672768,0.048155300319194794,0.027034860104322433,0.0002467143349349499,0.0
82.92307692307693,5,3,3,1.0,1,False,0,False,1.439562439918518,1.5154428482055664,-0.07588040828704834,-1.5208948850631714,-2.5135157108306885,0.9926208257675171,-0.9743674993515015,-0.9338693022727966,-0.040498197078704834,2.7909507751464844,-0.12460434436798096,2.9155551195144653,0.04823426157236099,0.02704859897494316,0.00022685853764414787,0.0
83.0,5,3,3,1.0,1,False,0,False,1.439562439918518,1.5147298574447632,-0.07516741752624512,-1.5208948850631714,-2.51389741897583,0.9930025339126587,-0.9743674993515015,-0.9343091249465942,-0.04005837440490723,2.7909507751464844,-0.1249191015958786,2.915869876742363,0.04830966144800186,0.027060482650995255,0.00022595049813389778,0.0
83.07692307692308,5,3,3,1.0,1,False,0,False,1.439562439918518,1.5140413045883179,-0.0744788646697998,-1.5208948850631714,-2.5143446922302246,0.9934498071670532,-0.9743674993515015,-0.934800922870636,-0.03956657648086548,2.7909507751464844,-0.1252247393131256,2.91617551445961,0.048381827771663666,0.027070824056863785,0.00020397594198584557,0.0
83.15384615384616,5,3,3,1.0,1,False,0,False,1.439562439918518,1.5133737325668335,-0.07381129264831543,-1.5208948850631714,-2.514848232269287,0.9939533472061157,-0.9743674993515015,-0.9353330135345459,-0.039034485816955566,2.7909507751464844,-0.12552107870578766,2.916471853852272,0.04845096915960312,0.027079913765192032,0.0001824554055929184,0.0
83.23076923076924,5,3,3,1.0,1,False,0,False,1.439562439918518,1.5127259492874146,-0.07316350936889648,-1.5208948850631714,-2.51539945602417,0.9945045709609985,-0.9743674993515015,-0.9358948469161987,-0.038472652435302734,2.7909507751464844,-0.12580743432044983,2.916758209466934,0.048517368733882904,0.027079995721578598,0.00017688609659671783,0.0
83.3076923076923,5,3,3,1.0,1,False,0,False,1.439562439918518,1.5120961666107178,-0.07253372669219971,-1.5208948850631714,-2.5159904956817627,0.9950956106185913,-0.9743674993515015,-0.9364771842956543,-0.03789031505584717,2.7909507751464844,-0.12608331441879272,2.917034089565277,0.04858136922121048,0.027074415236711502,0.0001607835292816162,0.0
83.38461538461539,5,3,3,1.0,1,False,0,False,1.439562439918518,1.5114831924438477,-0.07192075252532958,-1.5208948850631714,-2.516615390777588,0.9957205057144165,-0.9743674993515015,-0.9370729327201843,-0.03729456663131714,2.7909507751464844,-0.12634851038455963,2.917299285531044,0.04864344745874405,0.027069207280874252,0.00014011049643158913,0.0
83.46153846153847,5,3,3,1.0,1,False,0,False,1.439562439918518,1.5108850002288818,-0.07132256031036376,-1.5208948850631714,-2.5172696113586426,0.9963747262954712,-0.9743674993515015,-0.9376775622367859,-0.036689937114715576,2.7909507751464844,-0.12660261988639832,2.9175533950328827,0.04870402067899704,0.027064446359872818,0.0001398683525621891,0.0
83.53846153846155,5,3,3,1.0,1,False,0,False,1.439562439918518,1.5103013515472412,-0.07073891162872314,-1.5208948850631714,-2.5179476737976074,0.9970527887344359,-0.9743674993515015,-0.9382849931716919,-0.03608250617980957,2.7909507751464844,-0.12684494256973267,2.917795717716217,0.04876313358545303,0.027060184627771378,0.0001379312016069889,0.0
83.61538461538461,5,3,3,1.0,1,False,0,False,1.439562439918518,1.5097308158874512,-0.0701683759689331,-1.5208948850631714,-2.5186452865600586,0.9977504014968872,-0.9743674993515015,-0.9388920664787292,-0.03547543287277222,2.7909507751464844,-0.12707529962062836,2.9180260747671127,0.048820845782756805,0.02705642208456993,0.00012167729437351227,0.0
83.6923076923077,5,3,3,1.0,1,False,0,False,1.439562439918518,1.509172797203064,-0.06961035728454588,-1.5208948850631714,-2.5193593502044678,0.9984644651412964,-0.9743674993515015,-0.939495861530304,-0.03487163782119751,2.7909507751464844,-0.12729351222515106,2.9182442873716354,0.048877350986003876,0.027053173631429672,0.00011444324627518654,0.0
83.76923076923077,5,3,3,1.0,1,False,0,False,1.439562439918518,1.5086259841918945,-0.06906354427337646,-1.5208948850631714,-2.5200860500335693,0.999191164970398,-0.9743674993515015,-0.9400935173034668,-0.03427398204803466,2.7909507751464844,-0.12749934196472168,2.918450117111206,0.04893260449171066,0.02705041691660881,0.00011432217434048653,0.0
83.84615384615385,5,3,3,1.0,1,False,0,False,1.439562439918518,1.5080904960632324,-0.06852805614471434,-1.5208948850631714,-2.5208218097686768,0.9999269247055054,-0.9743674993515015,-0.9406834244728088,-0.03368407487869263,2.7909507751464844,-0.12769268453121185,2.9186434596776962,0.048986487090587616,0.02704813703894615,0.00010593794286251068,0.0
83.92307692307693,5,3,3,1.0,1,False,0,False,1.439562439918518,1.5075651407241821,-0.06800270080566406,-1.5208948850631714,-2.5215649604797363,1.000670075416565,-0.9743674993515015,-0.9412634372711182,-0.0331040620803833,2.7909507751464844,-0.12787337601184845,2.918824151158333,0.04903928190469742,0.027046281844377518,8.916947990655899e-05,0.0
84.0,5,3,3,1.0,1,False,0,False,1.439562439918518,1.5070499181747437,-0.06748747825622559,-1.5208948850631714,-2.5223124027252197,1.0014175176620483,-0.9743674993515015,-0.9418322443962097,-0.03253525495529175,2.7909507751464844,-0.1280413717031479,2.9189921468496323,0.04909086972475052,0.027044828981161118,8.366070687770844e-05,0.0
84.07692307692308,5,3,3,1.0,1,False,0,False,1.439562439918518,1.5065449476242065,-0.06698250770568848,-1.5208948850631714,-2.5230631828308105,1.0021682977676392,-0.9743674993515015,-0.9423889517784119,-0.0319785475730896,2.7909507751464844,-0.12819667160511017,2.9191474467515945,0.0491412952542305,0.027043748646974564,8.378177881240845e-05,0.0
84.15384615384616,5,3,3,1.0,1,False,0,False,1.439562439918518,1.5060502290725708,-0.06648778915405273,-1.5208948850631714,-2.5238149166107178,1.0029200315475464,-0.9743674993515015,-0.9429330229759216,-0.03143447637557984,2.7909507751464844,-0.12833911180496216,2.9192898869514465,0.0491904690861702,0.027043018490076065,7.53975473344326e-05,0.0
84.23076923076924,5,3,3,1.0,1,False,0,False,1.439562439918518,1.5055657625198364,-0.06600332260131836,-1.5208948850631714,-2.5245656967163086,1.0036708116531372,-0.9743674993515015,-0.9434629082679749,-0.03090459108352661,2.7909507751464844,-0.1284685581922531,2.9194193333387375,0.049238480627536774,0.027042601257562637,8.175382390618324e-05,0.0
84.3076923076923,5,3,3,1.0,1,False,0,False,1.439562439918518,1.5050909519195557,-0.0655285120010376,-1.5208948850631714,-2.525313138961792,1.0044182538986206,-0.9743674993515015,-0.9439777731895447,-0.030389726161956787,2.7909507751464844,-0.12858512997627258,2.919535905122757,0.04928528517484665,0.02704247459769249,6.495509296655655e-05,0.0
84.38461538461539,5,3,3,1.0,1,False,0,False,1.439562439918518,1.504624843597412,-0.06506240367889404,-1.5208948850631714,-2.526059627532959,1.0051647424697876,-0.9743674993515015,-0.9444788098335266,-0.029888689517974854,2.7909507751464844,-0.12868943810462952,2.919640213251114,0.04933082312345505,0.02704259380698204,6.907153874635696e-05,0.0
84.46153846153847,5,3,3,1.0,1,False,0,False,1.439562439918518,1.5041686296463013,-0.0646061897277832,-1.5208948850631714,-2.526801824569702,1.0059069395065308,-0.9743674993515015,-0.9449652433395386,-0.02940225601196289,2.7909507751464844,-0.12878116965293884,2.919731944799423,0.049375273287296295,0.02704295888543129,5.705514922738075e-05,0.0
84.53846153846155,5,3,3,1.0,1,False,0,False,1.439562439918518,1.5037235021591187,-0.06416106224060059,-1.5208948850631714,-2.5275368690490723,1.0066419839859009,-0.9743674993515015,-0.9454354047775269,-0.02893209457397461,2.7909507751464844,-0.1288604587316513,2.9198112338781357,0.049418412148952484,0.02704356238245964,4.325294867157936e-05,0.0
84.61538461538461,5,3,3,1.0,1,False,0,False,1.439562439918518,1.5032896995544434,-0.06372725963592529,-1.5208948850631714,-2.5282630920410156,1.0073682069778442,-0.9743674993515015,-0.945889413356781,-0.028478085994720462,2.7909507751464844,-0.12892740964889526,2.9198781847953796,0.049460507929325104,0.027044381946325302,5.336245521903038e-05,0.0
84.6923076923077,5,3,3,1.0,1,False,0,False,1.439562439918518,1.5028668642044067,-0.06330442428588867,-1.5208948850631714,-2.528980255126953,1.0080853700637817,-0.9743674993515015,-0.946327269077301,-0.02804023027420044,2.7909507751464844,-0.12898236513137817,2.9199331402778625,0.049501605331897736,0.027045410126447678,4.624947905540466e-05,0.0
84.76923076923077,5,3,3,1.0,1,False,0,False,1.439562439918518,1.5024555921554565,-0.06289315223693846,-1.5208948850631714,-2.5296876430511475,1.008792757987976,-0.9743674993515015,-0.9467489123344421,-0.027618587017059326,2.7909507751464844,-0.12902560830116272,2.919976383447647,0.049541689455509186,0.027046624571084976,4.7672074288129807e-05,0.0
84.84615384615385,5,3,3,1.0,1,False,0,False,1.439562439918518,1.5020556449890137,-0.062493205070495605,-1.5208948850631714,-2.530384063720703,1.0094891786575317,-0.9743674993515015,-0.947154700756073,-0.027212798595428467,2.7909507751464844,-0.12905776500701904,2.9200085401535034,0.04958055168390274,0.02704799547791481,3.9529986679553986e-05,0.0
84.92307692307693,5,3,3,1.0,1,False,0,False,1.439562439918518,1.5016671419143677,-0.0621047019958496,-1.5208948850631714,-2.531069755554199,1.0101748704910278,-0.9743674993515015,-0.9475449323654175,-0.026822566986083984,2.7909507751464844,-0.12907907366752625,2.9200298488140106,0.04961838573217392,0.027049537748098373,4.198169335722923e-05,0.0
85.0,5,3,3,1.0,1,False,0,False,1.439562439918518,1.5012904405593872,-0.06172800064086914,-1.5208948850631714,-2.5317437648773193,1.010848879814148,-0.9743674993515015,-0.9479196071624756,-0.02644789218902588,2.7909507751464844,-0.12909001111984253,2.920040786266327,0.04965513199567795,0.02705121412873268,4.316214472055435e-05,0.0
85.07692307692308,5,3,3,1.0,1,False,0,False,1.439562439918518,1.5009253025054932,-0.0613628625869751,-1.5208948850631714,-2.532405376434326,1.0115104913711548,-0.9743674993515015,-0.9482794404029846,-0.026088058948516846,2.7909507751464844,-0.12909092009067535,2.9200416952371597,0.04969082027673721,0.027053002268075943,3.725988790392876e-05,0.0
85.15384615384616,5,3,3,1.0,1,False,0,False,1.439562439918518,1.500571608543396,-0.06100916862487793,-1.5208948850631714,-2.5330541133880615,1.0121592283248901,-0.9743674993515015,-0.9486246705055237,-0.025742828845977783,2.7909507751464844,-0.12908239662647247,2.920033171772957,0.04972558468580246,0.027054909616708755,3.825873136520386e-05,0.0
85.23076923076924,5,3,3,1.0,1,False,0,False,1.439562439918518,1.5002295970916748,-0.06066715717315674,-1.5208948850631714,-2.5336899757385254,1.012795090675354,-0.9743674993515015,-0.9489558339118958,-0.025411665439605713,2.7909507751464844,-0.1290648877620697,2.920015662908554,0.04975936561822891,0.02705690637230873,3.220513463020325e-05,0.0
85.3076923076923,5,3,3,1.0,1,False,0,False,1.439562439918518,1.4998990297317505,-0.06033658981323242,-1.5208948850631714,-2.5343120098114014,1.01341712474823,-0.9743674993515015,-0.9492727518081665,-0.02509474754333496,2.7909507751464844,-0.12903879582881927,2.9199895709753036,0.04979201406240463,0.02705897018313408,3.390014171600342e-05,0.0
85.38461538461539,5,3,3,1.0,1,False,0,False,1.439562439918518,1.4995803833007812,-0.060017943382263184,-1.5208948850631714,-2.534919023513794,1.0140241384506226,-0.9743674993515015,-0.9495759010314941,-0.024791598320007324,2.7909507751464844,-0.12900464236736298,2.9199554175138474,0.04982399195432663,0.027061108499765396,2.9087532311677933e-05,0.0
85.46153846153847,5,3,3,1.0,1,False,0,False,1.439562439918518,1.499272346496582,-0.059709906578063965,-1.5208948850631714,-2.5355145931243896,1.0146197080612183,-0.9743674993515015,-0.9498662352561951,-0.0245012640953064,2.7909507751464844,-0.1289622187614441,2.9199129939079285,0.049854718148708344,0.02706329897046089,2.666609361767769e-05,0.0
85.53846153846155,5,3,3,1.0,1,False,0,False,1.439562439918518,1.4989702701568604,-0.059407830238342285,-1.5208948850631714,-2.536107063293457,1.0152121782302856,-0.9743674993515015,-0.9501498341560364,-0.02421766519546509,2.7909507751464844,-0.12891244888305664,2.919863224029541,0.04988441616296768,0.027065541595220566,2.5455374270677567e-05,0.0
85.61538461538461,5,3,3,1.0,1,False,0,False,1.439562439918518,1.4986834526062012,-0.059121012687683105,-1.5208948850631714,-2.5366756916046143,1.0157808065414429,-0.9743674993515015,-0.9504166841506958,-0.023950815200805664,2.7909507751464844,-0.12885671854019165,2.919807493686676,0.04991341382265091,0.027067814022302628,2.6635825634002686e-05,0.0
85.6923076923077,5,3,3,1.0,1,False,0,False,1.439562439918518,1.4984064102172852,-0.05884397029876709,-1.5208948850631714,-2.5372345447540283,1.016339659690857,-0.9743674993515015,-0.9506736397743225,-0.023693859577178955,2.7909507751464844,-0.12879431247711182,2.919745087623596,0.04994130879640579,0.027070101350545883,2.488028258085251e-05,0.0
85.76923076923077,5,3,3,1.0,1,False,0,False,1.439562439918518,1.4981390237808228,-0.05857658386230469,-1.5208948850631714,-2.537781000137329,1.0168861150741577,-0.9743674993515015,-0.9509198069572449,-0.023447692394256592,2.7909507751464844,-0.1287257969379425,2.919676572084427,0.0499684140086174,0.027072403579950333,2.884538844227791e-05,0.0
85.84615384615385,5,3,3,1.0,1,False,0,False,1.439562439918518,1.4978870153427124,-0.058324575424194336,-1.5208948850631714,-2.5383048057556152,1.0174099206924438,-0.9743674993515015,-0.9511510133743286,-0.023216485977172848,2.7909507751464844,-0.128652885556221,2.9196036607027054,0.049995057284832,0.027074698358774185,3.7229619920253754e-05,0.0
85.92307692307693,5,3,3,1.0,1,False,0,False,1.439562439918518,1.497645616531372,-0.058083176612854004,-1.5208948850631714,-2.5388147830963135,1.017919898033142,-0.9743674993515015,-0.9513717889785767,-0.022995710372924805,2.7909507751464844,-0.1285751909017563,2.9195259660482407,0.05002076178789139,0.02707698568701744,3.725988790392876e-05,0.0
86.0,5,3,3,1.0,1,False,0,False,1.439562439918518,1.497413158416748,-0.05785071849822998,-1.5208948850631714,-2.5393130779266357,1.0184181928634644,-0.9743674993515015,-0.9515833258628845,-0.022784173488616943,2.7909507751464844,-0.12849269807338715,2.9194434732198715,0.05004572123289108,0.027079258114099503,2.7422793209552765e-05,0.0
86.07692307692308,5,3,3,1.0,1,False,0,False,1.439562439918518,1.497189998626709,-0.05762755870819091,-1.5208948850631714,-2.5397989749908447,1.0189040899276733,-0.9743674993515015,-0.9517855644226074,-0.022581934928894043,2.7909507751464844,-0.12840597331523895,2.9193567484617233,0.050069816410541534,0.027081523090600967,2.1490268409252167e-05,0.0
86.15384615384616,5,3,3,1.0,1,False,0,False,1.439562439918518,1.4969764947891235,-0.05741405487060547,-1.5208948850631714,-2.5402703285217285,1.0193754434585571,-0.9743674993515015,-0.9519786238670349,-0.022388875484466553,2.7909507751464844,-0.12831565737724304,2.9192664325237274,0.05009324103593826,0.027083750814199448,1.955311745405197e-05,0.0
86.23076923076924,5,3,3,1.0,1,False,0,False,1.439562439918518,1.4967724084854126,-0.05720996856689453,-1.5208948850631714,-2.540728807449341,1.0198339223861694,-0.9743674993515015,-0.952162504196167,-0.022204995155334473,2.7909507751464844,-0.1282215565443039,2.9191723316907883,0.05011587589979172,0.02708594873547554,2.2761523723602295e-05,0.0
86.3076923076923,5,3,3,1.0,1,False,0,False,1.439562439918518,1.4965758323669434,-0.05701339244842529,-1.5208948850631714,-2.541177749633789,1.0202828645706177,-0.9743674993515015,-0.9523396492004395,-0.02202785015106201,2.7909507751464844,-0.12812373042106628,2.9190745055675507,0.050137706100940704,0.027088116854429245,2.7846544981002808e-05,0.0
86.38461538461539,5,3,3,1.0,1,False,0,False,1.439562439918518,1.4963880777359009,-0.05682563781738281,-1.5208948850631714,-2.541614532470703,1.0207196474075317,-0.9743674993515015,-0.9525083303451538,-0.021859169006347656,2.7909507751464844,-0.12802307307720184,2.918973848223686,0.05015883594751358,0.02709026262164116,2.548564225435257e-05,0.0
86.46153846153847,5,3,3,1.0,1,False,0,False,1.439562439918518,1.4962093830108643,-0.05664694309234619,-1.5208948850631714,-2.542038679122925,1.0211437940597534,-0.9743674993515015,-0.9526693820953369,-0.02169811725616455,2.7909507751464844,-0.12792007625102997,2.9188708513975143,0.050179384648799896,0.02709237113595009,3.117602318525314e-05,0.0
86.53846153846155,5,3,3,1.0,1,False,0,False,1.439562439918518,1.4960391521453857,-0.056476712226867676,-1.5208948850631714,-2.542449474334717,1.0215545892715454,-0.9743674993515015,-0.9528231024742126,-0.02154439687728882,2.7909507751464844,-0.1278150975704193,2.9187658727169037,0.050199322402477264,0.027094442397356033,2.5364570319652557e-05,0.0
86.61538461538461,5,3,3,1.0,1,False,0,False,1.439562439918518,1.4958765506744385,-0.05631411075592041,-1.5208948850631714,-2.5428504943847656,1.0219556093215942,-0.9743674993515015,-0.9529708623886108,-0.021396636962890625,2.7909507751464844,-0.12770776450634003,2.9186585396528244,0.05021878331899643,0.0270964615046978,2.7301721274852753e-05,0.0
86.6923076923077,5,3,3,1.0,1,False,0,False,1.439562439918518,1.4957237243652344,-0.05616128444671631,-1.5208948850631714,-2.54323410987854,1.0223392248153687,-0.9743674993515015,-0.9531097412109375,-0.021257758140563965,2.7909507751464844,-0.1276005208492279,2.9185512959957123,0.05023760348558426,0.027098435908555984,2.3366883397102356e-05,0.0
86.76923076923077,5,3,3,1.0,1,False,0,False,1.439562439918518,1.4955772161483765,-0.0560147762298584,-1.5208948850631714,-2.543609142303467,1.0227142572402954,-0.9743674993515015,-0.9532433152198792,-0.021124184131622314,2.7909507751464844,-0.12749068439006805,2.9184414595365524,0.050255827605724335,0.02710035815834999,1.5194527804851532e-05,0.0
86.84615384615385,5,3,3,1.0,1,False,0,False,1.439562439918518,1.4954378604888916,-0.055875420570373535,-1.5208948850631714,-2.543973922729492,1.0230790376663208,-0.9743674993515015,-0.9533712863922119,-0.02099621295928955,2.7909507751464844,-0.12737922370433807,2.9183299988508224,0.05027357488870621,0.027102243155241013,1.6405247151851654e-05,0.0
86.92307692307693,5,3,3,1.0,1,False,0,False,1.439562439918518,1.4953075647354126,-0.05574512481689453,-1.5208948850631714,-2.5443224906921387,1.0234276056289673,-0.9743674993515015,-0.9534915685653687,-0.020875930786132812,2.7909507751464844,-0.12726840376853943,2.918219178915024,0.050290487706661224,0.027104053646326065,2.0703300833702087e-05,0.0
87.0,5,3,3,1.0,1,False,0,False,1.439562439918518,1.4951820373535156,-0.055619597434997566,-1.5208948850631714,-2.5446667671203613,1.02377188205719,-0.9743674993515015,-0.953608512878418,-0.020758986473083496,2.7909507751464844,-0.1271548569202423,2.9181056320667267,0.05030699819326401,0.027105826884508133,2.0400620996952057e-05,0.0
87.07692307692308,5,3,3,1.0,1,False,0,False,1.439562439918518,1.495063304901123,-0.05550086498260498,-1.5208948850631714,-2.544999122619629,1.0241042375564575,-0.9743674993515015,-0.9537193179130554,-0.020648181438446045,2.7909507751464844,-0.12704090774059296,2.9179916828870773,0.05032277852296829,0.02710753306746483,2.3366883397102356e-05,0.0
87.15384615384616,5,3,3,1.0,1,False,0,False,1.439562439918518,1.494948387145996,-0.055385947227478034,-1.5208948850631714,-2.5453195571899414,1.02442467212677,-0.9743674993515015,-0.9538242220878601,-0.020543277263641357,2.7909507751464844,-0.12692591547966003,2.9178766906261444,0.0503380224108696,0.027109142392873764,2.7937348932027817e-05,0.0
87.23076923076924,5,3,3,1.0,1,False,0,False,1.439562439918518,1.494842290878296,-0.05527985095977783,-1.5208948850631714,-2.545628547668457,1.0247336626052856,-0.9743674993515015,-0.9539250135421753,-0.020442485809326172,2.7909507751464844,-0.12681365013122559,2.91776442527771,0.0503530278801918,0.027110766619443893,2.3548491299152374e-05,0.0
87.3076923076923,5,3,3,1.0,1,False,0,False,1.439562439918518,1.4947428703308105,-0.05518043041229248,-1.5208948850631714,-2.5459282398223877,1.0250333547592163,-0.9743674993515015,-0.9540214538574219,-0.02034604549407959,2.7909507751464844,-0.12670156359672546,2.91765233874321,0.050367571413517,0.027112308889627457,2.5364570319652557e-05,0.0
87.38461538461539,5,3,3,1.0,1,False,0,False,1.439562439918518,1.494649052619934,-0.05508661270141601,-1.5208948850631714,-2.546217679977417,1.0253227949142456,-0.9743674993515015,-0.9541135430335999,-0.02025395631790161,2.7909507751464844,-0.12658971548080444,2.917540490627289,0.050381697714328766,0.027113791555166245,1.9280705600976944e-05,0.0
87.46153846153847,5,3,3,1.0,1,False,0,False,1.439562439918518,1.4945597648620605,-0.05499732494354248,-1.5208948850631714,-2.5464982986450195,1.0256034135818481,-0.9743674993515015,-0.9542016386985779,-0.020165860652923584,2.7909507751464844,-0.1264784187078476,2.917429193854332,0.05039539188146591,0.027115222066640854,2.6151537895202637e-05,0.0
87.53846153846155,5,3,3,1.0,1,False,0,False,1.439562439918518,1.4944753646850586,-0.05491292476654053,-1.5208948850631714,-2.5467703342437744,1.025875449180603,-0.9743674993515015,-0.9542858600616455,-0.020081639289855957,2.7909507751464844,-0.12636792659759521,2.9173187017440796,0.0504087433218956,0.027116578072309494,2.687796950340271e-05,0.0
87.61538461538461,5,3,3,1.0,1,False,0,False,1.439562439918518,1.4943952560424805,-0.05483281612396241,-1.5208948850631714,-2.5470340251922607,1.0261391401290894,-0.9743674993515015,-0.9543665647506714,-0.020000934600830078,2.7909507751464844,-0.126257985830307,2.9172087609767914,0.05042163282632828,0.027117889374494553,1.6526319086551666e-05,0.0
87.6923076923077,5,3,3,1.0,1,False,0,False,1.439562439918518,1.4943199157714844,-0.05475747585296631,-1.5208948850631714,-2.547290086746216,1.0263952016830444,-0.9743674993515015,-0.9544442296028137,-0.019923269748687744,2.7909507751464844,-0.12614859640598297,2.9170993715524673,0.05043404549360275,0.027119148522615433,2.687796950340271e-05,0.0
87.76923076923077,5,3,3,1.0,1,False,0,False,1.439562439918518,1.4942491054534912,-0.054686665534973145,-1.5208948850631714,-2.5475380420684814,1.02664315700531,-0.9743674993515015,-0.9545189738273621,-0.019848525524139404,2.7909507751464844,-0.12603992223739624,2.9169906973838806,0.05044608563184738,0.027120370417833328,2.261018380522728e-05,0.0
87.84615384615385,5,3,3,1.0,1,False,0,False,1.439562439918518,1.494182825088501,-0.05462038516998291,-1.5208948850631714,-2.5477776527404785,1.0268827676773071,-0.9743674993515015,-0.9545905590057373,-0.01977694034576416,2.7909507751464844,-0.1259326934814453,2.9168834686279297,0.05045776814222336,0.027121562510728836,1.4528632164001465e-05,0.0
87.92307692307693,5,3,3,1.0,1,False,0,False,1.439562439918518,1.4941201210021973,-0.0545576810836792,-1.5208948850631714,-2.5480105876922607,1.0271157026290894,-0.9743674993515015,-0.9546592831611633,-0.019708216190338135,2.7909507751464844,-0.12582620978355408,2.9167769849300385,0.05046909302473068,0.02712269499897957,2.4819746613502502e-05,0.0
88.0,5,3,3,1.0,1,False,0,False,1.439562439918518,1.494060754776001,-0.05449831485748292,-1.5208948850631714,-2.5482373237609863,1.027342438697815,-0.9743674993515015,-0.954725980758667,-0.019641518592834473,2.7909507751464844,-0.12572000920772552,2.91667078435421,0.05048003047704697,0.027123790234327316,1.952284947037697e-05,0.0
88.07692307692308,5,3,3,1.0,1,False,0,False,1.439562439918518,1.4940048456192017,-0.0544424057006836,-1.5208948850631714,-2.548459768295288,1.0275648832321167,-0.9743674993515015,-0.9547907114028931,-0.019576787948608395,2.7909507751464844,-0.12561367452144623,2.9165644496679306,0.05049050599336624,0.02712484821677208,2.4426262825727463e-05,0.0
88.15384615384616,5,3,3,1.0,1,False,0,False,1.439562439918518,1.4939531087875366,-0.054390668869018555,-1.5208948850631714,-2.548672914505005,1.0277780294418335,-0.9743674993515015,-0.9548524022102356,-0.01951509714126587,2.7909507751464844,-0.12550929188728333,2.9164600670337677,0.05050063878297806,0.02712586149573326,2.3775501176714897e-05,0.0
88.23076923076924,5,3,3,1.0,1,False,0,False,1.439562439918518,1.493904948234558,-0.05434250831604004,-1.5208948850631714,-2.548877716064453,1.0279828310012817,-0.9743674993515015,-0.9549108743667603,-0.01945662498474121,2.7909507751464844,-0.1254068911075592,2.9163576662540436,0.05051053315401077,0.02712685987353325,1.846347004175186e-05,0.0
88.3076923076923,5,3,3,1.0,1,False,0,False,1.439562439918518,1.4938592910766602,-0.0542968511581421,-1.5208948850631714,-2.5490801334381104,1.028185248374939,-0.9743674993515015,-0.9549683928489685,-0.01939910650253296,2.7909507751464844,-0.12530335783958435,2.9162541329860687,0.05051998049020767,0.02712779864668846,2.1974556148052216e-05,0.0
88.38461538461539,5,3,3,1.0,1,False,0,False,1.439562439918518,1.4938170909881592,-0.054254651069641106,-1.5208948850631714,-2.5492732524871826,1.0283783674240112,-0.9743674993515015,-0.9550226926803589,-0.019344806671142578,2.7909507751464844,-0.12520286440849304,2.9161536395549774,0.05052915960550308,0.027128707617521286,1.4347024261951447e-05,0.0
88.46153846153847,5,3,3,1.0,1,False,0,False,1.439562439918518,1.4937773942947388,-0.0542149543762207,-1.5208948850631714,-2.549459457397461,1.0285645723342896,-0.9743674993515015,-0.9550744295120239,-0.01929306983947754,2.7909507751464844,-0.12510420382022858,2.916054978966713,0.050538115203380585,0.02712957188487053,1.1925585567951202e-05,0.0
88.53846153846155,5,3,3,1.0,1,False,0,False,1.439562439918518,1.4937403202056885,-0.05417788028717041,-1.5208948850631714,-2.549640655517578,1.0287457704544067,-0.9743674993515015,-0.955124020576477,-0.019243478775024414,2.7909507751464844,-0.12500697374343872,2.915957748889923,0.05054674297571182,0.027130406349897385,1.9613653421401978e-05,0.0
88.61538461538461,5,3,3,1.0,1,False,0,False,1.439562439918518,1.4937055110931396,-0.05414307117462158,-1.5208948850631714,-2.549816131591797,1.0289212465286255,-0.9743674993515015,-0.9551714658737183,-0.019196033477783203,2.7909507751464844,-0.1249110996723175,2.915861874818802,0.05055510252714157,0.02713118866086006,1.9492581486701965e-05,0.0
88.6923076923077,5,3,3,1.0,1,False,0,False,1.439562439918518,1.4936727285385132,-0.05411028861999512,-1.5208948850631714,-2.5499866008758545,1.029091715812683,-0.9743674993515015,-0.9552168846130371,-0.019150614738464352,2.7909507751464844,-0.12481662631034851,2.915767401456833,0.050563208758831024,0.027131956070661545,1.846347004175186e-05,0.0
88.76923076923077,5,3,3,1.0,1,False,0,False,1.439562439918518,1.4936420917510986,-0.054079651832580566,-1.5208948850631714,-2.5501511096954346,1.0292562246322632,-0.9743674993515015,-0.9552605748176575,-0.019106924533843994,2.7909507751464844,-0.12472368031740189,2.9156744554638863,0.0505710169672966,0.027132678776979446,1.6828998923301697e-05,0.0
88.84615384615385,5,3,3,1.0,1,False,0,False,1.439562439918518,1.4936134815216064,-0.05405104160308838,-1.5208948850631714,-2.5503106117248535,1.0294157266616821,-0.9743674993515015,-0.9553027153015137,-0.019064784049987793,2.7909507751464844,-0.12463223934173584,2.91558301448822,0.05057855695486069,0.027133356779813766,1.88418198376894e-05,0.0
88.92307692307693,5,3,3,1.0,1,False,0,False,1.439562439918518,1.4935873746871948,-0.05402493476867676,-1.5208948850631714,-2.5504651069641113,1.02957022190094,-0.9743674993515015,-0.9553435444831848,-0.01902395486831665,2.7909507751464844,-0.12454231083393097,2.9154930859804153,0.05058588832616806,0.027134012430906296,1.5255063772201538e-05,0.0
89.0,5,3,3,1.0,1,False,0,False,1.439562439918518,1.4935634136199951,-0.05400097370147705,-1.5208948850631714,-2.550614833831787,1.0297199487686157,-0.9743674993515015,-0.9553830623626709,-0.01898443698883057,2.7909507751464844,-0.1244538277387619,2.9154046028852463,0.05059298127889633,0.027134638279676437,1.964392140507698e-05,0.0
89.07692307692308,5,3,3,1.0,1,False,0,False,1.439562439918518,1.493539571762085,-0.053977131843566895,-1.5208948850631714,-2.550759792327881,1.0298649072647095,-0.9743674993515015,-0.9554209113121033,-0.018946588039398193,2.7909507751464844,-0.12436746805906296,2.9153182432055473,0.05059986561536789,0.027135226875543594,2.103624865412712e-05,0.0
89.15384615384616,5,3,3,1.0,1,False,0,False,1.439562439918518,1.4935187101364136,-0.0539562702178955,-1.5208948850631714,-2.550900459289551,1.0300055742263794,-0.9743674993515015,-0.9554574489593506,-0.01891005039215088,2.7909507751464844,-0.12428265810012817,2.9152334332466125,0.05060642212629318,0.02713577076792717,1.8281862139701843e-05,0.0
89.23076923076924,5,3,3,1.0,1,False,0,False,1.439562439918518,1.4934996366500854,-0.05393719673156738,-1.5208948850631714,-2.551034450531006,1.0301395654678345,-0.9743674993515015,-0.9554920196533203,-0.018875479698181152,2.7909507751464844,-0.12420181930065155,2.915152594447136,0.05061299353837967,0.02713630720973015,1.498265191912651e-05,0.0
89.3076923076923,5,3,3,1.0,1,False,0,False,1.439562439918518,1.4934812784194946,-0.05391883850097656,-1.5208948850631714,-2.5511631965637207,1.0302683115005493,-0.9743674993515015,-0.955525815486908,-0.018841683864593506,2.7909507751464844,-0.12412317842245102,2.9150739535689354,0.05061943084001541,0.027136806398630142,2.8815120458602905e-05,0.0
89.38461538461539,5,3,3,1.0,1,False,0,False,1.439562439918518,1.493465781211853,-0.05390334129333496,-1.5208948850631714,-2.5512871742248535,1.0303922891616821,-0.9743674993515015,-0.9555588364601135,-0.01880866289138794,2.7909507751464844,-0.1240464597940445,2.914997234940529,0.05062580853700638,0.02713727578520775,1.2803357094526291e-05,0.0
89.46153846153847,5,3,3,1.0,1,False,0,False,1.439562439918518,1.493451476097107,-0.053889036178588874,-1.5208948850631714,-2.5514070987701416,1.0305122137069702,-0.9743674993515015,-0.9555908441543579,-0.018776655197143555,2.7909507751464844,-0.12397129088640213,2.9149220660328865,0.05063197761774063,0.02713770791888237,1.7918646335601807e-05,0.0
89.53846153846155,5,3,3,1.0,1,False,0,False,1.439562439918518,1.4934372901916504,-0.053874850273132324,-1.5208948850631714,-2.5515246391296387,1.0306297540664673,-0.9743674993515015,-0.9556218981742859,-0.018745601177215576,2.7909507751464844,-0.12389739602804184,2.914848171174526,0.05063790827989578,0.02713809534907341,1.9613653421401978e-05,0.0
89.61538461538463,5,3,3,1.0,1,False,0,False,1.439562439918518,1.4934269189834595,-0.0538644790649414,-1.5208948850631714,-2.5516390800476074,1.030744194984436,-0.9743674993515015,-0.9556522965431213,-0.018715202808380127,2.7909507751464844,-0.12382467836141586,2.9147754535079002,0.05064358562231064,0.027138490229845047,2.6333145797252655e-05,0.0
89.6923076923077,5,3,3,1.0,1,False,0,False,1.439562439918518,1.4934173822402954,-0.053854942321777344,-1.5208948850631714,-2.5517513751983643,1.0308564901351929,-0.9743674993515015,-0.9556827545166016,-0.018684744834899902,2.7909507751464844,-0.12375205010175705,2.9147028252482414,0.05064908415079117,0.027138855308294296,2.9178336262702942e-05,0.0
89.76923076923077,5,3,3,1.0,1,False,0,False,1.439562439918518,1.4934078454971313,-0.05384540557861328,-1.5208948850631714,-2.5518641471862793,1.030969262123108,-0.9743674993515015,-0.9557135701179504,-0.018653929233551025,2.7909507751464844,-0.12367747724056244,2.914628252387047,0.050654105842113495,0.027139220386743546,2.0400620996952057e-05,0.0
89.84615384615385,5,3,3,1.0,1,False,0,False,1.439562439918518,1.4933990240097046,-0.05383658409118652,-1.5208948850631714,-2.551968812942505,1.0310739278793335,-0.9743674993515015,-0.9557417035102844,-0.01862579584121704,2.7909507751464844,-0.1236087903380394,2.9145595654845238,0.0506591722369194,0.027139555662870407,2.8542708605527878e-05,0.0
89.92307692307693,5,3,3,1.0,1,False,0,False,1.439562439918518,1.4933923482894897,-0.05382990837097168,-1.5208948850631714,-2.5520708560943604,1.031175971031189,-0.9743674993515015,-0.9557696580886841,-0.018597841262817383,2.7909507751464844,-0.12354011833667755,2.914490893483162,0.050664134323596954,0.027139898389577866,1.5239929780364037e-05,0.0
90.0,5,3,3,1.0,1,False,0,False,1.439562439918518,1.4933875799179077,-0.05382513999938965,-1.5208948850631714,-2.552175283432007,1.0312803983688354,-0.9743674993515015,-0.9557987451553345,-0.018568754196166992,2.7909507751464844,-0.12346842139959335,2.9144191965460777,0.05066873878240585,0.02714022621512413,1.4225952327251434e-05,0.0
90.07692307692308,5,3,3,1.0,1,False,0,False,1.439562439918518,1.4933820962905884,-0.05381965637207031,-1.5208948850631714,-2.552267074584961,1.0313721895217896,-0.9743674993515015,-0.955823540687561,-0.01854395866394043,2.7909507751464844,-0.12340652197599411,2.9143572971224785,0.050673507153987885,0.027140531688928604,1.598149538040161e-05,0.0
90.15384615384616,5,3,3,1.0,1,False,0,False,1.439562439918518,1.4933773279190063,-0.05381488800048829,-1.5208948850631714,-2.5523576736450195,1.0314627885818481,-0.9743674993515015,-0.9558486342430115,-0.01851886510848999,2.7909507751464844,-0.12334384769201279,2.914294622838497,0.050678156316280365,0.027140844613313675,2.091517671942711e-05,0.0
90.23076923076924,5,3,3,1.0,1,False,0,False,1.439562439918518,1.493372917175293,-0.0538104772567749,-1.5208948850631714,-2.5524485111236572,1.0315536260604858,-0.9743674993515015,-0.9558741450309753,-0.018493354320526123,2.7909507751464844,-0.12328008562326431,2.9142308607697487,0.05068246275186539,0.027141112834215164,2.8028152883052826e-05,0.0
90.3076923076923,5,3,3,1.0,1,False,0,False,1.439562439918518,1.4933710098266602,-0.05380856990814209,-1.5208948850631714,-2.552539587020874,1.0316447019577026,-0.9743674993515015,-0.9558992385864258,-0.018468260765075684,2.7909507751464844,-0.12321639806032181,2.914167173206806,0.05068659037351608,0.027141381055116653,1.5497207641601562e-05,0.0
90.38461538461539,5,3,3,1.0,1,False,0,False,1.439562439918518,1.493369221687317,-0.05380678176879883,-1.5208948850631714,-2.5526256561279297,1.0317307710647583,-0.9743674993515015,-0.9559229016304016,-0.018444597721099854,2.7909507751464844,-0.12315557897090912,2.9141063541173935,0.05069052428007126,0.027141612023115158,2.4032779037952423e-05,0.0
90.46153846153847,5,3,3,1.0,1,False,0,False,1.439562439918518,1.4933675527572632,-0.05380511283874512,-1.5208948850631714,-2.5527079105377197,1.0318130254745483,-0.9743674993515015,-0.9559457302093506,-0.01842176914215088,2.7909507751464844,-0.12309635430574417,2.9140471294522285,0.05069456249475479,0.027141857892274857,1.8100254237651825e-05,0.0
90.53846153846155,5,3,3,1.0,1,False,0,False,1.439562439918518,1.4933664798736572,-0.05380403995513916,-1.5208948850631714,-2.5527877807617188,1.0318928956985474,-0.9743674993515015,-0.9559676051139832,-0.018399894237518314,2.7909507751464844,-0.12303882092237473,2.913989596068859,0.050698332488536835,0.027142081409692764,8.898787200450897e-06,0.0
90.61538461538463,5,3,3,1.0,1,False,0,False,1.439562439918518,1.4933640956878662,-0.053801655769348145,-1.5208948850631714,-2.552858829498291,1.0319639444351196,-0.9743674993515015,-0.9559867978096008,-0.018380701541900635,2.7909507751464844,-0.1229889765381813,2.9139397516846657,0.05070237070322037,0.027142304927110672,2.0945444703102112e-05,0.0
90.6923076923077,5,3,3,1.0,1,False,0,False,1.439562439918518,1.4933631420135498,-0.05380070209503174,-1.5208948850631714,-2.552931547164917,1.0320366621017456,-0.9743674993515015,-0.9560068845748901,-0.018360614776611325,2.7909507751464844,-0.1229366585612297,2.913887433707714,0.05070625990629196,0.02714250609278679,1.2167729437351227e-05,0.0
90.76923076923077,5,3,3,1.0,1,False,0,False,1.439562439918518,1.4933620691299438,-0.05379962921142578,-1.5208948850631714,-2.553001880645752,1.0321069955825806,-0.9743674993515015,-0.9560263156890869,-0.01834118366241455,2.7909507751464844,-0.12288650870323181,2.913837283849716,0.05071001499891281,0.027142692357301712,1.7313286662101746e-05,0.0
90.84615384615385,5,3,3,1.0,1,False,0,False,1.439562439918518,1.493361473083496,-0.05379903316497803,-1.5208948850631714,-2.5530693531036377,1.0321744680404663,-0.9743674993515015,-0.9560450911521912,-0.018322408199310303,2.7909507751464844,-0.12283831834793091,2.9137890934944153,0.05071365088224411,0.02714286372065544,2.439599484205246e-05,0.0
90.92307692307693,5,3,3,1.0,1,False,0,False,1.439562439918518,1.493361473083496,-0.05379903316497803,-1.5208948850631714,-2.5531351566314697,1.0322402715682983,-0.9743674993515015,-0.9560632705688477,-0.01830422878265381,2.7909507751464844,-0.12279079854488373,2.913741573691368,0.05071704834699631,0.027143020182847977,1.1622905731201172e-05,0.0
91.0,5,3,3,1.0,1,False,0,False,1.439562439918518,1.4933632612228394,-0.05380082130432128,-1.5208948850631714,-2.553203821182251,1.0323089361190796,-0.9743674993515015,-0.9560824036598206,-0.018285095691680905,2.7909507751464844,-0.12273964285850525,2.9136904180049896,0.05072026699781418,0.027143169194459915,1.5436671674251556e-05,0.0
91.07692307692308,5,3,3,1.0,1,False,0,False,1.439562439918518,1.493364930152893,-0.053802490234375,-1.5208948850631714,-2.5532684326171875,1.0323735475540161,-0.9743674993515015,-0.9561008214950562,-0.018266677856445312,2.7909507751464844,-0.12269141525030136,2.9136421903967857,0.05072332173585892,0.027143333107233047,2.3760367184877396e-05,0.0
91.15384615384616,5,3,3,1.0,1,False,0,False,1.439562439918518,1.4933651685714722,-0.053802728652954095,-1.5208948850631714,-2.553328275680542,1.0324333906173706,-0.9743674993515015,-0.9561174511909485,-0.01825004816055298,2.7909507751464844,-0.12264801561832428,2.9135987907648087,0.050726599991321564,0.02714347466826439,1.5497207641601562e-05,0.0
91.23076923076924,5,3,3,1.0,1,False,0,False,1.439562439918518,1.4933658838272095,-0.053803443908691406,-1.5208948850631714,-2.5533876419067383,1.032492756843567,-0.9743674993515015,-0.956134021282196,-0.01823347806930542,2.7909507751464844,-0.12260469049215317,2.9135554656386375,0.050729669630527496,0.027143608778715134,2.6756897568702698e-05,0.0
91.3076923076923,5,3,3,1.0,1,False,0,False,1.439562439918518,1.493369221687317,-0.05380678176879883,-1.5208948850631714,-2.5534474849700928,1.0325525999069214,-0.9743674993515015,-0.9561513662338257,-0.01821613311767578,2.7909507751464844,-0.12255760282278061,2.913508377969265,0.05073247104883194,0.02714373543858528,1.803971827030182e-05,0.0
91.38461538461539,5,3,3,1.0,1,False,0,False,1.439562439918518,1.4933701753616333,-0.053807735443115234,-1.5208948850631714,-2.553501605987549,1.0326067209243774,-0.9743674993515015,-0.9561662077903748,-0.01820129156112671,2.7909507751464844,-0.12251781672239304,2.9134685918688774,0.05073530226945877,0.02714383974671364,1.0472722351551056e-05,0.0
91.46153846153847,5,3,3,1.0,1,False,0,False,1.439562439918518,1.493372917175293,-0.0538104772567749,-1.5208948850631714,-2.5535571575164795,1.032662272453308,-0.9743674993515015,-0.9561819434165955,-0.018185555934906006,2.7909507751464844,-0.12247572094202042,2.913426496088505,0.050738073885440826,0.02714395895600319,1.925043761730194e-05,0.0
91.53846153846155,5,3,3,1.0,1,False,0,False,1.439562439918518,1.4933743476867676,-0.05381190776824951,-1.5208948850631714,-2.553609848022461,1.0327149629592896,-0.9743674993515015,-0.9561967253684998,-0.01817077398300171,2.7909507751464844,-0.12243738770484924,2.9133881628513336,0.05074065178632736,0.02714407816529274,2.8421636670827866e-05,0.0
91.61538461538463,5,3,3,1.0,1,False,0,False,1.439562439918518,1.493377447128296,-0.05381500720977783,-1.5208948850631714,-2.553661823272705,1.0327669382095337,-0.9743674993515015,-0.9562121629714966,-0.018155336380004883,2.7909507751464844,-0.1223970279097557,2.91334780305624,0.05074327439069748,0.027144182473421097,2.1187588572502136e-05,0.0
91.6923076923077,5,3,3,1.0,1,False,0,False,1.439562439918518,1.4933823347091675,-0.053819894790649414,-1.5208948850631714,-2.5537145137786865,1.0328196287155151,-0.9743674993515015,-0.9562286734580994,-0.0181388258934021,2.7909507751464844,-0.12235388904809952,2.913304664194584,0.05074555426836014,0.02714429423213005,1.4074612408876419e-05,0.0
91.76923076923077,5,3,3,1.0,1,False,0,False,1.439562439918518,1.4933842420578003,-0.05382180213928222,-1.5208948850631714,-2.5537614822387695,1.0328665971755981,-0.9743674993515015,-0.9562419056892395,-0.018125593662261966,2.7909507751464844,-0.12232063710689545,2.91327141225338,0.05074814707040787,0.027144376188516617,1.4528632164001465e-05,0.0
91.84615384615385,5,3,3,1.0,1,False,0,False,1.439562439918518,1.4933891296386719,-0.05382668972015381,-1.5208948850631714,-2.553812265396118,1.0329173803329468,-0.9743674993515015,-0.9562588930130005,-0.018108606338500977,2.7909507751464844,-0.12227831035852432,2.9132290855050087,0.05075047165155411,0.02714446559548378,1.4195684343576431e-05,0.0
91.92307692307693,5,3,3,1.0,1,False,0,False,1.439562439918518,1.493391513824463,-0.053829073905944824,-1.5208948850631714,-2.553856611251831,1.0329617261886597,-0.9743674993515015,-0.9562724828720093,-0.01809501647949219,2.7909507751464844,-0.12224563211202621,2.9131964072585106,0.05075272172689438,0.02714454010128975,1.7979182302951813e-05,0.0
92.0,5,3,3,1.0,1,False,0,False,1.439562439918518,1.4933949708938599,-0.0538325309753418,-1.5208948850631714,-2.553900957107544,1.0330060720443726,-0.9743674993515015,-0.9562873244285583,-0.018080174922943112,2.7909507751464844,-0.12221051752567291,2.9131612926721573,0.05075506120920181,0.027144622057676315,2.012820914387703e-05,0.0
92.07692307692308,5,3,3,1.0,1,False,0,False,1.439562439918518,1.4933974742889404,-0.05383503437042236,-1.5208948850631714,-2.553943157196045,1.0330482721328735,-0.9743674993515015,-0.9563003778457642,-0.018067121505737305,2.7909507751464844,-0.1221788227558136,2.913129597902298,0.05075720697641373,0.027144674211740494,1.7979182302951813e-05,0.0
92.15384615384616,5,3,3,1.0,1,False,0,False,1.439562439918518,1.493401288986206,-0.05383884906768798,-1.5208948850631714,-2.5539848804473877,1.0330899953842163,-0.9743674993515015,-0.9563130140304565,-0.018054485321044922,2.7909507751464844,-0.12214633077383041,2.913097105920315,0.05075942724943161,0.02714471146464348,2.5319168344140053e-05,0.0
92.23076923076924,5,3,3,1.0,1,False,0,False,1.439562439918518,1.4934064149856567,-0.05384397506713867,-1.5208948850631714,-2.5540268421173096,1.0331319570541382,-0.9743674993515015,-0.9563266634941101,-0.018040835857391354,2.7909507751464844,-0.12211114168167114,2.9130619168281555,0.05076127499341965,0.02714475616812706,1.5315599739551544e-05,0.0
92.3076923076923,5,3,3,1.0,1,False,0,False,1.439562439918518,1.4934099912643433,-0.053847551345825195,-1.5208948850631714,-2.554065465927124,1.0331705808639526,-0.9743674993515015,-0.9563384056091309,-0.018029093742370605,2.7909507751464844,-0.12208221107721329,2.9130329862236977,0.05076345056295395,0.027144838124513626,1.6405247151851654e-05,0.0
92.38461538461539,5,3,3,1.0,1,False,0,False,1.439562439918518,1.4934139251708984,-0.05385148525238037,-1.5208948850631714,-2.5541038513183594,1.033208966255188,-0.9743674993515015,-0.9563512206077576,-0.018016278743743896,2.7909507751464844,-0.1220516636967659,2.9130024388432503,0.05076540261507034,0.027144912630319595,1.7706770449876785e-05,0.0
92.46153846153847,5,3,3,1.0,1,False,0,False,1.439562439918518,1.4934167861938477,-0.05385434627532958,-1.5208948850631714,-2.5541391372680664,1.033244252204895,-0.9743674993515015,-0.9563617706298828,-0.018005728721618652,2.7909507751464844,-0.12202563881874084,2.912976413965225,0.05076739937067032,0.027144957333803177,1.150183379650116e-05,0.0
92.53846153846155,5,3,3,1.0,1,False,0,False,1.439562439918518,1.4934216737747192,-0.05385923385620117,-1.5208948850631714,-2.5541751384735107,1.0332802534103394,-0.9743674993515015,-0.9563739895820618,-0.017993509769439697,2.7909507751464844,-0.12199559807777405,2.9129463732242584,0.05076923221349716,0.027145016938447952,1.667765900492668e-05,0.0
92.61538461538463,5,3,3,1.0,1,False,0,False,1.439562439918518,1.493427038192749,-0.05386459827423096,-1.5208948850631714,-2.554211139678955,1.0333162546157837,-0.9743674993515015,-0.9563865065574646,-0.017980992794036865,2.7909507751464844,-0.12196463346481323,2.9129154086112976,0.05077090114355087,0.027145054191350937,3.6548590287566185e-05,0.0
92.6923076923077,5,3,3,1.0,1,False,0,False,1.439562439918518,1.4934293031692505,-0.05386686325073242,-1.5208948850631714,-2.554243803024292,1.0333489179611206,-0.9743674993515015,-0.9563955664634705,-0.017971932888031006,2.7909507751464844,-0.12194136530160904,2.9128921404480934,0.05077271908521652,0.027145083993673325,1.2228265404701233e-05,0.0
92.76923076923077,5,3,3,1.0,1,False,0,False,1.439562439918518,1.4934344291687012,-0.053871989250183105,-1.5208948850631714,-2.5542774200439453,1.033382534980774,-0.9743674993515015,-0.9564071893692017,-0.017960309982299805,2.7909507751464844,-0.12191185355186462,2.912862628698349,0.05077429860830307,0.027145113795995712,1.1683441698551178e-05,0.0
92.84615384615385,5,3,3,1.0,1,False,0,False,1.439562439918518,1.4934381246566772,-0.05387568473815918,-1.5208948850631714,-2.5543088912963867,1.0334140062332153,-0.9743674993515015,-0.9564168453216553,-0.01795065402984619,2.7909507751464844,-0.12188686430454254,2.912837639451027,0.050775907933712006,0.0271451435983181,1.9886065274477005e-05,0.0
92.92307692307693,5,3,3,1.0,1,False,0,False,1.439562439918518,1.4934413433074951,-0.05387890338897705,-1.5208948850631714,-2.5543384552001953,1.033443570137024,-0.9743674993515015,-0.9564259052276611,-0.017941594123840336,2.7909507751464844,-0.12186463177204132,2.9128154069185257,0.05077754706144333,0.027145180851221085,2.2988533601164818e-05,0.0
93.0,5,3,3,1.0,1,False,0,False,1.439562439918518,1.4934461116790771,-0.05388367176055908,-1.5208948850631714,-2.5543673038482666,1.0334724187850952,-0.9743674993515015,-0.9564375877380371,-0.017929911613464355,2.7909507751464844,-0.12183836847543716,2.9127891436219215,0.050779081881046295,0.027145225554704666,1.0987278074026108e-05,0.0
93.07692307692308,5,3,3,1.0,1,False,0,False,1.439562439918518,1.493449091911316,-0.05388665199279785,-1.5208948850631714,-2.554395914077759,1.0335010290145874,-0.9743674993515015,-0.956447422504425,-0.017920076847076416,2.7909507751464844,-0.12181631475687027,2.9127670899033546,0.05078040808439255,0.027145247906446457,1.2137461453676224e-05,0.0
93.15384615384616,5,3,3,1.0,1,False,0,False,1.439562439918518,1.4934548139572144,-0.05389237403869629,-1.5208948850631714,-2.554424524307251,1.0335296392440796,-0.9743674993515015,-0.9564597606658936,-0.01790773868560791,2.7909507751464844,-0.12178743630647659,2.912738211452961,0.050781555473804474,0.027145270258188248,2.2337771952152252e-05,0.0
93.23076923076924,5,3,3,1.0,1,False,0,False,1.439562439918518,1.4934570789337158,-0.053894639015197754,-1.5208948850631714,-2.554453134536743,1.0335582494735718,-0.9743674993515015,-0.9564675092697144,-0.01789999008178711,2.7909507751464844,-0.12177065759897232,2.9127214327454567,0.05078313499689102,0.02714528515934944,2.3245811462402344e-05,0.0
93.3076923076923,5,3,3,1.0,1,False,0,False,1.439562439918518,1.4934608936309814,-0.05389845371246338,-1.5208948850631714,-2.5544817447662354,1.033586859703064,-0.9743674993515015,-0.9564775228500366,-0.017889976501464844,2.7909507751464844,-0.12174899131059647,2.912699766457081,0.0507846400141716,0.027145322412252426,2.7120113372802734e-05,0.0
93.38461538461539,5,3,3,1.0,1,False,0,False,1.439562439918518,1.4934654235839844,-0.0539029836654663,-1.5208948850631714,-2.5545103549957275,1.0336154699325562,-0.9743674993515015,-0.9564887285232544,-0.01787877082824707,2.7909507751464844,-0.12172414362430573,2.91267491877079,0.050785817205905914,0.02714533731341362,1.7827842384576797e-05,0.0
93.46153846153847,5,3,3,1.0,1,False,0,False,1.439562439918518,1.493468165397644,-0.05390572547912598,-1.5208948850631714,-2.5545380115509033,1.033643126487732,-0.9743674993515015,-0.9564964771270752,-0.01787102222442627,2.7909507751464844,-0.1217065304517746,2.912657305598259,0.0507870689034462,0.02714535966515541,1.8221326172351837e-05,0.0
93.53846153846155,5,3,3,1.0,1,False,0,False,1.439562439918518,1.493472933769226,-0.05391049385070801,-1.5208948850631714,-2.5545616149902344,1.033666729927063,-0.9743674993515015,-0.9565068483352661,-0.01786065101623535,2.7909507751464844,-0.12168258428573608,2.9126333594322205,0.05078820139169693,0.0271453820168972,1.1259689927101135e-05,0.0
93.61538461538463,5,3,3,1.0,1,False,0,False,1.439562439918518,1.4934755563735962,-0.053913116455078125,-1.5208948850631714,-2.5545859336853027,1.0336910486221313,-0.9743674993515015,-0.9565137624740601,-0.017853736877441403,2.7909507751464844,-0.12166561931371689,2.9126163944602013,0.05078940838575363,0.0271453894674778,1.498265191912651e-05,0.0
93.6923076923077,5,3,3,1.0,1,False,0,False,1.439562439918518,1.493478775024414,-0.053916335105895996,-1.5208948850631714,-2.55460786819458,1.0337129831314087,-0.9743674993515015,-0.9565215706825256,-0.01784592866897583,2.7909507751464844,-0.12164796888828278,2.912598744034767,0.05079064518213272,0.02714541181921959,1.3560056686401367e-05,0.0
93.76923076923077,5,3,3,1.0,1,False,0,False,1.439562439918518,1.4934839010238647,-0.05392146110534668,-1.5208948850631714,-2.5546274185180664,1.033732533454895,-0.9743674993515015,-0.9565314650535583,-0.017836034297943115,2.7909507751464844,-0.12162572145462036,2.9125764966011047,0.05079164355993271,0.02714543417096138,1.2530945241451263e-05,0.0
93.84615384615385,5,3,3,1.0,1,False,0,False,1.439562439918518,1.4934892654418945,-0.053926825523376465,-1.5208948850631714,-2.5546464920043945,1.0337516069412231,-0.9743674993515015,-0.9565428495407104,-0.01782464981079102,2.7909507751464844,-0.12160123139619827,2.9125520065426826,0.05079276114702225,0.02714545652270317,1.3257376849651337e-05,0.0
93.92307692307693,5,3,3,1.0,1,False,0,False,1.439562439918518,1.4934916496276855,-0.05392920970916748,-1.5208948850631714,-2.5546674728393555,1.033772587776184,-0.9743674993515015,-0.9565497636795044,-0.01781773567199707,2.7909507751464844,-0.12158673256635666,2.912537507712841,0.05079393833875656,0.027145471423864365,1.1880183592438698e-05,0.0
94.0,5,3,3,1.0,1,False,0,False,1.439562439918518,1.4934947490692139,-0.0539323091506958,-1.5208948850631714,-2.5546865463256836,1.0337916612625122,-0.9743674993515015,-0.9565591216087341,-0.017808377742767334,2.7909507751464844,-0.12156785279512405,2.9125186279416084,0.050795070827007294,0.027145493775606155,1.1199153959751129e-05,0.0
94.07692307692308,5,3,3,1.0,1,False,0,False,1.439562439918518,1.4934959411621094,-0.0539335012435913,-1.5208948850631714,-2.5547077655792236,1.0338128805160522,-0.9743674993515015,-0.9565644264221191,-0.017803072929382324,2.7909507751464844,-0.12155716866254807,2.9125079438090324,0.050796277821063995,0.02714550867676735,1.6798730939626694e-05,0.0
94.15384615384616,5,3,3,1.0,1,False,0,False,1.439562439918518,1.4934979677200317,-0.05393552780151367,-1.5208948850631714,-2.554727077484131,1.0338321924209595,-0.9743674993515015,-0.956570029258728,-0.017797470092773438,2.7909507751464844,-0.12154638022184372,2.912497155368328,0.05079749971628189,0.027145523577928543,1.2288801372051239e-05,0.0
94.23076923076924,5,3,3,1.0,1,False,0,False,1.439562439918518,1.49350106716156,-0.05393862724304199,-1.5208948850631714,-2.554746150970459,1.0338512659072876,-0.9743674993515015,-0.9565776586532593,-0.017789840698242188,2.7909507751464844,-0.12153039127588272,2.912481166422367,0.050798557698726654,0.027145538479089737,1.8221326172351837e-05,0.0
94.3076923076923,5,3,3,1.0,1,False,0,False,1.439562439918518,1.4935029745101929,-0.053940534591674805,-1.5208948850631714,-2.5547661781311035,1.0338712930679321,-0.9743674993515015,-0.9565824270248413,-0.017785072326660156,2.7909507751464844,-0.12151879072189331,2.9124695658683777,0.05079946666955948,0.027145545929670334,2.648448571562767e-05,0.0
94.38461538461539,5,3,3,1.0,1,False,0,False,1.439562439918518,1.4935065507888794,-0.053944110870361335,-1.5208948850631714,-2.5547852516174316,1.0338903665542603,-0.9743674993515015,-0.9565900564193726,-0.017777442932128906,2.7909507751464844,-0.12150076031684875,2.912451535463333,0.05080019682645798,0.02714555338025093,2.3775501176714897e-05,0.0
94.46153846153847,5,3,3,1.0,1,False,0,False,1.439562439918518,1.493509292602539,-0.053946852684020996,-1.5208948850631714,-2.5548036098480225,1.033908724784851,-0.9743674993515015,-0.9565959572792053,-0.017771542072296143,2.7909507751464844,-0.1214853972196579,2.9124361723661423,0.050800926983356476,0.027145545929670334,1.1380761861801147e-05,0.0
94.53846153846155,5,3,3,1.0,1,False,0,False,1.439562439918518,1.4935111999511719,-0.05394876003265381,-1.5208948850631714,-2.5548229217529297,1.0339280366897583,-0.9743674993515015,-0.9565998315811157,-0.017767667770385742,2.7909507751464844,-0.12147528678178787,2.9124260619282722,0.05080176144838333,0.027145560830831528,2.1066516637802124e-05,0.0
94.61538461538463,5,3,3,1.0,1,False,0,False,1.439562439918518,1.493514060974121,-0.05395162105560303,-1.5208948850631714,-2.5548393726348877,1.0339444875717163,-0.9743674993515015,-0.9566060900688171,-0.017761409282684326,2.7909507751464844,-0.1214609369635582,2.9124117121100426,0.05080264061689377,0.02714557573199272,1.2409873306751251e-05,0.0
94.6923076923077,5,3,3,1.0,1,False,0,False,1.439562439918518,1.4935156106948853,-0.05395317077636719,-1.5208948850631714,-2.554856777191162,1.0339618921279907,-0.9743674993515015,-0.9566099047660828,-0.0177575945854187,2.7909507751464844,-0.12145116925239563,2.91240194439888,0.0508035346865654,0.027145568281412125,1.3438984751701355e-05,0.0
94.76923076923077,5,3,3,1.0,1,False,0,False,1.439562439918518,1.4935184717178345,-0.05395603179931641,-1.5208948850631714,-2.5548717975616455,1.0339769124984741,-0.9743674993515015,-0.9566168189048767,-0.017750680446624756,2.7909507751464844,-0.12143512815237045,2.912385903298855,0.050804175436496735,0.027145560830831528,1.4407560229301453e-05,0.0
94.84615384615385,5,3,3,1.0,1,False,0,False,1.439562439918518,1.493520736694336,-0.05395829677581787,-1.5208948850631714,-2.554886817932129,1.0339919328689575,-0.9743674993515015,-0.9566221237182617,-0.01774537563323975,2.7909507751464844,-0.12142162770032883,2.912372402846813,0.050804801285266876,0.027145560830831528,1.1380761861801147e-05,0.0
94.92307692307693,5,3,3,1.0,1,False,0,False,1.439562439918518,1.4935222864151,-0.05395984649658203,-1.5208948850631714,-2.554903507232666,1.0340086221694946,-0.9743674993515015,-0.9566255807876587,-0.017741918563842773,2.7909507751464844,-0.12141339480876923,2.9123641699552536,0.05080556124448776,0.027145560830831528,1.1622905731201172e-05,0.0
95.0,5,3,3,1.0,1,False,0,False,1.439562439918518,1.4935252666473389,-0.053962826728820794,-1.5208948850631714,-2.554917335510254,1.0340224504470825,-0.9743674993515015,-0.9566319584846497,-0.017735540866851807,2.7909507751464844,-0.12140016257762909,2.9123509377241135,0.050806351006031036,0.02714557573199272,1.3166572898626328e-05,0.0
95.07692307692308,5,3,3,1.0,1,False,0,False,1.439562439918518,1.4935274124145508,-0.053964972496032715,-1.5208948850631714,-2.554932117462158,1.0340372323989868,-0.9743674993515015,-0.9566364288330078,-0.017731070518493652,2.7909507751464844,-0.12139063328504562,2.91234140843153,0.05080703645944595,0.02714557573199272,1.359032467007637e-05,0.0
95.15384615384616,5,3,3,1.0,1,False,0,False,1.439562439918518,1.4935294389724731,-0.05396699905395508,-1.5208948850631714,-2.5549471378326416,1.0340522527694702,-0.9743674993515015,-0.9566407799720764,-0.01772671937942505,2.7909507751464844,-0.1213827133178711,2.9123334884643555,0.05080779641866684,0.027145590633153915,1.2046657502651215e-05,0.0
95.23076923076924,5,3,3,1.0,1,False,0,False,1.439562439918518,1.4935325384140015,-0.0539700984954834,-1.5208948850631714,-2.5549585819244385,1.034063696861267,-0.9743674993515015,-0.9566498398780823,-0.01771765947341919,2.7909507751464844,-0.12136561423540115,2.9123163893818855,0.050808362662792206,0.02714560553431511,8.520437404513359e-06,0.0
95.3076923076923,5,3,3,1.0,1,False,0,False,1.439562439918518,1.4935349225997925,-0.053972482681274414,-1.5208948850631714,-2.554971218109131,1.0340763330459595,-0.9743674993515015,-0.9566563367843628,-0.017711162567138672,2.7909507751464844,-0.12135309725999832,2.9123038724064827,0.05080891400575638,0.027145612984895706,1.0987278074026108e-05,0.0
95.38461538461539,5,3,3,1.0,1,False,0,False,1.439562439918518,1.493537425994873,-0.05397498607635498,-1.5208948850631714,-2.5549819469451904,1.034087061882019,-0.9743674993515015,-0.9566634893417358,-0.01770401000976562,2.7909507751464844,-0.12133985012769699,2.9122906252741814,0.05080953985452652,0.027145620435476303,2.0763836801052094e-05,0.0
95.46153846153847,5,3,3,1.0,1,False,0,False,1.439562439918518,1.4935396909713745,-0.053977251052856445,-1.5208948850631714,-2.554992914199829,1.0340980291366577,-0.9743674993515015,-0.9566696286201477,-0.01769787073135376,2.7909507751464844,-0.12132907658815384,2.912279851734638,0.05081015080213547,0.027145635336637497,1.1380761861801147e-05,0.0
95.53846153846155,5,3,3,1.0,1,False,0,False,1.439562439918518,1.4935411214828491,-0.053978681564331055,-1.5208948850631714,-2.5550057888031006,1.0341109037399292,-0.9743674993515015,-0.9566733241081238,-0.017694175243377686,2.7909507751464844,-0.12132353335618973,2.912274308502674,0.05081082135438919,0.027145635336637497,1.4589168131351471e-05,0.0
95.61538461538463,5,3,3,1.0,1,False,0,False,1.439562439918518,1.4935424327850342,-0.05397999286651611,-1.5208948850631714,-2.555018663406372,1.0341237783432007,-0.9743674993515015,-0.9566764831542969,-0.01769101619720459,2.7909507751464844,-0.12131895124912262,2.912269726395607,0.05081156641244888,0.027145657688379288,1.28941610455513e-05,0.0
95.6923076923077,5,3,3,1.0,1,False,0,False,1.439562439918518,1.4935448169708252,-0.05398237705230713,-1.5208948850631714,-2.5550291538238525,1.0341342687606812,-0.9743674993515015,-0.9566823840141296,-0.017685115337371826,2.7909507751464844,-0.1213083490729332,2.9122591242194176,0.05081217736005783,0.027145665138959885,8.475035429000854e-06,0.0
95.76923076923077,5,3,3,1.0,1,False,0,False,1.439562439918518,1.4935458898544312,-0.053983449935913086,-1.5208948850631714,-2.555042028427124,1.0341471433639526,-0.9743674993515015,-0.9566846489906311,-0.01768285036087036,2.7909507751464844,-0.12130410969257355,2.912254884839058,0.050812698900699615,0.02714567258954048,1.667765900492668e-05,0.0
95.84615384615385,5,3,3,1.0,1,False,0,False,1.439562439918518,1.4935481548309326,-0.05398571491241455,-1.5208948850631714,-2.5550525188446045,1.034157633781433,-0.9743674993515015,-0.9566892385482788,-0.017678260803222656,2.7909507751464844,-0.12129538506269455,2.912246160209179,0.05081329494714737,0.027145687490701675,2.1974556148052216e-05,0.0
95.92307692307693,5,3,3,1.0,1,False,0,False,1.439562439918518,1.4935499429702759,-0.05398750305175781,-1.5208948850631714,-2.555063009262085,1.0341681241989136,-0.9743674993515015,-0.9566931128501892,-0.017674386501312256,2.7909507751464844,-0.1212875247001648,2.912238299846649,0.05081380158662796,0.027145694941282272,1.6783596947789192e-05,0.0
96.0,5,3,3,1.0,1,False,0,False,1.439562439918518,1.493551254272461,-0.05398881435394287,-1.5208948850631714,-2.555074453353882,1.0341795682907104,-0.9743674993515015,-0.9566953182220459,-0.017672181129455566,2.7909507751464844,-0.12128376215696335,2.9122345373034477,0.050814397633075714,0.02714570239186287,1.0593794286251068e-05,0.0
96.07692307692308,5,0,3,1.0,1,False,0,False,1.439562439918518,1.4935531616210938,-0.053990721702575684,-1.5208948850631714,-2.555084228515625,1.0341893434524536,-0.9743674993515015,-0.956699788570404,-0.017667710781097412,2.7909507751464844,-0.12127555161714554,2.91222632676363,0.05081488937139511,0.02714572474360466,1.2349337339401245e-05,0.0
96.15384615384616,5,0,3,1.0,1,False,0,False,1.439562439918518,1.4935542345046997,-0.05399179458618165,-1.5208948850631714,-2.5550944805145264,1.034199595451355,-0.9743674993515015,-0.9567022323608398,-0.01766526699066162,2.7909507751464844,-0.12127069383859634,2.9122214689850807,0.05081547051668167,0.02714572474360466,1.4331890270113945e-05,0.0
96.23076923076924,5,0,3,1.0,1,False,0,False,1.439562439918518,1.4935555458068848,-0.0539931058883667,-1.5208948850631714,-2.555105447769165,1.0342105627059937,-0.9743674993515015,-0.9567043781280518,-0.017663121223449707,2.7909507751464844,-0.12126690149307251,2.912217676639557,0.0508158877491951,0.027145717293024063,1.4165416359901428e-05,0.0
96.3076923076923,5,0,3,1.0,1,False,0,False,1.439562439918518,1.493557095527649,-0.05399465560913085,-1.5208948850631714,-2.555114984512329,1.0342200994491577,-0.9743674993515015,-0.9567081928253174,-0.017659306526184082,2.7909507751464844,-0.12125800549983978,2.912208780646324,0.0508163645863533,0.027145717293024063,1.0835938155651093e-05,0.0
96.38461538461539,5,0,3,1.0,1,False,0,False,1.439562439918518,1.493558645248413,-0.05399620532989502,-1.5208948850631714,-2.5551249980926514,1.03423011302948,-0.9743674993515015,-0.9567114114761353,-0.01765608787536621,2.7909507751464844,-0.1212504506111145,2.912201225757599,0.050816647708415985,0.02714570239186287,1.1743977665901184e-05,0.0
96.46153846153847,5,0,3,1.0,1,False,0,False,1.439562439918518,1.4935598373413086,-0.05399739742279053,-1.5208948850631714,-2.5551342964172363,1.034239411354065,-0.9743674993515015,-0.9567139744758606,-0.01765352487564087,2.7909507751464844,-0.12124571204185486,2.9121964871883392,0.05081713944673538,0.02714570239186287,2.2352905943989754e-05,0.0
96.53846153846155,5,0,3,1.0,1,False,0,False,1.439562439918518,1.4935609102249146,-0.05399847030639649,-1.5208948850631714,-2.5551421642303467,1.0342472791671753,-0.9743674993515015,-0.9567175507545471,-0.017649948596954346,2.7909507751464844,-0.1212390661239624,2.9121898412704468,0.050817571580410004,0.02714570239186287,1.180451363325119e-05,0.0
96.61538461538463,5,0,3,1.0,1,False,0,False,1.439562439918518,1.4935623407363892,-0.053999900817871094,-1.5208948850631714,-2.555150032043457,1.0342551469802856,-0.9743674993515015,-0.9567205309867859,-0.017646968364715576,2.7909507751464844,-0.12123329937458038,2.9121840745210648,0.050818003714084625,0.02714570239186287,1.2016389518976212e-05,0.0
96.6923076923077,5,0,3,1.0,1,False,0,False,1.439562439918518,1.4935640096664429,-0.054001569747924805,-1.5208948850631714,-2.555156946182251,1.0342620611190796,-0.9743674993515015,-0.9567252993583679,-0.017642199993133545,2.7909507751464844,-0.12122386693954468,2.912174642086029,0.05081833153963089,0.027145709842443466,7.082708179950714e-06,0.0
96.76923076923077,5,0,3,1.0,1,False,0,False,1.439562439918518,1.4935647249221802,-0.05400228500366211,-1.5208948850631714,-2.5551648139953613,1.03426992893219,-0.9743674993515015,-0.9567281603813171,-0.01763933897018433,2.7909507751464844,-0.12121811509132385,2.9121688902378082,0.05081864446401596,0.02714570239186287,1.1865049600601196e-05,0.0
96.84615384615385,5,0,3,1.0,1,False,0,False,1.439562439918518,1.4935652017593384,-0.05400276184082031,-1.5208948850631714,-2.5551726818084717,1.0342777967453003,-0.9743674993515015,-0.956730306148529,-0.017637193202972412,2.7909507751464844,-0.12121489644050598,2.9121656715869904,0.050819046795368195,0.027145717293024063,1.537613570690155e-05,0.0
96.92307692307693,5,0,3,1.0,1,False,0,False,1.439562439918518,1.4935661554336548,-0.05400371551513672,-1.5208948850631714,-2.5551793575286865,1.0342844724655151,-0.9743674993515015,-0.9567338824272156,-0.01763361692428589,2.7909507751464844,-0.12120959162712097,2.9121603667736053,0.050819478929042816,0.027145717293024063,1.2349337339401245e-05,0.0
97.0,5,0,3,1.0,1,False,0,False,1.439562439918518,1.4935673475265503,-0.054004907608032234,-1.5208948850631714,-2.5551867485046387,1.0342918634414673,-0.9743674993515015,-0.9567365646362305,-0.017630934715270996,2.7909507751464844,-0.12120497971773148,2.912155754864216,0.05081983655691147,0.027145717293024063,9.32253897190094e-06,0.0
97.07692307692308,5,0,3,1.0,1,False,0,False,1.439562439918518,1.493568778038025,-0.054006338119506836,-1.5208948850631714,-2.5551915168762207,1.0342966318130493,-0.9743674993515015,-0.9567417502403259,-0.017625749111175537,2.7909507751464844,-0.12119509279727936,2.9121458679437637,0.05082014948129654,0.027145717293024063,8.475035429000854e-06,0.0
97.15384615384616,5,0,3,1.0,1,False,0,False,1.439562439918518,1.493569254875183,-0.05400681495666503,-1.5208948850631714,-2.5551981925964355,1.0343033075332642,-0.9743674993515015,-0.956744372844696,-0.01762312650680542,2.7909507751464844,-0.12119053304195404,2.9121413081884384,0.05082043260335922,0.027145717293024063,1.2137461453676224e-05,0.0
97.23076923076924,5,0,3,1.0,1,False,0,False,1.439562439918518,1.4935696125030518,-0.05400717258453369,-1.5208948850631714,-2.5552055835723877,1.0343106985092163,-0.9743674993515015,-0.9567460417747498,-0.01762145757675171,2.7909507751464844,-0.12118834257125854,2.912139117717743,0.05082082003355026,0.027145732194185257,2.142973244190216e-05,0.0
97.3076923076923,5,0,3,1.0,1,False,0,False,1.439562439918518,1.493570327758789,-0.054007887840270996,-1.5208948850631714,-2.555210590362549,1.0343157052993774,-0.9743674993515015,-0.9567503929138184,-0.017617106437683105,2.7909507751464844,-0.12118074297904968,2.912131518125534,0.05082116276025772,0.027145732194185257,1.6798730939626694e-05,0.0
97.38461538461539,5,0,3,1.0,1,False,0,False,1.439562439918518,1.493570327758789,-0.054007887840270996,-1.5208948850631714,-2.555217981338501,1.0343230962753296,-0.9743674993515015,-0.9567515850067139,-0.0176159143447876,2.7909507751464844,-0.12118007242679596,2.9121308475732803,0.050821490585803986,0.027145739644765854,2.1581072360277176e-05,0.0
97.46153846153847,5,0,3,1.0,1,False,0,False,1.439562439918518,1.4935709238052368,-0.05400848388671875,-1.5208948850631714,-2.5552234649658203,1.034328579902649,-0.9743674993515015,-0.9567551612854004,-0.017612338066101074,2.7909507751464844,-0.12117462605237961,2.912125401198864,0.05082184821367264,0.02714574709534645,1.0457588359713554e-05,0.0
97.53846153846155,5,0,3,1.0,1,False,0,False,1.439562439918518,1.493571162223816,-0.05400872230529785,-1.5208948850631714,-2.5552308559417725,1.034335970878601,-0.9743674993515015,-0.9567565321922302,-0.01761096715927124,2.7909507751464844,-0.12117381393909454,2.912124589085579,0.050822190940380096,0.027145754545927048,8.777715265750885e-06,0.0
97.61538461538463,5,0,3,1.0,1,False,0,False,1.439562439918518,1.4935716390609741,-0.054009199142456055,-1.5208948850631714,-2.55523681640625,1.0343419313430786,-0.9743674993515015,-0.9567592144012451,-0.017608284950256348,2.7909507751464844,-0.12116958945989609,2.9121203646063805,0.05082239955663681,0.027145754545927048,7.64266587793827e-06,0.0
97.6923076923077,5,0,3,1.0,1,False,0,False,1.439562439918518,1.4935722351074219,-0.05400979518890381,-1.5208948850631714,-2.5552444458007812,1.0343495607376099,-0.9743674993515015,-0.9567602872848511,-0.01760721206665039,2.7909507751464844,-0.12116861343383789,2.9121193885803223,0.05082274228334427,0.027145761996507645,1.0835938155651093e-05,0.0
97.76923076923077,5,0,3,1.0,1,False,0,False,1.439562439918518,1.4935734272003174,-0.054010987281799316,-1.5208948850631714,-2.5552492141723633,1.034354329109192,-0.9743674993515015,-0.9567633867263794,-0.01760411262512207,2.7909507751464844,-0.12116112560033798,2.9121119007468224,0.0508229061961174,0.02714574709534645,9.171199053525925e-06,0.0
97.84615384615385,5,0,3,1.0,1,False,0,False,1.439562439918518,1.4935736656188965,-0.05401122570037841,-1.5208948850631714,-2.5552561283111572,1.0343612432479858,-0.9743674993515015,-0.9567638039588928,-0.017603695392608643,2.7909507751464844,-0.1211596131324768,2.912110388278961,0.050823114812374115,0.027145754545927048,1.2833625078201294e-05,0.0
97.92307692307693,5,0,3,1.0,1,False,0,False,1.439562439918518,1.4935742616653442,-0.054011821746826165,-1.5208948850631714,-2.555260181427002,1.0343652963638306,-0.9743674993515015,-0.9567669034004211,-0.017600595951080322,2.7909507751464844,-0.12115410715341568,2.9121048822999,0.050823383033275604,0.02714576944708824,1.368112862110138e-05,0.0
98.0,5,0,3,1.0,1,False,0,False,1.439562439918518,1.4935747385025024,-0.054012298583984375,-1.5208948850631714,-2.555264949798584,1.0343700647354126,-0.9743674993515015,-0.9567694664001465,-0.01759803295135498,2.7909507751464844,-0.1211497038602829,2.9121004790067673,0.050823621451854706,0.027145761996507645,1.0593794286251068e-05,0.0
98.07692307692308,1,4,4,0.03205128386616707,1,False,0,False,1.439562439918518,1.4936113357543945,-0.054048895835876465,-1.5208948850631714,-2.555530548095703,1.0346356630325317,-0.9743674993515015,-0.9560790061950684,-0.018288493156433102,2.7909507751464844,-0.12124983221292496,2.9122006073594093,0.050808243453502655,0.02712051197886467,0.0005689775571227074,0.0
98.15384615384616,1,4,4,0.05769231170415878,1,False,0,False,1.439562439918518,1.493269681930542,-0.053707242012023926,-1.5208948850631714,-2.5555286407470703,1.034633755683899,-0.9743674993515015,-0.9534057974815369,-0.0209617018699646,2.7909507751464844,-0.12102583050727844,2.911976605653763,0.050720639526844025,0.027026314288377762,0.0009276531636714935,0.0
98.23076923076924,1,4,4,0.0833333358168602,1,False,0,False,1.439562439918518,1.4915740489959717,-0.052011609077453606,-1.5208948850631714,-2.5543107986450195,1.0334159135818481,-0.9743674993515015,-0.948985755443573,-0.025381743907928467,2.7909507751464844,-0.11939428001642227,2.9103450551629066,0.05055100470781326,0.02690732106566429,0.0008177198469638824,0.0
98.3076923076923,1,4,4,0.1089743822813034,1,False,0,False,1.439562439918518,1.4883034229278564,-0.04874098300933838,-1.5208948850631714,-2.5520052909851074,1.031110405921936,-0.9743674993515015,-0.9429148435592651,-0.03145265579223633,2.7909507751464844,-0.11603192239999771,2.906982697546482,0.05027955025434494,0.026769306510686874,0.00014863093383610249,0.0
98.38461538461539,1,4,4,0.13461542129516602,1,False,0,False,1.439562439918518,1.483750820159912,-0.04418838024139404,-1.5208948850631714,-2.5492308139801025,1.0283359289169312,-0.9743674993515015,-0.9357187747955322,-0.03864872455596924,2.7909507751464844,-0.11136094480752945,2.902311719954014,0.049920253455638885,0.0266307033598423,0.0009329349268227816,0.0
98.46153846153847,1,4,4,0.16025647521018982,1,False,0,False,1.439562439918518,1.4786288738250732,-0.039066433906555176,-1.5208948850631714,-2.5465052127838135,1.025610327720642,-0.9743674993515015,-0.9278186559677124,-0.04654884338378907,2.7909507751464844,-0.10620997101068497,2.8971607461571693,0.049526430666446686,0.026521656662225723,0.0010982889216393232,0.0
98.53846153846155,1,4,4,0.18589751422405243,1,False,0,False,1.439562439918518,1.4732438325881958,-0.033681392669677734,-1.5208948850631714,-2.544116258621216,1.0232213735580444,-0.9743674993515015,-0.9199686050415039,-0.05439889430999756,2.7909507751464844,-0.10128195583820343,2.892232730984688,0.04916413873434067,0.026469167321920395,0.0013357261195778847,0.0
98.61538461538463,1,4,4,0.21153855323791504,1,False,0,False,1.439562439918518,1.4679166078567505,-0.028354167938232425,-1.5208948850631714,-2.542128086090088,1.0212332010269165,-0.9743674993515015,-0.9129137992858887,-0.06145370006561279,2.7909507751464844,-0.09696204215288162,2.887912817299366,0.048863403499126434,0.02647150680422783,0.0012975884601473808,0.0
98.6923076923077,1,4,4,0.23717960715293884,1,False,0,False,1.439562439918518,1.4628989696502686,-0.02333652973175049,-1.5208948850631714,-2.540614366531372,1.0197194814682007,-0.9743674993515015,-0.9071660041809082,-0.06720149517059326,2.7909507751464844,-0.09347421675920486,2.8844249919056892,0.04864438623189926,0.0265287347137928,0.0010535074397921562,0.0
98.76923076923077,1,4,4,0.26282066106796265,1,False,0,False,1.439562439918518,1.4584084749221802,-0.01884603500366211,-1.5208948850631714,-2.539604902267456,1.0187100172042847,-0.9743674993515015,-0.9029220938682556,-0.07144540548324585,2.7909507751464844,-0.09092658758163452,2.881877362728119,0.04851812869310379,0.026645448058843613,0.0008254381828010082,0.0
98.84615384615385,1,4,4,0.28846168518066406,1,False,0,False,1.439562439918518,1.4545297622680664,-0.01496732234954834,-1.5208948850631714,-2.5390851497650146,1.0181902647018433,-0.9743674993515015,-0.90020352602005,-0.07416397333145142,2.7909507751464844,-0.08935417234897614,2.8803049474954605,0.048488713800907135,0.026820626109838486,0.000625336542725563,0.0
98.92307692307693,1,4,4,0.31410273909568787,1,False,0,False,1.439562439918518,1.4512615203857422,-0.011699080467224123,-1.5208948850631714,-2.5390172004699707,1.0181223154067993,-0.9743674993515015,-0.898931622505188,-0.07543587684631348,2.7909507751464844,-0.08875332027673721,2.8797040954232216,0.048542313277721405,0.027052130550146103,0.0004305317997932434,0.0
99.0,1,4,4,0.3397437334060669,1,False,0,False,1.439562439918518,1.4485595226287842,-0.008997082710266113,-1.5208948850631714,-2.5393784046173096,1.0184835195541382,-0.9743674993515015,-0.8989744782447815,-0.07539302110671997,2.7909507751464844,-0.08910331130027771,2.880054086446762,0.04869949072599411,0.026951942592859268,0.0007982272654771805,0.0
99.07692307692308,1,4,4,0.36538469791412354,1,False,0,False,1.439562439918518,1.4462710618972778,-0.006708621978759766,-1.5208948850631714,-2.5401830673217773,1.019288182258606,-0.9743674993515015,-0.9002501368522644,-0.07411736249923706,2.7909507751464844,-0.09034416079521179,2.881294935941696,0.04896136373281479,0.026782717555761337,0.0003560725599527359,0.0
99.15384615384616,1,4,4,0.3910256624221802,1,False,0,False,1.439562439918518,1.4443907737731934,-0.004828333854675294,-1.5208948850631714,-2.5413262844085693,1.020431399345398,-0.9743674993515015,-0.9025285243988037,-0.07183897495269775,2.7909507751464844,-0.09229850769042969,2.883249282836914,0.049346767365932465,0.026661861687898636,0.00044288113713264465,0.0
99.23076923076924,1,4,4,0.4166666269302368,1,False,0,False,1.439562439918518,1.4429324865341187,-0.003370046615600586,-1.5208948850631714,-2.542710542678833,1.0218156576156616,-0.9743674993515015,-0.9056059122085571,-0.06876158714294434,2.7909507751464844,-0.09480161219835281,2.885752387344837,0.049854181706905365,0.02657785639166832,0.0005536014214158058,0.0
99.3076923076923,1,4,4,0.44230759143829346,1,False,0,False,1.439562439918518,1.4418681859970093,-0.002305746078491211,-1.5208948850631714,-2.5442142486572266,1.0233193635940552,-0.9743674993515015,-0.9093325734138489,-0.06503492593765259,2.7909507751464844,-0.09767516702413559,2.88862594217062,0.05047868937253952,0.026526350528001785,0.0006652297452092171,0.0
99.38461538461539,1,4,4,0.4679485559463501,1,False,0,False,1.439562439918518,1.4411861896514893,-0.0016237497329711914,-1.5208948850631714,-2.545759916305542,1.0248650312423706,-0.9743674993515015,-0.9135705232620239,-0.06079697608947754,2.7909507751464844,-0.10071258991956711,2.8916633650660515,0.051219142973423004,0.02650008723139763,0.0006208568811416626,0.0
99.46153846153847,1,4,4,0.49358952045440674,1,False,0,False,1.439562439918518,1.4418132305145264,-0.0022507905960083008,-1.5208948850631714,-2.546560287475586,1.0256654024124146,-0.9743674993515015,-0.9161968231201172,-0.05817067623138428,2.7909507751464844,-0.10302626341581345,2.893977038562298,0.05295296758413315,0.026453610509634018,0.0022687669843435287,0.0
99.53846153846155,1,4,4,0.5192304849624634,1,False,0,False,1.439562439918518,1.4441134929656982,-0.004551053047180176,-1.5208948850631714,-2.5469915866851807,1.0260967016220093,-0.9743674993515015,-0.9169881343841553,-0.0573793649673462,2.7909507751464844,-0.10493767261505127,2.8958884477615356,0.0547020360827446,0.026420187205076218,0.0005132239311933517,0.0
99.61538461538463,1,4,4,0.54487144947052,1,False,0,False,1.439562439918518,1.446337103843689,-0.0067746639251708984,-1.5208948850631714,-2.5485408306121826,1.0276459455490112,-0.9743674993515015,-0.9187816977500916,-0.05558580160140991,2.7909507751464844,-0.10665595531463623,2.8976067304611206,0.056380726397037506,0.026368100196123123,1.1986121535301208e-05,0.0
99.6923076923077,1,4,4,0.5705124139785767,1,False,0,False,1.439562439918518,1.4484578371047974,-0.008895397186279295,-1.5208948850631714,-2.5510897636413574,1.030194878578186,-0.9743674993515015,-0.9214405417442322,-0.05292695760726929,2.7909507751464844,-0.10818801820278168,2.899138793349266,0.05827150493860245,0.02630242332816124,9.685754776000977e-06,0.0
99.76923076923077,1,4,4,0.5961533784866333,1,False,0,False,1.439562439918518,1.4505878686904907,-0.011025428771972656,-1.5208948850631714,-2.554239511489868,1.0333446264266968,-0.9743674993515015,-0.9246184825897217,-0.049749016761779785,2.7909507751464844,-0.10955394059419632,2.9005047157406807,0.060183994472026825,0.026263859122991562,1.9855797290802002e-05,0.0
99.84615384615385,1,4,4,0.6217943429946899,1,False,0,False,1.439562439918518,1.4527626037597656,-0.013200163841247559,-1.5208948850631714,-2.557753086090088,1.0368582010269165,-0.9743674993515015,-0.9281978607177734,-0.04616963863372803,2.7909507751464844,-0.11077391356229782,2.901724688708782,0.06204528361558914,0.02625836804509163,2.7922214940190315e-05,0.0
99.92307692307693,1,4,4,0.6474353075027466,1,False,0,False,1.439562439918518,1.4550036191940308,-0.015441179275512695,-1.5208948850631714,-2.5615298748016357,1.0406349897384644,-0.9743674993515015,-0.9321320056915283,-0.04223549365997315,2.7909507751464844,-0.11186394840478897,2.9028147235512733,0.06387800723314285,0.026279333978891373,5.318084731698036e-05,0.0
100.0,1,4,4,0.673076331615448,1,False,0,False,1.439562439918518,1.4573488235473633,-0.017786383628845215,-1.5208948850631714,-2.5655064582824707,1.0446115732192993,-0.9743674993515015,-0.9363605976104736,-0.03800690174102783,2.7909507751464844,-0.11283791810274124,2.9037886932492256,0.06411290913820267,0.026330452412366867,6.721005775034428e-05,0.0
100.07692307692308,1,4,4,0.698717474937439,1,False,0,False,1.439562439918518,1.45982825756073,-0.020265817642211914,-1.5208948850631714,-2.5696182250976562,1.0487233400344849,-0.9743674993515015,-0.9408268332481384,-0.03354066610336304,2.7909507751464844,-0.11370831727981567,2.9046590924263,0.06380686908960342,0.026410195976495743,6.628688424825668e-05,0.0
100.15384615384616,1,4,4,0.7243585586547852,1,False,0,False,1.439562439918518,1.4624531269073486,-0.022890686988830563,-1.5208948850631714,-2.5737831592559814,1.05288827419281,-0.9743674993515015,-0.9454962611198425,-0.028871238231658936,2.7909507751464844,-0.11448600143194199,2.9054367765784264,0.0634571835398674,0.026515666395425797,1.0291114449501038e-05,0.0
100.23076923076924,1,4,4,0.7499997019767761,1,False,0,False,1.439562439918518,1.4652458429336548,-0.02568340301513672,-1.5208948850631714,-2.5778892040252686,1.0569943189620972,-0.9743674993515015,-0.9503436088562012,-0.024023890495300293,2.7909507751464844,-0.11518075317144394,2.9061315283179283,0.06306780129671097,0.026649076491594315,1.0048970580101013e-05,0.0
100.3076923076923,1,4,4,0.7756408452987671,1,False,0,False,1.439562439918518,1.4681742191314697,-0.028611779212951657,-1.5208948850631714,-2.5818684101104736,1.0609735250473022,-0.9743674993515015,-0.955357551574707,-0.019009947776794434,2.7909507751464844,-0.11580152064561844,2.906752295792103,0.06263711303472519,0.026803787797689438,5.145557224750519e-06,0.0
100.38461538461539,1,4,4,0.8012819290161133,1,False,0,False,1.439562439918518,1.4708263874053955,-0.03126394748687744,-1.5208948850631714,-2.585690498352051,1.0647956132888794,-0.9743674993515015,-0.9605826735496521,-0.013784825801849365,2.7909507751464844,-0.11635565012693405,2.9073064252734184,0.06216088682413101,0.02696504071354866,0.0,0.0
100.46153846153847,1,4,4,0.8269230723381042,1,False,0,False,1.439562439918518,1.4733455181121826,-0.03378307819366455,-1.5208948850631714,-2.5895631313323975,1.068668246269226,-0.9743674993515015,-0.9656773805618286,-0.008690118789672852,2.7909507751464844,-0.11685095727443695,2.9078017324209213,0.061660416424274445,0.027094412595033646,5.763024091720581e-05,0.0
100.53846153846155,1,4,4,0.8525642156600952,1,False,0,False,1.439562439918518,1.4757771492004395,-0.03621470928192139,-1.5208948850631714,-2.5933680534362793,1.072473168373108,-0.9743674993515015,-0.9704808592796326,-0.0038866400718688965,2.7909507751464844,-0.11729278415441513,2.9082435593008995,0.06116294115781784,0.027224663645029068,4.7641806304454803e-05,0.0
100.61538461538463,1,4,4,0.8782052993774414,1,False,0,False,1.439562439918518,1.4780138731002808,-0.0384514331817627,-1.5208948850631714,-2.5969109535217285,1.0760160684585571,-0.9743674993515015,-0.9749884009361267,0.0006209015846252441,2.7909507751464844,-0.11768759042024612,2.9086383655667305,0.060679398477077484,0.02736390009522438,2.1671876311302185e-05,0.0
100.6923076923077,1,4,4,0.9038464426994324,1,False,0,False,1.439562439918518,1.4799818992614746,-0.04041945934295654,-1.5208948850631714,-2.6000988483428955,1.0792039632797241,-0.9743674993515015,-0.9792025089263916,0.004835009574890137,2.7909507751464844,-0.11804035305976868,2.908991128206253,0.060211412608623505,0.027503635734319687,4.66126948595047e-06,0.0
100.76923076923077,1,4,4,0.9294875860214233,1,False,0,False,1.439562439918518,1.4816701412200928,-0.04210770130157471,-1.5208948850631714,-2.6029083728790283,1.082013487815857,-0.9743674993515015,-0.9830718636512756,0.00870436429977417,2.7909507751464844,-0.11835530400276184,2.909306079149246,0.05976412445306778,0.027638543397188187,0.0006836175452917814,0.0
100.84615384615385,1,4,4,0.9551286697387695,1,False,0,False,1.439562439918518,1.4830923080444336,-0.04352986812591553,-1.5208948850631714,-2.6053225994110107,1.0844277143478394,-0.9743674993515015,-0.9865174889564514,0.012149989604949951,2.7909507751464844,-0.11863655596971512,2.9095873311161995,0.05934680253267288,0.02776740863919258,0.000679047079756856,0.0
100.92307692307693,1,4,4,0.9807698130607605,1,False,0,False,1.439562439918518,1.4842500686645508,-0.04468762874603271,-1.5208948850631714,-2.607311964035034,1.0864170789718628,-0.9743674993515015,-0.9894611239433289,0.015093624591827393,2.7909507751464844,-0.11888754367828369,2.909838318824768,0.058969609439373016,0.027889523655176163,0.0006685743574053049,0.0
101.0,1,4,4,1.0,1,False,1,False,1.439562439918518,1.4851418733596802,-0.04557943344116211,-1.5208948850631714,-2.6088364124298096,1.0879415273666382,-0.9743674993515015,-0.9918438792228699,0.017476379871368405,2.7909507751464844,-0.11911209672689438,2.9100628718733788,0.058642901480197906,0.027966659516096115,0.0005343661177903414,0.0
101.07692307692308,1,4,4,1.0,1,False,5,False,1.439562439918518,1.4857732057571411,-0.04621076583862305,-1.5208948850631714,-2.6098525524139404,1.088957667350769,-0.9743674993515015,-0.993604838848114,0.01923733949661255,2.7909507751464844,-0.11931277811527252,2.910263553261757,0.05837666243314743,0.027946893125772476,0.0004105397965759039,0.0
101.15384615384616,1,4,4,1.0,1,False,9,False,1.439562439918518,1.486107349395752,-0.04654490947723388,-1.5208948850631714,-2.6103687286376953,1.089473843574524,-0.9743674993515015,-0.9947019219398499,0.02033442258834839,2.7909507751464844,-0.11949191242456436,2.9104426875710487,0.05818066745996475,0.02794783189892769,0.00034743105061352253,0.0
101.23076923076924,2,4,4,1.0,1,True,13,False,1.439562439918518,1.485999584197998,-0.04643714427947999,-1.5208948850631714,-2.6103434562683105,1.0894485712051392,-0.9743674993515015,-0.9950461983680725,0.020678699016571045,2.7909507751464844,-0.11881852895021439,2.9097693040966988,0.05808638781309128,0.02797844633460045,0.00024317298084497452,0.0
101.3076923076923,2,4,4,1.0,1,True,17,False,1.439562439918518,1.4849889278411865,-0.04542648792266846,-1.5208948850631714,-2.609227180480957,1.0883322954177856,-0.9743674993515015,-0.9938361644744873,0.019468665122985836,2.7909507751464844,-0.11615243554115295,2.9071032106876373,0.05821726471185684,0.028129849582910538,3.2568350434303284e-05,0.0
101.38461538461539,2,4,4,1.0,1,True,21,False,1.439562439918518,1.4831739664077759,-0.043611526489257806,-1.5208948850631714,-2.6067330837249756,1.0858381986618042,-0.9743674993515015,-0.9901901483535767,0.0158226490020752,2.7909507751464844,-0.1117156371474266,2.902666412293911,0.058742038905620575,0.02846546843647957,0.00010460615158081055,0.0
101.46153846153847,2,4,4,1.0,1,True,25,False,1.439562439918518,1.4803504943847656,-0.040788054466247566,-1.5208948850631714,-2.6031553745269775,1.0822604894638062,-0.9743674993515015,-0.9842151999473572,0.009847700595855713,2.7909507751464844,-0.10569985955953598,2.8966506347060204,0.05957520753145218,0.028895486146211624,0.0001477077603340149,0.0
101.53846153846155,2,4,4,1.0,1,True,29,False,1.439562439918518,1.4762064218521118,-0.03664398193359375,-1.5208948850631714,-2.5988705158233643,1.0779756307601929,-0.9743674993515015,-0.9762514233589172,0.0018839240074157713,2.7909507751464844,-0.09827513247728348,2.889225907623768,0.06063810735940933,0.029312383383512497,0.0008344277739524841,0.0
101.61538461538463,2,4,4,1.0,1,True,33,False,1.439562439918518,1.470733880996704,-0.03117144107818604,-1.5208948850631714,-2.5941321849823,1.0732372999191284,-0.9743674993515015,-0.9665858149528503,-0.007781684398651123,2.7909507751464844,-0.08959273248910904,2.8805435076355934,0.06191623955965042,0.029551755636930466,0.0006701785605400801,0.0
101.6923076923077,2,4,4,1.0,1,True,37,False,1.439562439918518,1.464177131652832,-0.024614691734313965,-1.5208948850631714,-2.5891125202178955,1.0682176351547241,-0.9743674993515015,-0.9556142091751099,-0.018753290176391598,2.7909507751464844,-0.07978644222021103,2.8707372173666954,0.06337340921163559,0.029766861349344254,0.0008251203689724207,0.0
101.76923076923077,2,4,4,1.0,1,True,41,False,1.439562439918518,1.4569212198257446,-0.01735877990722656,-1.5208948850631714,-2.5839717388153076,1.0630768537521362,-0.9743674993515015,-0.9439023733139038,-0.030465126037597656,2.7909507751464844,-0.06897599995136261,2.859926775097847,0.06499540060758591,0.029931094497442245,0.0005289027467370033,0.0
101.84615384615385,2,4,4,1.0,1,True,45,False,1.439562439918518,1.4491078853607178,-0.009545445442199707,-1.5208948850631714,-2.578778028488159,1.0578831434249878,-0.9743674993515015,-0.9321157932281494,-0.04225170612335205,2.7909507751464844,-0.05726706609129906,2.8482178412377834,0.06666234880685806,0.03006960079073906,4.534143954515457e-05,0.0
101.92307692307693,2,4,4,1.0,1,True,49,False,1.439562439918518,1.4413036108016968,-0.001741170883178711,-1.5208948850631714,-2.5737552642822266,1.0528603792190552,-0.9743674993515015,-0.9207296371459961,-0.053637862205505364,2.7909507751464844,-0.0447559729218483,2.8357067480683327,0.06834489852190018,0.030167903751134872,5.8477744460105896e-05,0.0
102.0,2,4,4,1.0,1,True,53,False,1.439562439918518,1.4339219331741333,0.005640506744384766,-1.5208948850631714,-2.5690488815307617,1.0481539964675903,-0.9743674993515015,-0.9101551175117493,-0.0642123818397522,2.7909507751464844,-0.031528644263744354,2.8224794194102287,0.0699845477938652,0.030228298157453537,3.946945071220398e-05,0.0
102.07692307692308,2,4,4,1.0,1,True,57,False,1.439562439918518,1.4272332191467285,0.01232922077178955,-1.5208948850631714,-2.564708948135376,1.0438140630722046,-0.9743674993515015,-0.9007096290588379,-0.07365787029266357,2.7909507751464844,-0.017660081386566162,2.8086108565330505,0.07142283767461777,0.030261564999818802,3.710854798555374e-05,0.0
102.15384615384616,2,4,4,1.0,1,True,61,False,1.439562439918518,1.4214147329330444,0.018147706985473633,-1.5208948850631714,-2.560760259628296,1.0398653745651245,-0.9743674993515015,-0.8925954699516296,-0.08177202939987183,2.7909507751464844,-0.003218726720660925,2.7941695018671453,0.07083853334188461,0.030275706201791763,0.00015324680134654045,0.0
102.23076923076924,2,4,4,1.0,1,True,65,False,1.439562439918518,1.4165775775909424,0.02298486232757568,-1.5208948850631714,-2.557236909866333,1.0363420248031616,-0.9743674993515015,-0.8859128952026367,-0.08845460414886475,2.7909507751464844,0.011734739877283573,2.779216035269201,0.07047691196203232,0.030274737626314163,0.00027828384190797806,0.0
102.3076923076923,2,4,4,1.0,1,True,69,False,1.439562439918518,1.4127715826034546,0.026790857315063473,-1.5208948850631714,-2.5541703701019287,1.0332754850387573,-0.9743674993515015,-0.8806705474853516,-0.09369695186614992,2.7909507751464844,0.02714652009308338,2.763804255053401,0.07032374292612076,0.030259940773248672,0.0003460235893726349,0.0
102.38461538461539,2,4,4,1.0,1,True,73,False,1.439562439918518,1.4099849462509155,0.029577493667602543,-1.5208948850631714,-2.5515682697296143,1.0306733846664429,-0.9743674993515015,-0.8768002390861511,-0.09756726026535034,2.7909507751464844,0.04296700283885002,2.7479837723076344,0.07032852619886398,0.02990094944834709,0.00038912519812583923,0.0
102.46153846153847,2,4,4,1.0,1,True,77,False,1.439562439918518,1.4081847667694092,0.03137767314910889,-1.5208948850631714,-2.549410343170166,1.0285154581069946,-0.9743674993515015,-0.8742016553878784,-0.10016584396362305,2.7909507751464844,0.05915583297610283,2.7317949421703815,0.07045982033014297,0.029570769518613815,0.00016411300748586655,0.0
102.53846153846155,2,4,4,1.0,1,True,81,False,1.439562439918518,1.4073210954666138,0.0322413444519043,-1.5208948850631714,-2.5476529598236084,1.026758074760437,-0.9743674993515015,-0.8727487921714783,-0.10161870718002321,2.7909507751464844,0.07566606998443604,2.7152847051620483,0.07069651037454605,0.029268961399793625,4.631001502275467e-05,0.0
102.61538461538463,2,4,4,1.0,1,True,85,False,1.439562439918518,1.4072861671447754,0.032276272773742676,-1.5208948850631714,-2.5462429523468018,1.0253480672836304,-0.9743674993515015,-0.8722918033599854,-0.10207569599151611,2.7909507751464844,0.09246611595153809,2.6984846591949463,0.07100387662649155,0.028994645923376083,2.518296241760254e-05,0.0
102.6923076923077,2,4,4,1.0,1,True,89,False,1.439562439918518,1.407955288887024,0.03160715103149414,-1.5208948850631714,-2.5451221466064453,1.024227261543274,-0.9743674993515015,-0.8726740479469299,-0.10169345140457155,2.7909507751464844,0.10952488332986832,2.681425891816616,0.07135475426912308,0.028746914118528366,3.5353004932403564e-05,0.0
102.76923076923077,2,4,4,1.0,1,True,93,False,1.439562439918518,1.409204363822937,0.030358076095581055,-1.5208948850631714,-2.5442426204681396,1.0233477354049683,-0.9743674993515015,-0.8737386465072632,-0.10062885284423828,2.7909507751464844,0.12681475281715393,2.6641360223293304,0.0717305913567543,0.028524380177259445,2.6635825634002686e-05,0.0
102.84615384615385,2,4,4,1.0,1,True,97,False,1.439562439918518,1.4109174013137817,0.028645038604736328,-1.5208948850631714,-2.5435659885406494,1.022671103477478,-0.9743674993515015,-0.8753349184989929,-0.09903258085250854,2.7909507751464844,0.1443110853433609,2.6466396898031235,0.0721171423792839,0.02832503244280815,3.244727849960327e-05,0.0
102.92307692307693,2,4,4,1.0,1,True,101,False,1.439562439918518,1.4129856824874878,0.026576757431030273,-1.5208948850631714,-2.543060779571533,1.0221658945083618,-0.9743674993515015,-0.8773267269134521,-0.0970407724380493,2.7909507751464844,0.16199229657649994,2.6289584785699844,0.0725022628903389,0.028146710246801376,3.5353004932403564e-05,0.0
103.0,2,4,4,1.0,1,True,105,False,1.439562439918518,1.4153121709823608,0.024250268936157227,-1.5208948850631714,-2.542698860168457,1.0218039751052856,-0.9743674993515015,-0.8795958757400513,-0.09477162361145021,2.7909507751464844,0.1798381209373474,2.611112654209137,0.07287610322237015,0.02798735722899437,3.632158041000366e-05,0.0
103.07692307692308,2,4,4,1.0,1,True,109,False,1.439562439918518,1.4178112745285034,0.02175116539001465,-1.5208948850631714,-2.542457103729248,1.0215622186660767,-0.9743674993515015,-0.8820430040359497,-0.09232449531555174,2.7909507751464844,0.19783088564872742,2.593119889497757,0.07323158532381058,0.027845080941915512,5.000270903110504e-05,0.0
103.15384615384616,2,4,4,1.0,1,True,113,False,1.439562439918518,1.4204087257385254,0.019153714179992676,-1.5208948850631714,-2.5423150062561035,1.0214201211929321,-0.9743674993515015,-0.8845837712287903,-0.0897837281227112,2.7909507751464844,0.21595562994480133,2.574995145201683,0.0735638365149498,0.027718085795640945,2.887565642595291e-05,0.0
103.23076923076924,2,4,4,1.0,1,True,117,False,1.439562439918518,1.423046350479126,0.01651608943939209,-1.5208948850631714,-2.5422563552856445,1.0213614702224731,-0.9743674993515015,-0.8871526122093201,-0.0872148871421814,2.7909507751464844,0.23419827222824097,2.5567525029182434,0.07386999577283859,0.027604680508375168,3.2568350434303284e-05,0.0
103.3076923076923,2,4,4,1.0,1,True,121,False,1.439562439918518,1.425676703453064,0.013885736465454102,-1.5208948850631714,-2.542266845703125,1.0213719606399536,-0.9743674993515015,-0.8896986842155457,-0.08466881513595581,2.7909507751464844,0.2525463402271271,2.5384044349193573,0.0741485133767128,0.027503397315740585,3.0994415283203125e-05,0.0
103.38461538461539,2,4,4,1.0,1,True,125,False,1.439562439918518,1.4282660484313965,0.011296391487121582,-1.5208948850631714,-2.542334794998169,1.0214399099349976,-0.9743674993515015,-0.8921854496002197,-0.08218204975128174,2.7909507751464844,0.270988404750824,2.5199623703956604,0.0743991956114769,0.027412887662649155,2.1187588572502136e-05,0.0
103.46153846153847,2,4,4,1.0,1,True,129,False,1.439562439918518,1.4307881593704224,0.008774280548095703,-1.5208948850631714,-2.542449474334717,1.0215545892715454,-0.9743674993515015,-0.8945867419242859,-0.07978075742721558,2.7909507751464844,0.2895144820213318,2.5014362931251526,0.07462263852357864,0.02733198180794716,3.244727849960327e-05,0.0
103.53846153846155,2,4,4,1.0,1,True,133,False,1.439562439918518,1.4332244396209717,0.006338000297546386,-1.5208948850631714,-2.542602300643921,1.0217074155807495,-0.9743674993515015,-0.8968853950500488,-0.07748210430145264,2.7909507751464844,0.3081159293651581,2.4828348457813263,0.07482033222913742,0.027259651571512222,3.105495125055313e-05,0.0
103.61538461538463,2,4,4,1.0,1,True,137,False,1.439562439918518,1.4355648756027222,0.0039975643157958984,-1.5208948850631714,-2.5427873134613037,1.0218924283981323,-0.9743674993515015,-0.89907306432724,-0.07529443502426147,2.7909507751464844,0.32678449153900146,2.464166283607483,0.07499416917562485,0.027194973081350327,1.8100254237651825e-05,0.0
103.6923076923077,2,4,4,1.0,1,True,141,False,1.439562439918518,1.4378035068511963,0.0017589330673217773,-1.5208948850631714,-2.5429985523223877,1.0221036672592163,-0.9743674993515015,-0.9011468291282654,-0.07322067022323608,2.7909507751464844,0.34551292657852173,2.4454378485679626,0.07514631003141403,0.0271371491253376,2.130866050720215e-05,0.0
103.76923076923077,2,4,4,1.0,1,True,145,False,1.439562439918518,1.4399365186691284,-0.0003740787506103516,-1.5208948850631714,-2.5432307720184326,1.0223358869552612,-0.9743674993515015,-0.9031064510345459,-0.07126104831695557,2.7909507751464844,0.36429494619369507,2.4266558289527893,0.07527879625558853,0.02708541974425316,1.5739351511001587e-05,0.0
103.84615384615385,2,4,4,1.0,1,True,149,False,1.439562439918518,1.4419658184051514,-0.0024033784866333003,-1.5208948850631714,-2.543480157852173,1.0225852727890015,-0.9743674993515015,-0.9049567580223083,-0.06941074132919312,2.7909507751464844,0.38312479853630066,2.4078259766101837,0.07539375871419907,0.02703915163874626,2.7059577405452728e-05,0.0
103.92307692307693,2,4,4,1.0,1,True,153,False,1.439562439918518,1.4438937902450562,-0.004331350326538086,-1.5208948850631714,-2.543743848800659,1.0228489637374878,-0.9743674993515015,-0.9067038893699646,-0.06766360998153685,2.7909507751464844,0.4019973874092102,2.388953387737274,0.07549319416284561,0.02699774131178856,1.7313286662101746e-05,0.0
104.0,2,4,4,1.0,1,True,157,False,1.439562439918518,1.4457248449325562,-0.006162405014038086,-1.5208948850631714,-2.5440189838409424,1.023124098777771,-0.9743674993515015,-0.9083550572395325,-0.066012442111969,2.7909507751464844,0.4209081530570984,2.370042622089386,0.07557926326990128,0.026960689574480057,1.8766149878501892e-05,0.0
104.07692307692308,2,4,4,1.0,1,True,161,False,1.439562439918518,1.4474642276763916,-0.007901787757873535,-1.5208948850631714,-2.544304370880127,1.0234094858169556,-0.9743674993515015,-0.9099187254905701,-0.0644487738609314,2.7909507751464844,0.4398530125617981,2.3510977625846863,0.07565390318632126,0.02692752704024315,1.4165416359901428e-05,0.0
104.15384615384616,2,4,4,1.0,1,True,165,False,1.439562439918518,1.449116587638855,-0.009554147720336914,-1.5208948850631714,-2.5445973873138428,1.0237025022506714,-0.9743674993515015,-0.9114013910293579,-0.06296610832214355,2.7909507751464844,0.45882847905158997,2.3321222960948944,0.0757187232375145,0.026897791773080826,1.3136304914951324e-05,0.0
104.23076923076924,2,4,4,1.0,1,True,169,False,1.439562439918518,1.4506880044937134,-0.011125564575195312,-1.5208948850631714,-2.5448954105377197,1.0240005254745483,-0.9743674993515015,-0.9128117561340332,-0.06155574321746826,2.7909507751464844,0.477831095457077,2.3131196796894073,0.07577500492334366,0.026871126145124435,2.2398307919502258e-05,0.0
104.3076923076923,2,4,4,1.0,1,True,173,False,1.439562439918518,1.452187418937683,-0.012624979019165039,-1.5208948850631714,-2.5452003479003906,1.0243054628372192,-0.9743674993515015,-0.9141601324081421,-0.060207366943359375,2.7909507751464844,0.49685749411582947,2.294093281030655,0.0758238211274147,0.026847179979085922,2.0279549062252045e-05,0.0
104.38461538461539,2,4,4,1.0,1,True,177,False,1.439562439918518,1.4536164999008179,-0.014054059982299806,-1.5208948850631714,-2.5455071926116943,1.024612307548523,-0.9743674993515015,-0.9154501557350159,-0.058917343616485596,2.7909507751464844,0.515905499458313,2.2750452756881714,0.07586633414030075,0.026825670152902603,2.0158477127552032e-05,0.0
104.46153846153847,2,4,4,1.0,1,True,181,False,1.439562439918518,1.454977035522461,-0.015414595603942871,-1.5208948850631714,-2.5458152294158936,1.0249203443527222,-0.9743674993515015,-0.9166842103004456,-0.05768328905105591,2.7909507751464844,0.5349735617637634,2.255977213382721,0.07590366154909134,0.026806246489286423,2.488028258085251e-05,0.0
104.53846153846155,2,4,4,1.0,1,True,185,False,1.439562439918518,1.4562784433364868,-0.01671600341796875,-1.5208948850631714,-2.5461244583129883,1.025229573249817,-0.9743674993515015,-0.9178722500801086,-0.05649524927139282,2.7909507751464844,0.554058849811554,2.2368919253349304,0.0759366974234581,0.02678876742720604,2.57883220911026e-05,0.0
104.61538461538463,2,4,4,1.0,1,True,189,False,1.439562439918518,1.457523226737976,-0.017960786819458008,-1.5208948850631714,-2.546433925628662,1.0255390405654907,-0.9743674993515015,-0.9190173149108887,-0.0553501844406128,2.7909507751464844,0.5731598734855652,2.217790901660919,0.07596615701913834,0.026772957295179367,1.2349337339401245e-05,0.0
104.6923076923077,2,4,4,1.0,1,True,193,False,1.439562439918518,1.4587159156799316,-0.019153475761413574,-1.5208948850631714,-2.5467424392700195,1.0258475542068481,-0.9743674993515015,-0.9201236367225647,-0.05424386262893677,2.7909507751464844,0.5922746658325195,2.198676109313965,0.07599250227212906,0.02675863727927208,1.368112862110138e-05,0.0
104.76923076923077,2,4,4,1.0,1,True,197,False,1.439562439918518,1.45986008644104,-0.020297646522521973,-1.5208948850631714,-2.5470499992370605,1.0261551141738892,-0.9743674993515015,-0.9211946725845337,-0.05317282676696777,2.7909507751464844,0.6114017963409424,2.179548978805542,0.07601631432771683,0.026745643466711044,1.5920959413051605e-05,0.0
104.84615384615385,2,4,4,1.0,1,True,201,False,1.439562439918518,1.4609588384628296,-0.021396398544311523,-1.5208948850631714,-2.5473551750183105,1.0264602899551392,-0.9743674993515015,-0.9222331643104553,-0.052134335041046136,2.7909507751464844,0.630540132522583,2.1604106426239014,0.07603784650564194,0.026733804494142532,2.0703300833702087e-05,0.0
104.92307692307693,2,4,4,1.0,1,True,205,False,1.439562439918518,1.4620146751403809,-0.022452235221862793,-1.5208948850631714,-2.5476555824279785,1.0267606973648071,-0.9743674993515015,-0.9232411980628967,-0.051126301288604736,2.7909507751464844,0.6496883034706116,2.141262471675873,0.07605739682912827,0.0267229862511158,2.0097941160202026e-05,0.0
105.0,2,4,4,1.0,1,True,209,False,1.439562439918518,1.463030219078064,-0.0234677791595459,-1.5208948850631714,-2.547952651977539,1.0270577669143677,-0.9743674993515015,-0.9242203235626221,-0.050147175788879395,2.7909507751464844,0.6688453555107117,2.1221054196357727,0.07607533782720566,0.026713069528341293,2.5667250156402588e-05,0.0
105.07692307692308,2,4,4,1.0,1,True,213,False,1.439562439918518,1.4640076160430908,-0.024445176124572754,-1.5208948850631714,-2.5482442378997803,1.0273493528366089,-0.9743674993515015,-0.9251725673675537,-0.04919493198394775,2.7909507751464844,0.6880103349685669,2.1029404401779175,0.07609183341264725,0.026703964918851852,1.4225952327251434e-05,0.0
105.15384615384616,2,4,4,1.0,1,True,217,False,1.439562439918518,1.464949131011963,-0.025386691093444824,-1.5208948850631714,-2.5485305786132812,1.0276356935501099,-0.9743674993515015,-0.9260991811752319,-0.04826831817626953,2.7909507751464844,0.7071824669837952,2.083768308162689,0.0761071965098381,0.026695575565099716,3.450550138950348e-05,0.0
105.23076923076924,2,4,4,1.0,1,True,221,False,1.439562439918518,1.4658561944961548,-0.026293754577636722,-1.5208948850631714,-2.5488100051879883,1.027915120124817,-0.9743674993515015,-0.9270011186599731,-0.04736638069152832,2.7909507751464844,0.7263607382774353,2.064590036869049,0.076121486723423,0.02668781206011772,1.3499520719051361e-05,0.0
105.3076923076923,2,4,4,1.0,1,True,225,False,1.439562439918518,1.4667305946350098,-0.027168154716491703,-1.5208948850631714,-2.549083709716797,1.0281888246536255,-0.9743674993515015,-0.9278790354728699,-0.04648846387863159,2.7909507751464844,0.7455449104309082,2.045405864715576,0.07613491266965866,0.02668057009577751,1.816079020500183e-05,0.0
105.38461538461539,2,4,4,1.0,1,True,229,False,1.439562439918518,1.4675743579864502,-0.028011918067932125,-1.5208948850631714,-2.549351692199707,1.0284568071365356,-0.9743674993515015,-0.9287334680557251,-0.04563403129577636,2.7909507751464844,0.7647339105606079,2.0262168645858765,0.07614751905202866,0.0266738124191761,1.507345587015152e-05,0.0
105.46153846153847,2,4,4,1.0,1,True,233,False,1.439562439918518,1.4683887958526611,-0.028826355934143066,-1.5208948850631714,-2.5496115684509277,1.0287166833877563,-0.9743674993515015,-0.9295654296875,-0.044802069664001465,2.7909507751464844,0.7839276790618896,2.0070230960845947,0.07615935057401657,0.026667501777410507,2.173241227865219e-05,0.0
105.53846153846155,2,4,4,1.0,1,True,237,False,1.439562439918518,1.4691740274429321,-0.029611587524414062,-1.5208948850631714,-2.5498640537261963,1.028969168663025,-0.9743674993515015,-0.9303744435310364,-0.04399305582046509,2.7909507751464844,0.8031253218650818,1.9878254532814026,0.0761704370379448,0.02666156366467476,1.9613653421401978e-05,0.0
105.61538461538463,2,4,4,1.0,1,True,241,False,1.439562439918518,1.4699318408966064,-0.03036940097808838,-1.5208948850631714,-2.550110340118408,1.0292154550552368,-0.9743674993515015,-0.9311622381210327,-0.04320526123046875,2.7909507751464844,0.8223263025283813,1.968624472618103,0.07618097215890884,0.02665596827864647,2.2458843886852264e-05,0.0
105.6923076923077,2,4,4,1.0,1,True,245,False,1.439562439918518,1.4706648588180542,-0.031102418899536133,-1.5208948850631714,-2.5503487586975098,1.0294538736343384,-0.9743674993515015,-0.9319295883178711,-0.04243791103363037,2.7909507751464844,0.8415305614471436,1.9494202136993408,0.0761907622218132,0.026650700718164444,3.153923898935318e-05,0.0
105.76923076923077,2,4,4,1.0,1,True,249,False,1.439562439918518,1.4713720083236694,-0.03180956840515137,-1.5208948850631714,-2.5505785942077637,1.0296837091445923,-0.9743674993515015,-0.9326759576797485,-0.04169154167175293,2.7909507751464844,0.8607377409934998,1.9302130341529846,0.07620003074407578,0.026645686477422714,1.9674189388751984e-05,0.0
105.84615384615385,2,4,4,1.0,1,True,253,False,1.439562439918518,1.472057819366455,-0.03249537944793701,-1.5208948850631714,-2.5508017539978027,1.0299068689346313,-0.9743674993515015,-0.9334051012992859,-0.040962398052215576,2.7909507751464844,0.8799473643302917,1.9110034108161926,0.07620898634195328,0.02664094790816307,1.3378448784351349e-05,0.0
105.92307692307693,2,4,4,1.0,1,True,257,False,1.439562439918518,1.4727210998535156,-0.03315865993499756,-1.5208948850631714,-2.551017999649048,1.0301231145858765,-0.9743674993515015,-0.934114396572113,-0.04025310277938843,2.7909507751464844,0.89915931224823,1.8917914628982544,0.07621776312589645,0.026636432856321335,2.4456530809402466e-05,0.0
106.0,2,4,4,1.0,1,True,261,False,1.439562439918518,1.473362684249878,-0.03380024433135986,-1.5208948850631714,-2.55122709274292,1.0303322076797485,-0.9743674993515015,-0.9348046183586121,-0.039562880992889404,2.7909507751464844,0.9183733463287354,1.872577428817749,0.07622627168893814,0.026632118970155716,1.7797574400901794e-05,0.0
106.07692307692308,2,4,4,1.0,1,True,265,False,1.439562439918518,1.4739834070205688,-0.03442096710205078,-1.5208948850631714,-2.5514283180236816,1.0305334329605103,-0.9743674993515015,-0.9354762434959412,-0.0388912558555603,2.7909507751464844,0.9375893473625183,1.853361427783966,0.07623464614152908,0.026627961546182632,1.7010606825351715e-05,0.0
106.15384615384616,2,4,4,1.0,1,True,269,False,1.439562439918518,1.4745842218399048,-0.03502178192138672,-1.5208948850631714,-2.5516228675842285,1.0307279825210571,-0.9743674993515015,-0.9361299872398376,-0.03823751211166382,2.7909507751464844,0.9568066596984863,1.834144115447998,0.0762428417801857,0.02662396803498268,2.3427419364452362e-05,0.0
106.23076923076924,2,4,4,1.0,1,True,273,False,1.439562439918518,1.4751660823822021,-0.03560364246368408,-1.5208948850631714,-2.5518102645874023,1.030915379524231,-0.9743674993515015,-0.9367658495903015,-0.03760164976119995,2.7909507751464844,0.9760255813598633,1.814925193786621,0.07625072449445724,0.026620130985975266,2.0945444703102112e-05,0.0
106.3076923076923,2,4,4,1.0,1,True,277,False,1.439562439918518,1.47572922706604,-0.03616678714752197,-1.5208948850631714,-2.551990509033203,1.0310956239700317,-0.9743674993515015,-0.9373843669891357,-0.03698313236236572,2.7909507751464844,0.9952459335327148,1.7957048416137695,0.0762585774064064,0.0266164131462574,1.5920959413051605e-05,0.0
106.38461538461539,2,4,4,1.0,1,True,281,False,1.439562439918518,1.476275086402893,-0.036712646484375,-1.5208948850631714,-2.5521633625030518,1.0312684774398804,-0.9743674993515015,-0.9379860162734985,-0.03638148307800293,2.7909507751464844,1.0144672393798828,1.7764835357666016,0.07626640051603317,0.026612814515829086,1.973472535610199e-05,0.0
106.46153846153847,2,4,4,1.0,1,True,285,False,1.439562439918518,1.4768035411834717,-0.03724110126495361,-1.5208948850631714,-2.552330732345581,1.0314358472824097,-0.9743674993515015,-0.9385711550712585,-0.03579634428024292,2.7909507751464844,1.0336885452270508,1.7572622299194336,0.07627405971288681,0.026609327644109726,1.4044344425201416e-05,0.0
106.53846153846155,2,4,4,1.0,1,True,289,False,1.439562439918518,1.47731614112854,-0.037753701210021966,-1.5208948850631714,-2.552492380142212,1.0315974950790405,-0.9743674993515015,-0.9391406774520874,-0.03522682189941406,2.7909507751464844,1.0529115200042725,1.738039255142212,0.07628155499696732,0.026605967432260513,8.414499461650848e-06,0.0
106.61538461538463,2,4,4,1.0,1,True,293,False,1.439562439918518,1.4778136014938354,-0.03825116157531738,-1.5208948850631714,-2.5526461601257324,1.031751275062561,-0.9743674993515015,-0.9396950602531433,-0.034672439098358154,2.7909507751464844,1.0721375942230225,1.718813180923462,0.07628891617059708,0.026602718979120255,2.857297658920288e-05,0.0
106.6923076923077,2,4,4,1.0,1,True,297,False,1.439562439918518,1.4782947301864624,-0.038732290267944336,-1.5208948850631714,-2.552794933319092,1.0319000482559204,-0.9743674993515015,-0.9402329325675964,-0.03413456678390502,2.7909507751464844,1.0913636684417725,1.699587106704712,0.07629630714654922,0.026599552482366562,1.8705613911151886e-05,0.0
106.76923076923077,2,4,4,1.0,1,True,301,False,1.439562439918518,1.4787652492523193,-0.03920280933380127,-1.5208948850631714,-2.552938461303711,1.0320435762405396,-0.9743674993515015,-0.9407593607902527,-0.03360813856124878,2.7909507751464844,1.1105901002883911,1.6803606748580933,0.07630372792482376,0.026596512645483017,1.210719347000122e-05,0.0
106.84615384615385,2,4,4,1.0,1,True,305,False,1.439562439918518,1.4792205095291138,-0.0396580696105957,-1.5208948850631714,-2.5530755519866943,1.032180666923523,-0.9743674993515015,-0.9412692189216614,-0.03309828042984009,2.7909507751464844,1.1298171281814575,1.6611336469650269,0.07631108909845352,0.026593517512083054,1.4407560229301453e-05,0.0
106.92307692307693,2,4,4,1.0,1,True,309,False,1.439562439918518,1.4796620607376099,-0.0400996208190918,-1.5208948850631714,-2.553208827972412,1.0323139429092407,-0.9743674993515015,-0.9417663216590881,-0.03260117769241333,2.7909507751464844,1.1490429639816284,1.641907811164856,0.07631833106279373,0.02659057453274727,1.9855797290802002e-05,0.0
107.0,2,4,4,1.0,1,True,313,False,1.439562439918518,1.480090618133545,-0.040528178215026855,-1.5208948850631714,-2.5533368587493896,1.0324419736862183,-0.9743674993515015,-0.9422509074211121,-0.032116591930389404,2.7909507751464844,1.1682690382003784,1.622681736946106,0.07632579654455185,0.02658771350979805,1.973472535610199e-05,0.0
107.07692307692308,2,4,4,1.0,1,True,317,False,1.439562439918518,1.48050856590271,-0.040946125984191895,-1.5208948850631714,-2.5534605979919434,1.032565712928772,-0.9743674993515015,-0.9427244663238525,-0.031643033027648926,2.7909507751464844,1.1874951124191284,1.603455662727356,0.0763334408402443,0.026584956794977188,2.28220596909523e-05,0.0
107.15384615384616,2,4,4,1.0,1,True,321,False,1.439562439918518,1.4809200763702393,-0.04135763645172119,-1.5208948850631714,-2.5535824298858643,1.0326875448226929,-0.9743674993515015,-0.9431915879249573,-0.031175911426544193,2.7909507751464844,1.2067211866378784,1.584229588508606,0.07634120434522629,0.026582326740026474,2.0097941160202026e-05,0.0
107.23076923076924,2,4,4,1.0,1,True,325,False,1.439562439918518,1.481312870979309,-0.041750431060791016,-1.5208948850631714,-2.553696870803833,1.0328019857406616,-0.9743674993515015,-0.9436381459236145,-0.030729353427886963,2.7909507751464844,1.2259501218795776,1.5650006532669067,0.07634899765253067,0.02657967433333397,1.7797574400901794e-05,0.0
107.3076923076923,2,4,4,1.0,1,True,329,False,1.439562439918518,1.4816948175430298,-0.04213237762451172,-1.5208948850631714,-2.553806781768799,1.0329118967056274,-0.9743674993515015,-0.9440726637840271,-0.030294835567474365,2.7909507751464844,1.2451809644699097,1.5457698106765747,0.07635679095983505,0.026577088981866837,3.014691174030304e-05,0.0
107.38461538461539,2,4,4,1.0,1,True,333,False,1.439562439918518,1.4820713996887207,-0.04250895977020264,-1.5208948850631714,-2.5539133548736572,1.0330184698104858,-0.9743674993515015,-0.9445017576217651,-0.029865741729736328,2.7909507751464844,1.2644115686416626,1.5265392065048218,0.07636470347642899,0.02657460793852806,1.3560056686401367e-05,0.0
107.46153846153847,2,4,4,1.0,1,True,337,False,1.439562439918518,1.4824384450912476,-0.04287600517272949,-1.5208948850631714,-2.5540177822113037,1.0331228971481323,-0.9743674993515015,-0.9449205994606018,-0.02944689989089966,2.7909507751464844,1.2836415767669678,1.5073091983795166,0.07637273520231247,0.02657218649983406,1.7797574400901794e-05,0.0
107.53846153846155,2,4,4,1.0,1,True,341,False,1.439562439918518,1.4827916622161865,-0.043229222297668464,-1.5208948850631714,-2.5541152954101562,1.0332204103469849,-0.9743674993515015,-0.9453234672546387,-0.029044032096862793,2.7909507751464844,1.3028719425201416,1.4880788326263428,0.07638081163167953,0.02656978741288185,1.5133991837501526e-05,0.0
107.61538461538463,2,4,4,1.0,1,True,345,False,1.439562439918518,1.4831337928771973,-0.0435713529586792,-1.5208948850631714,-2.554210662841797,1.0333157777786255,-0.9743674993515015,-0.9457151889801025,-0.028652310371398926,2.7909507751464844,1.322101354598999,1.4688494205474854,0.07638900727033615,0.026567425578832626,2.8391368687152863e-05,0.0
107.6923076923077,2,4,4,1.0,1,True,349,False,1.439562439918518,1.4834692478179932,-0.0439068078994751,-1.5208948850631714,-2.5543031692504883,1.033408284187317,-0.9743674993515015,-0.9460989236831665,-0.02826857566833496,2.7909507751464844,1.341332197189331,1.4496185779571533,0.07639723271131516,0.02656511589884758,1.8705613911151886e-05,0.0
107.76923076923077,2,4,4,1.0,1,True,353,False,1.439562439918518,1.4837950468063354,-0.04423260688781738,-1.5208948850631714,-2.5543906688690186,1.0334957838058472,-0.9743674993515015,-0.9464724659919739,-0.027895033359527588,2.7909507751464844,1.360563039779663,1.4303877353668213,0.07640541344881058,0.02656286582350731,2.0400620996952057e-05,0.0
107.84615384615385,2,4,4,1.0,1,True,357,False,1.439562439918518,1.4841116666793823,-0.04454922676086426,-1.5208948850631714,-2.554476261138916,1.0335813760757446,-0.9743674993515015,-0.9468355178833008,-0.027531981468200687,2.7909507751464844,1.3797938823699951,1.4111568927764893,0.07641365379095078,0.026560653001070023,1.9189901649951935e-05,0.0
107.92307692307693,2,4,4,1.0,1,True,361,False,1.439562439918518,1.4844247102737427,-0.04486227035522461,-1.5208948850631714,-2.5545589923858643,1.0336641073226929,-0.9743674993515015,-0.9471946954727173,-0.02717280387878418,2.7909507751464844,1.3990247249603271,1.3919260501861572,0.07642196863889694,0.02655850723385811,1.8766149878501892e-05,0.0
108.0,2,4,4,1.0,1,True,365,False,1.439562439918518,1.4847285747528076,-0.04516613483428955,-1.5208948850631714,-2.554638385772705,1.0337435007095337,-0.9743674993515015,-0.9475436210632324,-0.026823878288269043,2.7909507751464844,1.4182555675506592,1.3726952075958252,0.07643041759729385,0.026556406170129776,1.616310328245163e-05,0.0
108.07692307692308,2,4,4,1.0,1,True,369,False,1.439562439918518,1.485021948814392,-0.04545950889587402,-1.5208948850631714,-2.554715156555176,1.0338202714920044,-0.9743674993515015,-0.9478799700737,-0.02648752927780151,2.7909507751464844,1.4374864101409912,1.3534643650054932,0.07643889635801315,0.02655431255698204,1.5194527804851532e-05,0.0
108.15384615384616,2,4,4,1.0,1,True,373,False,1.439562439918518,1.4853100776672363,-0.04574763774871826,-1.5208948850631714,-2.554788827896118,1.0338939428329468,-0.9743674993515015,-0.9482114315032959,-0.026156067848205566,2.7909507751464844,1.4567161798477173,1.334234595298767,0.076447494328022,0.026552263647317886,2.5667250156402588e-05,0.0
108.23076923076924,2,4,4,1.0,1,True,377,False,1.439562439918518,1.4855941534042358,-0.04603171348571777,-1.5208948850631714,-2.5548617839813232,1.0339668989181519,-0.9743674993515015,-0.9485384821891785,-0.025829017162322998,2.7909507751464844,1.4759424924850464,1.315008282661438,0.07645618170499802,0.026550274342298508,1.8705613911151886e-05,0.0
108.30769230769232,2,4,4,1.0,1,True,381,False,1.439562439918518,1.4858661890029907,-0.04630374908447265,-1.5208948850631714,-2.554929256439209,1.0340343713760376,-0.9743674993515015,-0.9488515257835388,-0.025515973567962646,2.7909507751464844,1.4951714277267456,1.2957793474197388,0.07646494358778,0.02654830738902092,1.3136304914951324e-05,0.0
108.38461538461539,2,4,4,1.0,1,True,385,False,1.439562439918518,1.4861342906951904,-0.04657185077667236,-1.5208948850631714,-2.5549960136413574,1.034101128578186,-0.9743674993515015,-0.949160099029541,-0.02520740032196045,2.7909507751464844,1.5144026279449463,1.276548147201538,0.07647377997636795,0.026546340435743332,3.353692591190338e-05,0.0
108.46153846153847,2,4,4,1.0,1,True,389,False,1.439562439918518,1.486392617225647,-0.0468301773071289,-1.5208948850631714,-2.555061101913452,1.0341662168502808,-0.9743674993515015,-0.9494571685791016,-0.024910330772399902,2.7909507751464844,1.533632516860962,1.2573182582855225,0.07648267596960068,0.026544373482465744,1.598149538040161e-05,0.0
108.53846153846155,2,4,4,1.0,1,True,393,False,1.439562439918518,1.4866479635238647,-0.04708552360534668,-1.5208948850631714,-2.555123805999756,1.0342289209365845,-0.9743674993515015,-0.9497513771057129,-0.024616122245788574,2.7909507751464844,1.5528624057769775,1.2380883693695068,0.07649155706167221,0.026542428880929947,1.7797574400901794e-05,0.0
108.61538461538463,2,4,4,1.0,1,True,397,False,1.439562439918518,1.4868972301483154,-0.04733479022979736,-1.5208948850631714,-2.5551834106445312,1.0342885255813599,-0.9743674993515015,-0.9500386118888855,-0.024328887462615967,2.7909507751464844,1.5720922946929932,1.2188584804534912,0.07650051265954971,0.026540543884038925,2.203509211540222e-05,0.0
108.6923076923077,2,4,4,1.0,1,True,401,False,1.439562439918518,1.487139105796814,-0.04757666587829589,-1.5208948850631714,-2.5552406311035156,1.0343457460403442,-0.9743674993515015,-0.9503169655799866,-0.024050533771514893,2.7909507751464844,1.591324806213379,1.1996259689331055,0.07650976628065109,0.026538711041212082,1.7434358596801758e-05,0.0
108.76923076923077,2,4,4,1.0,1,True,405,False,1.439562439918518,1.48737370967865,-0.047811269760131836,-1.5208948850631714,-2.555297613143921,1.0344027280807495,-0.9743674993515015,-0.9505869150161743,-0.023780584335327152,2.7909507751464844,1.6105544567108154,1.180396318435669,0.07651904970407486,0.026536893099546432,1.925043761730194e-05,0.0
108.84615384615385,2,4,4,1.0,1,True,409,False,1.439562439918518,1.4876078367233276,-0.04804539680480957,-1.5208948850631714,-2.5553529262542725,1.034458041191101,-0.9743674993515015,-0.9508563280105591,-0.023511171340942383,2.7909507751464844,1.6297842264175415,1.1611665487289429,0.07652827352285385,0.02653508260846138,1.5255063772201538e-05,0.0
108.92307692307693,2,4,4,1.0,1,True,413,False,1.439562439918518,1.4878320693969727,-0.04826962947845459,-1.5208948850631714,-2.5554025173187256,1.0345076322555542,-0.9743674993515015,-0.9511138200759888,-0.023253679275512695,2.7909507751464844,1.6490086317062378,1.1419421434402466,0.07653755694627762,0.026533249765634537,1.2470409274101257e-05,0.0
109.0,2,4,4,1.0,1,True,417,False,1.439562439918518,1.488052487373352,-0.048490047454833984,-1.5208948850631714,-2.5554513931274414,1.03455650806427,-0.9743674993515015,-0.9513677954673767,-0.022999703884124756,2.7909507751464844,1.6682387590408325,1.1227120161056519,0.07654660195112228,0.026531461626291275,1.6223639249801636e-05,0.0
109.07692307692308,2,4,4,1.0,1,True,421,False,1.439562439918518,1.4882653951644897,-0.04870295524597168,-1.5208948850631714,-2.5554990768432617,1.0346041917800903,-0.9743674993515015,-0.9516133666038513,-0.022754132747650146,2.7909507751464844,1.6874704360961914,1.103480339050293,0.07655566185712814,0.026529621332883835,1.8221326172351837e-05,0.0
109.15384615384616,2,4,4,1.0,1,True,425,False,1.439562439918518,1.4884734153747559,-0.04891097545623779,-1.5208948850631714,-2.555546760559082,1.0346518754959106,-0.9743674993515015,-0.9518530964851379,-0.022514402866363525,2.7909507751464844,1.7067012786865234,1.084249496459961,0.07656457275152206,0.02652778849005699,2.251937985420227e-05,0.0
109.23076923076924,2,4,4,1.0,1,True,429,False,1.439562439918518,1.4886771440505981,-0.04911470413208008,-1.5208948850631714,-2.555593967437744,1.0346990823745728,-0.9743674993515015,-0.9520884156227112,-0.022279083728790283,2.7909507751464844,1.7259321212768555,1.065018653869629,0.0765734389424324,0.02652597799897194,2.5546178221702576e-05,0.0
109.30769230769232,2,4,4,1.0,1,True,433,False,1.439562439918518,1.4888758659362793,-0.049313426017761224,-1.5208948850631714,-2.5556375980377197,1.0347427129745483,-0.9743674993515015,-0.9523172974586487,-0.022050201892852783,2.7909507751464844,1.7451629638671875,1.0457878112792969,0.07658236473798752,0.026524189859628677,1.5497207641601562e-05,0.0
109.38461538461539,2,4,4,1.0,1,True,437,False,1.439562439918518,1.4890700578689575,-0.04950761795043945,-1.5208948850631714,-2.555678367614746,1.0347834825515747,-0.9743674993515015,-0.9525417685508728,-0.02182573080062866,2.7909507751464844,1.7643938064575195,1.0265569686889648,0.0765916034579277,0.0265224389731884,1.816079020500183e-05,0.0
109.46153846153847,2,4,4,1.0,1,True,441,False,1.439562439918518,1.4892605543136597,-0.0496981143951416,-1.5208948850631714,-2.5557172298431396,1.0348223447799683,-0.9743674993515015,-0.9527619481086731,-0.02160555124282837,2.7909507751464844,1.7836246490478516,1.0073261260986328,0.07660125941038132,0.026520702987909317,1.676846295595169e-05,0.0
109.53846153846155,2,4,4,1.0,1,True,445,False,1.439562439918518,1.489447832107544,-0.04988539218902588,-1.5208948850631714,-2.555755376815796,1.0348604917526245,-0.9743674993515015,-0.9529780149459839,-0.021389484405517578,2.7909507751464844,1.8028554916381836,0.9880952835083008,0.07661110907793045,0.02651899680495262,1.755543053150177e-05,0.0
109.61538461538463,2,4,4,1.0,1,True,449,False,1.439562439918518,1.4896312952041626,-0.05006885528564453,-1.5208948850631714,-2.555793523788452,1.0348986387252808,-0.9743674993515015,-0.9531901478767395,-0.021177351474761963,2.7909507751464844,1.8220863342285156,0.9688644409179688,0.07662104815244675,0.026517298072576523,1.6828998923301697e-05,0.0
109.6923076923077,2,4,4,1.0,1,True,453,False,1.439562439918518,1.4898110628128052,-0.05024862289428711,-1.5208948850631714,-2.5558316707611084,1.034936785697937,-0.9743674993515015,-0.9533976316452026,-0.020969867706298828,2.7909507751464844,1.8413171768188477,0.9496335983276367,0.07663092762231827,0.026515591889619827,2.4819746613502502e-05,0.0
109.76923076923077,2,4,4,1.0,1,True,457,False,1.439562439918518,1.4899873733520508,-0.05042493343353271,-1.5208948850631714,-2.5558693408966064,1.034974455833435,-0.9743674993515015,-0.9536007642745972,-0.020766735076904297,2.7909507751464844,1.8605480194091797,0.9304027557373047,0.0766407772898674,0.02651389315724373,3.117602318525314e-05,0.0
109.84615384615385,2,4,4,1.0,1,True,461,False,1.439562439918518,1.4901598691940308,-0.050597429275512695,-1.5208948850631714,-2.5559046268463135,1.035009741783142,-0.9743674993515015,-0.9537996053695679,-0.020567893981933594,2.7909507751464844,1.8797788619995117,0.9111719131469727,0.07665053755044937,0.026512224227190018,1.6405247151851654e-05,0.0
109.92307692307693,2,4,4,1.0,1,True,465,False,1.439562439918518,1.4903285503387451,-0.05076611042022705,-1.5208948850631714,-2.5559370517730713,1.0350421667099,-0.9743674993515015,-0.9539940357208252,-0.02037346363067627,2.7909507751464844,1.8990097045898438,0.8919410705566406,0.07666025310754776,0.026510555297136307,2.4335458874702454e-05,0.0
110.0,2,4,4,1.0,1,True,469,False,1.439562439918518,1.4904931783676147,-0.05093073844909668,-1.5208948850631714,-2.555967330932617,1.0350724458694458,-0.9743674993515015,-0.9541841745376587,-0.020183324813842773,2.7909507751464844,1.9182405471801758,0.8727102279663086,0.07666992396116257,0.026508886367082596,1.4104880392551422e-05,0.0
110.07692307692308,2,4,4,1.0,1,True,473,False,1.439562439918518,1.4906548261642456,-0.05109238624572754,-1.5208948850631714,-2.5559959411621094,1.035101056098938,-0.9743674993515015,-0.9543697834014893,-0.019997715950012207,2.7909507751464844,1.9374713897705078,0.8534793853759766,0.07667962461709976,0.026507239788770676,2.300366759300232e-05,0.0
110.15384615384616,2,4,4,1.0,1,True,477,False,1.439562439918518,1.490813136100769,-0.05125069618225098,-1.5208948850631714,-2.5560245513916016,1.0351296663284302,-0.9743674993515015,-0.954552173614502,-0.01981532573699951,2.7909507751464844,1.9567022323608398,0.8342485427856445,0.0766892060637474,0.026505615562200546,1.6889534890651703e-05,0.0
110.23076923076924,2,4,4,1.0,1,True,481,False,1.439562439918518,1.4909688234329224,-0.0514063835144043,-1.5208948850631714,-2.5560531616210938,1.0351582765579224,-0.9743674993515015,-0.9547314643859863,-0.019636034965515137,2.7909507751464844,1.9759330749511719,0.8150177001953125,0.0766986832022667,0.026503991335630417,2.4577602744102478e-05,0.0
110.30769230769232,2,4,4,1.0,1,True,485,False,1.439562439918518,1.491121768951416,-0.05155932903289795,-1.5208948850631714,-2.556081771850586,1.0351868867874146,-0.9743674993515015,-0.9549078345298767,-0.01945966482162476,2.7909507751464844,1.995163917541504,0.7957868576049805,0.0767081007361412,0.026502396911382675,1.9613653421401978e-05,0.0
110.38461538461539,2,4,4,1.0,1,True,489,False,1.439562439918518,1.4912723302841187,-0.051709890365600586,-1.5208948850631714,-2.556110382080078,1.0352154970169067,-0.9743674993515015,-0.9550808072090149,-0.019286692142486572,2.7909507751464844,2.014394998550415,0.7765557765960693,0.07671727985143661,0.026500824838876724,2.3669563233852386e-05,0.0
110.46153846153847,2,4,4,1.0,1,True,493,False,1.439562439918518,1.4914203882217407,-0.051857948303222656,-1.5208948850631714,-2.556138038635254,1.0352431535720825,-0.9743674993515015,-0.9552503824234009,-0.019117116928100586,2.7909507751464844,2.0336239337921143,0.7573268413543701,0.07672620564699173,0.026499230414628983,1.695007085800171e-05,0.0
110.53846153846155,2,4,4,1.0,1,True,497,False,1.439562439918518,1.4915575981140137,-0.051995158195495605,-1.5208948850631714,-2.5561606884002686,1.0352658033370972,-0.9743674993515015,-0.9554076194763184,-0.018959879875183102,2.7909507751464844,2.0528564453125,0.7380943298339844,0.07673517614603043,0.02649763599038124,1.4952383935451508e-05,0.0
110.61538461538463,2,4,4,1.0,1,True,501,False,1.439562439918518,1.491692304611206,-0.05212986469268799,-1.5208948850631714,-2.556180715560913,1.0352858304977417,-0.9743674993515015,-0.955562174320221,-0.018805325031280518,2.7909507751464844,2.072089195251465,0.7188615798950195,0.07674448937177658,0.026496123522520065,9.685754776000977e-06,0.0
110.6923076923077,2,4,4,1.0,1,True,505,False,1.439562439918518,1.4918246269226074,-0.052262187004089355,-1.5208948850631714,-2.5562002658843994,1.035305380821228,-0.9743674993515015,-0.9557133913040161,-0.01865410804748535,2.7909507751464844,2.091322422027588,0.6996283531188965,0.07675395160913467,0.026494640856981277,1.6284175217151642e-05,0.0
110.76923076923077,2,4,4,1.0,1,True,509,False,1.439562439918518,1.4919549226760864,-0.05239248275756836,-1.5208948850631714,-2.5562193393707275,1.0353244543075562,-0.9743674993515015,-0.9558619260787964,-0.018505573272705078,2.7909507751464844,2.110555410385132,0.6803953647613525,0.07676350325345993,0.026493187993764877,2.1974556148052216e-05,0.0
110.84615384615385,2,4,4,1.0,1,True,513,False,1.439562439918518,1.4920828342437744,-0.05252039432525635,-1.5208948850631714,-2.5562384128570557,1.0353435277938843,-0.9743674993515015,-0.956007719039917,-0.018359780311584473,2.7909507751464844,2.1297879219055176,0.6611628532409668,0.07677299529314041,0.02649175003170967,1.925043761730194e-05,0.0
110.92307692307693,2,4,4,1.0,1,True,517,False,1.439562439918518,1.4922094345092773,-0.05264699459075928,-1.5208948850631714,-2.556257486343384,1.0353626012802124,-0.9743674993515015,-0.9561516642570496,-0.018215835094451904,2.7909507751464844,2.149019479751587,0.6419312953948975,0.07678241282701492,0.026490341871976852,1.9916333258152008e-05,0.0
111.0,2,4,4,1.0,1,True,521,False,1.439562439918518,1.4923336505889893,-0.052771210670471184,-1.5208948850631714,-2.556276559829712,1.0353816747665405,-0.9743674993515015,-0.9562931060791016,-0.018074393272399902,2.7909507751464844,2.1682493686676025,0.6227014064788818,0.07679183036088943,0.02648896351456642,2.0461156964302063e-05,0.0
111.07692307692308,2,4,4,1.0,1,True,525,False,1.439562439918518,1.4924538135528564,-0.05289137363433838,-1.5208948850631714,-2.55629563331604,1.0354007482528687,-0.9743674993515015,-0.9564301371574402,-0.01793736219406128,2.7909507751464844,2.1874806880950928,0.6034700870513916,0.07680105417966843,0.0264875628054142,1.707114279270172e-05,0.0
111.15384615384616,2,4,4,1.0,1,True,529,False,1.439562439918518,1.4925684928894043,-0.05300605297088623,-1.5208948850631714,-2.556314706802368,1.0354198217391968,-0.9743674993515015,-0.9565608501434326,-0.017806649208068848,2.7909507751464844,2.2067134380340576,0.5842373371124268,0.07681014388799667,0.026486124843358994,2.312473952770233e-05,0.0
111.23076923076924,2,4,4,1.0,1,True,533,False,1.439562439918518,1.492680549621582,-0.05311810970306396,-1.5208948850631714,-2.556333303451538,1.0354384183883667,-0.9743674993515015,-0.9566880464553833,-0.017679452896118164,2.7909507751464844,2.2259457111358643,0.5650050640106201,0.0768190547823906,0.02648467943072319,1.319684088230133e-05,0.0
111.30769230769232,2,4,4,1.0,1,True,537,False,1.439562439918518,1.4927903413772583,-0.053227901458740234,-1.5208948850631714,-2.5563502311706543,1.035455346107483,-0.9743674993515015,-0.9568122625350952,-0.01755523681640625,2.7909507751464844,2.2451775074005127,0.5457732677459717,0.07682781666517258,0.02648327872157097,2.6151537895202637e-05,0.0
111.38461538461539,2,4,4,1.0,1,True,541,False,1.439562439918518,1.4928970336914062,-0.053334593772888184,-1.5208948850631714,-2.556364059448242,1.0354691743850708,-0.9743674993515015,-0.9569335579872131,-0.01743394136428833,2.7909507751464844,2.264409303665161,0.5265414714813232,0.0768364891409874,0.026481900364160538,1.8766149878501892e-05,0.0
111.46153846153847,2,4,4,1.0,1,True,545,False,1.439562439918518,1.49300217628479,-0.05343973636627197,-1.5208948850631714,-2.556375503540039,1.0354806184768677,-0.9743674993515015,-0.95705246925354,-0.017315030097961426,2.7909507751464844,2.2836408615112305,0.5073099136352539,0.07684511691331863,0.026480574160814285,1.5012919902801514e-05,0.0
111.53846153846155,2,4,4,1.0,1,True,549,False,1.439562439918518,1.4931036233901978,-0.05354118347167969,-1.5208948850631714,-2.5563862323760986,1.0354913473129272,-0.9743674993515015,-0.9571681618690491,-0.017199337482452393,2.7909507751464844,2.3028724193573,0.48807835578918457,0.07685383409261703,0.026479247957468033,1.4891847968101501e-05,0.0
111.61538461538463,2,4,4,1.0,1,True,553,False,1.439562439918518,1.49320387840271,-0.053641438484191895,-1.5208948850631714,-2.5563957691192627,1.0355008840560913,-0.9743674993515015,-0.9572816491127014,-0.017085850238800052,2.7909507751464844,2.322103261947632,0.46884751319885254,0.07686246186494827,0.026477981358766556,1.773703843355179e-05,0.0
111.6923076923077,2,4,4,1.0,1,True,557,False,1.439562439918518,1.4933035373687744,-0.05374109745025634,-1.5208948850631714,-2.5564053058624268,1.0355104207992554,-0.9743674993515015,-0.9573937654495239,-0.01697373390197754,2.7909507751464844,2.3413329124450684,0.449617862701416,0.07687089592218399,0.026476722210645676,1.3317912817001343e-05,0.0
111.76923076923077,2,4,4,1.0,1,True,561,False,1.439562439918518,1.4933991432189941,-0.053836703300476074,-1.5208948850631714,-2.556414842605591,1.0355199575424194,-0.9743674993515015,-0.9575011134147644,-0.01686638593673706,2.7909507751464844,2.3605668544769287,0.43038392066955566,0.07687904685735703,0.026475463062524796,2.161134034395218e-05,0.0
111.84615384615385,2,4,4,1.0,1,True,565,False,1.439562439918518,1.4934941530227661,-0.05393171310424805,-1.5208948850631714,-2.556424379348755,1.0355294942855835,-0.9743674993515015,-0.957608163356781,-0.01675933599472046,2.7909507751464844,2.3798019886016846,0.4111487865447998,0.07688725739717484,0.026474270969629288,1.259148120880127e-05,0.0
111.92307692307693,2,4,4,1.0,1,True,569,False,1.439562439918518,1.4935873746871948,-0.05402493476867676,-1.5208948850631714,-2.556433916091919,1.0355390310287476,-0.9743674993515015,-0.9577128887176514,-0.016654610633850098,2.7909507751464844,2.399035930633545,0.39191484451293945,0.07689564675092697,0.02647315338253975,1.8887221813201904e-05,0.0
112.0,2,4,4,1.0,1,True,573,False,1.439562439918518,1.4936765432357788,-0.05411410331726074,-1.5208948850631714,-2.556443452835083,1.0355485677719116,-0.9743674993515015,-0.9578126072883606,-0.01655489206314087,2.7909507751464844,2.418266534805298,0.3726842403411865,0.07690409570932388,0.0264720655977726,1.319684088230133e-05,0.0
112.07692307692308,2,4,4,1.0,1,True,577,False,1.439562439918518,1.4937629699707031,-0.054200530052185066,-1.5208948850631714,-2.556452989578247,1.0355581045150757,-0.9743674993515015,-0.9579088687896729,-0.016458630561828613,2.7909507751464844,2.437499523162842,0.3534512519836425,0.07691255956888199,0.026471029967069626,1.816079020500183e-05,0.0
112.15384615384616,2,4,4,1.0,1,True,581,False,1.439562439918518,1.4938486814498901,-0.05428624153137207,-1.5208948850631714,-2.556462526321411,1.0355676412582397,-0.9743674993515015,-0.958004355430603,-0.016363143920898438,2.7909507751464844,2.456730842590332,0.33421993255615234,0.07692108303308487,0.02647009864449501,2.0945444703102112e-05,0.0
112.23076923076924,2,4,4,1.0,1,True,585,False,1.439562439918518,1.493933081626892,-0.054370641708374016,-1.5208948850631714,-2.556472063064575,1.0355771780014038,-0.9743674993515015,-0.9580975770950317,-0.016269922256469727,2.7909507751464844,2.475961208343506,0.3149895668029785,0.07692962139844894,0.026469115167856216,1.6344711184501648e-05,0.0
112.30769230769232,2,4,4,1.0,1,True,589,False,1.439562439918518,1.4940159320831299,-0.054453492164611816,-1.5208948850631714,-2.5564796924591064,1.035584807395935,-0.9743674993515015,-0.9581882953643799,-0.016179203987121582,2.7909507751464844,2.495191812515259,0.2957589626312256,0.07693777233362198,0.02646811679005623,9.62521880865097e-06,0.0
112.38461538461539,2,4,4,1.0,1,True,593,False,1.439562439918518,1.4940965175628662,-0.054534077644348145,-1.5208948850631714,-2.5564796924591064,1.035584807395935,-0.9743674993515015,-0.9582766890525818,-0.016090810298919678,2.7909507751464844,2.5144248008728027,0.27652597427368164,0.07694587856531143,0.026467155665159225,2.142973244190216e-05,0.0
112.46153846153847,2,4,4,1.0,1,True,597,False,1.439562439918518,1.494174599647522,-0.054612159729003906,-1.5208948850631714,-2.5564796924591064,1.035584807395935,-0.9743674993515015,-0.9583622813224792,-0.016005218029022217,2.7909507751464844,2.5336592197418213,0.2572915554046631,0.07695386558771133,0.026466194540262222,1.78581103682518e-05,0.0
112.53846153846155,2,4,4,1.0,1,True,601,False,1.439562439918518,1.494249701499939,-0.0546872615814209,-1.5208948850631714,-2.5564796924591064,1.035584807395935,-0.9743674993515015,-0.9584441781044006,-0.015923321247100834,2.7909507751464844,2.5528907775878906,0.23805999755859375,0.07696177810430527,0.026465285569429398,1.4528632164001465e-05,0.0
112.61538461538463,2,4,4,1.0,1,True,605,False,1.439562439918518,1.4943208694458008,-0.05475842952728271,-1.5208948850631714,-2.5564796924591064,1.035584807395935,-0.9743674993515015,-0.9585212469100952,-0.015846252441406247,2.7909507751464844,2.5721194744110107,0.21883130073547363,0.07696961611509323,0.02646445855498314,1.8100254237651825e-05,0.0
112.6923076923077,2,4,4,1.0,1,True,609,False,1.439562439918518,1.494390845298767,-0.054828405380249016,-1.5208948850631714,-2.5564796924591064,1.035584807395935,-0.9743674993515015,-0.9585961103439331,-0.01577138900756836,2.7909507751464844,2.5913474559783936,0.19960331916809082,0.07697754353284836,0.026463720947504044,1.8402934074401855e-05,0.0
112.76923076923077,2,4,4,1.0,1,True,613,False,1.439562439918518,1.494458794593811,-0.05489635467529297,-1.5208948850631714,-2.5564796924591064,1.035584807395935,-0.9743674993515015,-0.9586688280105591,-0.015698671340942386,2.7909507751464844,2.6105761528015137,0.1803746223449707,0.07698561996221542,0.026463013142347336,2.627260982990265e-05,0.0
112.84615384615385,2,4,4,1.0,1,True,617,False,1.439562439918518,1.4945244789123535,-0.05496203899383545,-1.5208948850631714,-2.5564796924591064,1.035584807395935,-0.9743674993515015,-0.9587385058403015,-0.015628993511199955,2.7909507751464844,2.629563093185425,0.16138768196105957,0.07699363678693771,0.026462305337190628,1.3802200555801392e-05,0.0
112.92307692307693,2,4,4,1.0,1,True,621,False,1.439562439918518,1.494604229927063,-0.05504179000854493,-1.5208948850631714,-2.556478977203369,1.0355840921401978,-0.9743674993515015,-0.9588136076927185,-0.015553891658782959,2.7909507751464844,2.6467809677124023,0.14416980743408203,0.07700268179178238,0.026462528854608536,2.2640451788902283e-05,0.0
113.0,2,4,4,1.0,1,True,625,False,1.439562439918518,1.4947623014450073,-0.05519986152648925,-1.5208948850631714,-2.5564703941345215,1.03557550907135,-0.9743674993515015,-0.9589447379112244,-0.0154227614402771,2.7909507751464844,2.662161111831665,0.1287896633148193,0.07702610641717911,0.02647106721997261,2.08243727684021e-05,0.0
113.07692307692308,2,4,4,1.0,1,True,629,False,1.439562439918518,1.4950766563415527,-0.05551421642303467,-1.5208948850631714,-2.5564749240875244,1.035580039024353,-0.9743674993515015,-0.959216296672821,-0.01515120267868042,2.7909507751464844,2.675898313522339,0.11505246162414551,0.07708679884672165,0.026497934013605118,2.360902726650238e-05,0.0
113.15384615384616,2,4,4,1.0,1,True,633,False,1.439562439918518,1.4956153631210327,-0.05605292320251465,-1.5208948850631714,-2.5565059185028076,1.0356110334396362,-0.9743674993515015,-0.9596954584121704,-0.014672040939331055,2.7909507751464844,2.6881704330444336,0.10278034210205078,0.0771966502070427,0.026546787470579147,1.3438984751701355e-05,0.0
113.23076923076924,2,4,4,1.0,1,True,637,False,1.439562439918518,1.496419906616211,-0.05685746669769287,-1.5208948850631714,-2.556574583053589,1.0356796979904175,-0.9743674993515015,-0.9604216814041138,-0.013945817947387695,2.7909507751464844,2.6991329193115234,0.09181785583496092,0.07735363394021988,0.02661743387579918,2.2277235984802246e-05,0.0
113.30769230769232,2,4,4,1.0,1,True,641,False,1.439562439918518,1.4975019693374634,-0.05793952941894531,-1.5208948850631714,-2.556687593460083,1.0357927083969116,-0.9743674993515015,-0.9614113569259644,-0.01295614242553711,2.7909507751464844,2.7089264392852783,0.08202433586120605,0.07754845172166824,0.026708457618951797,3.620050847530365e-05,0.0
113.38461538461539,2,4,4,1.0,1,True,645,False,1.439562439918518,1.4988499879837036,-0.05928754806518555,-1.5208948850631714,-2.5568439960479736,1.0359491109848022,-0.9743674993515015,-0.9626614451408386,-0.011706054210662842,2.7909507751464844,2.7176756858825684,0.07327508926391602,0.07776997238397598,0.02681775763630867,2.9420480132102966e-05,0.0
113.46153846153847,2,4,4,1.0,1,True,649,False,1.439562439918518,1.5004351139068604,-0.060872673988342285,-1.5208948850631714,-2.5570435523986816,1.0361486673355103,-0.9743674993515015,-0.9641517996788025,-0.010215699672698975,2.7909507751464844,2.725489377975464,0.06546139717102051,0.0780080035328865,0.026942823082208633,2.312473952770233e-05,0.0
113.53846153846155,2,4,4,1.0,1,True,653,False,1.439562439918518,1.5022200345993042,-0.06265759468078613,-1.5208948850631714,-2.557284116744995,1.0363892316818237,-0.9743674993515015,-0.9658507108688354,-0.008516788482666017,2.7909507751464844,2.7324700355529785,0.05848073959350586,0.07825364917516708,0.027080748230218887,2.1671876311302185e-05,0.0
113.61538461538463,2,4,4,1.0,1,True,657,False,1.439562439918518,1.50416100025177,-0.06459856033325195,-1.5208948850631714,-2.5575599670410156,1.0366650819778442,-0.9743674993515015,-0.967715859413147,-0.006651639938354492,2.7909507751464844,2.738706111907959,0.05224466323852539,0.07849854975938797,0.02722834423184395,3.063119947910309e-05,0.0
113.6923076923077,2,4,4,1.0,1,True,661,False,1.439562439918518,1.506209373474121,-0.06664693355560303,-1.5208948850631714,-2.557861566543579,1.0369666814804077,-0.9743674993515015,-0.9696993231773376,-0.004668176174163818,2.7909507751464844,2.7442774772644043,0.04667329788208008,0.07873528450727463,0.02738235518336296,1.8887221813201904e-05,0.0
113.76923076923077,2,4,4,1.0,1,True,665,False,1.439562439918518,1.5083175897598267,-0.0687551498413086,-1.5208948850631714,-2.558175563812256,1.0372806787490845,-0.9743674993515015,-0.9717522859573364,-0.002615213394165039,2.7909507751464844,2.7492549419403076,0.04169583320617676,0.07895756512880325,0.027539867907762527,2.905726432800293e-05,0.0
113.84615384615385,2,4,4,1.0,1,True,669,False,1.439562439918518,1.5104408264160156,-0.07087838649749756,-1.5208948850631714,-2.558490514755249,1.0375956296920776,-0.9743674993515015,-0.973828136920929,-0.0005393624305725098,2.7909507751464844,2.75370192527771,0.03724884986877441,0.07916078716516495,0.027698468416929245,2.300366759300232e-05,0.0
113.92307692307693,3,4,4,1.0,1,True,673,False,1.439562439918518,1.5125377178192139,-0.0729752779006958,-1.5208948850631714,-2.558805465698242,1.0379105806350708,-0.9743674993515015,-0.9758774042129517,0.0015099048614501953,2.7909507751464844,2.7576727867126465,0.03327798843383789,0.07934208959341049,0.027856234461069107,2.270098775625229e-05,0.0
114.0,3,4,4,1.0,1,True,677,False,1.439562439918518,1.5145188570022583,-0.07495641708374023,-1.5208948850631714,-2.559609889984131,1.0387150049209595,-0.9743674993515015,-0.9776413440704346,0.0032738447189331055,2.7909507751464844,2.7612268924713135,0.0297238826751709,0.07935167104005814,0.02803279086947441,8.971430361270905e-05,0.0
114.07692307692308,3,4,4,1.0,1,True,681,False,1.439562439918518,1.5158261060714722,-0.0762636661529541,-1.5208948850631714,-2.561647891998291,1.0407530069351196,-0.9743674993515015,-0.9794067740440369,0.0050392746925354,2.7909507751464844,2.764399290084839,0.026551485061645508,0.07880041748285294,0.028316553682088852,5.000270903110504e-05,0.0
114.15384615384616,3,4,4,1.0,1,True,685,False,1.439562439918518,1.5161488056182861,-0.07658636569976805,-1.5208948850631714,-2.5647518634796143,1.0438569784164429,-0.9743674993515015,-0.9814425110816956,0.007075011730194093,2.7909507751464844,2.767233371734619,0.023717403411865234,0.0782163217663765,0.02867598459124565,0.00015842262655496597,0.0
114.23076923076924,3,4,4,1.0,1,True,689,False,1.439562439918518,1.5157082080841064,-0.07614576816558838,-1.5208948850631714,-2.568459987640381,1.0475651025772095,-0.9743674993515015,-0.9835985898971558,0.009231090545654297,2.7909507751464844,2.769763469696045,0.02118730545043945,0.07767484337091446,0.029042180627584457,0.00021363142877817154,0.0
114.30769230769232,3,4,4,1.0,1,True,693,False,1.439562439918518,1.5148344039916992,-0.07527196407318115,-1.5208948850631714,-2.572385549545288,1.0514906644821167,-0.9743674993515015,-0.9857141971588135,0.011346697807312012,2.7909507751464844,2.772024393081665,0.01892638206481934,0.07720009237527847,0.02914203330874443,0.00019377563148736954,0.0
114.38461538461539,4,4,4,0.009615384973585606,1,False,0,False,1.439562439918518,1.5137600898742676,-0.07419764995574951,-1.5208948850631714,-2.576268434524536,1.0553735494613647,-0.9743674993515015,-0.9876782894134521,0.013310790061950684,2.7909507751464844,2.7734856605529785,0.01746511459350586,0.07679193466901779,0.028994742780923843,0.00016713980585336685,0.0
114.46153846153847,4,4,4,0.028846153989434242,1,False,0,False,1.439562439918518,1.510797381401062,-0.07123494148254395,-1.5208948850631714,-2.5807788372039795,1.059883952140808,-0.9743674993515015,-0.9876360297203064,0.013268530368804932,2.7909507751464844,2.773517370223999,0.01743340492248535,0.07667946070432663,0.028889257460832596,0.00013045500963926315,0.0
114.53846153846155,4,4,4,0.048076923936605453,1,False,0,False,1.439562439918518,1.5036269426345825,-0.06406450271606445,-1.5208948850631714,-2.5857815742492676,1.0648866891860962,-0.9743674993515015,-0.9831799864768982,0.008812487125396727,2.7909507751464844,2.773534059524536,0.017416715621948242,0.07720016688108444,0.028841380029916763,7.052440196275711e-05,0.0
114.61538461538463,4,4,4,0.06730769574642181,1,False,0,False,1.439562439918518,1.4921696186065674,-0.052607178688049316,-1.5208948850631714,-2.590287446975708,1.0693925619125366,-0.9743674993515015,-0.9753462672233582,0.0009787678718566897,2.7909507751464844,2.7735435962677,0.01740717887878418,0.07484526187181473,0.028528016060590744,0.0003162701614201069,0.0
114.6923076923077,4,4,4,0.08653847873210907,1,False,0,False,1.439562439918518,1.4777010679244995,-0.038138628005981445,-1.5208948850631714,-2.5942420959472656,1.0733472108840942,-0.9743674993515015,-0.9657694101333618,-0.008598089218139648,2.7909507751464844,2.7735493183135986,0.017401456832885742,0.07205415517091751,0.02812427654862404,0.00035746488720178604,0.0
114.76923076923077,4,4,4,0.10576926171779633,1,False,0,False,1.439562439918518,1.4621161222457886,-0.022553682327270508,-1.5208948850631714,-2.5980913639068604,1.077196478843689,-0.9743674993515015,-0.9556037187576294,-0.01876378059387207,2.7909507751464844,2.7735493183135986,0.017401456832885742,0.06940510123968124,0.02768726274371147,0.00015727244317531586,0.0
114.84615384615385,4,4,4,0.12500004470348358,1,False,0,False,1.439562439918518,1.4468802213668823,-0.007317781448364259,-1.5208948850631714,-2.6021251678466797,1.0812302827835083,-0.9743674993515015,-0.9455649852752686,-0.02880251407623291,2.7909507751464844,2.7735493183135986,0.017401456832885742,0.0670526996254921,0.02725694701075554,9.903684258460999e-05,0.0
114.92307692307693,4,4,4,0.14423082768917084,1,False,0,False,1.439562439918518,1.432780385017395,0.006782054901123046,-1.5208948850631714,-2.606204032897949,1.0853091478347778,-0.9743674993515015,-0.9361032843589783,-0.03826421499252319,2.7909507751464844,2.7735493183135986,0.017401456832885742,0.06494676321744919,0.026851754635572433,0.0001378101296722889,0.0
115.0,4,4,4,0.1634616106748581,1,False,0,False,1.439562439918518,1.4201587438583374,0.019403696060180664,-1.5208948850631714,-2.6100077629089355,1.0891128778457642,-0.9743674993515015,-0.9274551272392273,-0.04691237211227417,2.7909507751464844,2.7735493183135986,0.017401456832885742,0.06301795691251755,0.026476915925741196,0.0003561330959200859,0.0
115.07692307692308,4,4,4,0.18269239366054535,1,False,0,False,1.439562439918518,1.4091517925262451,0.03041064739227295,-1.5208948850631714,-2.6132500171661377,1.0923551321029663,-0.9743674993515015,-0.9197077751159668,-0.05465972423553467,2.7909507751464844,2.7735493183135986,0.017401456832885742,0.061239250004291534,0.026137668639421463,0.0004988769069314003,0.0
115.15384615384616,4,4,4,0.2019231766462326,1,False,0,False,1.439562439918518,1.3997951745986938,0.03976726531982422,-1.5208948850631714,-2.6157453060150146,1.0948504209518433,-0.9743674993515015,-0.9128456115722656,-0.06152188777923584,2.7909507751464844,2.7735493183135986,0.017401456832885742,0.0596044585108757,0.02584024891257286,0.000565103255212307,0.0
115.23076923076924,4,4,4,0.22115395963191986,1,False,0,False,1.439562439918518,1.3921115398406982,0.04745090007781982,-1.5208948850631714,-2.6173830032348633,1.096488118171692,-0.9743674993515015,-0.906836211681366,-0.0675312876701355,2.7909507751464844,2.7735493183135986,0.017401456832885742,0.058102525770664215,0.025587495416402817,0.0003380025736987591,0.0
115.30769230769232,4,4,4,0.24038474261760712,1,False,0,False,1.439562439918518,1.386108160018921,0.05345427989959717,-1.5208948850631714,-2.6181223392486572,1.0972274541854858,-0.9743674993515015,-0.9016528129577637,-0.07271468639373779,2.7909507751464844,2.7735493183135986,0.017401456832885742,0.05671445280313492,0.025376934558153152,0.00016390113160014153,0.0
115.38461538461539,4,4,4,0.2596154808998108,1,False,0,False,1.439562439918518,1.3817052841186523,0.05785715579986572,-1.5208948850631714,-2.6179542541503906,1.0970593690872192,-0.9743674993515015,-0.8972598910331726,-0.07710760831832886,2.7909507751464844,2.7735493183135986,0.017401456832885742,0.05541432648897171,0.025206711143255234,0.00011374708265066147,0.0
115.46153846153847,4,4,4,0.27884620428085327,1,False,0,False,1.439562439918518,1.3787890672683716,0.06077337265014649,-1.5208948850631714,-2.616908073425293,1.0960131883621216,-0.9743674993515015,-0.8936229944229126,-0.08074450492858887,2.7909507751464844,2.7735493183135986,0.017401456832885742,0.05418010801076889,0.02507341280579567,9.098555892705917e-05,0.0
115.53846153846155,4,4,4,0.29807692766189575,1,False,0,False,1.439562439918518,1.3772313594818115,0.06233108043670654,-1.5208948850631714,-2.6150472164154053,1.0941523313522339,-0.9743674993515015,-0.8906989693641663,-0.08366852998733522,2.7909507751464844,2.7735493183135986,0.017401456832885742,0.052996642887592316,0.02497388795018196,8.62334854900837e-05,0.0
115.61538461538463,4,4,4,0.31730765104293823,1,False,0,False,1.439562439918518,1.3768976926803589,0.06266474723815918,-1.5208948850631714,-2.61246395111084,1.0915690660476685,-0.9743674993515015,-0.8884450793266296,-0.08592242002487183,2.7909507751464844,2.7735493183135986,0.017401456832885742,0.0518520250916481,0.024905163794755936,6.64987601339817e-05,0.0
115.6923076923077,4,4,4,0.3365383744239807,1,False,0,False,1.439562439918518,1.3776490688323975,0.0619133710861206,-1.5208948850631714,-2.60925555229187,1.0883606672286987,-0.9743674993515015,-0.8868119716644287,-0.08755552768707275,2.7909507751464844,2.7735493183135986,0.017401456832885742,0.05073549598455429,0.024864014238119125,5.6570861488580704e-05,0.0
115.76923076923077,4,4,4,0.3557690978050232,1,False,0,False,1.439562439918518,1.3793442249298096,0.060218214988708496,-1.5208948850631714,-2.605520248413086,1.0846253633499146,-0.9743674993515015,-0.8857459425926208,-0.08862155675888063,2.7909507751464844,2.7735493183135986,0.017401456832885742,0.049636103212833405,0.024846810847520828,4.9427617341279984e-05,0.0
115.84615384615385,4,4,4,0.3749998211860657,1,False,0,False,1.439562439918518,1.3818482160568237,0.057714223861694336,-1.5208948850631714,-2.6013455390930176,1.0804506540298462,-0.9743674993515015,-0.8851900696754456,-0.08917742967605591,2.7909507751464844,2.7735493183135986,0.017401456832885742,0.048544205725193024,0.024847645312547684,3.202352672815323e-05,0.0
115.92307692307693,4,4,4,0.39423054456710815,1,False,0,False,1.439562439918518,1.3850271701812744,0.05453526973724365,-1.5208948850631714,-2.596813917160034,1.0759190320968628,-0.9743674993515015,-0.8850853443145752,-0.08928215503692627,2.7909507751464844,2.7735493183135986,0.017401456832885742,0.047451816499233246,0.02486424520611763,3.698747605085373e-05,0.0
116.0,4,4,4,0.41346126794815063,1,False,0,False,1.439562439918518,1.3887590169906616,0.050803422927856445,-1.5208948850631714,-2.591993808746338,1.0710989236831665,-0.9743674993515015,-0.8853732347488403,-0.08899426460266113,2.7909507751464844,2.7735493183135986,0.017401456832885742,0.046353377401828766,0.02489558979868889,2.9904767870903015e-05,0.0
116.07692307692308,4,4,4,0.4326919913291931,1,False,0,False,1.439562439918518,1.3929294347763062,0.046633005142211914,-1.5208948850631714,-2.586947202682495,1.0660523176193237,-0.9743674993515015,-0.8859956860542297,-0.08837181329727173,2.7909507751464844,2.7735493183135986,0.017401456832885742,0.0452452078461647,0.02493913844227791,3.3779069781303406e-05,0.0
116.15384615384616,4,4,4,0.4519227147102356,1,False,0,False,1.439562439918518,1.397436499595642,0.04212594032287598,-1.5208948850631714,-2.5817267894744873,1.060831904411316,-0.9743674993515015,-0.8868984580039978,-0.08746904134750366,2.7909507751464844,2.7735493183135986,0.017401456832885742,0.04412569850683212,0.024992574006319046,4.06801700592041e-05,0.0
116.23076923076924,4,4,4,0.4711534380912781,1,False,0,False,1.439562439918518,1.402191162109375,0.037371277809143066,-1.5208948850631714,-2.5763773918151855,1.0554825067520142,-0.9743674993515015,-0.8880329132080078,-0.08633458614349365,2.7909507751464844,2.7735493183135986,0.017401456832885742,0.042995624244213104,0.025053884834051132,5.097128450870514e-05,0.0
116.30769230769232,4,4,4,0.49038416147232056,1,False,0,False,1.439562439918518,1.4071201086044312,0.032442331314086914,-1.5208948850631714,-2.570936441421509,1.0500415563583374,-0.9743674993515015,-0.8893579244613647,-0.08500957489013672,2.7909507751464844,2.7735493183135986,0.017401456832885742,0.04185835272073746,0.02512100711464882,6.501562893390656e-05,0.0
116.38461538461539,4,4,4,0.5096149444580078,1,False,0,False,1.439562439918518,1.4121623039245605,0.02740013599395752,-1.5208948850631714,-2.5654420852661133,1.044547200202942,-0.9743674993515015,-0.8908413052558899,-0.08352619409561157,2.7909507751464844,2.7735493183135986,0.017401456832885742,0.04072002321481705,0.025191951543092728,5.2424147725105286e-05,0.0
116.46153846153847,4,4,4,0.5288457870483398,1,False,0,False,1.439562439918518,1.417268991470337,0.022293448448181152,-1.5208948850631714,-2.5599288940429688,1.0390340089797974,-0.9743674993515015,-0.892457902431488,-0.08190959692001343,2.7909507751464844,2.7735493183135986,0.017401456832885742,0.03958874195814133,0.025264974683523178,0.009566377848386765,0.0
116.53846153846155,4,4,4,0.5480766296386719,1,False,0,False,1.439562439918518,1.4224021434783936,0.01716029644012451,-1.5208948850631714,-2.5544350147247314,1.03354012966156,-0.9743674993515015,-0.894192099571228,-0.08017539978027344,2.7909507751464844,2.7735493183135986,0.017401456832885742,0.0384741947054863,0.025253776460886,0.009639989584684372,0.0
116.61538461538463,4,4,4,0.5673074722290039,1,False,0,False,1.439562439918518,1.4275480508804321,0.012014389038085938,-1.5208948850631714,-2.549023389816284,1.0281285047531128,-0.9743674993515015,-0.8960421085357666,-0.07832539081573486,2.7909507751464844,2.7735493183135986,0.017401456832885742,0.03738345950841904,0.024941597133874893,0.009700525552034378,0.0
116.6923076923077,4,4,4,0.5865383148193359,1,False,0,False,1.439562439918518,1.4327257871627808,0.006836652755737305,-1.5208948850631714,-2.543783187866211,1.0228883028030396,-0.9743674993515015,-0.898019015789032,-0.0763484835624695,2.7909507751464844,2.7735493183135986,0.017401456832885742,0.03631841391324997,0.024629998952150345,0.00971214845776558,0.0
116.76923076923077,4,4,4,0.605769157409668,1,False,0,False,1.439562439918518,1.437962532043457,0.0015999078750610352,-1.5208948850631714,-2.5388095378875732,1.0179146528244019,-0.9743674993515015,-0.9001455307006836,-0.07422196865081787,2.7909507751464844,2.7735493183135986,0.017401456832885742,0.03528701514005661,0.02432238683104515,0.009647496044635773,0.0
116.84615384615385,4,4,4,0.625,1,False,0,False,1.439562439918518,1.443281650543213,-0.0037192106246948242,-1.5208948850631714,-2.5341856479644775,1.0132907629013062,-0.9743674993515015,-0.9024460911750793,-0.07192140817642212,2.7909507751464844,2.7735493183135986,0.017401456832885742,0.03430163115262985,0.024026568979024887,0.009477026760578156,0.0
116.92307692307693,4,4,4,0.644230842590332,1,False,0,False,1.439562439918518,1.4486949443817139,-0.0091325044631958,-1.5208948850631714,-2.529972553253174,1.0090776681900024,-0.9743674993515015,-0.9049368500709534,-0.0694306492805481,2.7909507751464844,2.7735493183135986,0.017401456832885742,0.033373601734638214,0.0237499438226223,0.00921696424484253,0.0
117.0,4,4,4,0.6634616851806641,1,False,0,False,1.439562439918518,1.45419442653656,-0.014631986618041992,-1.5208948850631714,-2.526205539703369,1.0053106546401978,-0.9743674993515015,-0.907620906829834,-0.06674659252166748,2.7909507751464844,2.7735493183135986,0.017401456832885742,0.03251143544912338,0.023498017340898514,0.008902661502361298,0.0
117.07692307692308,4,4,4,0.6826925277709961,1,False,0,False,1.439562439918518,1.4597644805908203,-0.020202040672302246,-1.5208948850631714,-2.5228962898254395,1.002001404762268,-0.9743674993515015,-0.9104901552200317,-0.06387734413146973,2.7909507751464844,2.7735493183135986,0.017401456832885742,0.0317210778594017,0.023274201899766922,0.00853302888572216,0.0
117.15384615384616,4,4,4,0.7019233703613281,1,False,0,False,1.439562439918518,1.4653770923614502,-0.02581465244293213,-1.5208948850631714,-2.5200419425964355,0.9991470575332642,-0.9743674993515015,-0.9135280847549438,-0.060839414596557624,2.7909507751464844,2.7735493183135986,0.017401456832885742,0.031005747616291046,0.023080121725797653,0.008104434236884117,0.0
117.23076923076924,4,4,4,0.7211542129516602,1,False,0,False,1.439562439918518,1.4709972143173218,-0.03143477439880371,-1.5208948850631714,-2.5176284313201904,0.996733546257019,-0.9743674993515015,-0.9167096018791199,-0.05765789747238159,2.7909507751464844,2.7735493183135986,0.017401456832885742,0.030366815626621246,0.022916030138731003,0.0076614320278167725,0.0
117.30769230769232,4,4,4,0.7403850555419922,1,False,0,False,1.439562439918518,1.476585030555725,-0.03702259063720703,-1.5208948850631714,-2.5156338214874268,0.9947389364242554,-0.9743674993515015,-0.9200043082237244,-0.0543631911277771,2.7909507751464844,2.7735493183135986,0.017401456832885742,0.029803849756717682,0.02278110757470131,0.007184892892837524,0.0
117.38461538461539,4,4,4,0.7596158981323242,1,False,0,False,1.439562439918518,1.4816977977752686,-0.04213535785675049,-1.5208948850631714,-2.5135984420776367,0.9927035570144653,-0.9743674993515015,-0.922650158405304,-0.0517173409461975,2.7909507751464844,2.7725038528442383,0.018446922302246094,0.029609479010105133,0.022686738520860672,0.0017401669174432755,0.0
117.46153846153847,4,4,4,0.7788467407226562,1,False,0,False,1.439562439918518,1.4867539405822754,-0.047191500663757324,-1.5208948850631714,-2.5114219188690186,0.9905270338058472,-0.9743674993515015,-0.9238983392715454,-0.050469160079956055,2.7909507751464844,2.770427703857422,0.0205230712890625,0.029551468789577484,0.0225876085460186,0.0011989753693342209,0.0
117.53846153846155,4,4,4,0.7980775833129883,1,False,0,False,1.439562439918518,1.4918447732925415,-0.05228233337402344,-1.5208948850631714,-2.5092978477478027,0.9884029626846313,-0.9743674993515015,-0.9245613217353821,-0.049806177616119385,2.7909507751464844,2.7681643962860107,0.022786378860473633,0.029427357017993927,0.022489164024591446,0.0017934385687112808,0.0
117.61538461538463,4,4,4,0.8173084259033203,1,False,0,False,1.439562439918518,1.4968541860580444,-0.05729174613952637,-1.5208948850631714,-2.5073416233062744,0.986446738243103,-0.9743674993515015,-0.9249991774559021,-0.049368321895599365,2.7909507751464844,2.7659974098205566,0.024953365325927734,0.029289893805980682,0.022410165518522263,0.0017489446327090263,0.0
117.6923076923077,4,4,4,0.8365392684936523,1,False,0,False,1.439562439918518,1.5017497539520264,-0.062187314033508294,-1.5208948850631714,-2.505655288696289,0.9847604036331177,-0.9743674993515015,-0.9253501892089844,-0.04901731014251709,2.7909507751464844,2.7640695571899414,0.02688121795654297,0.029162637889385223,0.022355247288942337,0.0017714034765958786,0.0
117.76923076923077,4,4,4,0.8557701110839844,1,False,0,False,1.439562439918518,1.506447672843933,-0.06688523292541504,-1.5208948850631714,-2.504262685775757,0.9833678007125854,-0.9743674993515015,-0.9256789088249207,-0.04868859052658081,2.7909507751464844,2.7624926567077637,0.028458118438720703,0.02905503660440445,0.022326085716485977,0.0017402879893779755,0.0
117.84615384615385,4,4,4,0.8750009536743164,1,False,0,False,1.439562439918518,1.5108565092086792,-0.07129406929016113,-1.5208948850631714,-2.503156900405884,0.9822620153427124,-0.9743674993515015,-0.926011323928833,-0.04835617542266846,2.7909507751464844,2.7613236904144287,0.029627084732055668,0.028973765671253204,0.022319916635751724,0.0016831420361995697,0.0
117.92307692307693,4,4,4,0.8942317962646484,1,False,0,False,1.439562439918518,1.5148792266845703,-0.07531678676605225,-1.5208948850631714,-2.502323627471924,0.9814287424087524,-0.9743674993515015,-0.9263758063316345,-0.04799169301986694,2.7909507751464844,2.7605574131011963,0.030393362045288086,0.028913013637065887,0.022330228239297867,0.0013753771781921387,0.0
118.0,4,4,4,0.9134626388549805,1,False,0,False,1.439562439918518,1.5184130668640137,-0.0788506269454956,-1.5208948850631714,-2.5017688274383545,0.9808739423751831,-0.9743674993515015,-0.9268492460250854,-0.04751825332641601,2.7909507751464844,2.7601113319396973,0.03083944320678711,0.02885868400335312,0.022355619817972183,0.0010996358469128609,0.0
118.07692307692308,4,4,4,0.9326934814453125,1,False,0,False,1.439562439918518,1.5214239358901978,-0.08186149597167967,-1.5208948850631714,-2.5014750957489014,0.98058021068573,-0.9743674993515015,-0.9274592399597168,-0.04690825939178466,2.7909507751464844,2.7599375247955322,0.03101325035095215,0.02881252020597458,0.022390473634004593,0.0009595556184649467,0.0
118.15384615384616,4,4,4,0.9519243240356445,1,False,0,False,1.439562439918518,1.5238990783691406,-0.08433663845062256,-1.5208948850631714,-2.5014164447784424,0.980521559715271,-0.9743674993515015,-0.9282216429710388,-0.046145856380462646,2.7909507751464844,2.7599875926971436,0.03096318244934082,0.028777368366718292,0.02243160828948021,0.0008490169420838356,0.0
118.23076923076924,4,4,4,0.9711551666259766,1,False,0,False,1.439562439918518,1.525842308998108,-0.08627986907958984,-1.5208948850631714,-2.501563787460327,0.9806689023971558,-0.9743674993515015,-0.9291341304779053,-0.04523336887359619,2.7909507751464844,2.7602057456970215,0.03074502944946289,0.028756044805049896,0.022475969046354294,0.0007588183507323265,0.0
118.30769230769232,4,4,4,0.9903860092163086,1,False,0,False,1.439562439918518,1.5272815227508545,-0.08771908283233643,-1.5208948850631714,-2.501885414123535,0.9809905290603639,-0.9743674993515015,-0.9301872849464417,-0.044180214405059814,2.7909507751464844,2.7605319023132324,0.03041887283325195,0.028750620782375336,0.022520970553159714,0.0006634742021560669,0.0
118.38461538461539,4,4,4,1.0,1,False,0,False,1.439562439918518,1.5282586812973022,-0.0886962413787842,-1.5208948850631714,-2.502351760864258,0.9814568758010864,-0.9743674993515015,-0.9313660264015198,-0.04300147294998168,2.7909507751464844,2.760913372039795,0.030037403106689453,0.028759069740772247,0.022564735263586044,0.0005913758650422096,0.0
118.46153846153847,4,4,4,1.0,1,False,0,False,1.439562439918518,1.5288212299346924,-0.08925879001617432,-1.5208948850631714,-2.5029408931732178,0.9820460081100464,-0.9743674993515015,-0.9326533675193787,-0.0417141318321228,2.7909507751464844,2.7613112926483154,0.029639482498168942,0.028785355389118195,0.022605951875448227,0.0005204277113080025,0.0
118.53846153846155,5,4,4,0.012820513918995857,2,False,0,False,1.439562439918518,1.529019832611084,-0.08945739269256592,-1.5208948850631714,-2.503645181655884,0.9827502965927124,-0.9743674993515015,-0.9340158700942993,-0.040351629257202155,2.7909507751464844,2.7616984844207764,0.029252290725708008,0.028828077018260956,0.022644739598035812,0.00045468565076589584,0.0
118.61538461538463,5,4,4,0.03846153989434242,2,False,0,False,1.439562439918518,1.5293734073638916,-0.08981096744537354,-1.5208948850631714,-2.504607915878296,0.9837130308151245,-0.9743674993515015,-0.9359540939331055,-0.038413405418395996,2.7909507751464844,2.762376070022583,0.028574705123901367,0.028895415365695953,0.022734422236680984,0.00012010335922241211,0.0
118.6923076923077,5,4,4,0.06410256773233414,2,False,0,False,1.439562439918518,1.5305637121200562,-0.09100127220153809,-1.5208948850631714,-2.5055689811706543,0.9846740961074829,-0.9743674993515015,-0.9398651719093323,-0.034502327442169196,2.7909507751464844,2.76326847076416,0.027682304382324215,0.029049478471279144,0.02303798869252205,0.0006700726225972176,0.0
118.76923076923077,5,4,4,0.08974359929561615,2,False,0,False,1.439562439918518,1.5325106382369995,-0.09294819831848145,-1.5208948850631714,-2.5062849521636963,0.9853900671005249,-0.9743674993515015,-0.9456252455711365,-0.02874225378036499,2.7909507751464844,2.7638003826141357,0.027150392532348633,0.029282622039318085,0.023470457643270493,0.0009005935862660408,0.0
118.84615384615385,5,4,4,0.11538463830947876,2,False,0,False,1.439562439918518,1.534791111946106,-0.09522867202758789,-1.5208948850631714,-2.5066754817962646,0.9857805967330933,-0.9743674993515015,-0.9524466395378113,-0.021920859813690186,2.7909507751464844,2.763672113418579,0.027278661727905273,0.029562048614025116,0.023898731917142868,0.0008493196219205856,0.0
118.92307692307693,5,4,4,0.14102569222450256,2,False,0,False,1.439562439918518,1.5369904041290283,-0.09742796421051024,-1.5208948850631714,-2.5067899227142334,0.985895037651062,-0.9743674993515015,-0.9596060514450073,-0.01476144790649414,2.7909507751464844,2.7629480361938477,0.02800273895263672,0.029856987297534943,0.024265650659799576,0.0006855092942714691,0.0
119.0,5,4,4,0.16666673123836517,2,False,0,False,1.439562439918518,1.5389046669006348,-0.0993422269821167,-1.5208948850631714,-2.506739854812622,0.9858449697494507,-0.9743674993515015,-0.9666007161140442,-0.007766783237457275,2.7909507751464844,2.7618727684020996,0.029078006744384766,0.030142702162265778,0.024562302976846695,0.0005325349047780037,0.0
119.07692307692308,5,4,4,0.19230777025222778,2,False,0,False,1.439562439918518,1.5405534505844116,-0.10099101066589355,-1.5208948850631714,-2.506636381149292,0.9857414960861207,-0.9743674993515015,-0.9731711745262146,-0.0011963248252868652,2.7909507751464844,2.760688304901123,0.03026247024536133,0.030407138168811798,0.024799581617116928,0.00041697174310684204,0.0
119.15384615384616,5,4,4,0.2179488241672516,2,False,0,False,1.439562439918518,1.542092204093933,-0.10252976417541504,-1.5208948850631714,-2.506560802459717,0.9856659173965454,-0.9743674993515015,-0.9792479276657104,0.004880428314208984,2.7909507751464844,2.7595362663269043,0.031414508819580085,0.030651651322841644,0.024993013590574265,0.00037362799048423767,0.0
119.23076923076924,5,4,4,0.2435898631811142,2,False,0,False,1.439562439918518,1.5437054634094238,-0.10414302349090578,-1.5208948850631714,-2.506554126739502,0.9856592416763306,-0.9743674993515015,-0.984880268573761,0.010512769222259521,2.7909507751464844,2.758441686630249,0.03250908851623535,0.030886583030223846,0.02515605464577675,0.00036539509892463684,0.0
119.30769230769232,5,4,4,0.2692309021949768,2,False,0,False,1.439562439918518,1.5455361604690552,-0.10597372055053711,-1.5208948850631714,-2.5066215991973877,0.9857267141342163,-0.9743674993515015,-0.9901596307754517,0.015792131423950195,2.7909507751464844,2.757347822189331,0.03360295295715332,0.031125299632549286,0.02529819682240486,0.0003984477370977402,0.0
119.38461538461539,5,4,4,0.2948719561100006,2,False,0,False,1.439562439918518,1.547654390335083,-0.10809195041656494,-1.5208948850631714,-2.5067451000213623,0.9858502149581909,-0.9743674993515015,-0.9951749444007874,0.02080744504928589,2.7909507751464844,2.756162405014038,0.03478837013244629,0.03138003498315811,0.02542610839009285,0.0004037749022245407,0.0
119.46153846153847,5,4,4,0.3205130100250244,2,False,0,False,1.439562439918518,1.550064206123352,-0.11050176620483398,-1.5208948850631714,-2.50689697265625,0.9860020875930786,-0.9743674993515015,-0.999990701675415,0.025623202323913574,2.7909507751464844,2.7547974586486816,0.036153316497802734,0.031659118831157684,0.02554517611861229,0.0004233885556459427,0.0
119.53846153846155,5,4,4,0.34615397453308105,2,False,0,False,1.439562439918518,1.552727222442627,-0.11316478252410889,-1.5208948850631714,-2.507066011428833,0.9861711263656616,-0.9743674993515015,-1.0046404600143433,0.030272960662841797,2.7909507751464844,2.7532002925872803,0.0377504825592041,0.031966470181941986,0.025659319013357162,0.00042720232158899307,0.0
119.61538461538463,5,4,4,0.3717949390411377,2,False,0,False,1.439562439918518,1.5556033849716187,-0.11604094505310059,-1.5208948850631714,-2.5072760581970215,0.9863811731338501,-0.9743674993515015,-1.0091251134872437,0.034757614135742194,2.7909507751464844,2.7513673305511475,0.039583444595336914,0.03230097144842148,0.02576586976647377,0.00039517879486083984,0.0
119.6923076923077,5,4,4,0.39743590354919434,2,False,0,False,1.439562439918518,1.5586704015731812,-0.1191079616546631,-1.5208948850631714,-2.5075645446777344,0.986669659614563,-0.9743674993515015,-1.0134371519088745,0.03906965255737305,2.7909507751464844,2.7493302822113037,0.041620492935180664,0.032658495008945465,0.025861982256174088,0.000366726890206337,0.0
119.76923076923077,5,4,4,0.423076868057251,2,False,0,False,1.439562439918518,1.5619087219238281,-0.12234628200531006,-1.5208948850631714,-2.507962703704834,0.9870678186416626,-0.9743674993515015,-1.017574667930603,0.04320716857910156,2.7909507751464844,2.747128486633301,0.043822288513183594,0.033034346997737885,0.025950249284505844,0.0003231409937143326,0.0
119.84615384615385,5,4,4,0.4487178325653076,2,False,0,False,1.439562439918518,1.565291166305542,-0.12572872638702393,-1.5208948850631714,-2.508486747741699,0.9875918626785278,-0.9743674993515015,-1.021539330482483,0.047171831130981445,2.7909507751464844,2.7448041439056396,0.04614663124084473,0.0334245041012764,0.026035968214273453,0.00028022099286317825,0.0
119.92307692307693,5,4,4,0.47435879707336426,2,False,0,False,1.439562439918518,1.568774700164795,-0.12921226024627686,-1.5208948850631714,-2.509150505065918,0.9882556200027466,-0.9743674993515015,-1.025338053703308,0.05097055435180664,2.7909507751464844,2.742408037185669,0.04854273796081543,0.033827461302280426,0.02612468972802162,0.00022937078028917313,0.0
120.0,5,4,4,0.4999997615814209,2,False,0,False,1.439562439918518,1.5723063945770264,-0.13274395465850827,-1.5208948850631714,-2.5099966526031494,0.989101767539978,-0.9743674993515015,-1.0289839506149292,0.05461645126342774,2.7909507751464844,2.740023612976074,0.05092716217041016,0.034261517226696014,0.02622237429022789,0.00016605015844106674,0.0
120.07692307692308,5,4,4,0.5256407260894775,2,False,0,False,1.439562439918518,1.575863003730774,-0.13630056381225586,-1.5208948850631714,-2.511031150817871,0.9901362657546997,-0.9743674993515015,-1.0324716567993164,0.05810415744781494,2.7909507751464844,2.737684488296509,0.053266286849975586,0.03472565859556198,0.026331458240747452,0.00014462042599916458,0.0
120.15384615384616,5,4,4,0.5512816905975342,2,False,0,False,1.439562439918518,1.579411268234253,-0.13984882831573486,-1.5208948850631714,-2.5122344493865967,0.9913395643234253,-0.9743674993515015,-1.0357946157455444,0.06142711639404297,2.7909507751464844,2.735422134399414,0.05552864074707032,0.035211123526096344,0.026453379541635513,0.00014455989003181458,0.0
120.23076923076924,5,4,4,0.5769226551055908,2,False,0,False,1.439562439918518,1.5829132795333862,-0.1433508396148682,-1.5208948850631714,-2.5135793685913086,0.9926844835281372,-0.9743674993515015,-1.038941502571106,0.06457400321960449,2.7909507751464844,2.7332658767700195,0.057684898376464844,0.03571043163537979,0.02658938243985176,0.0001199822872877121,0.0
120.30769230769232,5,4,4,0.6025636196136475,2,False,0,False,1.439562439918518,1.586325764656067,-0.14676332473754886,-1.5208948850631714,-2.5150392055511475,0.9941443204879761,-0.9743674993515015,-1.0418980121612549,0.06753051280975342,2.7909507751464844,2.73124098777771,0.05970978736877441,0.03621586412191391,0.026741009205579758,9.213574230670929e-05,0.0
120.38461538461539,5,4,4,0.6282045841217041,2,False,0,False,1.439562439918518,1.5895980596542358,-0.15003561973571777,-1.5208948850631714,-2.516594409942627,0.9956995248794556,-0.9743674993515015,-1.044657826423645,0.07029032707214355,2.7909507751464844,2.7293663024902344,0.06158447265624999,0.036719851195812225,0.02691027894616127,7.960479706525803e-05,0.0
120.46153846153847,5,4,4,0.6538455486297607,2,False,0,False,1.439562439918518,1.5926960706710815,-0.15313363075256348,-1.5208948850631714,-2.5182063579559326,0.9973114728927612,-0.9743674993515015,-1.0472060441970825,0.07283854484558105,2.7909507751464844,2.7276532649993896,0.06329751014709473,0.037216685712337494,0.02709769830107689,8.450821042060852e-05,0.0
120.53846153846155,5,4,4,0.6794866323471069,2,False,0,False,1.439562439918518,1.5955919027328491,-0.15602946281433105,-1.5208948850631714,-2.5198285579681396,0.9989336729049684,-0.9743674993515015,-1.0495227575302124,0.07515525817871094,2.7909507751464844,2.72611665725708,0.0648341178894043,0.03770192712545395,0.027304287999868393,6.84056431055069e-05,0.0
120.61538461538463,5,4,4,0.7051277160644531,2,False,0,False,1.439562439918518,1.5982584953308105,-0.15869605541229248,-1.5208948850631714,-2.5214176177978516,1.0005227327346802,-0.9743674993515015,-1.0515941381454468,0.07722663879394531,2.7909507751464844,2.724761486053467,0.06618928909301758,0.03817390650510788,0.027395930141210556,0.00011780299246311188,0.0
120.6923076923077,5,4,4,0.7307688593864441,2,False,0,False,1.439562439918518,1.6007030010223389,-0.1611405611038208,-1.5208948850631714,-2.5229146480560303,1.0020197629928589,-0.9743674993515015,-1.0534416437149048,0.07907414436340332,2.7909507751464844,2.723602771759033,0.06734800338745117,0.03863299638032913,0.027429703623056412,0.00011081108823418617,0.0
120.76923076923077,5,4,4,0.7564100027084351,2,False,0,False,1.439562439918518,1.60322904586792,-0.16366660594940186,-1.5208948850631714,-2.5240001678466797,1.0031052827835083,-0.9743674993515015,-1.054988145828247,0.0806206464767456,2.7909507751464844,2.7229409217834473,0.06800985336303711,0.039002858102321625,0.027422022074460983,0.00044285086914896965,0.0
120.84615384615385,5,4,4,0.7820510864257812,2,False,0,False,1.439562439918518,1.6055183410644531,-0.16595590114593506,-1.5208948850631714,-2.5248897075653076,1.0039948225021362,-0.9743674993515015,-1.0563538074493408,0.08198630809783936,2.7909507751464844,2.722426652908325,0.06852412223815918,0.03936455398797989,0.02742632105946541,0.0002448982559144497,0.0
120.92307692307693,5,4,4,0.8076922297477722,2,False,0,False,1.439562439918518,1.6074920892715454,-0.16792964935302734,-1.5208948850631714,-2.5256311893463135,1.004736304283142,-0.9743674993515015,-1.0575357675552368,0.08316826820373535,2.7909507751464844,2.721940279006958,0.06901049613952637,0.039741627871990204,0.02743755653500557,0.0001598149538040161,0.0
121.0,5,4,4,0.8333333730697632,2,False,0,False,1.439562439918518,1.6091032028198242,-0.16954076290130615,-1.5208948850631714,-2.526228189468384,1.0053333044052124,-0.9743674993515015,-1.0585416555404663,0.08417415618896483,2.7909507751464844,2.721477746963501,0.0694730281829834,0.040123336017131805,0.027450907975435257,0.00014837365597486496,0.0
121.07692307692308,5,4,4,0.8589744567871094,2,False,0,False,1.439562439918518,1.6103354692459106,-0.17077302932739258,-1.5208948850631714,-2.526702642440796,1.0058077573776245,-0.9743674993515015,-1.0594046115875244,0.08503711223602295,2.7909507751464844,2.721055269241333,0.06989550590515137,0.04050067812204361,0.02746344730257988,0.00015394296497106552,0.0
121.15384615384616,5,4,4,0.8846156001091003,2,False,0,False,1.439562439918518,1.611177921295166,-0.17161548137664795,-1.5208948850631714,-2.52708101272583,1.0061861276626587,-0.9743674993515015,-1.0601614713668823,0.08579397201538086,2.7909507751464844,2.7206990718841553,0.07025170326232909,0.04086747020483017,0.027473624795675278,0.00014259247109293938,0.0
121.23076923076924,5,4,4,0.9102567434310913,2,False,0,False,1.439562439918518,1.6116348505020142,-0.1720724105834961,-1.5208948850631714,-2.527390241622925,1.0064953565597534,-0.9743674993515015,-1.0608432292938232,0.08647572994232178,2.7909507751464844,2.7204291820526123,0.07052159309387207,0.041219718754291534,0.027481283992528915,0.00014931196346879005,0.0
121.30769230769232,5,4,4,0.9358978271484375,2,False,0,False,1.439562439918518,1.611691951751709,-0.17212951183319092,-1.5208948850631714,-2.527653217315674,1.0067583322525024,-0.9743674993515015,-1.0614622831344604,0.08709478378295898,2.7909507751464844,2.7202587127685547,0.07069206237792969,0.04155596345663071,0.027460332959890366,0.00010466668754816055,0.0
121.38461538461539,5,4,4,0.9615389704704285,2,False,0,False,1.439562439918518,1.6113444566726685,-0.1717820167541504,-1.5208948850631714,-2.5278921127319336,1.0069972276687622,-0.9743674993515015,-1.061995029449463,0.08762753009796144,2.7909507751464844,2.7201900482177734,0.07076072692871094,0.04187548905611038,0.027413394302129745,7.524620741605759e-05,0.0
121.46153846153847,5,4,4,0.9871801137924194,2,False,0,False,1.439562439918518,1.610604166984558,-0.17104172706604,-1.5208948850631714,-2.528123140335083,1.0072282552719116,-0.9743674993515015,-1.0624094009399414,0.08804190158843994,2.7909507751464844,2.720224380493164,0.07072639465332031,0.042177461087703705,0.027371156960725784,4.107365384697914e-05,0.0
121.53846153846155,5,4,4,1.0,2,False,0,False,1.439562439918518,1.609616756439209,-0.17005431652069092,-1.5208948850631714,-2.527921438217163,1.0070265531539917,-0.9743674993515015,-1.0626401901245117,0.08827269077301025,2.7909507751464844,2.7204437255859375,0.07050704956054688,0.04245252162218094,0.027340847998857498,0.0,0.0
121.61538461538463,5,4,4,1.0,2,False,0,False,1.439562439918518,1.6084063053131104,-0.16884386539459229,-1.5208948850631714,-2.5276520252227783,1.006757140159607,-0.9743674993515015,-1.062456488609314,0.0880889892578125,2.7909507751464844,2.7207694053649902,0.07018136978149414,0.042717404663562775,0.02730948105454445,0.0,0.0
121.6923076923077,5,4,4,1.0,2,False,0,False,1.439562439918518,1.6069689989089966,-0.16740655899047852,-1.5208948850631714,-2.527357578277588,1.0064626932144165,-0.9743674993515015,-1.0618606805801392,0.0874931812286377,2.7909507751464844,2.7212090492248535,0.06974172592163086,0.04297799617052078,0.027284767478704453,5.448237061500549e-07,0.0
121.76923076923077,5,4,4,1.0,2,False,0,False,1.439562439918518,1.605299711227417,-0.16573727130889893,-1.5208948850631714,-2.5270495414733887,1.0061546564102173,-0.9743674993515015,-1.0609567165374756,0.08658921718597412,2.7909507751464844,2.721797466278076,0.0691533088684082,0.04323319345712662,0.027266714721918106,0.0,0.0
121.84615384615385,5,4,4,1.0,2,False,0,False,1.439562439918518,1.603442907333374,-0.16388046741485596,-1.5208948850631714,-2.5267486572265625,1.0058537721633911,-0.9743674993515015,-1.059841513633728,0.08547401428222656,2.7909507751464844,2.722534656524658,0.06841611862182619,0.04349047690629959,0.02725336328148842,1.9976869225502014e-06,0.0
121.92307692307693,5,4,4,1.0,2,False,0,False,1.439562439918518,1.6014490127563477,-0.1618865728378296,-1.5208948850631714,-2.5264761447906494,1.005581259727478,-0.9743674993515015,-1.0585603713989258,0.08419287204742432,2.7909507751464844,2.7234067916870117,0.06754398345947266,0.043750323355197906,0.0272422693669796,1.4044344425201416e-05,0.0
122.0,5,4,4,1.0,2,False,0,False,1.439562439918518,1.5993578433990479,-0.1597954034805298,-1.5208948850631714,-2.5262863636016846,1.0053914785385132,-0.9743674993515015,-1.057130217552185,0.0827627182006836,2.7909507751464844,2.724424362182617,0.06652641296386719,0.044019512832164764,0.02723265066742897,0.0,0.0
122.07692307692308,5,4,4,1.0,2,False,0,False,1.439562439918518,1.5971626043319702,-0.15760016441345215,-1.5208948850631714,-2.5261969566345215,1.00530207157135,-0.9743674993515015,-1.055595874786377,0.08122837543487549,2.7909507751464844,2.7255821228027344,0.06536865234375,0.044288866221904755,0.02722526714205742,0.0001657172106206417,0.0
122.15384615384616,5,4,4,1.0,2,False,0,False,1.439562439918518,1.5950366258621216,-0.15547418594360352,-1.5208948850631714,-2.5262563228607178,1.0053614377975464,-0.9743674993515015,-1.0539318323135376,0.07956433296203613,2.7909507751464844,2.7268106937408447,0.06414008140563966,0.044529058039188385,0.02722286805510521,3.680586814880371e-05,0.0
122.23076923076924,5,4,4,1.0,2,False,0,False,1.439562439918518,1.5929335355758667,-0.15337109565734863,-1.5208948850631714,-2.52644944190979,1.0055545568466187,-0.9743674993515015,-1.0521527528762817,0.07778525352478027,2.7909507751464844,2.7281534671783447,0.06279730796813965,0.04476592689752579,0.027221951633691788,3.480818122625351e-05,0.0
122.30769230769232,5,4,4,1.0,2,False,0,False,1.439562439918518,1.5908269882202148,-0.15126454830169678,-1.5208948850631714,-2.5267345905303955,1.0058397054672241,-0.9743674993515015,-1.050323247909546,0.07595574855804442,2.7909507751464844,2.729620933532715,0.06132984161376953,0.04499014467000961,0.02722148969769478,2.2882595658302307e-05,0.0
122.38461538461539,5,4,4,1.0,2,False,0,False,1.439562439918518,1.5887606143951416,-0.1491981744766235,-1.5208948850631714,-2.5270893573760986,1.0061944723129272,-0.9743674993515015,-1.0484641790390015,0.0740966796875,2.7909507751464844,2.7313902378082275,0.059560537338256836,0.0452299490571022,0.027219463139772415,0.00033095013350248337,0.0
122.46153846153847,5,4,4,1.0,2,False,0,False,1.439562439918518,1.5868310928344727,-0.1472686529159546,-1.5208948850631714,-2.527575969696045,1.0066810846328735,-0.9743674993515015,-1.0465413331985474,0.0721738338470459,2.7909507751464844,2.733370304107666,0.05758047103881836,0.04551029950380325,0.027214761823415756,0.00025851884856820107,0.0
122.53846153846155,5,4,4,1.0,2,False,0,False,1.439562439918518,1.585033893585205,-0.145471453666687,-1.5208948850631714,-2.528186559677124,1.0072916746139526,-0.9743674993515015,-1.0445728302001953,0.07020533084869385,2.7909507751464844,2.73551344871521,0.05543732643127441,0.045780979096889496,0.02720821276307106,0.0002231658436357975,0.0
122.61538461538463,5,4,4,1.0,2,False,0,False,1.439562439918518,1.5833066701889038,-0.14374423027038574,-1.5208948850631714,-2.5288851261138916,1.0079902410507202,-0.9743674993515015,-1.042598843574524,0.06823134422302246,2.7909507751464844,2.737675905227661,0.05327486991882324,0.04600561410188675,0.027201559394598007,0.0002122693695127964,0.0
122.6923076923077,5,4,4,1.0,2,False,0,False,1.439562439918518,1.5815953016281128,-0.1420328617095947,-1.5208948850631714,-2.529628038406372,1.0087331533432007,-0.9743674993515015,-1.0406581163406372,0.06629061698913574,2.7909507751464844,2.7396883964538574,0.051262378692626946,0.04617095738649368,0.027196157723665237,0.00020107021555304527,0.0
122.76923076923077,5,4,4,1.0,2,False,0,False,1.439562439918518,1.5798983573913574,-0.14033591747283936,-1.5208948850631714,-2.5303802490234375,1.0094853639602661,-0.9743674993515015,-1.0387619733810425,0.06439447402954102,2.7909507751464844,2.741664409637451,0.0492863655090332,0.046313218772411346,0.027191828936338425,1.6526319086551666e-05,0.0
122.84615384615385,5,4,4,1.0,2,False,0,False,1.439562439918518,1.5782257318496704,-0.13866329193115234,-1.5208948850631714,-2.5311338901519775,1.0102390050888062,-0.9743674993515015,-1.036895751953125,0.06252825260162354,2.7909507751464844,2.743542432785034,0.047408342361450195,0.04642464965581894,0.0271892286837101,0.00017827842384576797,0.0
122.92307692307693,5,4,4,1.0,2,False,0,False,1.439562439918518,1.5765641927719116,-0.13700175285339355,-1.5208948850631714,-2.531867742538452,1.0109728574752808,-0.9743674993515015,-1.035058856010437,0.06069135665893555,2.7909507751464844,2.745260238647461,0.04569053649902344,0.046496905386447906,0.027189146727323532,6.767921149730682e-05,0.0
123.0,5,4,4,1.0,2,False,0,False,1.439562439918518,1.5748943090438843,-0.1353318691253662,-1.5208948850631714,-2.532564640045166,1.0116697549819946,-0.9743674993515015,-1.0332515239715576,0.05888402462005615,2.7909507751464844,2.746885299682617,0.04406547546386719,0.04653459042310715,0.027191955596208572,0.00013438984751701355,0.0
123.07692307692308,5,4,4,1.0,2,False,0,False,1.439562439918518,1.573228359222412,-0.13366591930389404,-1.5208948850631714,-2.533245801925659,1.0123509168624878,-0.9743674993515015,-1.0314611196517944,0.057093620300292976,2.7909507751464844,2.74843430519104,0.042516469955444336,0.046557165682315826,0.027197565883398056,0.00012836651876568794,0.0
123.15384615384616,5,4,4,1.0,2,False,0,False,1.439562439918518,1.57157564163208,-0.13201320171356204,-1.5208948850631714,-2.5339150428771973,1.0130201578140259,-0.9743674993515015,-1.0296814441680908,0.055313944816589355,2.7909507751464844,2.749913215637207,0.041037559509277344,0.04656899720430374,0.027205560356378555,0.00014631543308496475,0.0
123.23076923076924,5,4,4,1.0,2,False,0,False,1.439562439918518,1.5699392557144165,-0.13037681579589844,-1.5208948850631714,-2.534564733505249,1.0136698484420776,-0.9743674993515015,-1.0279122591018677,0.05354475975036621,2.7909507751464844,2.7513206005096436,0.03963017463684083,0.04657008498907089,0.027215268462896347,0.00014695106074213982,0.0
123.30769230769232,5,4,4,1.0,2,False,0,False,1.439562439918518,1.5683183670043945,-0.1287559270858765,-1.5208948850631714,-2.535191297531128,1.0142964124679565,-0.9743674993515015,-1.0261560678482056,0.0517885684967041,2.7909507751464844,2.752659320831299,0.03829145431518555,0.046562545001506805,0.027226056903600693,0.00013160519301891327,0.0
123.38461538461539,5,4,4,1.0,2,False,0,False,1.439562439918518,1.5667095184326172,-0.1271470785140991,-1.5208948850631714,-2.535808563232422,1.0149136781692505,-0.9743674993515015,-1.0244159698486328,0.05004847049713135,2.7909507751464844,2.7539398670196533,0.03701090812683105,0.04655306786298752,0.0272369347512722,0.00011662254109978676,0.0
123.46153846153847,5,4,4,1.0,2,False,0,False,1.439562439918518,1.5651171207427979,-0.12555468082427979,-1.5208948850631714,-2.5364198684692383,1.015524983406067,-0.9743674993515015,-1.0226964950561523,0.04832899570465088,2.7909507751464844,2.7551636695861816,0.035787105560302734,0.04654189199209213,0.027247648686170578,0.00011762138456106186,0.0
123.53846153846155,5,4,4,1.0,2,False,0,False,1.439562439918518,1.5635426044464111,-0.12398016452789308,-1.5208948850631714,-2.537029266357422,1.0161343812942505,-0.9743674993515015,-1.0210025310516357,0.04663503170013428,2.7909507751464844,2.756333351135254,0.03461742401123047,0.04652898758649826,0.027258168905973434,0.00011271797120571136,0.0
123.61538461538463,5,4,4,1.0,2,False,0,False,1.439562439918518,1.5619882345199585,-0.12242579460144043,-1.5208948850631714,-2.5376365184783936,1.0167416334152222,-0.9743674993515015,-1.019339919090271,0.04497241973876953,2.7909507751464844,2.7574501037597656,0.03350067138671875,0.046514131128787994,0.02726851776242256,0.00012319069355726242,0.0
123.6923076923077,5,4,4,1.0,2,False,0,False,1.439562439918518,1.5604561567306519,-0.12089371681213379,-1.5208948850631714,-2.53824782371521,1.0173529386520386,-0.9743674993515015,-1.0177141427993774,0.04334664344787597,2.7909507751464844,2.758516788482666,0.03243398666381836,0.046497441828250885,0.02727867290377617,0.00011837808415293694,0.0
123.76923076923077,5,4,4,1.0,2,False,0,False,1.439562439918518,1.5589470863342285,-0.11938464641571046,-1.5208948850631714,-2.5388591289520264,1.017964243888855,-0.9743674993515015,-1.0161265134811401,0.04175901412963867,2.7909507751464844,2.759535312652588,0.031415462493896484,0.046478964388370514,0.02728859707713127,0.00011453405022621155,0.0
123.84615384615385,5,4,4,1.0,2,False,0,False,1.439562439918518,1.5574615001678467,-0.11789906024932863,-1.5208948850631714,-2.539471387863159,1.0185765027999878,-0.9743674993515015,-1.014579176902771,0.04021167755126953,2.7909507751464844,2.760507822036743,0.03044295310974121,0.046458758413791656,0.02729823812842369,0.0001230393536388874,0.0
123.92307692307693,5,4,4,1.0,2,False,0,False,1.439562439918518,1.5559998750686646,-0.1164374351501465,-1.5208948850631714,-2.540083169937134,1.0191882848739624,-0.9743674993515015,-1.0130730867385864,0.03870558738708496,2.7909507751464844,2.7614362239837646,0.029514551162719727,0.04643689841032028,0.02730754390358925,0.00013075768947601318,0.0
124.0,5,4,4,1.0,2,False,0,False,1.439562439918518,1.5545622110366821,-0.11499977111816406,-1.5208948850631714,-2.5406930446624756,1.0197981595993042,-0.9743674993515015,-1.0116087198257446,0.037241220474243164,2.7909507751464844,2.7623209953308105,0.028629779815673825,0.046413637697696686,0.02731649950146675,0.000119013711810112,0.0
124.07692307692308,5,4,4,1.0,2,False,0,False,1.439562439918518,1.5531489849090576,-0.11358654499053955,-1.5208948850631714,-2.5412981510162354,1.020403265953064,-0.9743674993515015,-1.0101853609085083,0.035817861557006836,2.7909507751464844,2.7631664276123047,0.02778434753417969,0.04638905078172684,0.027325067669153214,0.00012328149750828743,0.0
124.15384615384616,5,4,4,1.0,2,False,0,False,1.439562439918518,1.5517604351043701,-0.11219799518585206,-1.5208948850631714,-2.5419013500213623,1.021006464958191,-0.9743674993515015,-1.008802890777588,0.034435391426086426,2.7909507751464844,2.7639708518981934,0.026979923248291016,0.04636319726705551,0.027333255857229233,0.00011577503755688667,0.0
124.23076923076924,5,4,4,1.0,2,False,0,False,1.439562439918518,1.5503973960876465,-0.11083495616912842,-1.5208948850631714,-2.5424981117248535,1.0216032266616821,-0.9743674993515015,-1.0074609518051147,0.03309345245361328,2.7909507751464844,2.7647361755371094,0.026214599609375,0.046336375176906586,0.0273410864174366,0.00012624775990843773,0.0
124.30769230769232,5,4,4,1.0,2,False,0,False,1.439562439918518,1.5490585565567017,-0.1094961166381836,-1.5208948850631714,-2.54308819770813,1.0221933126449585,-0.9743674993515015,-1.0061569213867188,0.031789422035217285,2.7909507751464844,2.7654647827148438,0.025485992431640625,0.04630865901708603,0.027348551899194717,0.00011059921234846115,0.0
124.38461538461539,5,4,4,1.0,2,False,0,False,1.439562439918518,1.5477443933486938,-0.10818195343017578,-1.5208948850631714,-2.543670177459717,1.0227752923965454,-0.9743674993515015,-1.0048903226852417,0.03052282333374023,2.7909507751464844,2.7661571502685547,0.024793624877929688,0.046280212700366974,0.027355682104825974,0.00010944902896881104,0.0
124.46153846153847,5,4,4,1.0,2,False,0,False,1.439562439918518,1.5464521646499634,-0.10688972473144531,-1.5208948850631714,-2.544243335723877,1.0233484506607056,-0.9743674993515015,-1.0036571025848389,0.029289603233337402,2.7909507751464844,2.7668139934539795,0.024136781692504883,0.046251021325588226,0.02736249938607216,0.00010984251275658607,0.0
124.53846153846155,5,4,4,1.0,2,False,0,False,1.439562439918518,1.545183777809143,-0.105621337890625,-1.5208948850631714,-2.5448050498962402,1.0239101648330688,-0.9743674993515015,-1.002457857131958,0.028090357780456546,2.7909507751464844,2.7674381732940674,0.023512601852416992,0.04622145742177963,0.027369040995836258,0.00010881340131163597,0.0
124.61538461538463,5,4,4,1.0,2,False,0,False,1.439562439918518,1.5439419746398926,-0.10437953472137451,-1.5208948850631714,-2.545351505279541,1.0244566202163696,-0.9743674993515015,-1.001295566558838,0.026928067207336426,2.7909507751464844,2.7680277824401855,0.022922992706298828,0.04619159549474716,0.027375299483537674,0.00011432217434048653,0.0
124.6923076923077,5,4,4,1.0,2,False,0,False,1.439562439918518,1.5427247285842896,-0.10316228866577148,-1.5208948850631714,-2.5458836555480957,1.0249887704849243,-0.9743674993515015,-1.0001652240753174,0.02579772472381592,2.7909507751464844,2.7685859203338623,0.02236485481262207,0.0461617186665535,0.027381334453821182,0.00010593794286251068,0.0
124.76923076923077,5,4,4,1.0,2,False,0,False,1.439562439918518,1.541529893875122,-0.101967453956604,-1.5208948850631714,-2.5464022159576416,1.0255073308944702,-0.9743674993515015,-0.9990639090538025,0.024696409702301025,2.7909507751464844,2.769113779067993,0.02183699607849121,0.04613178223371506,0.02738713100552559,0.00010672491043806076,0.0
124.84615384615385,5,4,4,1.0,2,False,0,False,1.439562439918518,1.5403608083724976,-0.10079836845397948,-1.5208948850631714,-2.546905279159546,1.0260103940963745,-0.9743674993515015,-0.9979941844940186,0.023626685142517093,2.7909507751464844,2.7696099281311035,0.02134084701538086,0.04610197991132736,0.027392733842134476,0.0001061800867319107,0.0
124.92307692307693,5,4,4,1.0,2,False,0,False,1.439562439918518,1.5392146110534668,-0.09965217113494872,-1.5208948850631714,-2.5473928451538086,1.0264979600906372,-0.9743674993515015,-0.9969526529312134,0.022585153579711914,2.7909507751464844,2.770078420639038,0.02087235450744629,0.04607229679822922,0.027398135513067245,0.00010142801329493523,0.0
125.0,5,4,4,1.0,2,False,0,False,1.439562439918518,1.538091778755188,-0.09852933883666991,-1.5208948850631714,-2.547865629196167,1.0269707441329956,-0.9743674993515015,-0.9959390759468079,0.021571576595306396,2.7909507751464844,2.770519256591797,0.0204315185546875,0.04604283720254898,0.027403321117162704,9.610084816813469e-05,0.0
125.07692307692308,5,4,4,1.0,2,False,0,False,1.439562439918518,1.5369923114776611,-0.09742987155914307,-1.5208948850631714,-2.5483226776123047,1.0274277925491333,-0.9743674993515015,-0.9949531555175781,0.02058565616607666,2.7909507751464844,2.77093243598938,0.020018339157104492,0.046013735234737396,0.027408290654420853,9.367940947413445e-05,0.0
125.15384615384616,5,4,4,1.0,2,False,0,False,1.439562439918518,1.5359158515930176,-0.09635341167449951,-1.5208948850631714,-2.54876446723938,1.0278695821762085,-0.9743674993515015,-0.993994414806366,0.019626915454864502,2.7909507751464844,2.7713217735290527,0.01962900161743164,0.04598485678434372,0.02741304412484169,8.838251233100891e-05,0.0
125.23076923076924,5,4,4,1.0,2,False,0,False,1.439562439918518,1.5348622798919678,-0.09529983997344971,-1.5208948850631714,-2.549191474914551,1.0282965898513794,-0.9743674993515015,-0.993062436580658,0.018694937229156494,2.7909507751464844,2.7716851234436035,0.01926565170288086,0.045956484973430634,0.02741757407784462,8.375151082873344e-05,0.0
125.30769230769232,5,4,4,1.0,2,False,0,False,1.439562439918518,1.5338317155838013,-0.0942692756652832,-1.5208948850631714,-2.549602746963501,1.0287078619003296,-0.9743674993515015,-0.9921569228172302,0.01778942346572876,2.7909507751464844,2.772027015686035,0.01892375946044922,0.04592850059270859,0.027421865612268448,8.659670129418373e-05,0.0
125.38461538461539,5,4,4,1.0,2,False,0,False,1.439562439918518,1.5328234434127808,-0.0932610034942627,-1.5208948850631714,-2.5500006675720215,1.02910578250885,-0.9743674993515015,-0.9912772178649902,0.01690971851348877,2.7909507751464844,2.7723448276519775,0.018605947494506836,0.04590093344449997,0.02742593362927437,8.850358426570892e-05,0.0
125.46153846153847,5,4,4,1.0,2,False,0,False,1.439562439918518,1.5318372249603271,-0.09227478504180908,-1.5208948850631714,-2.5503830909729004,1.029488205909729,-0.9743674993515015,-0.9904221296310425,0.016054630279541016,2.7909507751464844,2.77264142036438,0.018309354782104492,0.045873723924160004,0.027429785579442978,7.948372513055801e-05,0.0
125.53846153846155,5,4,4,1.0,2,False,0,False,1.439562439918518,1.5308729410171509,-0.09131050109863281,-1.5208948850631714,-2.5507514476776123,1.029856562614441,-0.9743674993515015,-0.9895910024642944,0.01522350311279297,2.7909507751464844,2.772918462753296,0.018032312393188477,0.04584691673517227,0.027433421462774277,7.53370113670826e-05,0.0
125.61538461538463,5,4,4,1.0,2,False,0,False,1.439562439918518,1.5299304723739624,-0.09036803245544434,-1.5208948850631714,-2.551105499267578,1.0302106142044067,-0.9743674993515015,-0.9887834787368774,0.014415979385375977,2.7909507751464844,2.773176431655884,0.017774343490600586,0.045820750296115875,0.02743685618042946,7.34301283955574e-05,0.0
125.6923076923077,5,4,4,1.0,2,False,0,False,1.439562439918518,1.5290086269378662,-0.08944618701934814,-1.5208948850631714,-2.551445484161377,1.0305505990982056,-0.9743674993515015,-0.987998366355896,0.013630867004394531,2.7909507751464844,2.7734155654907227,0.01753520965576172,0.04579510539770126,0.027440104633569717,7.367227226495743e-05,0.0
125.76923076923077,5,4,4,1.0,2,False,0,False,1.439562439918518,1.5281081199645996,-0.08854568004608154,-1.5208948850631714,-2.551771402359009,1.0308765172958374,-0.9743674993515015,-0.9872353076934814,0.01286780834197998,2.7909507751464844,2.773637056350708,0.017313718795776367,0.0457698330283165,0.027443181723356247,7.022172212600708e-05,0.0
125.84615384615385,5,4,4,1.0,2,False,0,False,1.439562439918518,1.5272279977798462,-0.08766555786132811,-1.5208948850631714,-2.55208420753479,1.0311893224716187,-0.9743674993515015,-0.9864929914474487,0.012125492095947266,2.7909507751464844,2.7738430500030518,0.017107725143432617,0.045745112001895905,0.027446094900369644,7.031252607703209e-05,0.0
125.92307692307693,5,4,4,1.0,2,False,0,False,1.439562439918518,1.5263689756393433,-0.08680653572082521,-1.5208948850631714,-2.5523841381073,1.0314892530441284,-0.9743674993515015,-0.9857714176177979,0.011403918266296385,2.7909507751464844,2.774033784866333,0.016916990280151367,0.04572103172540665,0.027448829263448715,6.425892934203148e-05,0.0
126.0,5,4,4,1.0,2,False,0,False,1.439562439918518,1.5255311727523804,-0.0859687328338623,-1.5208948850631714,-2.55267071723938,1.0317758321762085,-0.9743674993515015,-0.9850702285766602,0.010702729225158691,2.7909507751464844,2.7742090225219727,0.01674175262451172,0.04569750279188156,0.027451422065496445,7.058493793010712e-05,0.0
126.07692307692308,5,4,4,1.0,2,False,0,False,1.439562439918518,1.524713158607483,-0.08515071868896484,-1.5208948850631714,-2.5529446601867676,1.0320497751235962,-0.9743674993515015,-0.9843888282775879,0.010021328926086426,2.7909507751464844,2.7743704319000244,0.01658034324645996,0.045674510300159454,0.027453865855932236,6.180722266435623e-05,0.0
126.15384615384616,5,4,4,1.0,2,False,0,False,1.439562439918518,1.5239148139953613,-0.08435237407684326,-1.5208948850631714,-2.5532066822052,1.0323117971420288,-0.9743674993515015,-0.9837262630462646,0.009358763694763184,2.7909507751464844,2.7745184898376465,0.01643228530883789,0.04565183073282242,0.027456160634756088,6.556045264005661e-05,0.0
126.23076923076924,5,4,4,1.0,2,False,0,False,1.439562439918518,1.5231329202651978,-0.08357048034667969,-1.5208948850631714,-2.553457498550415,1.0325626134872437,-0.9743674993515015,-0.983079195022583,0.008711695671081543,2.7909507751464844,2.7746546268463135,0.0162961483001709,0.04562965780496597,0.027458328753709793,6.102025508880615e-05,0.0
126.30769230769232,5,4,4,1.0,2,False,0,False,1.439562439918518,1.5223699808120728,-0.0828075408935547,-1.5208948850631714,-2.553697109222412,1.0328022241592407,-0.9743674993515015,-0.9824500679969788,0.008082568645477295,2.7909507751464844,2.7747790813446045,0.016171693801879883,0.04560808092355728,0.02746032550930977,6.298767402768135e-05,0.0
126.38461538461539,5,4,4,1.0,2,False,0,False,1.439562439918518,1.5216262340545654,-0.08206379413604736,-1.5208948850631714,-2.553924560546875,1.0330296754837036,-0.9743674993515015,-0.9818387031555176,0.007471203804016113,2.7909507751464844,2.7748916149139404,0.016059160232543945,0.04558708518743515,0.02746221050620079,5.178852006793022e-05,0.0
126.46153846153847,5,4,4,1.0,2,False,0,False,1.439562439918518,1.5209014415740967,-0.08133900165557861,-1.5208948850631714,-2.554141044616699,1.0332461595535278,-0.9743674993515015,-0.9812440276145935,0.006876528263092041,2.7909507751464844,2.774994373321533,0.015956401824951172,0.04556681960821152,0.027463968843221664,6.232177838683128e-05,0.0
126.53846153846155,5,4,4,1.0,2,False,0,False,1.439562439918518,1.5201956033706665,-0.08063316345214844,-1.5208948850631714,-2.5543465614318848,1.0334516763687134,-0.9743674993515015,-0.9806656837463379,0.006298184394836425,2.7909507751464844,2.775087356567383,0.015863418579101562,0.04554709047079086,0.027465615421533585,6.117159500718117e-05,0.0
126.61538461538463,5,4,4,1.0,2,False,0,False,1.439562439918518,1.5195077657699585,-0.07994532585144043,-1.5208948850631714,-2.554542303085327,1.0336474180221558,-0.9743674993515015,-0.9801029562950134,0.005735456943511963,2.7909507751464844,2.7751708030700684,0.015779972076416016,0.04552782326936722,0.027467157691717148,4.979083314538002e-05,0.0
126.6923076923077,5,4,4,1.0,2,False,0,False,1.439562439918518,1.5188374519348145,-0.07927501201629639,-1.5208948850631714,-2.5547280311584473,1.0338331460952759,-0.9743674993515015,-0.9795560240745544,0.0051885247230529785,2.7909507751464844,2.775244951248169,0.01570582389831543,0.04550907760858536,0.027468588203191757,4.670349881052971e-05,0.0
126.76923076923077,5,4,4,1.0,2,False,0,False,1.439562439918518,1.5181841850280762,-0.0786217451095581,-1.5208948850631714,-2.5549042224884033,1.034009337425232,-0.9743674993515015,-0.9790238738059998,0.004656374454498291,2.7909507751464844,2.7753117084503174,0.015639066696166992,0.04549083858728409,0.027469906955957413,5.6782737374305725e-05,0.0
126.84615384615385,5,4,4,1.0,2,False,0,False,1.439562439918518,1.5175480842590332,-0.07798564434051515,-1.5208948850631714,-2.5550708770751953,1.034175992012024,-0.9743674993515015,-0.9785061478614807,0.004138648509979248,2.7909507751464844,2.775369167327881,0.015581607818603516,0.04547310620546341,0.02747112140059471,5.0819944590330124e-05,0.0
126.92307692307693,5,4,4,1.0,2,False,0,False,1.439562439918518,1.5169285535812378,-0.07736611366271974,-1.5208948850631714,-2.5552284717559814,1.03433358669281,-0.9743674993515015,-0.9780026078224182,0.0036351084709167485,2.7909507751464844,2.7754197120666504,0.015531063079833984,0.04545591026544571,0.027472231537103653,5.150097422301769e-05,0.0
127.0,5,4,4,1.0,2,False,0,False,1.439562439918518,1.5163254737854004,-0.07676303386688232,-1.5208948850631714,-2.555377721786499,1.0344828367233276,-0.9743674993515015,-0.9775124788284302,0.003144979476928711,2.7909507751464844,2.775465250015259,0.015485525131225586,0.045439206063747406,0.02747325971722603,4.788395017385483e-05,0.0
127.07692307692308,5,4,4,1.0,2,False,0,False,1.439562439918518,1.5157384872436523,-0.07617604732513428,-1.5208948850631714,-2.555518865585327,1.0346239805221558,-0.9743674993515015,-0.9770355224609375,0.002668023109436035,2.7909507751464844,2.775503396987915,0.015447378158569338,0.0454229936003685,0.02747419849038124,4.2708124965429306e-05,0.0
127.15384615384616,5,4,4,1.0,2,False,0,False,1.439562439918518,1.5151684284210205,-0.07560598850250244,-1.5208948850631714,-2.5556509494781494,1.034756064414978,-0.9743674993515015,-0.9765725135803223,0.0022050142288208008,2.7909507751464844,2.7755351066589355,0.01541566848754883,0.04540722817182541,0.027475040405988693,5.124369636178017e-05,0.0
127.23076923076924,5,4,4,1.0,2,False,0,False,1.439562439918518,1.514609694480896,-0.07504725456237794,-1.5208948850631714,-2.5557756423950195,1.0348807573318481,-0.9743674993515015,-0.9761221408843994,0.0017546415328979492,2.7909507751464844,2.7755637168884277,0.01538705825805664,0.04539189487695694,0.027475807815790176,3.6654528230428696e-05,0.0
127.30769230769232,5,4,4,1.0,2,False,0,False,1.439562439918518,1.514068365097046,-0.07450592517852782,-1.5208948850631714,-2.555893659591675,1.0349987745285034,-0.9743674993515015,-0.975682258605957,0.0013147592544555666,2.7909507751464844,2.7755846977233887,0.015366077423095703,0.0453769788146019,0.0274764783680439,5.741836503148079e-05,0.0
127.38461538461539,5,4,4,1.0,2,False,0,False,1.439562439918518,1.5135318040847778,-0.07396936416625975,-1.5208948850631714,-2.5560073852539062,1.0351125001907349,-0.9743674993515015,-0.9752457737922668,0.0008782744407653809,2.7909507751464844,2.775603771209717,0.015347003936767576,0.04536237567663193,0.027477096766233444,4.7853682190179825e-05,0.0
127.46153846153847,5,4,4,1.0,2,False,0,False,1.439562439918518,1.513020634651184,-0.07345819473266602,-1.5208948850631714,-2.5561110973358154,1.035216212272644,-0.9743674993515015,-0.9748296737670898,0.0004621744155883789,2.7909507751464844,2.7756147384643555,0.015336036682128905,0.0453481450676918,0.027477648109197617,3.617024049162865e-05,0.0
127.53846153846155,5,4,4,1.0,2,False,0,False,1.439562439918518,1.5125230550765991,-0.07296061515808105,-1.5208948850631714,-2.5562069416046143,1.0353120565414429,-0.9743674993515015,-0.974424421787262,5.692243576049805e-05,2.7909507751464844,2.7756242752075195,0.015326499938964844,0.04533431679010391,0.027478177100419998,3.5867560654878616e-05,0.0
127.61538461538463,5,4,4,1.0,2,False,0,False,1.439562439918518,1.512032389640808,-0.07246994972229004,-1.5208948850631714,-2.5562994480133057,1.0354045629501343,-0.9743674993515015,-0.974023699760437,-0.0003437995910644531,2.7909507751464844,2.775627851486206,0.01532292366027832,0.045321084558963776,0.027478668838739395,4.313187673687935e-05,0.0
127.6923076923077,5,4,4,1.0,2,False,0,False,1.439562439918518,1.5115629434585571,-0.07200050354003906,-1.5208948850631714,-2.556384325027466,1.0354894399642944,-0.9743674993515015,-0.9736396670341492,-0.0007278323173522949,2.7909507751464844,2.775627851486206,0.01532292366027832,0.045308299362659454,0.027479108422994614,3.081280738115311e-05,0.0
127.76923076923077,5,4,4,1.0,2,False,0,False,1.439562439918518,1.5110985040664673,-0.07153606414794923,-1.5208948850631714,-2.5564637184143066,1.0355688333511353,-0.9743674993515015,-0.973259449005127,-0.0011080503463745117,2.7909507751464844,2.775627851486206,0.01532292366027832,0.04529566317796707,0.02747948095202446,2.966262400150299e-05,0.0
127.84615384615385,5,4,4,1.0,2,False,0,False,1.439562439918518,1.5106483697891235,-0.07108592987060545,-1.5208948850631714,-2.556539297103882,1.0356444120407104,-0.9743674993515015,-0.9728898406028748,-0.001477658748626709,2.7909507751464844,2.7756223678588867,0.015328407287597656,0.04528338462114334,0.02747981622815132,3.701774403452873e-05,0.0
127.92307692307693,5,4,4,1.0,2,False,0,False,1.439562439918518,1.5102144479751587,-0.07065200805664062,-1.5208948850631714,-2.5566060543060303,1.0357111692428589,-0.9743674993515015,-0.9725341200828552,-0.0018333792686462402,2.7909507751464844,2.7756128311157227,0.015337944030761719,0.045271389186382294,0.027480091899633408,3.261375240981579e-05,0.0
128.0,5,4,4,1.0,2,False,0,False,1.439562439918518,1.5097936391830444,-0.07023119926452637,-1.5208948850631714,-2.5566658973693848,1.0357710123062134,-0.9743674993515015,-0.9721878170967102,-0.00217968225479126,2.7909507751464844,2.7756032943725586,0.015347480773925781,0.04525988548994064,0.02748033031821251,2.708984538912773e-05,0.0
